<?xml version="1.0" encoding="UTF-8"?>
<kml xmlns="http://www.opengis.net/kml/2.2"><Document>
  <name>Namibia 2026 · la clasica del norte</name>
  <Style id="llegada"><LineStyle>
    <color>ff6e777d</color><width>4</width>
  </LineStyle></Style>
  <Style id="desierto"><LineStyle>
    <color>ff2f54c2</color><width>4</width>
  </LineStyle></Style>
  <Style id="costa"><LineStyle>
    <color>ff8e6e2f</color><width>4</width>
  </LineStyle></Style>
  <Style id="damaraland"><LineStyle>
    <color>ff10628a</color><width>4</width>
  </LineStyle></Style>
  <Style id="etosha"><LineStyle>
    <color>ff43705f</color><width>4</width>
  </LineStyle></Style>
  <Style id="vuelta"><LineStyle>
    <color>ff6e777d</color><width>4</width>
  </LineStyle></Style>
  <Folder><name>Etapas</name>
    <Placemark>
      <name>D0 · Llegada, coche y compra en Windhoek</name>
      <description>31 oct · 46 km</description>
      <styleUrl>#llegada</styleUrl>
      <LineString><tessellate>1</tessellate><coordinates>17.4692,-22.4871,0 17.4692,-22.4871,0 17.4692,-22.4871,0 17.4692,-22.4872,0 17.4693,-22.4872,0 17.4693,-22.4872,0 17.4692,-22.4873,0 17.4692,-22.4873,0 17.4692,-22.4873,0 17.4692,-22.4873,0 17.4691,-22.4873,0 17.4691,-22.4873,0 17.4691,-22.4873,0 17.469,-22.4873,0 17.4687,-22.4874,0 17.468,-22.4878,0 17.4672,-22.4881,0 17.4669,-22.4883,0 17.4661,-22.4886,0 17.466,-22.4887,0 17.4659,-22.4887,0 17.4658,-22.4884,0 17.4654,-22.4886,0 17.4654,-22.4886,0 17.4654,-22.4887,0 17.4654,-22.4887,0 17.4653,-22.4887,0 17.4653,-22.4888,0 17.4653,-22.4889,0 17.4653,-22.4889,0 17.4653,-22.489,0 17.4652,-22.4891,0 17.4652,-22.4891,0 17.4652,-22.4892,0 17.4652,-22.4892,0 17.4652,-22.4893,0 17.4652,-22.4893,0 17.4652,-22.4894,0 17.4653,-22.4896,0 17.4653,-22.4897,0 17.4654,-22.4899,0 17.4654,-22.4902,0 17.4654,-22.4906,0 17.4655,-22.491,0 17.4654,-22.4912,0 17.4653,-22.4918,0 17.4649,-22.4931,0 17.4644,-22.4948,0 17.4643,-22.4951,0 17.4643,-22.4952,0 17.4642,-22.4955,0 17.4642,-22.4957,0 17.4641,-22.496,0 17.464,-22.4965,0 17.464,-22.497,0 17.4641,-22.4972,0 17.4641,-22.4973,0 17.4641,-22.4974,0 17.4641,-22.4974,0 17.4641,-22.4975,0 17.4642,-22.4975,0 17.4642,-22.4975,0 17.4642,-22.4976,0 17.4642,-22.4976,0 17.4641,-22.4977,0 17.4641,-22.4977,0 17.4641,-22.4977,0 17.4641,-22.4977,0 17.464,-22.4977,0 17.4639,-22.4977,0 17.4639,-22.4977,0 17.4639,-22.4977,0 17.4639,-22.4977,0 17.4636,-22.4976,0 17.4633,-22.4975,0 17.4624,-22.4974,0 17.4616,-22.4973,0 17.459,-22.4968,0 17.4585,-22.4967,0 17.4572,-22.4965,0 17.455,-22.4961,0 17.454,-22.496,0 17.453,-22.4959,0 17.4522,-22.4959,0 17.4515,-22.4959,0 17.4506,-22.496,0 17.4499,-22.4962,0 17.4478,-22.4966,0 17.4451,-22.4971,0 17.4406,-22.498,0 17.4378,-22.4985,0 17.4302,-22.5,0 17.417,-22.5026,0 17.4104,-22.5039,0 17.404,-22.5052,0 17.4021,-22.5056,0 17.3912,-22.5077,0 17.3888,-22.5082,0 17.3882,-22.5083,0 17.3867,-22.5086,0 17.3827,-22.5094,0 17.378,-22.5103,0 17.3756,-22.5107,0 17.375,-22.5109,0 17.3744,-22.5111,0 17.3739,-22.5113,0 17.3734,-22.5115,0 17.3728,-22.5118,0 17.3722,-22.5121,0 17.3708,-22.5131,0 17.366,-22.5164,0 17.3622,-22.519,0 17.3604,-22.5202,0 17.3586,-22.5214,0 17.355,-22.5239,0 17.3543,-22.5244,0 17.3535,-22.5248,0 17.3531,-22.525,0 17.3527,-22.5252,0 17.3518,-22.5256,0 17.3502,-22.5263,0 17.3498,-22.5264,0 17.3455,-22.5281,0 17.3422,-22.5295,0 17.3383,-22.5311,0 17.3347,-22.5325,0 17.3335,-22.533,0 17.3323,-22.5335,0 17.3317,-22.5338,0 17.3309,-22.5341,0 17.3305,-22.5342,0 17.3257,-22.5362,0 17.3243,-22.5368,0 17.3172,-22.5397,0 17.3144,-22.5408,0 17.3141,-22.5409,0 17.3123,-22.5417,0 17.312,-22.5418,0 17.3063,-22.5441,0 17.3032,-22.5453,0 17.3027,-22.5455,0 17.3023,-22.5456,0 17.3018,-22.5458,0 17.3013,-22.5459,0 17.3006,-22.5459,0 17.2998,-22.546,0 17.2967,-22.5462,0 17.2958,-22.5463,0 17.2951,-22.5464,0 17.2943,-22.5465,0 17.294,-22.5466,0 17.2931,-22.5469,0 17.2921,-22.5472,0 17.2917,-22.5472,0 17.2905,-22.5476,0 17.2888,-22.5481,0 17.2858,-22.549,0 17.2804,-22.5506,0 17.2797,-22.5508,0 17.2792,-22.551,0 17.2777,-22.5515,0 17.2767,-22.5518,0 17.276,-22.552,0 17.2756,-22.5521,0 17.2751,-22.5521,0 17.2745,-22.5522,0 17.2739,-22.5522,0 17.2733,-22.5521,0 17.2727,-22.552,0 17.2721,-22.5518,0 17.2717,-22.5517,0 17.2713,-22.5514,0 17.2708,-22.5511,0 17.2704,-22.5507,0 17.27,-22.5504,0 17.2697,-22.55,0 17.2683,-22.5484,0 17.2682,-22.5482,0 17.2678,-22.5479,0 17.2674,-22.5475,0 17.2671,-22.5473,0 17.2667,-22.5471,0 17.2664,-22.5469,0 17.2658,-22.5467,0 17.2655,-22.5466,0 17.2651,-22.5465,0 17.2647,-22.5465,0 17.2641,-22.5464,0 17.2637,-22.5464,0 17.2635,-22.5465,0 17.2633,-22.5465,0 17.2628,-22.5466,0 17.2623,-22.5467,0 17.2604,-22.5473,0 17.2602,-22.5474,0 17.2601,-22.5474,0 17.26,-22.5475,0 17.2599,-22.5475,0 17.2594,-22.5476,0 17.2593,-22.5476,0 17.2591,-22.5476,0 17.2588,-22.5477,0 17.2582,-22.5477,0 17.2581,-22.5477,0 17.2581,-22.5477,0 17.2538,-22.548,0 17.2514,-22.5482,0 17.2511,-22.5482,0 17.2503,-22.5483,0 17.2499,-22.5483,0 17.2495,-22.5484,0 17.2491,-22.5484,0 17.2489,-22.5485,0 17.2486,-22.5486,0 17.2486,-22.5486,0 17.2482,-22.5488,0 17.2477,-22.549,0 17.2468,-22.5495,0 17.2464,-22.5498,0 17.2458,-22.55,0 17.244,-22.5507,0 17.2427,-22.5512,0 17.2424,-22.5513,0 17.2414,-22.5515,0 17.2411,-22.5516,0 17.2391,-22.552,0 17.2368,-22.5526,0 17.2349,-22.5529,0 17.2346,-22.553,0 17.234,-22.5531,0 17.2337,-22.5531,0 17.2334,-22.5531,0 17.2325,-22.5532,0 17.2323,-22.5532,0 17.232,-22.5532,0 17.2314,-22.5534,0 17.2311,-22.5535,0 17.2298,-22.554,0 17.2294,-22.5541,0 17.2277,-22.5547,0 17.2274,-22.5548,0 17.227,-22.5549,0 17.2264,-22.555,0 17.226,-22.5551,0 17.2254,-22.5551,0 17.225,-22.5551,0 17.223,-22.5551,0 17.2229,-22.5551,0 17.2206,-22.5552,0 17.22,-22.5552,0 17.2194,-22.5552,0 17.2193,-22.5552,0 17.2185,-22.5552,0 17.2184,-22.5552,0 17.2148,-22.5553,0 17.2128,-22.5553,0 17.2108,-22.5554,0 17.2099,-22.5554,0 17.2091,-22.5554,0 17.2079,-22.5554,0 17.2066,-22.5554,0 17.2061,-22.5555,0 17.2056,-22.5556,0 17.205,-22.5558,0 17.2036,-22.5564,0 17.2031,-22.5566,0 17.2027,-22.5569,0 17.1999,-22.5592,0 17.1991,-22.5596,0 17.1984,-22.5601,0 17.1977,-22.5603,0 17.1971,-22.5605,0 17.1964,-22.5607,0 17.1957,-22.5608,0 17.1944,-22.5611,0 17.1929,-22.5614,0 17.1925,-22.5615,0 17.1921,-22.5616,0 17.1918,-22.5618,0 17.1914,-22.5621,0 17.1912,-22.5623,0 17.1908,-22.5627,0 17.1905,-22.5631,0 17.1905,-22.5631,0 17.1891,-22.5654,0 17.1888,-22.5657,0 17.1886,-22.566,0 17.1883,-22.5662,0 17.188,-22.5665,0 17.1876,-22.5667,0 17.1872,-22.5668,0 17.1867,-22.5669,0 17.186,-22.567,0 17.1854,-22.567,0 17.184,-22.5671,0 17.1836,-22.5671,0 17.1832,-22.5671,0 17.1828,-22.5673,0 17.1824,-22.5674,0 17.182,-22.5677,0 17.181,-22.5684,0 17.1802,-22.5689,0 17.1799,-22.569,0 17.1797,-22.5692,0 17.1794,-22.5694,0 17.1787,-22.5701,0 17.1783,-22.5705,0 17.178,-22.5707,0 17.1777,-22.5709,0 17.1774,-22.571,0 17.1773,-22.5711,0 17.177,-22.5712,0 17.1766,-22.5712,0 17.1761,-22.5713,0 17.1752,-22.5713,0 17.1746,-22.5713,0 17.1743,-22.5713,0 17.1741,-22.5713,0 17.1738,-22.5714,0 17.1734,-22.5715,0 17.173,-22.5717,0 17.1724,-22.5722,0 17.171,-22.5731,0 17.17,-22.5737,0 17.1698,-22.5738,0 17.1696,-22.5739,0 17.1693,-22.574,0 17.1688,-22.5741,0 17.1682,-22.5742,0 17.1679,-22.5743,0 17.1675,-22.5744,0 17.1672,-22.5746,0 17.1654,-22.5756,0 17.1651,-22.5758,0 17.1647,-22.576,0 17.1643,-22.5761,0 17.1638,-22.5762,0 17.1635,-22.5762,0 17.1626,-22.5763,0 17.1618,-22.5764,0 17.1613,-22.5765,0 17.1609,-22.5766,0 17.1592,-22.5771,0 17.1589,-22.5772,0 17.1571,-22.5777,0 17.1568,-22.5778,0 17.1562,-22.5779,0 17.1558,-22.578,0 17.1554,-22.578,0 17.1545,-22.578,0 17.1541,-22.5781,0 17.1536,-22.5781,0 17.1531,-22.5782,0 17.1525,-22.5785,0 17.1508,-22.5793,0 17.1504,-22.5795,0 17.15,-22.5798,0 17.1497,-22.58,0 17.1493,-22.5804,0 17.1491,-22.5807,0 17.1488,-22.5812,0 17.1487,-22.5815,0 17.1485,-22.5821,0 17.1484,-22.5824,0 17.1482,-22.5827,0 17.1482,-22.5829,0 17.1481,-22.583,0 17.1479,-22.5833,0 17.1476,-22.5836,0 17.1473,-22.5839,0 17.1471,-22.5841,0 17.1467,-22.5846,0 17.1463,-22.585,0 17.1461,-22.5853,0 17.1459,-22.5855,0 17.1457,-22.5857,0 17.1456,-22.5858,0 17.1455,-22.5858,0 17.1453,-22.586,0 17.1449,-22.5863,0 17.1445,-22.5864,0 17.1441,-22.5865,0 17.1436,-22.5866,0 17.1433,-22.5867,0 17.1428,-22.5866,0 17.1424,-22.5866,0 17.142,-22.5864,0 17.1417,-22.5863,0 17.1413,-22.5861,0 17.141,-22.5859,0 17.1408,-22.5857,0 17.1406,-22.5855,0 17.1403,-22.5852,0 17.1401,-22.5849,0 17.1396,-22.5843,0 17.1393,-22.584,0 17.1391,-22.5837,0 17.1389,-22.5835,0 17.1386,-22.5832,0 17.1382,-22.583,0 17.1378,-22.5828,0 17.1375,-22.5827,0 17.1371,-22.5826,0 17.1368,-22.5825,0 17.1365,-22.5825,0 17.1359,-22.5825,0 17.1354,-22.5826,0 17.1351,-22.5826,0 17.1344,-22.5827,0 17.1339,-22.5828,0 17.1337,-22.5828,0 17.133,-22.5828,0 17.1328,-22.5828,0 17.1319,-22.5827,0 17.1314,-22.5826,0 17.1311,-22.5825,0 17.1306,-22.5824,0 17.13,-22.5822,0 17.1295,-22.582,0 17.1288,-22.5816,0 17.1274,-22.5809,0 17.1272,-22.5808,0 17.127,-22.5808,0 17.126,-22.5803,0 17.1259,-22.5802,0 17.1256,-22.58,0 17.1255,-22.58,0 17.1255,-22.5799,0 17.1253,-22.5798,0 17.1249,-22.5796,0 17.1248,-22.5796,0 17.1246,-22.5794,0 17.1243,-22.5793,0 17.1239,-22.5791,0 17.1239,-22.5791,0 17.1236,-22.5791,0 17.1233,-22.579,0 17.1228,-22.5789,0 17.1224,-22.5789,0 17.1221,-22.5789,0 17.1211,-22.5791,0 17.1205,-22.5792,0 17.1199,-22.5793,0 17.1195,-22.5793,0 17.1188,-22.5794,0 17.1186,-22.5795,0 17.1183,-22.5795,0 17.118,-22.5797,0 17.1174,-22.5799,0 17.1171,-22.58,0 17.117,-22.58,0 17.1169,-22.5799,0 17.1166,-22.5796,0 17.1164,-22.5794,0 17.1163,-22.5793,0 17.1163,-22.5793,0 17.1163,-22.5792,0 17.116,-22.5789,0 17.1158,-22.5786,0 17.1156,-22.5783,0 17.1154,-22.5781,0 17.1153,-22.5779,0 17.115,-22.5774,0 17.1148,-22.5772,0 17.1146,-22.5769,0 17.1145,-22.5766,0 17.1143,-22.5764,0 17.1141,-22.5762,0 17.114,-22.5761,0 17.1138,-22.5759,0 17.1135,-22.5757,0 17.1133,-22.5756,0 17.1131,-22.5755,0 17.1129,-22.5753,0 17.1125,-22.5751,0 17.1113,-22.5745,0 17.1109,-22.5743,0 17.1108,-22.5743,0 17.1098,-22.5738,0 17.1093,-22.5736,0 17.1088,-22.5734,0 17.1083,-22.5732,0 17.1082,-22.5732,0 17.1073,-22.5728,0 17.1071,-22.5726,0 17.1063,-22.5723,0 17.106,-22.5722,0 17.1058,-22.5721,0 17.1056,-22.5721,0 17.1053,-22.5721,0 17.1044,-22.5721,0 17.1036,-22.5721,0 17.1035,-22.5721,0 17.1034,-22.5721,0 17.1033,-22.5721,0 17.1032,-22.5721,0 17.1031,-22.5722,0 17.103,-22.5722,0 17.1027,-22.5723,0 17.1019,-22.5726,0 17.1016,-22.5728,0 17.1011,-22.573,0 17.1004,-22.5732,0 17.1003,-22.5733,0 17.0996,-22.5734,0 17.0994,-22.5735,0 17.0991,-22.5736,0 17.0982,-22.5739,0 17.098,-22.574,0 17.0977,-22.5741,0 17.0974,-22.5742,0 17.0973,-22.5742,0 17.0972,-22.5742,0 17.0971,-22.5742,0 17.097,-22.5742,0 17.0968,-22.5741,0 17.0966,-22.574,0 17.0959,-22.5737,0 17.0958,-22.5737,0 17.0947,-22.5733,0 17.0939,-22.573,0 17.0934,-22.5728,0 17.0933,-22.5728,0 17.0922,-22.5723,0 17.0918,-22.5721,0 17.0912,-22.5718,0 17.0912,-22.5718,0 17.0907,-22.5716,0 17.0903,-22.5715,0 17.0894,-22.5712,0 17.0892,-22.5712,0 17.0891,-22.5711,0 17.0889,-22.5711,0 17.0888,-22.5711,0 17.0885,-22.5712,0 17.0883,-22.5712,0 17.0882,-22.5713,0 17.0881,-22.5713,0 17.088,-22.5713,0 17.0878,-22.5712,0 17.0877,-22.5712,0 17.0876,-22.5711,0 17.0875,-22.571,0 17.0873,-22.5709,0 17.0873,-22.5709,0 17.0872,-22.5709,0 17.0871,-22.5708,0 17.087,-22.5707,0 17.0868,-22.5706,0 17.0867,-22.5706,0 17.0865,-22.5706,0 17.0864,-22.5706,0 17.0862,-22.5706,0 17.0861,-22.5706,0 17.0859,-22.5706,0 17.0857,-22.5707,0 17.0855,-22.5707,0 17.0854,-22.5707,0 17.0849,-22.5708,0 17.0843,-22.5709,0 17.0832,-22.5712,0 17.0824,-22.5715,0 17.0823,-22.5715,0 17.0821,-22.5716,0 17.082,-22.5717,0 17.0819,-22.5717,0 17.081,-22.5719,0 17.0809,-22.572,0 17.0807,-22.5718,0 17.0797,-22.5714,0 17.0792,-22.5713,0 17.0788,-22.5711,0 17.0783,-22.571,0 17.0779,-22.5708,0 17.0778,-22.5707,0 17.0772,-22.5706,0 17.0771,-22.5706,0 17.077,-22.5706,0 17.0769,-22.5706,0 17.0768,-22.5707,0 17.0766,-22.5708,0 17.0763,-22.571,0 17.0762,-22.5712,0 17.0759,-22.5715,0 17.0757,-22.5717,0 17.0757,-22.5718,0 17.0756,-22.572,0 17.0755,-22.5722,0 17.0754,-22.5724,0 17.0753,-22.5726,0 17.0752,-22.5729,0 17.0751,-22.5733,0 17.075,-22.574,0 17.0748,-22.5749,0 17.0747,-22.5752,0 17.0746,-22.5755,0 17.0743,-22.577,0 17.0744,-22.5772,0 17.0744,-22.5773,0 17.0744,-22.5774,0 17.0745,-22.5775,0 17.0745,-22.5776,0 17.0746,-22.5777,0 17.0746,-22.5778,0 17.0747,-22.5778,0 17.0748,-22.5779,0 17.075,-22.578,0 17.0752,-22.5781,0 17.0754,-22.5781,0 17.0756,-22.5782,0 17.0763,-22.5781,0 17.0773,-22.5781,0</coordinates></LineString>
    </Placemark>
    <Placemark>
      <name>D1 · Windhoek → paso de Spreetshoogte</name>
      <description>1 nov · 205 km</description>
      <styleUrl>#desierto</styleUrl>
      <LineString><tessellate>1</tessellate><coordinates>17.0773,-22.5781,0 17.0776,-22.5781,0 17.079,-22.578,0 17.079,-22.5782,0 17.0791,-22.5787,0 17.0791,-22.5789,0 17.0791,-22.5791,0 17.0788,-22.5795,0 17.0787,-22.5798,0 17.0787,-22.58,0 17.0787,-22.58,0 17.0786,-22.5806,0 17.0786,-22.5811,0 17.0786,-22.5816,0 17.0786,-22.5817,0 17.0786,-22.5818,0 17.0785,-22.5832,0 17.0794,-22.5832,0 17.0796,-22.5832,0 17.0801,-22.5832,0 17.0805,-22.5833,0 17.0807,-22.5833,0 17.0806,-22.5836,0 17.0806,-22.5841,0 17.0805,-22.5846,0 17.0805,-22.585,0 17.0803,-22.5874,0 17.0803,-22.5879,0 17.0804,-22.5882,0 17.0804,-22.5884,0 17.0805,-22.589,0 17.0805,-22.5891,0 17.0805,-22.5894,0 17.0806,-22.5895,0 17.0806,-22.5896,0 17.0806,-22.5896,0 17.0806,-22.5898,0 17.0806,-22.59,0 17.0806,-22.5902,0 17.0806,-22.5904,0 17.0806,-22.5904,0 17.0805,-22.5909,0 17.0804,-22.5911,0 17.0803,-22.5915,0 17.0803,-22.5917,0 17.0803,-22.5919,0 17.0803,-22.592,0 17.0804,-22.5921,0 17.0804,-22.5922,0 17.0805,-22.5923,0 17.0806,-22.5925,0 17.0811,-22.5929,0 17.0814,-22.5931,0 17.0814,-22.5932,0 17.0815,-22.5932,0 17.0815,-22.5933,0 17.0819,-22.5936,0 17.082,-22.5937,0 17.0822,-22.5938,0 17.0823,-22.594,0 17.0824,-22.5941,0 17.0825,-22.5943,0 17.0827,-22.5944,0 17.0828,-22.5946,0 17.0829,-22.5947,0 17.083,-22.5949,0 17.0831,-22.595,0 17.0831,-22.5951,0 17.0832,-22.5953,0 17.0832,-22.5955,0 17.0833,-22.5956,0 17.0834,-22.5958,0 17.0834,-22.5959,0 17.0835,-22.5961,0 17.0835,-22.5962,0 17.0836,-22.5966,0 17.0838,-22.5972,0 17.0839,-22.5973,0 17.0839,-22.5975,0 17.084,-22.5976,0 17.0841,-22.5979,0 17.0841,-22.5982,0 17.0842,-22.5984,0 17.0842,-22.5986,0 17.0846,-22.5997,0 17.0847,-22.5998,0 17.0847,-22.6,0 17.0849,-22.6005,0 17.0851,-22.6012,0 17.0857,-22.603,0 17.0858,-22.6032,0 17.0858,-22.6035,0 17.0859,-22.6038,0 17.086,-22.6042,0 17.0861,-22.6045,0 17.0861,-22.6049,0 17.0864,-22.6068,0 17.0865,-22.6073,0 17.0866,-22.6079,0 17.0867,-22.6088,0 17.0867,-22.6091,0 17.0868,-22.6094,0 17.0868,-22.6094,0 17.0868,-22.6097,0 17.0869,-22.61,0 17.087,-22.6107,0 17.087,-22.6108,0 17.087,-22.6112,0 17.0871,-22.6117,0 17.0871,-22.6118,0 17.0872,-22.6123,0 17.0872,-22.6129,0 17.0876,-22.6158,0 17.0877,-22.6165,0 17.0877,-22.6166,0 17.0879,-22.6175,0 17.088,-22.6185,0 17.0881,-22.6191,0 17.0882,-22.6195,0 17.0882,-22.6195,0 17.0886,-22.6223,0 17.089,-22.6251,0 17.089,-22.6255,0 17.089,-22.6256,0 17.0891,-22.6259,0 17.0891,-22.6262,0 17.0892,-22.6268,0 17.0892,-22.6272,0 17.0892,-22.6274,0 17.0891,-22.6279,0 17.0891,-22.6286,0 17.089,-22.629,0 17.089,-22.6292,0 17.0889,-22.6295,0 17.0889,-22.6297,0 17.0888,-22.6299,0 17.0887,-22.6302,0 17.0886,-22.6304,0 17.0884,-22.6309,0 17.0884,-22.631,0 17.0883,-22.631,0 17.0881,-22.6315,0 17.088,-22.6318,0 17.0878,-22.6321,0 17.0876,-22.6325,0 17.0875,-22.6328,0 17.0873,-22.6331,0 17.0872,-22.6333,0 17.0869,-22.6339,0 17.0862,-22.6353,0 17.0861,-22.6356,0 17.086,-22.6358,0 17.0859,-22.6362,0 17.0858,-22.6364,0 17.0857,-22.6366,0 17.0856,-22.637,0 17.0855,-22.6374,0 17.0855,-22.6376,0 17.0855,-22.6379,0 17.0854,-22.6382,0 17.0854,-22.6387,0 17.0854,-22.6388,0 17.0854,-22.644,0 17.0853,-22.6446,0 17.0852,-22.6452,0 17.0852,-22.6455,0 17.0851,-22.6458,0 17.085,-22.6462,0 17.0847,-22.6469,0 17.0844,-22.6475,0 17.0842,-22.6479,0 17.084,-22.6483,0 17.0837,-22.6486,0 17.0834,-22.649,0 17.0834,-22.6491,0 17.0821,-22.6507,0 17.082,-22.6508,0 17.0811,-22.652,0 17.0808,-22.6522,0 17.0803,-22.6529,0 17.08,-22.6532,0 17.0798,-22.6535,0 17.0796,-22.6538,0 17.0795,-22.6539,0 17.0788,-22.6549,0 17.0756,-22.6588,0 17.0753,-22.6592,0 17.0751,-22.6596,0 17.0739,-22.6611,0 17.0737,-22.6613,0 17.0735,-22.6615,0 17.0734,-22.6616,0 17.0731,-22.662,0 17.0727,-22.6625,0 17.0722,-22.6634,0 17.072,-22.6638,0 17.0718,-22.664,0 17.0716,-22.6645,0 17.0713,-22.6649,0 17.0709,-22.6655,0 17.0708,-22.6658,0 17.0706,-22.666,0 17.0703,-22.6665,0 17.0699,-22.6672,0 17.0694,-22.6676,0 17.0687,-22.6683,0 17.0682,-22.6689,0 17.0679,-22.6695,0 17.0677,-22.6701,0 17.0675,-22.6706,0 17.067,-22.6718,0 17.0668,-22.6724,0 17.0667,-22.6729,0 17.0665,-22.6734,0 17.0664,-22.674,0 17.0663,-22.6744,0 17.0663,-22.6749,0 17.0663,-22.6753,0 17.0664,-22.6757,0 17.0665,-22.676,0 17.0669,-22.6771,0 17.067,-22.6773,0 17.067,-22.6776,0 17.067,-22.6778,0 17.0671,-22.6782,0 17.0671,-22.6786,0 17.067,-22.6791,0 17.067,-22.6793,0 17.0669,-22.68,0 17.0669,-22.6805,0 17.067,-22.6809,0 17.0671,-22.6812,0 17.0675,-22.6826,0 17.0676,-22.683,0 17.0677,-22.6833,0 17.0678,-22.6838,0 17.0678,-22.6839,0 17.0678,-22.6844,0 17.0678,-22.6848,0 17.0679,-22.6852,0 17.0679,-22.6855,0 17.068,-22.6858,0 17.0681,-22.6862,0 17.0682,-22.6866,0 17.0683,-22.6868,0 17.0685,-22.6872,0 17.0687,-22.6874,0 17.0688,-22.6877,0 17.0692,-22.6882,0 17.0696,-22.6887,0 17.0702,-22.6893,0 17.0703,-22.6895,0 17.0721,-22.6914,0 17.0725,-22.6917,0 17.073,-22.6922,0 17.0736,-22.6927,0 17.0744,-22.693,0 17.0749,-22.6931,0 17.0753,-22.6932,0 17.0779,-22.6937,0 17.0783,-22.6938,0 17.0788,-22.694,0 17.0792,-22.6942,0 17.0796,-22.6945,0 17.08,-22.6948,0 17.0803,-22.6951,0 17.0806,-22.6955,0 17.0813,-22.6966,0 17.0815,-22.697,0 17.0818,-22.6974,0 17.0819,-22.6976,0 17.0823,-22.6983,0 17.0825,-22.6986,0 17.0828,-22.699,0 17.0831,-22.6991,0 17.0839,-22.6998,0 17.0842,-22.7001,0 17.0845,-22.7003,0 17.0847,-22.7005,0 17.085,-22.701,0 17.085,-22.7011,0 17.0852,-22.7014,0 17.0853,-22.7016,0 17.0853,-22.7018,0 17.0858,-22.7032,0 17.086,-22.7036,0 17.0863,-22.7041,0 17.0865,-22.7045,0 17.0876,-22.706,0 17.0878,-22.7062,0 17.0879,-22.7065,0 17.0881,-22.7068,0 17.0883,-22.7072,0 17.0886,-22.7079,0 17.0888,-22.7084,0 17.089,-22.7088,0 17.0892,-22.7095,0 17.0895,-22.71,0 17.0898,-22.7105,0 17.09,-22.7108,0 17.0904,-22.7112,0 17.0908,-22.7115,0 17.0911,-22.7118,0 17.0916,-22.712,0 17.092,-22.7123,0 17.0923,-22.7123,0 17.0939,-22.7129,0 17.0942,-22.713,0 17.0952,-22.7134,0 17.0965,-22.714,0 17.0972,-22.7143,0 17.0977,-22.7146,0 17.0979,-22.7147,0 17.0982,-22.715,0 17.1004,-22.7167,0 17.1007,-22.7169,0 17.1012,-22.7173,0 17.1014,-22.7174,0 17.1015,-22.7175,0 17.1019,-22.7178,0 17.1026,-22.7184,0 17.1028,-22.7185,0 17.104,-22.7194,0 17.1053,-22.7205,0 17.1128,-22.7263,0 17.1147,-22.7278,0 17.1153,-22.7283,0 17.1158,-22.7288,0 17.1161,-22.7292,0 17.1164,-22.7296,0 17.1166,-22.73,0 17.1167,-22.7304,0 17.1169,-22.7309,0 17.117,-22.7313,0 17.1171,-22.7322,0 17.1172,-22.7329,0 17.1174,-22.7334,0 17.1176,-22.7338,0 17.1178,-22.7343,0 17.1181,-22.7349,0 17.1183,-22.7352,0 17.1187,-22.7358,0 17.1191,-22.7362,0 17.1195,-22.7366,0 17.1201,-22.737,0 17.1208,-22.7375,0 17.1209,-22.7376,0 17.1213,-22.7378,0 17.1218,-22.738,0 17.1227,-22.7385,0 17.1229,-22.7386,0 17.1238,-22.739,0 17.1246,-22.7396,0 17.1258,-22.7405,0 17.1272,-22.7419,0 17.1284,-22.7431,0 17.1294,-22.7442,0 17.1297,-22.7446,0 17.13,-22.7449,0 17.1313,-22.7472,0 17.1324,-22.7491,0 17.1334,-22.7508,0 17.134,-22.7518,0 17.1341,-22.752,0 17.1342,-22.7522,0 17.1343,-22.7525,0 17.1344,-22.7528,0 17.1344,-22.7531,0 17.1344,-22.7535,0 17.1344,-22.7537,0 17.1344,-22.7541,0 17.1344,-22.7544,0 17.1342,-22.755,0 17.134,-22.7554,0 17.1329,-22.7572,0 17.1327,-22.7577,0 17.1324,-22.7584,0 17.1324,-22.7586,0 17.1323,-22.759,0 17.1322,-22.7592,0 17.1322,-22.7593,0 17.1322,-22.7596,0 17.1321,-22.7601,0 17.1321,-22.7603,0 17.132,-22.7613,0 17.132,-22.7625,0 17.1319,-22.7637,0 17.1319,-22.7648,0 17.1319,-22.7658,0 17.1319,-22.7664,0 17.1318,-22.7692,0 17.1318,-22.7694,0 17.1318,-22.7696,0 17.1318,-22.77,0 17.1318,-22.7706,0 17.1318,-22.7711,0 17.1318,-22.7716,0 17.1317,-22.7717,0 17.1316,-22.7755,0 17.1316,-22.776,0 17.1313,-22.7835,0 17.1313,-22.7847,0 17.1312,-22.7852,0 17.1301,-22.7908,0 17.1283,-22.8,0 17.1282,-22.8004,0 17.1265,-22.8088,0 17.1254,-22.8148,0 17.1252,-22.8157,0 17.1248,-22.8169,0 17.1247,-22.8173,0 17.1229,-22.8223,0 17.1219,-22.8251,0 17.1208,-22.8282,0 17.1204,-22.8293,0 17.1202,-22.8297,0 17.1199,-22.8302,0 17.1198,-22.8305,0 17.1188,-22.8319,0 17.1164,-22.8347,0 17.1149,-22.8365,0 17.1145,-22.837,0 17.1141,-22.8376,0 17.1137,-22.8383,0 17.1133,-22.839,0 17.1129,-22.8401,0 17.1127,-22.8408,0 17.1126,-22.8415,0 17.1125,-22.8421,0 17.1125,-22.8429,0 17.1125,-22.8434,0 17.1126,-22.844,0 17.1129,-22.8461,0 17.113,-22.8464,0 17.1133,-22.8488,0 17.1134,-22.8493,0 17.1135,-22.8503,0 17.1141,-22.8542,0 17.115,-22.8603,0 17.115,-22.8603,0 17.115,-22.8603,0 17.1183,-22.8833,0 17.1199,-22.8942,0 17.12,-22.8948,0 17.1249,-22.9283,0 17.125,-22.929,0 17.1251,-22.9298,0 17.1253,-22.9314,0 17.1257,-22.9339,0 17.126,-22.9362,0 17.1261,-22.9367,0 17.1262,-22.9371,0 17.1264,-22.9377,0 17.1266,-22.9381,0 17.1268,-22.9386,0 17.1275,-22.9398,0 17.1286,-22.9417,0 17.13,-22.944,0 17.1311,-22.9458,0 17.1329,-22.9487,0 17.1332,-22.9492,0 17.1334,-22.9497,0 17.1336,-22.9504,0 17.1338,-22.951,0 17.1338,-22.9517,0 17.1338,-22.9524,0 17.1337,-22.9532,0 17.1335,-22.954,0 17.133,-22.9556,0 17.1323,-22.9575,0 17.1323,-22.9578,0 17.132,-22.9587,0 17.1319,-22.9589,0 17.1316,-22.9599,0 17.1315,-22.9604,0 17.1314,-22.9609,0 17.1313,-22.9612,0 17.1313,-22.9615,0 17.1312,-22.9619,0 17.1309,-22.9654,0 17.1308,-22.9677,0 17.1307,-22.9689,0 17.1306,-22.9702,0 17.1305,-22.9705,0 17.1304,-22.9725,0 17.1303,-22.9739,0 17.1301,-22.9749,0 17.1299,-22.9756,0 17.1297,-22.9761,0 17.1295,-22.9766,0 17.1288,-22.9782,0 17.1272,-22.9821,0 17.1261,-22.9847,0 17.1252,-22.9867,0 17.116,-23.008,0 17.1152,-23.0098,0 17.1152,-23.01,0 17.1038,-23.0365,0 17.1036,-23.037,0 17.1035,-23.0375,0 17.1034,-23.0381,0 17.1033,-23.0386,0 17.1033,-23.0396,0 17.1033,-23.041,0 17.1035,-23.0481,0 17.1038,-23.0614,0 17.1041,-23.0762,0 17.1041,-23.0775,0 17.1043,-23.088,0 17.1044,-23.0904,0 17.1044,-23.0928,0 17.1044,-23.0934,0 17.1044,-23.0939,0 17.1044,-23.0944,0 17.1043,-23.095,0 17.1041,-23.0967,0 17.1037,-23.0999,0 17.1033,-23.1025,0 17.1033,-23.1027,0 17.1026,-23.1081,0 17.1015,-23.1163,0 17.1014,-23.1166,0 17.0998,-23.1288,0 17.0989,-23.1359,0 17.0945,-23.1681,0 17.0944,-23.1689,0 17.0943,-23.1692,0 17.0931,-23.1784,0 17.0922,-23.1852,0 17.0917,-23.1885,0 17.0914,-23.1912,0 17.0906,-23.1965,0 17.0905,-23.1978,0 17.0903,-23.1991,0 17.0898,-23.2025,0 17.0895,-23.205,0 17.0892,-23.2073,0 17.089,-23.2088,0 17.0888,-23.2101,0 17.0881,-23.2151,0 17.0876,-23.2187,0 17.0876,-23.219,0 17.0868,-23.2251,0 17.0866,-23.2262,0 17.0866,-23.2266,0 17.0865,-23.227,0 17.0864,-23.2276,0 17.0863,-23.2284,0 17.0862,-23.2293,0 17.0857,-23.2327,0 17.0856,-23.2338,0 17.0854,-23.235,0 17.085,-23.2384,0 17.0849,-23.2385,0 17.0845,-23.2416,0 17.0843,-23.2435,0 17.0841,-23.2452,0 17.0838,-23.2472,0 17.0835,-23.249,0 17.0827,-23.2553,0 17.0827,-23.2554,0 17.0826,-23.256,0 17.0826,-23.2561,0 17.0825,-23.2569,0 17.082,-23.26,0 17.0815,-23.2639,0 17.0809,-23.2681,0 17.0806,-23.2704,0 17.0795,-23.2784,0 17.0795,-23.2786,0 17.0786,-23.2851,0 17.0785,-23.286,0 17.0802,-23.2862,0 17.0815,-23.2864,0 17.0818,-23.2864,0 17.0822,-23.2865,0 17.0825,-23.2865,0 17.0829,-23.2866,0 17.0836,-23.2868,0 17.0839,-23.2869,0 17.0842,-23.287,0 17.0845,-23.2871,0 17.0854,-23.2874,0 17.0856,-23.2875,0 17.0858,-23.2876,0 17.0859,-23.2877,0 17.087,-23.2882,0 17.0882,-23.289,0 17.0885,-23.2891,0 17.0887,-23.2893,0 17.0989,-23.2955,0 17.0993,-23.2957,0 17.098,-23.2975,0 17.0972,-23.2987,0 17.0958,-23.3007,0 17.0953,-23.3014,0 17.095,-23.3019,0 17.0947,-23.3025,0 17.0944,-23.3032,0 17.0942,-23.3037,0 17.094,-23.3045,0 17.0937,-23.3056,0 17.0935,-23.3062,0 17.0934,-23.3066,0 17.0934,-23.3067,0 17.0931,-23.3081,0 17.0929,-23.3086,0 17.0927,-23.3097,0 17.0923,-23.3112,0 17.0922,-23.3116,0 17.0921,-23.3121,0 17.092,-23.3131,0 17.092,-23.3133,0 17.092,-23.3134,0 17.092,-23.3138,0 17.0921,-23.3141,0 17.0915,-23.3141,0 17.0913,-23.3141,0 17.0911,-23.3142,0 17.091,-23.3142,0 17.0908,-23.3143,0 17.0898,-23.3149,0 17.0891,-23.3153,0 17.089,-23.3152,0 17.0889,-23.3152,0 17.0888,-23.3151,0 17.0883,-23.3151,0 17.0875,-23.315,0 17.0869,-23.315,0 17.0868,-23.315,0 17.086,-23.3149,0 17.0853,-23.3149,0 17.0846,-23.3149,0 17.0839,-23.3148,0 17.0831,-23.3148,0 17.0824,-23.3147,0 17.0822,-23.316,0 17.0822,-23.3162,0 17.0814,-23.316,0 17.0816,-23.3154,0 17.0816,-23.3154,0 17.0814,-23.316,0 17.0807,-23.3159,0 17.0805,-23.3167,0 17.0804,-23.3172,0 17.0802,-23.318,0 17.0801,-23.3184,0 17.0799,-23.3195,0 17.0797,-23.3195,0 17.0795,-23.3202,0 17.0785,-23.32,0 17.0784,-23.3202,0 17.0783,-23.3221,0 17.0783,-23.323,0 17.0782,-23.3231,0 17.0781,-23.3241,0 17.0781,-23.3244,0 17.078,-23.3248,0 17.0777,-23.3258,0 17.0773,-23.3258,0 17.0771,-23.3258,0 17.0769,-23.3258,0 17.0767,-23.3258,0 17.0753,-23.3266,0 17.0744,-23.327,0 17.074,-23.3271,0 17.0731,-23.3274,0 17.0727,-23.3276,0 17.0728,-23.3277,0 17.0728,-23.3278,0 17.0729,-23.3281,0 17.073,-23.3282,0 17.073,-23.3284,0 17.0731,-23.3286,0 17.0732,-23.3288,0 17.0732,-23.329,0 17.0732,-23.3292,0 17.0733,-23.3295,0 17.0733,-23.3298,0 17.0735,-23.3309,0 17.0736,-23.332,0 17.0736,-23.3323,0 17.0737,-23.3327,0 17.0738,-23.3333,0 17.0738,-23.3337,0 17.0738,-23.334,0 17.0742,-23.3364,0 17.0743,-23.3374,0 17.0745,-23.3386,0 17.0745,-23.3388,0 17.0745,-23.339,0 17.0745,-23.3392,0 17.0746,-23.3394,0 17.0746,-23.3395,0 17.0747,-23.3397,0 17.0747,-23.3399,0 17.0748,-23.34,0 17.0749,-23.3402,0 17.075,-23.3403,0 17.0751,-23.3405,0 17.0752,-23.3406,0 17.0754,-23.3408,0 17.0757,-23.3412,0 17.0779,-23.3435,0 17.0788,-23.3444,0 17.0801,-23.3458,0 17.0803,-23.346,0 17.0811,-23.3468,0 17.0825,-23.3484,0 17.0826,-23.3485,0 17.0828,-23.3487,0 17.0829,-23.3488,0 17.0831,-23.3489,0 17.0832,-23.349,0 17.0834,-23.3492,0 17.0835,-23.3493,0 17.0839,-23.3495,0 17.0846,-23.35,0 17.0866,-23.3512,0 17.0893,-23.3529,0 17.0883,-23.3541,0 17.0874,-23.3551,0 17.0872,-23.3554,0 17.0869,-23.3558,0 17.0865,-23.3562,0 17.086,-23.3567,0 17.0856,-23.357,0 17.0852,-23.3573,0 17.0847,-23.3576,0 17.0841,-23.3579,0 17.0833,-23.3582,0 17.0822,-23.3586,0 17.0814,-23.3589,0 17.0805,-23.3591,0 17.0796,-23.3593,0 17.0792,-23.3594,0 17.0789,-23.3594,0 17.0785,-23.3594,0 17.0779,-23.3594,0 17.0774,-23.3594,0 17.0768,-23.3593,0 17.0761,-23.3591,0 17.0756,-23.3589,0 17.075,-23.3586,0 17.0726,-23.3574,0 17.0721,-23.3571,0 17.0715,-23.3569,0 17.071,-23.3568,0 17.0707,-23.3567,0 17.0701,-23.3566,0 17.0694,-23.3565,0 17.0685,-23.3564,0 17.0646,-23.3561,0 17.064,-23.3561,0 17.0636,-23.3559,0 17.0632,-23.3558,0 17.0627,-23.3555,0 17.0616,-23.3547,0 17.061,-23.3544,0 17.0603,-23.3541,0 17.0598,-23.3539,0 17.059,-23.3536,0 17.0584,-23.3534,0 17.0579,-23.3533,0 17.0573,-23.3532,0 17.0567,-23.3532,0 17.0561,-23.3532,0 17.0553,-23.3532,0 17.054,-23.3533,0 17.0515,-23.3535,0 17.0489,-23.3537,0 17.0482,-23.3538,0 17.0476,-23.3539,0 17.0472,-23.3539,0 17.0469,-23.354,0 17.0466,-23.3541,0 17.0462,-23.3542,0 17.0457,-23.3544,0 17.0433,-23.3554,0 17.0424,-23.3558,0 17.0418,-23.356,0 17.0412,-23.3562,0 17.0411,-23.3562,0 17.0409,-23.3562,0 17.0405,-23.3563,0 17.0401,-23.3564,0 17.0401,-23.3564,0 17.0395,-23.3565,0 17.039,-23.3565,0 17.0386,-23.3565,0 17.038,-23.3565,0 17.0372,-23.3564,0 17.0367,-23.3564,0 17.0361,-23.3562,0 17.0356,-23.3561,0 17.035,-23.3559,0 17.0345,-23.3557,0 17.034,-23.3555,0 17.0324,-23.3547,0 17.0273,-23.3522,0 17.0247,-23.351,0 17.0221,-23.3497,0 17.0213,-23.3493,0 17.0207,-23.3491,0 17.0203,-23.349,0 17.0198,-23.3489,0 17.0194,-23.3489,0 17.0189,-23.3489,0 17.0185,-23.349,0 17.018,-23.3491,0 17.0176,-23.3492,0 17.0172,-23.3494,0 17.0168,-23.3496,0 17.0164,-23.3499,0 17.016,-23.3502,0 17.0144,-23.3515,0 17.0138,-23.3519,0 17.0133,-23.3522,0 17.0127,-23.3525,0 17.0121,-23.3528,0 17.0114,-23.353,0 17.0109,-23.3531,0 17.0105,-23.3531,0 17.01,-23.3532,0 17.0093,-23.3532,0 17.0041,-23.3528,0 17.0037,-23.3528,0 17.0033,-23.3528,0 17.0027,-23.3529,0 17.0021,-23.353,0 17.0012,-23.3531,0 17.0002,-23.3533,0 16.999,-23.3535,0 16.9983,-23.3535,0 16.9977,-23.3535,0 16.997,-23.3534,0 16.9967,-23.3534,0 16.9962,-23.3533,0 16.9958,-23.3531,0 16.9953,-23.3529,0 16.9948,-23.3527,0 16.9943,-23.3524,0 16.994,-23.3522,0 16.9917,-23.3505,0 16.9911,-23.35,0 16.9906,-23.3497,0 16.9902,-23.3495,0 16.9897,-23.3493,0 16.9893,-23.3491,0 16.989,-23.349,0 16.9885,-23.3489,0 16.988,-23.3489,0 16.9856,-23.3484,0 16.9831,-23.348,0 16.9815,-23.3478,0 16.981,-23.3477,0 16.9806,-23.3477,0 16.98,-23.3477,0 16.9787,-23.3478,0 16.9739,-23.348,0 16.9689,-23.3483,0 16.9683,-23.3484,0 16.9679,-23.3484,0 16.9675,-23.3485,0 16.9671,-23.3486,0 16.9666,-23.3488,0 16.9659,-23.349,0 16.9644,-23.3494,0 16.9638,-23.3495,0 16.9634,-23.3496,0 16.9629,-23.3496,0 16.9621,-23.3496,0 16.9613,-23.3496,0 16.9588,-23.3494,0 16.9562,-23.3492,0 16.9556,-23.3491,0 16.9551,-23.3492,0 16.9545,-23.3493,0 16.954,-23.3493,0 16.9536,-23.3495,0 16.9531,-23.3496,0 16.9527,-23.3499,0 16.9522,-23.3501,0 16.9495,-23.3518,0 16.9466,-23.3535,0 16.9417,-23.3564,0 16.9403,-23.3573,0 16.9398,-23.3575,0 16.9394,-23.3577,0 16.9389,-23.3578,0 16.9384,-23.358,0 16.9331,-23.3595,0 16.9306,-23.3603,0 16.9228,-23.3625,0 16.9199,-23.3634,0 16.9176,-23.3641,0 16.9164,-23.3645,0 16.9161,-23.3645,0 16.9156,-23.3647,0 16.9152,-23.3647,0 16.9149,-23.3648,0 16.9146,-23.3648,0 16.914,-23.3648,0 16.9133,-23.3649,0 16.9129,-23.3649,0 16.9125,-23.3649,0 16.9122,-23.365,0 16.9119,-23.365,0 16.9115,-23.3651,0 16.9089,-23.3656,0 16.907,-23.366,0 16.9054,-23.3663,0 16.9046,-23.3665,0 16.9041,-23.3666,0 16.9036,-23.3667,0 16.9031,-23.3667,0 16.9026,-23.3667,0 16.9022,-23.3667,0 16.9017,-23.3667,0 16.9013,-23.3667,0 16.901,-23.3666,0 16.9005,-23.3665,0 16.9003,-23.3665,0 16.9,-23.3664,0 16.8996,-23.3663,0 16.899,-23.3661,0 16.8944,-23.3647,0 16.8939,-23.3646,0 16.8934,-23.3645,0 16.893,-23.3644,0 16.8927,-23.3643,0 16.8924,-23.3643,0 16.8922,-23.3643,0 16.8919,-23.3643,0 16.8917,-23.3643,0 16.8914,-23.3644,0 16.8912,-23.3645,0 16.8909,-23.3646,0 16.8907,-23.3647,0 16.8905,-23.3649,0 16.8902,-23.365,0 16.8899,-23.3653,0 16.8894,-23.3657,0 16.889,-23.3659,0 16.8868,-23.3675,0 16.8864,-23.3678,0 16.8861,-23.3679,0 16.8858,-23.3681,0 16.8855,-23.3682,0 16.8852,-23.3683,0 16.8845,-23.3686,0 16.8806,-23.3701,0 16.8726,-23.373,0 16.8704,-23.3739,0 16.8681,-23.3747,0 16.8643,-23.3762,0 16.8556,-23.3797,0 16.8505,-23.3817,0 16.8497,-23.382,0 16.8454,-23.3837,0 16.8322,-23.3889,0 16.8264,-23.3912,0 16.8204,-23.3936,0 16.8193,-23.394,0 16.8187,-23.3943,0 16.8183,-23.3944,0 16.818,-23.3946,0 16.8099,-23.3996,0 16.8093,-23.3999,0 16.8086,-23.4003,0 16.8078,-23.4007,0 16.8071,-23.4011,0 16.8047,-23.4022,0 16.8023,-23.4033,0 16.7983,-23.4052,0 16.794,-23.4072,0 16.7934,-23.4075,0 16.7929,-23.4078,0 16.7925,-23.4081,0 16.7922,-23.4083,0 16.792,-23.4086,0 16.7918,-23.409,0 16.7916,-23.4094,0 16.7914,-23.4099,0 16.791,-23.4111,0 16.7906,-23.4124,0 16.7904,-23.413,0 16.7902,-23.4135,0 16.7899,-23.4139,0 16.7896,-23.4145,0 16.7892,-23.4151,0 16.7883,-23.4164,0 16.7865,-23.4189,0 16.7808,-23.4266,0 16.775,-23.4344,0 16.7747,-23.435,0 16.7744,-23.4354,0 16.7742,-23.4359,0 16.774,-23.4364,0 16.7709,-23.444,0 16.7708,-23.4445,0 16.7706,-23.445,0 16.7705,-23.4454,0 16.7703,-23.446,0 16.7694,-23.4497,0 16.7685,-23.4534,0 16.7675,-23.4531,0 16.7666,-23.4529,0 16.7661,-23.4528,0 16.7656,-23.4527,0 16.7649,-23.4526,0 16.7643,-23.4526,0 16.7637,-23.4527,0 16.7629,-23.4528,0 16.7623,-23.453,0 16.7616,-23.4532,0 16.7607,-23.4536,0 16.7596,-23.4542,0 16.7471,-23.4601,0 16.7406,-23.4633,0 16.7326,-23.4674,0 16.7252,-23.4712,0 16.7225,-23.4726,0 16.7218,-23.473,0 16.7214,-23.4732,0 16.7211,-23.4733,0 16.7209,-23.4734,0 16.7205,-23.4735,0 16.7199,-23.4737,0 16.719,-23.474,0 16.7157,-23.4749,0 16.7122,-23.4759,0 16.7081,-23.4769,0 16.7056,-23.4775,0 16.7048,-23.4777,0 16.7039,-23.478,0 16.7032,-23.4782,0 16.6927,-23.4815,0 16.6918,-23.4817,0 16.6911,-23.4819,0 16.6903,-23.4821,0 16.6896,-23.4823,0 16.6872,-23.4826,0 16.685,-23.483,0 16.6834,-23.4832,0 16.6802,-23.4836,0 16.6623,-23.4856,0 16.6604,-23.4858,0 16.6575,-23.486,0 16.6565,-23.4861,0 16.6558,-23.4861,0 16.6552,-23.4862,0 16.6546,-23.4863,0 16.654,-23.4865,0 16.653,-23.4868,0 16.6517,-23.4872,0 16.6505,-23.4876,0 16.6442,-23.4898,0 16.6431,-23.4902,0 16.6425,-23.4904,0 16.6418,-23.4905,0 16.6413,-23.4906,0 16.6408,-23.4907,0 16.6402,-23.4908,0 16.6379,-23.491,0 16.6365,-23.4911,0 16.6356,-23.4912,0 16.6344,-23.4912,0 16.6334,-23.4912,0 16.6297,-23.4911,0 16.6284,-23.491,0 16.6253,-23.4908,0 16.6242,-23.4907,0 16.6232,-23.4907,0 16.6225,-23.4906,0 16.6219,-23.4906,0 16.6151,-23.491,0 16.6074,-23.4915,0 16.6048,-23.4917,0 16.6033,-23.4918,0 16.6024,-23.4919,0 16.6016,-23.492,0 16.6006,-23.4922,0 16.5994,-23.4924,0 16.5985,-23.4925,0 16.5977,-23.4927,0 16.5969,-23.4928,0 16.596,-23.4931,0 16.5946,-23.4934,0 16.5939,-23.4936,0 16.5933,-23.4937,0 16.5925,-23.4938,0 16.5917,-23.4939,0 16.59,-23.4941,0 16.589,-23.4943,0 16.5886,-23.4943,0 16.5882,-23.4943,0 16.5879,-23.4943,0 16.5873,-23.4942,0 16.582,-23.4929,0 16.5813,-23.4927,0 16.5809,-23.4927,0 16.5805,-23.4927,0 16.58,-23.4927,0 16.5792,-23.4928,0 16.5776,-23.493,0 16.577,-23.493,0 16.5764,-23.493,0 16.5732,-23.4929,0 16.5725,-23.4929,0 16.5718,-23.493,0 16.5644,-23.4943,0 16.5623,-23.4947,0 16.5621,-23.4947,0 16.5618,-23.4948,0 16.5615,-23.4948,0 16.561,-23.4949,0 16.5606,-23.4949,0 16.5602,-23.4949,0 16.5598,-23.495,0 16.5581,-23.4953,0 16.5563,-23.4957,0 16.5559,-23.4958,0 16.5556,-23.4958,0 16.5552,-23.496,0 16.553,-23.4969,0 16.5524,-23.4971,0 16.5517,-23.4974,0 16.5513,-23.4976,0 16.5485,-23.4984,0 16.548,-23.4985,0 16.5474,-23.4987,0 16.547,-23.4989,0 16.5463,-23.4991,0 16.5456,-23.4994,0 16.545,-23.4997,0 16.5444,-23.5,0 16.5435,-23.5005,0 16.5423,-23.5012,0 16.5413,-23.5017,0 16.5402,-23.5022,0 16.5393,-23.5027,0 16.5387,-23.503,0 16.5337,-23.5059,0 16.5329,-23.5063,0 16.5319,-23.5068,0 16.5306,-23.5074,0 16.5292,-23.5081,0 16.5276,-23.5088,0 16.5272,-23.509,0 16.5269,-23.5091,0 16.5265,-23.5093,0 16.5258,-23.5095,0 16.5251,-23.5097,0 16.5243,-23.5098,0 16.5234,-23.5099,0 16.5223,-23.5101,0 16.5189,-23.5104,0 16.5177,-23.5106,0 16.5168,-23.5106,0 16.5162,-23.5106,0 16.5157,-23.5107,0 16.5153,-23.5108,0 16.5147,-23.5109,0 16.5133,-23.5113,0 16.5126,-23.5115,0 16.5119,-23.5117,0 16.5112,-23.5119,0 16.5106,-23.5122,0 16.505,-23.5147,0 16.5008,-23.5165,0 16.4961,-23.5185,0 16.4927,-23.5199,0 16.4894,-23.5215,0 16.4865,-23.5229,0 16.4853,-23.5235,0 16.483,-23.5244,0 16.4809,-23.5255,0 16.4802,-23.5259,0 16.4796,-23.5265,0 16.4745,-23.5307,0 16.4685,-23.5357,0 16.4674,-23.5364,0 16.467,-23.5366,0 16.4625,-23.5381,0 16.4617,-23.5385,0 16.4609,-23.5399,0 16.4597,-23.5418,0 16.4593,-23.5423,0 16.4589,-23.5428,0 16.4565,-23.5456,0 16.4537,-23.5486,0 16.4486,-23.5539,0 16.4474,-23.555,0 16.4469,-23.5555,0 16.4463,-23.5561,0 16.4455,-23.5567,0 16.4452,-23.5569,0 16.4446,-23.5574,0 16.4434,-23.5586,0 16.4411,-23.5617,0 16.4346,-23.5718,0 16.4331,-23.5741,0 16.4305,-23.578,0 16.4304,-23.5783,0 16.4288,-23.5815,0 16.4284,-23.5823,0 16.4261,-23.5859,0 16.4237,-23.5897,0 16.4231,-23.5906,0 16.4213,-23.5929,0 16.4209,-23.5934,0 16.4196,-23.5946,0 16.4188,-23.5951,0 16.418,-23.5955,0 16.4157,-23.5963,0 16.4151,-23.5965,0 16.4115,-23.5972,0 16.4107,-23.5973,0 16.4099,-23.5975,0 16.4065,-23.5988,0 16.4059,-23.5989,0 16.4045,-23.599,0 16.4023,-23.5992,0 16.4016,-23.5992,0 16.3992,-23.5996,0 16.3982,-23.5997,0 16.395,-23.6,0 16.3936,-23.6002,0 16.393,-23.6002,0 16.3925,-23.6001,0 16.3918,-23.6,0 16.3859,-23.5983,0 16.384,-23.5978,0 16.3832,-23.5977,0 16.3826,-23.5977,0 16.3817,-23.598,0 16.3806,-23.5984,0 16.3778,-23.5998,0 16.3767,-23.6002,0 16.3755,-23.6007,0 16.3745,-23.6011,0 16.3744,-23.6012,0 16.3741,-23.6015,0 16.3735,-23.6021,0 16.3723,-23.6036,0 16.3708,-23.6051,0 16.3707,-23.6052,0 16.3669,-23.6091,0 16.3667,-23.6093,0 16.3651,-23.6108,0 16.3636,-23.6121,0 16.3631,-23.6126,0 16.3622,-23.6134,0 16.362,-23.6135,0 16.3615,-23.6144,0 16.361,-23.6151,0 16.3591,-23.6169,0 16.3564,-23.62,0 16.3561,-23.6202,0 16.3559,-23.6204,0 16.3471,-23.6251,0 16.3448,-23.6262,0 16.3446,-23.6263,0 16.3445,-23.6263,0 16.3419,-23.6277,0 16.341,-23.6282,0 16.3395,-23.6289,0 16.3371,-23.6303,0 16.3363,-23.6308,0 16.3353,-23.6317,0 16.3346,-23.6321,0 16.3344,-23.6322,0 16.3336,-23.6325,0 16.3323,-23.6328,0 16.3321,-23.633,0 16.3315,-23.6336,0 16.331,-23.6342,0 16.3302,-23.635,0 16.3285,-23.6363,0 16.3279,-23.6367,0 16.3266,-23.6376,0 16.3261,-23.6379,0 16.3232,-23.6399,0 16.322,-23.6408,0 16.3213,-23.6412,0 16.3204,-23.6415,0 16.3195,-23.6417,0 16.3187,-23.6418,0 16.3186,-23.6418,0 16.3184,-23.6418,0 16.3176,-23.642,0 16.3167,-23.6423,0 16.3157,-23.6426,0 16.3154,-23.6427,0 16.3146,-23.6433,0 16.3134,-23.6442,0 16.3121,-23.6452,0 16.3118,-23.6454,0 16.3113,-23.6457,0 16.3105,-23.6458,0 16.3092,-23.6459,0 16.3079,-23.646,0 16.3073,-23.646,0 16.3066,-23.6462,0 16.3052,-23.6466,0 16.3047,-23.6468,0 16.3029,-23.6476,0 16.3024,-23.6478,0 16.3018,-23.648,0 16.3009,-23.6481,0 16.3009,-23.6481,0 16.3003,-23.6483,0 16.2989,-23.6485,0 16.298,-23.6487,0 16.2977,-23.6487,0 16.2974,-23.6489,0 16.2967,-23.6492,0 16.2965,-23.6493,0 16.2959,-23.6495,0 16.2955,-23.6496,0 16.2955,-23.6497,0 16.295,-23.6498,0 16.2946,-23.6502,0 16.2942,-23.6507,0 16.2937,-23.6514,0 16.2935,-23.6518,0 16.2932,-23.6516,0 16.2928,-23.6514,0 16.2927,-23.6512,0 16.2927,-23.651,0 16.2927,-23.6507,0 16.2929,-23.6499,0 16.293,-23.6496,0 16.293,-23.6494,0 16.2929,-23.6493,0 16.2928,-23.6489,0 16.2928,-23.6488,0 16.2925,-23.6481,0 16.2917,-23.6468,0 16.2898,-23.6438,0 16.2896,-23.6435,0 16.2882,-23.6411,0 16.2868,-23.6388,0 16.2855,-23.6364,0 16.2855,-23.6364,0 16.2835,-23.6327,0 16.282,-23.63,0 16.2817,-23.6294,0 16.2814,-23.629,0 16.2809,-23.6284,0 16.2802,-23.6279,0 16.2791,-23.6272,0 16.2783,-23.6268,0 16.2778,-23.6267,0 16.2771,-23.6267,0 16.2762,-23.6267,0 16.2755,-23.6269,0 16.2747,-23.6271,0 16.2742,-23.627,0 16.2735,-23.6269,0 16.272,-23.6264,0 16.268,-23.6247,0 16.2628,-23.6227,0 16.2623,-23.6226,0 16.262,-23.6225,0 16.2616,-23.6224,0 16.2611,-23.6225,0 16.2605,-23.6226,0 16.2584,-23.6231,0 16.2567,-23.6236,0 16.2562,-23.6237,0 16.2558,-23.6238,0 16.2545,-23.6244,0 16.2537,-23.6247,0 16.2531,-23.6248,0 16.2525,-23.6248,0 16.251,-23.6249,0 16.2502,-23.625,0 16.2472,-23.6257,0 16.246,-23.626,0 16.2446,-23.6263,0 16.2432,-23.6267,0 16.2423,-23.6269,0 16.2411,-23.6274,0 16.2384,-23.6283,0 16.2368,-23.6288,0 16.2353,-23.6293,0 16.2348,-23.6295,0 16.2343,-23.6296,0 16.2339,-23.6297,0 16.2335,-23.6297,0 16.232,-23.6296,0 16.2318,-23.6296,0 16.2263,-23.6293,0 16.2255,-23.6293,0 16.2251,-23.6293,0 16.2248,-23.6295,0 16.2232,-23.6302,0 16.2213,-23.631,0 16.2209,-23.6311,0 16.2206,-23.6313,0 16.2203,-23.6316,0 16.2201,-23.6319,0 16.219,-23.634,0 16.2179,-23.6362,0 16.2178,-23.6365,0 16.2176,-23.6367,0 16.2163,-23.6381,0 16.2153,-23.6391,0 16.2129,-23.6418,0 16.2124,-23.6425,0 16.2119,-23.6432,0 16.2113,-23.6443,0 16.211,-23.6448,0 16.2109,-23.645,0 16.2106,-23.6455,0 16.2102,-23.646,0 16.2098,-23.6465,0 16.2095,-23.6467,0 16.2093,-23.6468,0 16.2091,-23.6469,0 16.2087,-23.647,0 16.2086,-23.6469,0 16.2081,-23.6468,0 16.2075,-23.6466,0 16.2067,-23.6462,0 16.2066,-23.6461,0 16.2058,-23.6454,0 16.2053,-23.645,0 16.2051,-23.6449,0 16.2049,-23.6448,0 16.2046,-23.6449,0 16.2035,-23.6449,0 16.2033,-23.645,0 16.2031,-23.645,0 16.2031,-23.6451,0 16.2025,-23.6456,0 16.2014,-23.6464,0 16.201,-23.6468,0 16.2006,-23.6471,0 16.2001,-23.6474,0 16.1998,-23.6477,0 16.1994,-23.6479,0 16.199,-23.6485,0 16.1986,-23.6491,0 16.1983,-23.6494,0 16.1979,-23.6496,0 16.1972,-23.6499,0 16.1967,-23.6501,0 16.1962,-23.6503,0 16.196,-23.6504,0 16.1954,-23.6509,0 16.1947,-23.6514,0 16.194,-23.652,0 16.1933,-23.6525,0 16.193,-23.6528,0 16.1928,-23.653,0 16.1926,-23.6532,0 16.1924,-23.6538,0 16.1921,-23.6547,0 16.1917,-23.6554,0 16.1914,-23.6558,0 16.1913,-23.656,0 16.191,-23.6562,0 16.1909,-23.6562,0 16.1908,-23.6563,0 16.1906,-23.6563,0 16.19,-23.6563,0 16.1898,-23.6564,0 16.1896,-23.6565,0 16.189,-23.6568,0 16.1884,-23.6573,0 16.1877,-23.6577,0 16.1874,-23.6578,0 16.1871,-23.6578,0 16.1868,-23.6577,0 16.1865,-23.6577,0 16.1861,-23.6577,0 16.1859,-23.6577,0 16.1857,-23.6578,0 16.1856,-23.6578,0 16.1855,-23.6579,0 16.1855,-23.6579,0</coordinates></LineString>
    </Placemark>
    <Placemark>
      <name>D3 · Spreetshoogte → Solitaire → Sesriem</name>
      <description>3 nov · 129 km</description>
      <styleUrl>#desierto</styleUrl>
      <LineString><tessellate>1</tessellate><coordinates>16.1855,-23.6579,0 16.1854,-23.658,0 16.1854,-23.6582,0 16.1853,-23.6584,0 16.1852,-23.6585,0 16.1851,-23.6588,0 16.185,-23.659,0 16.1849,-23.6593,0 16.1848,-23.6595,0 16.1843,-23.6599,0 16.1838,-23.6603,0 16.1836,-23.6605,0 16.1833,-23.6607,0 16.1832,-23.6609,0 16.183,-23.6612,0 16.1829,-23.6614,0 16.1827,-23.6615,0 16.1826,-23.6616,0 16.1825,-23.6617,0 16.1823,-23.6618,0 16.1821,-23.6618,0 16.1819,-23.6618,0 16.1816,-23.6618,0 16.1813,-23.6617,0 16.1811,-23.6617,0 16.1806,-23.6616,0 16.18,-23.6615,0 16.1797,-23.6614,0 16.1793,-23.6612,0 16.179,-23.661,0 16.1788,-23.6609,0 16.1787,-23.6609,0 16.1786,-23.6609,0 16.1784,-23.6609,0 16.1782,-23.661,0 16.1779,-23.6613,0 16.1775,-23.6615,0 16.1771,-23.6618,0 16.1766,-23.6621,0 16.176,-23.6623,0 16.1753,-23.6626,0 16.1747,-23.663,0 16.1745,-23.663,0 16.1743,-23.663,0 16.174,-23.663,0 16.1737,-23.6629,0 16.1736,-23.6629,0 16.1735,-23.6628,0 16.1735,-23.6626,0 16.1734,-23.6624,0 16.1733,-23.6622,0 16.1727,-23.6615,0 16.1726,-23.6614,0 16.1725,-23.6613,0 16.1723,-23.6613,0 16.172,-23.6613,0 16.1718,-23.6613,0 16.1717,-23.6613,0 16.1714,-23.6614,0 16.1709,-23.6616,0 16.1708,-23.6616,0 16.1707,-23.6616,0 16.1707,-23.6616,0 16.1707,-23.6615,0 16.1707,-23.6614,0 16.1708,-23.6614,0 16.1712,-23.6612,0 16.1715,-23.661,0 16.1718,-23.6608,0 16.1719,-23.6607,0 16.172,-23.6606,0 16.172,-23.6606,0 16.1719,-23.6606,0 16.1719,-23.6606,0 16.1716,-23.6607,0 16.1714,-23.6607,0 16.1713,-23.6608,0 16.1711,-23.6608,0 16.1709,-23.6608,0 16.1707,-23.6608,0 16.1706,-23.6608,0 16.1703,-23.6608,0 16.1701,-23.6608,0 16.1695,-23.6609,0 16.1694,-23.661,0 16.1692,-23.661,0 16.169,-23.6612,0 16.1688,-23.6613,0 16.1687,-23.6613,0 16.1686,-23.6613,0 16.1685,-23.6612,0 16.1684,-23.661,0 16.1683,-23.6608,0 16.1681,-23.6606,0 16.1677,-23.6603,0 16.1674,-23.6601,0 16.1672,-23.66,0 16.167,-23.6599,0 16.1668,-23.6598,0 16.1667,-23.6597,0 16.1663,-23.6594,0 16.1661,-23.6592,0 16.1656,-23.6586,0 16.1655,-23.6585,0 16.1654,-23.6585,0 16.1653,-23.6585,0 16.1652,-23.6585,0 16.165,-23.6586,0 16.1649,-23.6588,0 16.1646,-23.6591,0 16.1644,-23.6593,0 16.1639,-23.6597,0 16.1637,-23.6598,0 16.1636,-23.6598,0 16.1634,-23.6598,0 16.1632,-23.6597,0 16.1632,-23.6596,0 16.1631,-23.6594,0 16.163,-23.6591,0 16.1628,-23.6589,0 16.1627,-23.6586,0 16.1626,-23.6582,0 16.1625,-23.6582,0 16.1624,-23.6581,0 16.1623,-23.6581,0 16.1622,-23.6581,0 16.162,-23.6582,0 16.1617,-23.6583,0 16.1616,-23.6584,0 16.1614,-23.6584,0 16.1614,-23.6584,0 16.1613,-23.6583,0 16.1613,-23.6582,0 16.1615,-23.6575,0 16.1615,-23.6571,0 16.1615,-23.6568,0 16.1616,-23.6566,0 16.1617,-23.6563,0 16.1619,-23.6561,0 16.1621,-23.656,0 16.1623,-23.6558,0 16.1625,-23.6556,0 16.1628,-23.6554,0 16.1629,-23.6553,0 16.163,-23.6552,0 16.163,-23.6549,0 16.163,-23.6546,0 16.163,-23.6545,0 16.1628,-23.6539,0 16.1627,-23.6537,0 16.1625,-23.6535,0 16.1623,-23.6534,0 16.1621,-23.6533,0 16.1618,-23.6532,0 16.1611,-23.6532,0 16.1604,-23.6532,0 16.1589,-23.6534,0 16.1584,-23.6534,0 16.1578,-23.6535,0 16.1572,-23.6536,0 16.1566,-23.6538,0 16.155,-23.6547,0 16.1544,-23.655,0 16.1538,-23.6553,0 16.1523,-23.6561,0 16.1513,-23.6567,0 16.151,-23.6568,0 16.1491,-23.6569,0 16.1483,-23.6569,0 16.1476,-23.6568,0 16.1469,-23.6565,0 16.1459,-23.656,0 16.1419,-23.6543,0 16.1413,-23.6541,0 16.1408,-23.654,0 16.1402,-23.654,0 16.1373,-23.6542,0 16.1365,-23.6543,0 16.1361,-23.6543,0 16.1349,-23.6547,0 16.1338,-23.6551,0 16.1315,-23.6557,0 16.13,-23.6561,0 16.1291,-23.6563,0 16.1288,-23.6564,0 16.1285,-23.6567,0 16.1279,-23.6574,0 16.1272,-23.6586,0 16.127,-23.6588,0 16.1262,-23.6597,0 16.1252,-23.6605,0 16.1241,-23.6614,0 16.123,-23.6622,0 16.1223,-23.6626,0 16.1218,-23.6629,0 16.1212,-23.6631,0 16.1211,-23.6631,0 16.121,-23.6632,0 16.1203,-23.6633,0 16.1197,-23.6634,0 16.119,-23.6636,0 16.1178,-23.6639,0 16.1168,-23.6641,0 16.116,-23.6644,0 16.1147,-23.665,0 16.1139,-23.6655,0 16.1132,-23.6661,0 16.1121,-23.6671,0 16.111,-23.6682,0 16.1096,-23.6695,0 16.1095,-23.6697,0 16.1082,-23.6708,0 16.106,-23.6729,0 16.1058,-23.6731,0 16.1055,-23.6734,0 16.1048,-23.6742,0 16.1043,-23.6748,0 16.1041,-23.6751,0 16.1038,-23.6756,0 16.103,-23.6773,0 16.1014,-23.6801,0 16.1004,-23.6817,0 16.1,-23.6825,0 16.0992,-23.6837,0 16.0983,-23.6856,0 16.0974,-23.6873,0 16.0971,-23.6879,0 16.097,-23.688,0 16.0968,-23.6885,0 16.0962,-23.6894,0 16.0961,-23.6895,0 16.0957,-23.6899,0 16.0953,-23.6902,0 16.0941,-23.691,0 16.0929,-23.6918,0 16.0921,-23.6925,0 16.0915,-23.6933,0 16.0903,-23.6952,0 16.0889,-23.6975,0 16.088,-23.6991,0 16.0876,-23.6998,0 16.0869,-23.7007,0 16.0838,-23.705,0 16.0806,-23.7092,0 16.0797,-23.7105,0 16.0776,-23.7135,0 16.0768,-23.7147,0 16.0765,-23.7151,0 16.0764,-23.7153,0 16.0709,-23.7232,0 16.0705,-23.7236,0 16.0683,-23.7263,0 16.0658,-23.7289,0 16.0609,-23.7347,0 16.0589,-23.7366,0 16.057,-23.7383,0 16.0537,-23.7409,0 16.0521,-23.742,0 16.0507,-23.7428,0 16.0494,-23.7434,0 16.0481,-23.7439,0 16.0465,-23.7444,0 16.0456,-23.7446,0 16.0446,-23.7447,0 16.044,-23.7448,0 16.0425,-23.7449,0 16.0354,-23.7445,0 16.0334,-23.7444,0 16.0327,-23.7444,0 16.0318,-23.7445,0 16.0301,-23.7447,0 16.0271,-23.7453,0 16.022,-23.7464,0 16.0196,-23.7468,0 16.0169,-23.7472,0 16.0145,-23.7478,0 16.0118,-23.7489,0 16.0089,-23.7502,0 16.0067,-23.7515,0 16.0053,-23.7524,0 16.0039,-23.7534,0 16.0025,-23.7546,0 16.0015,-23.7555,0 16.0013,-23.7557,0 16.0012,-23.7559,0 16.0011,-23.7561,0 16.0009,-23.7567,0 15.9997,-23.7618,0 15.9991,-23.7649,0 15.999,-23.7654,0 15.9987,-23.7658,0 15.9985,-23.7662,0 15.9978,-23.7671,0 15.9957,-23.7693,0 15.9949,-23.7702,0 15.9928,-23.7738,0 15.9923,-23.7747,0 15.9912,-23.7774,0 15.9899,-23.7803,0 15.9891,-23.7821,0 15.9884,-23.784,0 15.9879,-23.7852,0 15.9875,-23.7861,0 15.9869,-23.7868,0 15.9854,-23.7881,0 15.9839,-23.7892,0 15.9786,-23.7932,0 15.9775,-23.7939,0 15.9731,-23.7963,0 15.9709,-23.7975,0 15.9703,-23.7979,0 15.9698,-23.7983,0 15.9687,-23.7994,0 15.9674,-23.8006,0 15.9667,-23.8014,0 15.9661,-23.8019,0 15.9658,-23.8022,0 15.965,-23.8027,0 15.9638,-23.8035,0 15.9613,-23.8058,0 15.9606,-23.8065,0 15.96,-23.8073,0 15.9596,-23.8081,0 15.9583,-23.8118,0 15.9577,-23.814,0 15.9574,-23.8146,0 15.957,-23.8154,0 15.9551,-23.8186,0 15.9541,-23.8206,0 15.953,-23.8225,0 15.9492,-23.8279,0 15.954,-23.833,0 15.9546,-23.8337,0 15.9551,-23.8343,0 15.9561,-23.8358,0 15.9566,-23.8364,0 15.9575,-23.8373,0 15.9645,-23.8443,0 15.9699,-23.8498,0 15.9741,-23.854,0 15.9792,-23.8594,0 15.9845,-23.865,0 15.9893,-23.8708,0 15.9943,-23.8764,0 15.9992,-23.8817,0 16.0029,-23.8858,0 16.0046,-23.8876,0 16.0054,-23.8884,0 16.0062,-23.8893,0 16.0067,-23.8898,0 16.0069,-23.8901,0 16.0081,-23.8913,0 16.0076,-23.8919,0 16.0074,-23.8921,0 16.0073,-23.8923,0 16.0072,-23.8925,0 16.007,-23.8928,0 16.0069,-23.8931,0 16.0068,-23.8934,0 16.0066,-23.8933,0 16.0064,-23.8932,0 16.0063,-23.8931,0 16.0062,-23.893,0 16.0062,-23.893,0 16.0061,-23.893,0 16.0059,-23.8932,0 16.0059,-23.8934,0 16.0058,-23.8934,0 16.0056,-23.8936,0 16.0056,-23.8937,0 16.0056,-23.8938,0 16.0056,-23.8939,0 16.0056,-23.8939,0 16.0055,-23.8938,0 16.0055,-23.8938,0 16.0055,-23.8936,0 16.0056,-23.8937,0 16.0056,-23.8936,0 16.0058,-23.8934,0 16.0059,-23.8934,0 16.0059,-23.8932,0 16.0061,-23.893,0 16.0062,-23.893,0 16.0062,-23.893,0 16.0063,-23.8931,0 16.0064,-23.8932,0 16.0066,-23.8933,0 16.0068,-23.8934,0 16.0067,-23.8938,0 16.0064,-23.8957,0 16.0058,-23.8993,0 16.0057,-23.8997,0 16.0057,-23.9001,0 16.0059,-23.9063,0 16.006,-23.9096,0 16.0061,-23.9125,0 16.0061,-23.9128,0 16.0061,-23.913,0 16.0061,-23.9131,0 16.0061,-23.9148,0 16.0064,-23.9206,0 16.0064,-23.9231,0 16.0064,-23.9252,0 16.0062,-23.9289,0 16.0062,-23.9297,0 16.006,-23.9325,0 16.0058,-23.934,0 16.0058,-23.9345,0 16.0058,-23.935,0 16.0058,-23.9362,0 16.0058,-23.9377,0 16.0058,-23.9393,0 16.0058,-23.9407,0 16.0058,-23.9423,0 16.0061,-23.9452,0 16.0062,-23.9469,0 16.0062,-23.9475,0 16.0062,-23.948,0 16.0063,-23.9488,0 16.0062,-23.9504,0 16.006,-23.9537,0 16.006,-23.9542,0 16.006,-23.9548,0 16.006,-23.9553,0 16.006,-23.9565,0 16.0061,-23.9611,0 16.0063,-23.9691,0 16.0065,-23.9717,0 16.0065,-23.9722,0 16.0065,-23.9751,0 16.0065,-23.9755,0 16.0065,-23.9758,0 16.0065,-23.9761,0 16.0065,-23.9765,0 16.0064,-23.9769,0 16.0063,-23.9773,0 16.0063,-23.9776,0 16.0053,-23.9818,0 16.0052,-23.9822,0 16.005,-23.9827,0 16.0049,-23.9832,0 16.0047,-23.9835,0 16.0046,-23.9838,0 16.0044,-23.9842,0 16.0042,-23.9845,0 16.004,-23.9847,0 16.0036,-23.9851,0 16.0033,-23.9854,0 16.003,-23.9856,0 16.0028,-23.9858,0 16.0024,-23.986,0 16.002,-23.9861,0 16.0016,-23.9862,0 16.0011,-23.9863,0 16.0007,-23.9864,0 16.0002,-23.9864,0 15.9986,-23.9862,0 15.9982,-23.9862,0 15.9979,-23.9863,0 15.9976,-23.9863,0 15.9972,-23.9865,0 15.9901,-23.9895,0 15.9804,-23.9935,0 15.9675,-23.9988,0 15.9652,-23.9998,0 15.9643,-24.0001,0 15.9636,-24.0004,0 15.963,-24.0008,0 15.9623,-24.0012,0 15.961,-24.002,0 15.9607,-24.0022,0 15.9603,-24.0025,0 15.9601,-24.0027,0 15.9598,-24.003,0 15.9596,-24.0034,0 15.9594,-24.0039,0 15.9592,-24.0044,0 15.9584,-24.0065,0 15.9581,-24.0075,0 15.9579,-24.008,0 15.9578,-24.0085,0 15.9577,-24.009,0 15.9575,-24.0098,0 15.9574,-24.0104,0 15.9573,-24.011,0 15.9573,-24.0116,0 15.9574,-24.0122,0 15.9575,-24.013,0 15.9577,-24.0138,0 15.9578,-24.0142,0 15.9579,-24.0146,0 15.9582,-24.0153,0 15.9584,-24.0157,0 15.9594,-24.0179,0 15.96,-24.019,0 15.9605,-24.0203,0 15.9609,-24.021,0 15.961,-24.0213,0 15.9612,-24.0216,0 15.9614,-24.022,0 15.9618,-24.0226,0 15.9621,-24.0231,0 15.9623,-24.0235,0 15.9626,-24.0241,0 15.9627,-24.0245,0 15.9629,-24.025,0 15.963,-24.0252,0 15.9635,-24.0265,0 15.9637,-24.027,0 15.964,-24.0277,0 15.9651,-24.0297,0 15.9652,-24.03,0 15.9654,-24.0303,0 15.9655,-24.0307,0 15.9657,-24.031,0 15.9659,-24.0316,0 15.9662,-24.0325,0 15.9663,-24.0329,0 15.9666,-24.0335,0 15.9667,-24.0339,0 15.9676,-24.0354,0 15.9678,-24.0358,0 15.968,-24.0361,0 15.9682,-24.0364,0 15.9684,-24.0366,0 15.9687,-24.0369,0 15.9696,-24.0378,0 15.9705,-24.0388,0 15.9708,-24.0391,0 15.9712,-24.0395,0 15.9715,-24.0399,0 15.9718,-24.0404,0 15.9721,-24.0409,0 15.9724,-24.0414,0 15.9726,-24.0418,0 15.9729,-24.0423,0 15.973,-24.0427,0 15.9733,-24.0433,0 15.9736,-24.0441,0 15.9739,-24.0447,0 15.9742,-24.0457,0 15.9743,-24.0462,0 15.9746,-24.0471,0 15.9747,-24.0478,0 15.9748,-24.0482,0 15.9749,-24.0485,0 15.9749,-24.0487,0 15.9749,-24.0491,0 15.9749,-24.0495,0 15.9748,-24.0499,0 15.9747,-24.0502,0 15.9746,-24.0505,0 15.9745,-24.0508,0 15.9743,-24.0513,0 15.9742,-24.0516,0 15.9741,-24.0519,0 15.9741,-24.0522,0 15.974,-24.0525,0 15.974,-24.0528,0 15.974,-24.0535,0 15.974,-24.054,0 15.9739,-24.0543,0 15.9739,-24.0546,0 15.9739,-24.0548,0 15.9738,-24.0551,0 15.9737,-24.0554,0 15.9735,-24.0556,0 15.9733,-24.056,0 15.9728,-24.0569,0 15.9725,-24.0572,0 15.9722,-24.0578,0 15.972,-24.0582,0 15.9718,-24.0586,0 15.9716,-24.059,0 15.9715,-24.0595,0 15.9713,-24.0599,0 15.971,-24.0609,0 15.9708,-24.0615,0 15.9707,-24.0619,0 15.9705,-24.0623,0 15.9701,-24.063,0 15.9689,-24.0653,0 15.9686,-24.0659,0 15.9683,-24.0665,0 15.968,-24.0671,0 15.9677,-24.0676,0 15.9671,-24.0691,0 15.9667,-24.07,0 15.9663,-24.0709,0 15.9626,-24.0795,0 15.9593,-24.0871,0 15.9592,-24.0874,0 15.9592,-24.0877,0 15.9591,-24.0879,0 15.959,-24.0881,0 15.959,-24.0884,0 15.959,-24.0887,0 15.9589,-24.0893,0 15.9589,-24.091,0 15.9588,-24.0939,0 15.9588,-24.0939,0 15.9584,-24.1028,0 15.9584,-24.1031,0 15.9576,-24.1225,0 15.9576,-24.1226,0 15.9575,-24.1235,0 15.9575,-24.1245,0 15.9575,-24.1254,0 15.9574,-24.1265,0 15.9572,-24.1317,0 15.9571,-24.134,0 15.9569,-24.1378,0 15.9568,-24.1397,0 15.9568,-24.1402,0 15.9568,-24.1407,0 15.9568,-24.1411,0 15.9568,-24.1414,0 15.9569,-24.1417,0 15.9571,-24.1421,0 15.9572,-24.1425,0 15.9574,-24.1428,0 15.9576,-24.1431,0 15.9579,-24.1436,0 15.959,-24.1446,0 15.9592,-24.1449,0 15.9594,-24.1451,0 15.9595,-24.1455,0 15.9597,-24.1459,0 15.9598,-24.1464,0 15.9599,-24.1466,0 15.9624,-24.1612,0 15.9628,-24.1632,0 15.9643,-24.1714,0 15.9658,-24.1797,0 15.9658,-24.1798,0 15.9673,-24.1882,0 15.9673,-24.1885,0 15.9674,-24.1889,0 15.9674,-24.1893,0 15.9674,-24.1896,0 15.9673,-24.19,0 15.9673,-24.1904,0 15.9671,-24.1909,0 15.9669,-24.1915,0 15.9667,-24.1923,0 15.9656,-24.1952,0 15.9644,-24.1982,0 15.9631,-24.2012,0 15.9623,-24.2032,0 15.9621,-24.2037,0 15.9619,-24.204,0 15.9618,-24.2043,0 15.9615,-24.2046,0 15.9612,-24.2048,0 15.961,-24.205,0 15.9605,-24.2053,0 15.9601,-24.2055,0 15.9509,-24.2101,0 15.9481,-24.2116,0 15.9393,-24.2161,0 15.9388,-24.2164,0 15.9386,-24.2164,0 15.9298,-24.221,0 15.9169,-24.2279,0 15.9161,-24.2283,0 15.9156,-24.2285,0 15.9152,-24.2287,0 15.9147,-24.2289,0 15.9142,-24.2291,0 15.9137,-24.2292,0 15.9132,-24.2293,0 15.9098,-24.2298,0 15.9093,-24.2299,0 15.9091,-24.23,0 15.9088,-24.2301,0 15.9086,-24.2302,0 15.9084,-24.2303,0 15.9082,-24.2305,0 15.9081,-24.2307,0 15.9079,-24.2309,0 15.9077,-24.2311,0 15.9075,-24.2315,0 15.9005,-24.2438,0 15.8935,-24.2561,0 15.8899,-24.2622,0 15.8839,-24.2723,0 15.8828,-24.2741,0 15.8826,-24.2745,0 15.8824,-24.2749,0 15.8822,-24.2753,0 15.8821,-24.2758,0 15.8818,-24.2766,0 15.881,-24.2788,0 15.8808,-24.2795,0 15.8807,-24.28,0 15.8806,-24.2804,0 15.8805,-24.2808,0 15.8804,-24.2812,0 15.8804,-24.2817,0 15.8804,-24.2821,0 15.8805,-24.2825,0 15.8806,-24.2828,0 15.8806,-24.2831,0 15.8808,-24.2836,0 15.8828,-24.2903,0 15.8834,-24.2923,0 15.8835,-24.2927,0 15.8837,-24.2931,0 15.8839,-24.2936,0 15.8841,-24.294,0 15.8844,-24.2945,0 15.89,-24.304,0 15.8967,-24.3154,0 15.8983,-24.318,0 15.9046,-24.3288,0 15.905,-24.3294,0 15.9051,-24.3297,0 15.9053,-24.3301,0 15.9054,-24.3304,0 15.9055,-24.3308,0 15.9055,-24.3312,0 15.9055,-24.3317,0 15.9055,-24.3323,0 15.9054,-24.3345,0 15.9054,-24.3348,0 15.9054,-24.3357,0 15.9053,-24.337,0 15.9051,-24.34,0 15.905,-24.3423,0 15.9049,-24.3446,0 15.9047,-24.3486,0 15.9047,-24.3489,0 15.9047,-24.3502,0 15.9043,-24.3561,0 15.9042,-24.358,0 15.9042,-24.3586,0 15.9042,-24.3593,0 15.9041,-24.36,0 15.9039,-24.3611,0 15.9036,-24.3626,0 15.9035,-24.3633,0 15.9034,-24.3638,0 15.903,-24.365,0 15.8999,-24.3736,0 15.8998,-24.3739,0 15.8988,-24.3767,0 15.8985,-24.3775,0 15.8983,-24.3781,0 15.8981,-24.3786,0 15.8979,-24.3793,0 15.8977,-24.3799,0 15.8977,-24.3804,0 15.8976,-24.381,0 15.8976,-24.3818,0 15.8977,-24.3938,0 15.8978,-24.395,0 15.8978,-24.3954,0 15.8979,-24.3958,0 15.898,-24.3963,0 15.8982,-24.3966,0 15.8985,-24.3972,0 15.8988,-24.3977,0 15.9024,-24.4037,0 15.9045,-24.4072,0 15.9067,-24.4106,0 15.9069,-24.411,0 15.907,-24.4113,0 15.9071,-24.4116,0 15.9071,-24.4119,0 15.9071,-24.4122,0 15.9071,-24.4126,0 15.9071,-24.4195,0 15.9071,-24.4218,0 15.907,-24.4238,0 15.9066,-24.4279,0 15.906,-24.4337,0 15.9058,-24.4359,0 15.9057,-24.4366,0 15.9057,-24.437,0 15.9058,-24.4375,0 15.9058,-24.4379,0 15.9059,-24.4383,0 15.9068,-24.4408,0 15.9092,-24.448,0 15.9097,-24.4496,0 15.9094,-24.4497,0 15.8999,-24.4534,0 15.8904,-24.4572,0 15.8809,-24.4613,0 15.8714,-24.4656,0 15.8525,-24.474,0 15.8339,-24.4827,0 15.8304,-24.4843,0 15.8287,-24.4851,0 15.828,-24.4854,0 15.8272,-24.4858,0 15.8268,-24.4859,0 15.8264,-24.486,0 15.8259,-24.4862,0 15.8254,-24.4862,0 15.8248,-24.4863,0 15.8242,-24.4863,0 15.8228,-24.4864,0 15.818,-24.4865,0 15.8158,-24.4865,0 15.8121,-24.4866,0 15.8043,-24.4867,0 15.8042,-24.4867,0 15.8031,-24.4867,0 15.8025,-24.4867,0 15.8014,-24.4868,0 15.8009,-24.4868,0 15.8008,-24.4868,0 15.7997,-24.4867,0 15.7995,-24.4867,0 15.7993,-24.4866,0 15.7992,-24.4866,0 15.7991,-24.4866,0 15.799,-24.4865,0 15.7989,-24.4865,0 15.7988,-24.4864,0 15.7985,-24.4863,0 15.7984,-24.4863,0 15.7983,-24.4862,0 15.7982,-24.4862,0 15.7981,-24.4862,0 15.798,-24.4862,0 15.798,-24.4863,0 15.798,-24.4863,0 15.798,-24.4864,0 15.7981,-24.4865,0 15.7982,-24.4867,0 15.7983,-24.4869,0 15.7983,-24.487,0 15.7983,-24.487,0 15.7984,-24.4871,0 15.7984,-24.4872,0</coordinates></LineString>
    </Placemark>
    <Placemark>
      <name>D4 · Sossusvlei, Deadvlei y Duna 45</name>
      <description>4 nov · 122 km</description>
      <styleUrl>#desierto</styleUrl>
      <LineString><tessellate>1</tessellate><coordinates>15.7984,-24.4872,0 15.7984,-24.4871,0 15.7983,-24.487,0 15.7983,-24.487,0 15.7983,-24.4869,0 15.7982,-24.4867,0 15.7981,-24.4865,0 15.798,-24.4864,0 15.798,-24.4863,0 15.798,-24.4863,0 15.7975,-24.4864,0 15.7972,-24.4865,0 15.797,-24.4865,0 15.7963,-24.4866,0 15.7954,-24.4868,0 15.7949,-24.4868,0 15.7947,-24.4868,0 15.7944,-24.4868,0 15.7943,-24.4868,0 15.7943,-24.4868,0 15.794,-24.4868,0 15.7934,-24.4867,0 15.7931,-24.4867,0 15.7928,-24.4867,0 15.7917,-24.4866,0 15.7903,-24.4865,0 15.7899,-24.4865,0 15.7895,-24.4865,0 15.7891,-24.4865,0 15.7887,-24.4865,0 15.7883,-24.4866,0 15.7878,-24.4866,0 15.787,-24.4867,0 15.7865,-24.4867,0 15.7861,-24.4868,0 15.7858,-24.4869,0 15.7854,-24.487,0 15.785,-24.4872,0 15.7846,-24.4874,0 15.7835,-24.4878,0 15.7816,-24.4884,0 15.7811,-24.4886,0 15.7807,-24.4888,0 15.7802,-24.489,0 15.7797,-24.4892,0 15.7789,-24.4897,0 15.778,-24.4903,0 15.7774,-24.4907,0 15.7767,-24.4911,0 15.7761,-24.4915,0 15.7755,-24.4919,0 15.7753,-24.4921,0 15.7751,-24.4923,0 15.7748,-24.4926,0 15.7747,-24.4928,0 15.7745,-24.4931,0 15.7744,-24.4934,0 15.7743,-24.4937,0 15.7743,-24.4939,0 15.7742,-24.4946,0 15.7741,-24.4951,0 15.774,-24.4954,0 15.774,-24.4956,0 15.7739,-24.4958,0 15.7738,-24.4961,0 15.7737,-24.4963,0 15.7735,-24.4965,0 15.7734,-24.4966,0 15.7733,-24.4968,0 15.773,-24.4971,0 15.7724,-24.4977,0 15.7721,-24.4979,0 15.7718,-24.4982,0 15.7708,-24.4994,0 15.7695,-24.501,0 15.7687,-24.5018,0 15.7684,-24.5022,0 15.7681,-24.5025,0 15.7677,-24.5029,0 15.7673,-24.5032,0 15.7669,-24.5035,0 15.7664,-24.5038,0 15.7644,-24.505,0 15.7623,-24.5061,0 15.7583,-24.5084,0 15.7577,-24.5087,0 15.7572,-24.509,0 15.7567,-24.5092,0 15.7562,-24.5094,0 15.7553,-24.5097,0 15.7546,-24.5099,0 15.753,-24.5103,0 15.7524,-24.5105,0 15.7518,-24.5107,0 15.7513,-24.5109,0 15.7508,-24.5112,0 15.7498,-24.5117,0 15.7494,-24.5119,0 15.749,-24.5122,0 15.7482,-24.5127,0 15.7478,-24.5129,0 15.7475,-24.5132,0 15.7468,-24.5137,0 15.7454,-24.5148,0 15.7425,-24.5169,0 15.7413,-24.5178,0 15.7401,-24.5186,0 15.7387,-24.5197,0 15.7378,-24.5203,0 15.737,-24.5209,0 15.7366,-24.5212,0 15.7362,-24.5215,0 15.7358,-24.5217,0 15.7354,-24.5219,0 15.7347,-24.5222,0 15.7327,-24.5231,0 15.7308,-24.524,0 15.7296,-24.5246,0 15.7284,-24.5252,0 15.728,-24.5254,0 15.7277,-24.5256,0 15.7275,-24.5257,0 15.7273,-24.5259,0 15.7269,-24.5262,0 15.7265,-24.5266,0 15.7261,-24.527,0 15.7259,-24.5273,0 15.7257,-24.5275,0 15.7253,-24.5282,0 15.7249,-24.5286,0 15.7216,-24.5336,0 15.7199,-24.5362,0 15.7189,-24.5378,0 15.7179,-24.5396,0 15.7162,-24.5425,0 15.7156,-24.5433,0 15.715,-24.544,0 15.7145,-24.5445,0 15.714,-24.545,0 15.7124,-24.5465,0 15.7122,-24.5467,0 15.7119,-24.547,0 15.7117,-24.5473,0 15.7114,-24.5477,0 15.7103,-24.5493,0 15.7092,-24.5508,0 15.7092,-24.5509,0 15.7062,-24.555,0 15.7048,-24.5572,0 15.7035,-24.5591,0 15.7005,-24.5636,0 15.6999,-24.5645,0 15.6996,-24.565,0 15.6993,-24.5655,0 15.6992,-24.5658,0 15.699,-24.5661,0 15.6989,-24.5665,0 15.6983,-24.5683,0 15.6978,-24.5696,0 15.6976,-24.5701,0 15.6975,-24.5703,0 15.6974,-24.5705,0 15.6972,-24.5708,0 15.697,-24.5712,0 15.6957,-24.5727,0 15.6946,-24.5743,0 15.6928,-24.5769,0 15.6925,-24.5774,0 15.6922,-24.578,0 15.6919,-24.5787,0 15.6918,-24.5791,0 15.6916,-24.5803,0 15.6912,-24.5823,0 15.6909,-24.5838,0 15.6905,-24.5855,0 15.6898,-24.5889,0 15.6891,-24.5922,0 15.6889,-24.5929,0 15.6887,-24.5937,0 15.6884,-24.5944,0 15.688,-24.5952,0 15.6877,-24.5957,0 15.6877,-24.5958,0 15.6874,-24.5962,0 15.6871,-24.5967,0 15.6867,-24.5972,0 15.6846,-24.5998,0 15.6825,-24.6023,0 15.6809,-24.6042,0 15.6799,-24.6051,0 15.6789,-24.6061,0 15.6769,-24.6077,0 15.6726,-24.6113,0 15.6718,-24.6119,0 15.6711,-24.6126,0 15.6697,-24.6139,0 15.6665,-24.6168,0 15.6642,-24.6189,0 15.6613,-24.6216,0 15.6594,-24.6236,0 15.6575,-24.6255,0 15.6556,-24.6275,0 15.6532,-24.6301,0 15.6507,-24.6326,0 15.6505,-24.6329,0 15.6504,-24.6331,0 15.6502,-24.6333,0 15.6501,-24.6336,0 15.6499,-24.634,0 15.6499,-24.6342,0 15.6498,-24.6345,0 15.6497,-24.635,0 15.6497,-24.6354,0 15.6497,-24.6358,0 15.6498,-24.6361,0 15.6499,-24.6366,0 15.6506,-24.6392,0 15.6508,-24.6398,0 15.651,-24.6404,0 15.6512,-24.6411,0 15.6514,-24.6417,0 15.6516,-24.6427,0 15.6517,-24.6434,0 15.6519,-24.645,0 15.652,-24.6452,0 15.652,-24.6454,0 15.6522,-24.6463,0 15.6523,-24.6469,0 15.6524,-24.6474,0 15.6525,-24.6479,0 15.6527,-24.6488,0 15.6532,-24.6504,0 15.6532,-24.6506,0 15.6532,-24.6508,0 15.6533,-24.6511,0 15.6533,-24.6513,0 15.6533,-24.6515,0 15.6533,-24.6518,0 15.6532,-24.6522,0 15.6532,-24.6523,0 15.6531,-24.6526,0 15.653,-24.6528,0 15.6529,-24.653,0 15.6528,-24.6532,0 15.6526,-24.6536,0 15.6521,-24.6544,0 15.6517,-24.655,0 15.6514,-24.6553,0 15.6511,-24.6556,0 15.6508,-24.6559,0 15.6505,-24.6561,0 15.6484,-24.6576,0 15.6471,-24.6586,0 15.6437,-24.6609,0 15.6432,-24.6613,0 15.6428,-24.6616,0 15.6424,-24.6619,0 15.6413,-24.6628,0 15.6409,-24.6631,0 15.6405,-24.6634,0 15.6399,-24.6638,0 15.6393,-24.6641,0 15.6386,-24.6645,0 15.638,-24.6648,0 15.6374,-24.6651,0 15.6355,-24.6661,0 15.6335,-24.667,0 15.631,-24.668,0 15.6291,-24.6688,0 15.6286,-24.669,0 15.6279,-24.6694,0 15.6272,-24.6697,0 15.6254,-24.6707,0 15.6248,-24.6709,0 15.6243,-24.6712,0 15.6238,-24.6715,0 15.6234,-24.6718,0 15.6225,-24.6723,0 15.6218,-24.6727,0 15.6211,-24.6732,0 15.6204,-24.6736,0 15.6195,-24.6742,0 15.6191,-24.6745,0 15.6186,-24.6748,0 15.6179,-24.6751,0 15.6173,-24.6754,0 15.6166,-24.6757,0 15.6159,-24.676,0 15.6152,-24.6763,0 15.6146,-24.6766,0 15.6132,-24.6773,0 15.6115,-24.6781,0 15.6107,-24.6785,0 15.6099,-24.6789,0 15.6083,-24.6797,0 15.6066,-24.6806,0 15.606,-24.6809,0 15.6055,-24.6812,0 15.6053,-24.6814,0 15.605,-24.6816,0 15.6048,-24.6818,0 15.6045,-24.6821,0 15.6042,-24.6824,0 15.604,-24.6826,0 15.6034,-24.6831,0 15.6023,-24.6838,0 15.6019,-24.6841,0 15.6008,-24.6849,0 15.5994,-24.6859,0 15.5987,-24.6863,0 15.5981,-24.6867,0 15.5976,-24.6871,0 15.5971,-24.6873,0 15.5961,-24.6879,0 15.595,-24.6884,0 15.5941,-24.6889,0 15.593,-24.6895,0 15.5921,-24.6901,0 15.5901,-24.6912,0 15.5893,-24.6916,0 15.5886,-24.6921,0 15.5876,-24.6928,0 15.5866,-24.6935,0 15.5856,-24.6942,0 15.5847,-24.6949,0 15.5841,-24.6953,0 15.5835,-24.6957,0 15.5831,-24.696,0 15.5827,-24.6962,0 15.5823,-24.6964,0 15.5818,-24.6966,0 15.5813,-24.6968,0 15.5806,-24.6971,0 15.5798,-24.6974,0 15.5789,-24.6978,0 15.578,-24.6981,0 15.5762,-24.6989,0 15.5742,-24.6996,0 15.5731,-24.7,0 15.5722,-24.7004,0 15.5701,-24.701,0 15.5681,-24.7017,0 15.5673,-24.7019,0 15.5664,-24.7023,0 15.5647,-24.7029,0 15.5641,-24.7032,0 15.5636,-24.7034,0 15.5624,-24.7039,0 15.5615,-24.7042,0 15.5609,-24.7044,0 15.5598,-24.7046,0 15.5583,-24.705,0 15.5556,-24.7057,0 15.553,-24.7064,0 15.5516,-24.7068,0 15.5503,-24.7071,0 15.5474,-24.7078,0 15.5467,-24.708,0 15.5457,-24.7081,0 15.5433,-24.7086,0 15.5409,-24.709,0 15.5384,-24.7094,0 15.5361,-24.7098,0 15.5335,-24.7102,0 15.5309,-24.7106,0 15.5283,-24.7111,0 15.5271,-24.7113,0 15.5224,-24.712,0 15.519,-24.7126,0 15.5179,-24.7128,0 15.5168,-24.713,0 15.515,-24.7133,0 15.5132,-24.7136,0 15.5114,-24.714,0 15.5097,-24.7144,0 15.5061,-24.715,0 15.504,-24.7154,0 15.5018,-24.7158,0 15.4998,-24.7162,0 15.4979,-24.7165,0 15.4955,-24.717,0 15.4932,-24.7174,0 15.4908,-24.7178,0 15.4884,-24.7182,0 15.487,-24.7185,0 15.4855,-24.7187,0 15.4828,-24.7192,0 15.4814,-24.7195,0 15.48,-24.7197,0 15.4772,-24.7203,0 15.4757,-24.7205,0 15.4742,-24.7208,0 15.4727,-24.7211,0 15.4713,-24.7213,0 15.4702,-24.7215,0 15.4691,-24.7217,0 15.4666,-24.7221,0 15.4641,-24.7226,0 15.4629,-24.7227,0 15.4618,-24.7229,0 15.4607,-24.7231,0 15.4594,-24.7232,0 15.4578,-24.7234,0 15.4558,-24.7235,0 15.4538,-24.7237,0 15.4532,-24.7238,0 15.4521,-24.7239,0 15.4515,-24.7239,0 15.451,-24.724,0 15.4501,-24.7241,0 15.4497,-24.7241,0 15.4493,-24.7242,0 15.449,-24.7243,0 15.4485,-24.7244,0 15.4477,-24.7246,0 15.4467,-24.7248,0 15.4452,-24.7253,0 15.4436,-24.7257,0 15.4405,-24.7266,0 15.4395,-24.7268,0 15.4389,-24.727,0 15.438,-24.7273,0 15.4371,-24.7276,0 15.4368,-24.7276,0 15.4363,-24.7277,0 15.4357,-24.7278,0 15.435,-24.7279,0 15.4329,-24.7282,0 15.4307,-24.7284,0 15.429,-24.7286,0 15.4271,-24.7287,0 15.4241,-24.729,0 15.4224,-24.7291,0 15.4208,-24.7293,0 15.419,-24.7294,0 15.4179,-24.7295,0 15.4174,-24.7295,0 15.4146,-24.7297,0 15.4119,-24.7298,0 15.4094,-24.73,0 15.408,-24.7301,0 15.404,-24.7304,0 15.4038,-24.7304,0 15.4007,-24.7306,0 15.396,-24.7308,0 15.3944,-24.7309,0 15.3927,-24.731,0 15.3896,-24.7312,0 15.388,-24.7313,0 15.3871,-24.7313,0 15.3815,-24.7316,0 15.3791,-24.7317,0 15.3764,-24.7319,0 15.372,-24.7321,0 15.3713,-24.7321,0 15.3708,-24.7321,0 15.3703,-24.7321,0 15.3697,-24.7321,0 15.3692,-24.7321,0 15.3687,-24.7321,0 15.3669,-24.7319,0 15.3645,-24.7316,0 15.362,-24.7313,0 15.3612,-24.7312,0 15.3606,-24.7312,0 15.36,-24.7312,0 15.3591,-24.7311,0 15.3583,-24.7311,0 15.3556,-24.731,0 15.355,-24.7309,0 15.3544,-24.7309,0 15.3531,-24.7307,0 15.3513,-24.7305,0 15.3506,-24.7304,0 15.35,-24.7304,0 15.3434,-24.7302,0 15.3405,-24.7301,0 15.3372,-24.73,0 15.3334,-24.7299,0 15.33,-24.7298,0 15.3279,-24.7298,0 15.3261,-24.7298,0 15.3242,-24.7297,0 15.3232,-24.7297,0 15.3224,-24.7298,0 15.3224,-24.7298,0 15.3232,-24.7297,0 15.3242,-24.7297,0 15.3261,-24.7298,0 15.3279,-24.7298,0 15.33,-24.7298,0 15.3334,-24.7299,0 15.3372,-24.73,0 15.3405,-24.7301,0 15.3434,-24.7302,0 15.35,-24.7304,0 15.3506,-24.7304,0 15.3513,-24.7305,0 15.3531,-24.7307,0 15.3544,-24.7309,0 15.355,-24.7309,0 15.3556,-24.731,0 15.3583,-24.7311,0 15.3591,-24.7311,0 15.36,-24.7312,0 15.3606,-24.7312,0 15.3612,-24.7312,0 15.362,-24.7313,0 15.3645,-24.7316,0 15.3669,-24.7319,0 15.3687,-24.7321,0 15.3692,-24.7321,0 15.3697,-24.7321,0 15.3703,-24.7321,0 15.3708,-24.7321,0 15.3713,-24.7321,0 15.372,-24.7321,0 15.3764,-24.7319,0 15.3791,-24.7317,0 15.3815,-24.7316,0 15.3871,-24.7313,0 15.388,-24.7313,0 15.3896,-24.7312,0 15.3927,-24.731,0 15.3944,-24.7309,0 15.396,-24.7308,0 15.4007,-24.7306,0 15.4038,-24.7304,0 15.404,-24.7304,0 15.408,-24.7301,0 15.4094,-24.73,0 15.4119,-24.7298,0 15.4146,-24.7297,0 15.4174,-24.7295,0 15.4179,-24.7295,0 15.419,-24.7294,0 15.4208,-24.7293,0 15.4224,-24.7291,0 15.4241,-24.729,0 15.4271,-24.7287,0 15.429,-24.7286,0 15.4307,-24.7284,0 15.4329,-24.7282,0 15.435,-24.7279,0 15.4357,-24.7278,0 15.4363,-24.7277,0 15.4368,-24.7276,0 15.4371,-24.7276,0 15.438,-24.7273,0 15.4389,-24.727,0 15.4395,-24.7268,0 15.4405,-24.7266,0 15.4436,-24.7257,0 15.4452,-24.7253,0 15.4467,-24.7248,0 15.4477,-24.7246,0 15.4485,-24.7244,0 15.449,-24.7243,0 15.4493,-24.7242,0 15.4497,-24.7241,0 15.4501,-24.7241,0 15.451,-24.724,0 15.4515,-24.7239,0 15.4521,-24.7239,0 15.4532,-24.7238,0 15.4538,-24.7237,0 15.4558,-24.7235,0 15.4578,-24.7234,0 15.4594,-24.7232,0 15.4607,-24.7231,0 15.4618,-24.7229,0 15.4629,-24.7227,0 15.4641,-24.7226,0 15.4666,-24.7221,0 15.4691,-24.7217,0 15.4701,-24.7215,0 15.4702,-24.7215,0 15.4713,-24.7213,0 15.4727,-24.7211,0 15.4742,-24.7208,0 15.4757,-24.7205,0 15.4772,-24.7203,0 15.48,-24.7197,0 15.4814,-24.7195,0 15.4828,-24.7192,0 15.4855,-24.7187,0 15.487,-24.7185,0 15.4884,-24.7182,0 15.4908,-24.7178,0 15.4932,-24.7174,0 15.4955,-24.717,0 15.4979,-24.7165,0 15.4998,-24.7162,0 15.5018,-24.7158,0 15.504,-24.7154,0 15.5061,-24.715,0 15.5097,-24.7144,0 15.5114,-24.714,0 15.5132,-24.7136,0 15.515,-24.7133,0 15.5168,-24.713,0 15.5179,-24.7128,0 15.519,-24.7126,0 15.5224,-24.712,0 15.5271,-24.7113,0 15.5283,-24.7111,0 15.5309,-24.7106,0 15.5335,-24.7102,0 15.5361,-24.7098,0 15.5384,-24.7094,0 15.5409,-24.709,0 15.5433,-24.7086,0 15.5457,-24.7081,0 15.5467,-24.708,0 15.5474,-24.7078,0 15.5503,-24.7071,0 15.5516,-24.7068,0 15.553,-24.7064,0 15.5556,-24.7057,0 15.5583,-24.705,0 15.5598,-24.7046,0 15.5609,-24.7044,0 15.5615,-24.7042,0 15.5624,-24.7039,0 15.5636,-24.7034,0 15.5641,-24.7032,0 15.5647,-24.7029,0 15.5664,-24.7023,0 15.5673,-24.7019,0 15.5681,-24.7017,0 15.5701,-24.701,0 15.5722,-24.7004,0 15.5731,-24.7,0 15.5742,-24.6996,0 15.5762,-24.6989,0 15.578,-24.6981,0 15.5789,-24.6978,0 15.5798,-24.6974,0 15.5806,-24.6971,0 15.5813,-24.6968,0 15.5818,-24.6966,0 15.5823,-24.6964,0 15.5827,-24.6962,0 15.5831,-24.696,0 15.5835,-24.6957,0 15.5841,-24.6953,0 15.5847,-24.6949,0 15.5856,-24.6942,0 15.5866,-24.6935,0 15.5876,-24.6928,0 15.5886,-24.6921,0 15.5893,-24.6916,0 15.5901,-24.6912,0 15.5921,-24.6901,0 15.593,-24.6895,0 15.5941,-24.6889,0 15.595,-24.6884,0 15.5961,-24.6879,0 15.5971,-24.6873,0 15.5976,-24.6871,0 15.5981,-24.6867,0 15.5987,-24.6863,0 15.5994,-24.6859,0 15.6008,-24.6849,0 15.6019,-24.6841,0 15.6023,-24.6838,0 15.6034,-24.6831,0 15.604,-24.6826,0 15.6042,-24.6824,0 15.6045,-24.6821,0 15.6048,-24.6818,0 15.605,-24.6816,0 15.6053,-24.6814,0 15.6055,-24.6812,0 15.606,-24.6809,0 15.6066,-24.6806,0 15.6083,-24.6797,0 15.6099,-24.6789,0 15.6107,-24.6785,0 15.6115,-24.6781,0 15.6132,-24.6773,0 15.6146,-24.6766,0 15.6152,-24.6763,0 15.6159,-24.676,0 15.6166,-24.6757,0 15.6173,-24.6754,0 15.6179,-24.6751,0 15.6186,-24.6748,0 15.6191,-24.6745,0 15.6195,-24.6742,0 15.6204,-24.6736,0 15.6211,-24.6732,0 15.6218,-24.6727,0 15.6225,-24.6723,0 15.6234,-24.6718,0 15.6238,-24.6715,0 15.6243,-24.6712,0 15.6248,-24.6709,0 15.6254,-24.6707,0 15.6272,-24.6697,0 15.6279,-24.6694,0 15.6286,-24.669,0 15.6291,-24.6688,0 15.631,-24.668,0 15.6335,-24.667,0 15.6355,-24.6661,0 15.6374,-24.6651,0 15.638,-24.6648,0 15.6386,-24.6645,0 15.6393,-24.6641,0 15.6399,-24.6638,0 15.6405,-24.6634,0 15.6409,-24.6631,0 15.6413,-24.6628,0 15.6424,-24.6619,0 15.6428,-24.6616,0 15.6432,-24.6613,0 15.6437,-24.6609,0 15.6471,-24.6586,0 15.6484,-24.6576,0 15.6505,-24.6561,0 15.6508,-24.6559,0 15.6511,-24.6556,0 15.6514,-24.6553,0 15.6517,-24.655,0 15.6521,-24.6544,0 15.6526,-24.6536,0 15.6528,-24.6532,0 15.6529,-24.653,0 15.653,-24.6528,0 15.6531,-24.6526,0 15.6532,-24.6523,0 15.6532,-24.6522,0 15.6533,-24.6518,0 15.6533,-24.6515,0 15.6533,-24.6513,0 15.6533,-24.6511,0 15.6532,-24.6508,0 15.6532,-24.6506,0 15.6532,-24.6504,0 15.6527,-24.6488,0 15.6525,-24.6479,0 15.6524,-24.6474,0 15.6523,-24.6469,0 15.6522,-24.6463,0 15.652,-24.6454,0 15.652,-24.6452,0 15.6519,-24.645,0 15.6517,-24.6434,0 15.6516,-24.6427,0 15.6514,-24.6417,0 15.6512,-24.6411,0 15.651,-24.6404,0 15.6508,-24.6398,0 15.6506,-24.6392,0 15.6499,-24.6366,0 15.6498,-24.6361,0 15.6497,-24.6358,0 15.6497,-24.6354,0 15.6497,-24.635,0 15.6498,-24.6345,0 15.6499,-24.6342,0 15.6499,-24.634,0 15.6501,-24.6336,0 15.6502,-24.6333,0 15.6504,-24.6331,0 15.6505,-24.6329,0 15.6507,-24.6326,0 15.6532,-24.6301,0 15.6556,-24.6275,0 15.6575,-24.6255,0 15.6594,-24.6236,0 15.6613,-24.6216,0 15.6642,-24.6189,0 15.6665,-24.6168,0 15.6697,-24.6139,0 15.6711,-24.6126,0 15.6718,-24.6119,0 15.6726,-24.6113,0 15.6769,-24.6077,0 15.6789,-24.6061,0 15.6799,-24.6051,0 15.6809,-24.6042,0 15.6825,-24.6023,0 15.6846,-24.5998,0 15.6867,-24.5972,0 15.6871,-24.5967,0 15.6874,-24.5962,0 15.6877,-24.5958,0 15.6877,-24.5957,0 15.688,-24.5952,0 15.6884,-24.5944,0 15.6887,-24.5937,0 15.6889,-24.5929,0 15.6891,-24.5922,0 15.6898,-24.5889,0 15.6905,-24.5855,0 15.6909,-24.5838,0 15.6912,-24.5823,0 15.6916,-24.5803,0 15.6918,-24.5791,0 15.6919,-24.5787,0 15.6922,-24.578,0 15.6925,-24.5774,0 15.6928,-24.5769,0 15.6946,-24.5743,0 15.6957,-24.5727,0 15.697,-24.5712,0 15.6972,-24.5708,0 15.6974,-24.5705,0 15.6975,-24.5703,0 15.6976,-24.5701,0 15.6978,-24.5696,0 15.6983,-24.5683,0 15.6989,-24.5665,0 15.699,-24.5661,0 15.6992,-24.5658,0 15.6993,-24.5655,0 15.6996,-24.565,0 15.6999,-24.5645,0 15.7005,-24.5636,0 15.7035,-24.5591,0 15.7048,-24.5572,0 15.7062,-24.555,0 15.7092,-24.5509,0 15.7092,-24.5508,0 15.7103,-24.5493,0 15.7114,-24.5477,0 15.7117,-24.5473,0 15.7119,-24.547,0 15.7122,-24.5467,0 15.7124,-24.5465,0 15.714,-24.545,0 15.7145,-24.5445,0 15.715,-24.544,0 15.7156,-24.5433,0 15.7162,-24.5425,0 15.7179,-24.5396,0 15.7189,-24.5378,0 15.7199,-24.5362,0 15.7216,-24.5336,0 15.7249,-24.5286,0 15.7253,-24.5282,0 15.7257,-24.5275,0 15.7259,-24.5273,0 15.7261,-24.527,0 15.7265,-24.5266,0 15.7269,-24.5262,0 15.7273,-24.5259,0 15.7275,-24.5257,0 15.7277,-24.5256,0 15.728,-24.5254,0 15.7284,-24.5252,0 15.7296,-24.5246,0 15.7308,-24.524,0 15.7327,-24.5231,0 15.7347,-24.5222,0 15.7354,-24.5219,0 15.7358,-24.5217,0 15.7362,-24.5215,0 15.7366,-24.5212,0 15.737,-24.5209,0 15.7378,-24.5203,0 15.7387,-24.5197,0 15.7401,-24.5186,0 15.7413,-24.5178,0 15.7425,-24.5169,0 15.7454,-24.5148,0 15.7468,-24.5137,0 15.7475,-24.5132,0 15.7478,-24.5129,0 15.7482,-24.5127,0 15.749,-24.5122,0 15.7494,-24.5119,0 15.7498,-24.5117,0 15.7508,-24.5112,0 15.7513,-24.5109,0 15.7518,-24.5107,0 15.7524,-24.5105,0 15.753,-24.5103,0 15.7546,-24.5099,0 15.7553,-24.5097,0 15.7562,-24.5094,0 15.7567,-24.5092,0 15.7572,-24.509,0 15.7577,-24.5087,0 15.7583,-24.5084,0 15.7623,-24.5061,0 15.7644,-24.505,0 15.7664,-24.5038,0 15.7669,-24.5035,0 15.7673,-24.5032,0 15.7677,-24.5029,0 15.7681,-24.5025,0 15.7684,-24.5022,0 15.7687,-24.5018,0 15.7695,-24.501,0 15.7708,-24.4994,0 15.7718,-24.4982,0 15.7721,-24.4979,0 15.7724,-24.4977,0 15.773,-24.4971,0 15.7733,-24.4968,0 15.7734,-24.4966,0 15.7735,-24.4965,0 15.7737,-24.4963,0 15.7738,-24.4961,0 15.7739,-24.4958,0 15.774,-24.4956,0 15.774,-24.4954,0 15.7741,-24.4951,0 15.7742,-24.4946,0 15.7743,-24.4939,0 15.7743,-24.4937,0 15.7744,-24.4934,0 15.7745,-24.4931,0 15.7747,-24.4928,0 15.7748,-24.4926,0 15.7751,-24.4923,0 15.7753,-24.4921,0 15.7755,-24.4919,0 15.7761,-24.4915,0 15.7767,-24.4911,0 15.7774,-24.4907,0 15.778,-24.4903,0 15.7789,-24.4897,0 15.7797,-24.4892,0 15.7802,-24.489,0 15.7807,-24.4888,0 15.7811,-24.4886,0 15.7816,-24.4884,0 15.7835,-24.4878,0 15.7846,-24.4874,0 15.785,-24.4872,0 15.7854,-24.487,0 15.7858,-24.4869,0 15.7861,-24.4868,0 15.7865,-24.4867,0 15.787,-24.4867,0 15.7878,-24.4866,0 15.7883,-24.4866,0 15.7887,-24.4865,0 15.7891,-24.4865,0 15.7895,-24.4865,0 15.7899,-24.4865,0 15.7903,-24.4865,0 15.7917,-24.4866,0 15.7928,-24.4867,0 15.7931,-24.4867,0 15.7934,-24.4867,0 15.794,-24.4868,0 15.7943,-24.4868,0 15.7943,-24.4868,0 15.7944,-24.4868,0 15.7947,-24.4868,0 15.7949,-24.4868,0 15.7954,-24.4868,0 15.7963,-24.4866,0 15.797,-24.4865,0 15.7972,-24.4865,0 15.7975,-24.4864,0 15.798,-24.4863,0 15.798,-24.4863,0 15.798,-24.4864,0 15.7981,-24.4865,0 15.7982,-24.4867,0 15.7983,-24.4869,0 15.7983,-24.487,0 15.7983,-24.487,0 15.7984,-24.4871,0 15.7984,-24.4872,0</coordinates></LineString>
    </Placemark>
    <Placemark>
      <name>D5 · Sesriem → Walvis Bay</name>
      <description>5 nov · 316 km</description>
      <styleUrl>#costa</styleUrl>
      <LineString><tessellate>1</tessellate><coordinates>15.7984,-24.4872,0 15.7984,-24.4871,0 15.7983,-24.487,0 15.7983,-24.487,0 15.7983,-24.4869,0 15.7982,-24.4867,0 15.7981,-24.4865,0 15.798,-24.4864,0 15.798,-24.4863,0 15.798,-24.4863,0 15.798,-24.4862,0 15.7981,-24.4862,0 15.7982,-24.4862,0 15.7983,-24.4862,0 15.7984,-24.4863,0 15.7985,-24.4863,0 15.7988,-24.4864,0 15.7989,-24.4865,0 15.799,-24.4865,0 15.7991,-24.4866,0 15.7992,-24.4866,0 15.7993,-24.4866,0 15.7995,-24.4867,0 15.7997,-24.4867,0 15.8008,-24.4868,0 15.8009,-24.4868,0 15.8014,-24.4868,0 15.8025,-24.4867,0 15.8031,-24.4867,0 15.8042,-24.4867,0 15.8043,-24.4867,0 15.8121,-24.4866,0 15.8158,-24.4865,0 15.818,-24.4865,0 15.8228,-24.4864,0 15.8242,-24.4863,0 15.8248,-24.4863,0 15.8254,-24.4862,0 15.8259,-24.4862,0 15.8264,-24.486,0 15.8268,-24.4859,0 15.8272,-24.4858,0 15.828,-24.4854,0 15.8287,-24.4851,0 15.8304,-24.4843,0 15.8339,-24.4827,0 15.8525,-24.474,0 15.8714,-24.4656,0 15.8809,-24.4613,0 15.8904,-24.4572,0 15.8999,-24.4534,0 15.9094,-24.4497,0 15.9097,-24.4496,0 15.9092,-24.448,0 15.9068,-24.4408,0 15.9059,-24.4383,0 15.9058,-24.4379,0 15.9058,-24.4375,0 15.9057,-24.437,0 15.9057,-24.4366,0 15.9058,-24.4359,0 15.906,-24.4337,0 15.9066,-24.4279,0 15.907,-24.4238,0 15.9071,-24.4218,0 15.9071,-24.4195,0 15.9071,-24.4126,0 15.9071,-24.4122,0 15.9071,-24.4119,0 15.9071,-24.4116,0 15.907,-24.4113,0 15.9069,-24.411,0 15.9067,-24.4106,0 15.9045,-24.4072,0 15.9024,-24.4037,0 15.8988,-24.3977,0 15.8985,-24.3972,0 15.8982,-24.3966,0 15.898,-24.3963,0 15.8979,-24.3958,0 15.8978,-24.3954,0 15.8978,-24.395,0 15.8977,-24.3938,0 15.8976,-24.3818,0 15.8976,-24.381,0 15.8977,-24.3804,0 15.8977,-24.3799,0 15.8979,-24.3793,0 15.8981,-24.3786,0 15.8983,-24.3781,0 15.8985,-24.3775,0 15.8988,-24.3767,0 15.8998,-24.3739,0 15.8999,-24.3736,0 15.903,-24.365,0 15.9034,-24.3638,0 15.9035,-24.3633,0 15.9036,-24.3626,0 15.9039,-24.3611,0 15.9041,-24.36,0 15.9042,-24.3593,0 15.9042,-24.3586,0 15.9042,-24.358,0 15.9043,-24.3561,0 15.9047,-24.3502,0 15.9047,-24.3489,0 15.9047,-24.3486,0 15.9049,-24.3446,0 15.905,-24.3423,0 15.9051,-24.34,0 15.9053,-24.337,0 15.9054,-24.3357,0 15.9054,-24.3348,0 15.9054,-24.3345,0 15.9055,-24.3323,0 15.9055,-24.3317,0 15.9055,-24.3312,0 15.9055,-24.3308,0 15.9054,-24.3304,0 15.9053,-24.3301,0 15.9051,-24.3297,0 15.905,-24.3294,0 15.9046,-24.3288,0 15.8983,-24.318,0 15.8967,-24.3154,0 15.89,-24.304,0 15.8844,-24.2945,0 15.8841,-24.294,0 15.8839,-24.2936,0 15.8837,-24.2931,0 15.8835,-24.2927,0 15.8834,-24.2923,0 15.8828,-24.2903,0 15.8808,-24.2836,0 15.8806,-24.2831,0 15.8806,-24.2828,0 15.8805,-24.2825,0 15.8804,-24.2821,0 15.8804,-24.2817,0 15.8804,-24.2812,0 15.8805,-24.2808,0 15.8806,-24.2804,0 15.8807,-24.28,0 15.8808,-24.2795,0 15.881,-24.2788,0 15.8818,-24.2766,0 15.8821,-24.2758,0 15.8822,-24.2753,0 15.8824,-24.2749,0 15.8826,-24.2745,0 15.8828,-24.2741,0 15.8839,-24.2723,0 15.8899,-24.2622,0 15.8935,-24.2561,0 15.9005,-24.2438,0 15.9075,-24.2315,0 15.9077,-24.2311,0 15.9079,-24.2309,0 15.9081,-24.2307,0 15.9082,-24.2305,0 15.9084,-24.2303,0 15.9086,-24.2302,0 15.9088,-24.2301,0 15.9091,-24.23,0 15.9093,-24.2299,0 15.9098,-24.2298,0 15.9132,-24.2293,0 15.9137,-24.2292,0 15.9142,-24.2291,0 15.9147,-24.2289,0 15.9152,-24.2287,0 15.9156,-24.2285,0 15.9161,-24.2283,0 15.9169,-24.2279,0 15.9298,-24.221,0 15.9386,-24.2164,0 15.9388,-24.2164,0 15.9393,-24.2161,0 15.9481,-24.2116,0 15.9509,-24.2101,0 15.9601,-24.2055,0 15.9605,-24.2053,0 15.961,-24.205,0 15.9612,-24.2048,0 15.9615,-24.2046,0 15.9618,-24.2043,0 15.9619,-24.204,0 15.9621,-24.2037,0 15.9623,-24.2032,0 15.9631,-24.2012,0 15.9644,-24.1982,0 15.9656,-24.1952,0 15.9667,-24.1923,0 15.9669,-24.1915,0 15.9671,-24.1909,0 15.9673,-24.1904,0 15.9673,-24.19,0 15.9674,-24.1896,0 15.9674,-24.1893,0 15.9674,-24.1889,0 15.9673,-24.1885,0 15.9673,-24.1882,0 15.9658,-24.1798,0 15.9658,-24.1797,0 15.9643,-24.1714,0 15.9628,-24.1632,0 15.9624,-24.1612,0 15.9599,-24.1466,0 15.9598,-24.1464,0 15.9597,-24.1459,0 15.9595,-24.1455,0 15.9594,-24.1451,0 15.9592,-24.1449,0 15.959,-24.1446,0 15.9579,-24.1436,0 15.9576,-24.1431,0 15.9574,-24.1428,0 15.9572,-24.1425,0 15.9571,-24.1421,0 15.9569,-24.1417,0 15.9568,-24.1414,0 15.9568,-24.1411,0 15.9568,-24.1407,0 15.9568,-24.1402,0 15.9568,-24.1397,0 15.9569,-24.1378,0 15.9571,-24.134,0 15.9572,-24.1317,0 15.9574,-24.1265,0 15.9575,-24.1254,0 15.9575,-24.1245,0 15.9575,-24.1235,0 15.9576,-24.1226,0 15.9576,-24.1225,0 15.9584,-24.1031,0 15.9584,-24.1028,0 15.9588,-24.0939,0 15.9588,-24.0939,0 15.9589,-24.091,0 15.9589,-24.0893,0 15.959,-24.0887,0 15.959,-24.0884,0 15.959,-24.0881,0 15.9591,-24.0879,0 15.9592,-24.0877,0 15.9592,-24.0874,0 15.9593,-24.0871,0 15.9626,-24.0795,0 15.9663,-24.0709,0 15.9667,-24.07,0 15.9671,-24.0691,0 15.9677,-24.0676,0 15.968,-24.0671,0 15.9683,-24.0665,0 15.9686,-24.0659,0 15.9689,-24.0653,0 15.9701,-24.063,0 15.9705,-24.0623,0 15.9707,-24.0619,0 15.9708,-24.0615,0 15.971,-24.0609,0 15.9713,-24.0599,0 15.9715,-24.0595,0 15.9716,-24.059,0 15.9718,-24.0586,0 15.972,-24.0582,0 15.9722,-24.0578,0 15.9725,-24.0572,0 15.9728,-24.0569,0 15.9733,-24.056,0 15.9735,-24.0556,0 15.9737,-24.0554,0 15.9738,-24.0551,0 15.9739,-24.0548,0 15.9739,-24.0546,0 15.9739,-24.0543,0 15.974,-24.054,0 15.974,-24.0535,0 15.974,-24.0528,0 15.974,-24.0525,0 15.9741,-24.0522,0 15.9741,-24.0519,0 15.9742,-24.0516,0 15.9743,-24.0513,0 15.9745,-24.0508,0 15.9746,-24.0505,0 15.9747,-24.0502,0 15.9748,-24.0499,0 15.9749,-24.0495,0 15.9749,-24.0491,0 15.9749,-24.0487,0 15.9749,-24.0485,0 15.9748,-24.0482,0 15.9747,-24.0478,0 15.9746,-24.0471,0 15.9743,-24.0462,0 15.9742,-24.0457,0 15.9739,-24.0447,0 15.9736,-24.0441,0 15.9733,-24.0433,0 15.973,-24.0427,0 15.9729,-24.0423,0 15.9726,-24.0418,0 15.9724,-24.0414,0 15.9721,-24.0409,0 15.9718,-24.0404,0 15.9715,-24.0399,0 15.9712,-24.0395,0 15.9708,-24.0391,0 15.9705,-24.0388,0 15.9696,-24.0378,0 15.9687,-24.0369,0 15.9684,-24.0366,0 15.9682,-24.0364,0 15.968,-24.0361,0 15.9678,-24.0358,0 15.9676,-24.0354,0 15.9667,-24.0339,0 15.9666,-24.0335,0 15.9663,-24.0329,0 15.9662,-24.0325,0 15.9659,-24.0316,0 15.9657,-24.031,0 15.9655,-24.0307,0 15.9654,-24.0303,0 15.9652,-24.03,0 15.9651,-24.0297,0 15.964,-24.0277,0 15.9637,-24.027,0 15.9635,-24.0265,0 15.963,-24.0252,0 15.9629,-24.025,0 15.9627,-24.0245,0 15.9626,-24.0241,0 15.9623,-24.0235,0 15.9621,-24.0231,0 15.9618,-24.0226,0 15.9614,-24.022,0 15.9612,-24.0216,0 15.961,-24.0213,0 15.9609,-24.021,0 15.9605,-24.0203,0 15.96,-24.019,0 15.9594,-24.0179,0 15.9584,-24.0157,0 15.9582,-24.0153,0 15.9579,-24.0146,0 15.9578,-24.0142,0 15.9577,-24.0138,0 15.9575,-24.013,0 15.9574,-24.0122,0 15.9573,-24.0116,0 15.9573,-24.011,0 15.9574,-24.0104,0 15.9575,-24.0098,0 15.9577,-24.009,0 15.9578,-24.0085,0 15.9579,-24.008,0 15.9581,-24.0075,0 15.9584,-24.0065,0 15.9592,-24.0044,0 15.9594,-24.0039,0 15.9596,-24.0034,0 15.9598,-24.003,0 15.9601,-24.0027,0 15.9603,-24.0025,0 15.9607,-24.0022,0 15.961,-24.002,0 15.9623,-24.0012,0 15.963,-24.0008,0 15.9636,-24.0004,0 15.9643,-24.0001,0 15.9652,-23.9998,0 15.9675,-23.9988,0 15.9804,-23.9935,0 15.9901,-23.9895,0 15.9972,-23.9865,0 15.9976,-23.9863,0 15.9979,-23.9863,0 15.9982,-23.9862,0 15.9986,-23.9862,0 16.0002,-23.9864,0 16.0007,-23.9864,0 16.0011,-23.9863,0 16.0016,-23.9862,0 16.002,-23.9861,0 16.0024,-23.986,0 16.0028,-23.9858,0 16.003,-23.9856,0 16.0033,-23.9854,0 16.0036,-23.9851,0 16.004,-23.9847,0 16.0042,-23.9845,0 16.0044,-23.9842,0 16.0046,-23.9838,0 16.0047,-23.9835,0 16.0049,-23.9832,0 16.005,-23.9827,0 16.0052,-23.9822,0 16.0053,-23.9818,0 16.0063,-23.9776,0 16.0063,-23.9773,0 16.0064,-23.9769,0 16.0065,-23.9765,0 16.0065,-23.9761,0 16.0065,-23.9758,0 16.0065,-23.9755,0 16.0065,-23.9751,0 16.0065,-23.9722,0 16.0065,-23.9717,0 16.0063,-23.9691,0 16.0061,-23.9611,0 16.006,-23.9565,0 16.006,-23.9553,0 16.006,-23.9548,0 16.006,-23.9542,0 16.006,-23.9537,0 16.0062,-23.9504,0 16.0063,-23.9488,0 16.0062,-23.948,0 16.0062,-23.9475,0 16.0062,-23.9469,0 16.0061,-23.9452,0 16.0058,-23.9423,0 16.0058,-23.9407,0 16.0058,-23.9393,0 16.0058,-23.9377,0 16.0058,-23.9362,0 16.0058,-23.935,0 16.0058,-23.9345,0 16.0058,-23.934,0 16.006,-23.9325,0 16.0062,-23.9297,0 16.0062,-23.9289,0 16.0064,-23.9252,0 16.0064,-23.9231,0 16.0064,-23.9206,0 16.0061,-23.9148,0 16.0061,-23.9131,0 16.0061,-23.913,0 16.0061,-23.9128,0 16.0061,-23.9125,0 16.006,-23.9096,0 16.0059,-23.9063,0 16.0057,-23.9001,0 16.0057,-23.8997,0 16.0058,-23.8993,0 16.0064,-23.8957,0 16.0067,-23.8938,0 16.0068,-23.8934,0 16.0066,-23.8933,0 16.0064,-23.8932,0 16.0063,-23.8931,0 16.0062,-23.893,0 16.0062,-23.893,0 16.0061,-23.893,0 16.0059,-23.8932,0 16.0059,-23.8934,0 16.0058,-23.8934,0 16.0056,-23.8936,0 16.0056,-23.8937,0 16.0056,-23.8938,0 16.0056,-23.8939,0 16.0056,-23.8939,0 16.0055,-23.8938,0 16.0055,-23.8938,0 16.0055,-23.8936,0 16.0056,-23.8937,0 16.0056,-23.8936,0 16.0058,-23.8934,0 16.0059,-23.8934,0 16.0059,-23.8932,0 16.0061,-23.893,0 16.0062,-23.893,0 16.0062,-23.893,0 16.0063,-23.8931,0 16.0064,-23.8932,0 16.0066,-23.8933,0 16.0068,-23.8934,0 16.0069,-23.8931,0 16.007,-23.8928,0 16.0072,-23.8925,0 16.0073,-23.8923,0 16.0074,-23.8921,0 16.0076,-23.8919,0 16.0081,-23.8913,0 16.0069,-23.8901,0 16.0067,-23.8898,0 16.0062,-23.8893,0 16.0054,-23.8884,0 16.0046,-23.8876,0 16.0029,-23.8858,0 15.9992,-23.8817,0 15.9943,-23.8764,0 15.9893,-23.8708,0 15.9845,-23.865,0 15.9792,-23.8594,0 15.9741,-23.854,0 15.9699,-23.8498,0 15.9645,-23.8443,0 15.9575,-23.8373,0 15.9566,-23.8364,0 15.9561,-23.8358,0 15.9551,-23.8343,0 15.9546,-23.8337,0 15.954,-23.833,0 15.9492,-23.8279,0 15.9449,-23.8236,0 15.9438,-23.8225,0 15.943,-23.8215,0 15.9364,-23.8129,0 15.9298,-23.8045,0 15.921,-23.7933,0 15.9207,-23.7928,0 15.9089,-23.7767,0 15.9072,-23.7746,0 15.9056,-23.7725,0 15.905,-23.7717,0 15.8972,-23.761,0 15.8911,-23.7528,0 15.8904,-23.7517,0 15.89,-23.751,0 15.8896,-23.7501,0 15.8878,-23.7462,0 15.8839,-23.7381,0 15.88,-23.7299,0 15.8797,-23.7289,0 15.8794,-23.728,0 15.8793,-23.728,0 15.8792,-23.7275,0 15.8777,-23.7202,0 15.8764,-23.714,0 15.8725,-23.696,0 15.8704,-23.6861,0 15.8699,-23.6838,0 15.8692,-23.6803,0 15.8684,-23.6764,0 15.8681,-23.6752,0 15.8679,-23.6746,0 15.8677,-23.6741,0 15.8671,-23.6731,0 15.8659,-23.6712,0 15.8639,-23.6681,0 15.8555,-23.6551,0 15.855,-23.6542,0 15.8543,-23.6529,0 15.8537,-23.6518,0 15.8508,-23.6463,0 15.8478,-23.6407,0 15.8451,-23.6356,0 15.845,-23.6355,0 15.8432,-23.632,0 15.842,-23.6298,0 15.8408,-23.6275,0 15.8404,-23.6268,0 15.8388,-23.6234,0 15.8367,-23.6191,0 15.8362,-23.618,0 15.8326,-23.6107,0 15.8286,-23.6025,0 15.8263,-23.598,0 15.8244,-23.5942,0 15.8209,-23.5875,0 15.8191,-23.5841,0 15.8175,-23.581,0 15.8141,-23.5743,0 15.813,-23.572,0 15.8122,-23.5708,0 15.8112,-23.5692,0 15.8048,-23.5598,0 15.8036,-23.558,0 15.8031,-23.5571,0 15.8027,-23.5563,0 15.8024,-23.5555,0 15.8017,-23.5537,0 15.801,-23.5523,0 15.8002,-23.551,0 15.7986,-23.5483,0 15.796,-23.5441,0 15.7945,-23.5415,0 15.7916,-23.5368,0 15.7913,-23.5364,0 15.7903,-23.5347,0 15.7896,-23.5337,0 15.7881,-23.5313,0 15.7879,-23.5309,0 15.7871,-23.5295,0 15.7817,-23.5194,0 15.7813,-23.5186,0 15.781,-23.5181,0 15.78,-23.5167,0 15.779,-23.5153,0 15.7783,-23.5139,0 15.7776,-23.5125,0 15.772,-23.5003,0 15.7715,-23.4992,0 15.7711,-23.4984,0 15.7709,-23.4978,0 15.7708,-23.4972,0 15.7705,-23.4959,0 15.7702,-23.4954,0 15.77,-23.495,0 15.7698,-23.4946,0 15.7695,-23.4942,0 15.7692,-23.4939,0 15.7689,-23.4937,0 15.7685,-23.4935,0 15.768,-23.4932,0 15.7648,-23.4918,0 15.7643,-23.4915,0 15.7638,-23.4911,0 15.7632,-23.4905,0 15.7629,-23.4901,0 15.7627,-23.4899,0 15.7626,-23.4897,0 15.7624,-23.4892,0 15.7622,-23.4886,0 15.7621,-23.4881,0 15.7621,-23.4879,0 15.7621,-23.4876,0 15.7622,-23.487,0 15.7622,-23.4866,0 15.7622,-23.4864,0 15.7622,-23.4861,0 15.7621,-23.4857,0 15.7621,-23.4855,0 15.7622,-23.4853,0 15.7623,-23.4851,0 15.7624,-23.4849,0 15.7626,-23.4845,0 15.7631,-23.4838,0 15.7632,-23.4837,0 15.7632,-23.4836,0 15.7632,-23.4834,0 15.7632,-23.4833,0 15.7631,-23.4832,0 15.763,-23.483,0 15.7629,-23.4829,0 15.7627,-23.4828,0 15.7626,-23.4828,0 15.7624,-23.4828,0 15.7616,-23.483,0 15.7614,-23.483,0 15.7613,-23.483,0 15.7611,-23.4829,0 15.761,-23.4829,0 15.761,-23.4827,0 15.7609,-23.4826,0 15.7609,-23.4826,0 15.7609,-23.4825,0 15.7609,-23.4824,0 15.7609,-23.4823,0 15.761,-23.4821,0 15.761,-23.4821,0 15.7611,-23.482,0 15.7613,-23.4818,0 15.7614,-23.4817,0 15.7616,-23.4817,0 15.7618,-23.4816,0 15.762,-23.4816,0 15.7622,-23.4815,0 15.7628,-23.4814,0 15.763,-23.4814,0 15.7631,-23.4813,0 15.7633,-23.4812,0 15.7636,-23.4811,0 15.7639,-23.4809,0 15.7643,-23.4805,0 15.7644,-23.4805,0 15.7645,-23.4804,0 15.7646,-23.4804,0 15.7648,-23.4804,0 15.765,-23.4804,0 15.7653,-23.4804,0 15.7655,-23.4805,0 15.7657,-23.4804,0 15.7658,-23.4804,0 15.7659,-23.4803,0 15.766,-23.4802,0 15.7661,-23.4801,0 15.7661,-23.4799,0 15.7661,-23.4798,0 15.7662,-23.4795,0 15.7662,-23.4794,0 15.7663,-23.4793,0 15.7664,-23.4792,0 15.7666,-23.4791,0 15.767,-23.4789,0 15.7673,-23.4788,0 15.7675,-23.4788,0 15.7684,-23.4787,0 15.7686,-23.4787,0 15.7688,-23.4786,0 15.769,-23.4785,0 15.7692,-23.4783,0 15.7694,-23.4782,0 15.7694,-23.4781,0 15.7696,-23.4778,0 15.7697,-23.4777,0 15.7699,-23.4776,0 15.77,-23.4775,0 15.7701,-23.4774,0 15.7705,-23.4773,0 15.7706,-23.4772,0 15.7707,-23.4772,0 15.7707,-23.4771,0 15.7709,-23.4767,0 15.7711,-23.4764,0 15.7711,-23.4762,0 15.7712,-23.4761,0 15.7712,-23.476,0 15.7712,-23.4757,0 15.7713,-23.4753,0 15.7713,-23.4751,0 15.7714,-23.475,0 15.7715,-23.4749,0 15.7716,-23.4748,0 15.7717,-23.4747,0 15.7719,-23.4746,0 15.7721,-23.4745,0 15.7723,-23.4742,0 15.7725,-23.474,0 15.7726,-23.4737,0 15.7727,-23.4735,0 15.7727,-23.4734,0 15.7727,-23.4731,0 15.7727,-23.473,0 15.7725,-23.4724,0 15.7723,-23.4718,0 15.7719,-23.4711,0 15.7704,-23.4688,0 15.7682,-23.4655,0 15.766,-23.4621,0 15.7658,-23.4617,0 15.7657,-23.4614,0 15.7656,-23.4612,0 15.7656,-23.4608,0 15.7656,-23.4604,0 15.7656,-23.46,0 15.7657,-23.4595,0 15.7658,-23.4587,0 15.766,-23.4581,0 15.7661,-23.4578,0 15.7664,-23.4572,0 15.7666,-23.4568,0 15.7669,-23.4564,0 15.7678,-23.4553,0 15.7687,-23.4543,0 15.769,-23.454,0 15.7695,-23.4537,0 15.7702,-23.4533,0 15.773,-23.452,0 15.7769,-23.4502,0 15.7779,-23.4497,0 15.7785,-23.4494,0 15.7788,-23.4493,0 15.779,-23.4493,0 15.7792,-23.4493,0 15.7795,-23.4493,0 15.7797,-23.4494,0 15.7799,-23.4495,0 15.7802,-23.4497,0 15.7805,-23.4499,0 15.7807,-23.45,0 15.7809,-23.4502,0 15.7812,-23.4504,0 15.782,-23.451,0 15.7829,-23.4515,0 15.7834,-23.4518,0 15.7838,-23.452,0 15.784,-23.4521,0 15.7843,-23.4521,0 15.7846,-23.4522,0 15.7849,-23.4522,0 15.7853,-23.4522,0 15.7857,-23.4521,0 15.7862,-23.452,0 15.7867,-23.4519,0 15.79,-23.451,0 15.7928,-23.4503,0 15.7934,-23.4501,0 15.7941,-23.4499,0 15.7947,-23.4497,0 15.7952,-23.4495,0 15.7958,-23.4493,0 15.7962,-23.4491,0 15.7969,-23.4487,0 15.7974,-23.4484,0 15.7977,-23.4482,0 15.7987,-23.4472,0 15.7994,-23.4466,0 15.8046,-23.442,0 15.8073,-23.4395,0 15.8074,-23.4394,0 15.8083,-23.4386,0 15.8166,-23.4312,0 15.8184,-23.4296,0 15.8202,-23.4279,0 15.8239,-23.4242,0 15.8244,-23.4237,0 15.8245,-23.4235,0 15.8247,-23.4233,0 15.825,-23.4229,0 15.8253,-23.4223,0 15.8256,-23.4217,0 15.8259,-23.4213,0 15.8262,-23.4209,0 15.8264,-23.4206,0 15.8266,-23.4204,0 15.827,-23.42,0 15.8277,-23.4194,0 15.8288,-23.4187,0 15.8336,-23.4154,0 15.8344,-23.4149,0 15.8349,-23.4145,0 15.8353,-23.4142,0 15.8355,-23.414,0 15.8357,-23.4137,0 15.8358,-23.4135,0 15.836,-23.413,0 15.8367,-23.4115,0 15.8369,-23.4108,0 15.8391,-23.4058,0 15.84,-23.4039,0 15.8403,-23.4033,0 15.8421,-23.3992,0 15.8423,-23.3988,0 15.8437,-23.3954,0 15.8467,-23.3885,0 15.8498,-23.3816,0 15.8504,-23.3803,0 15.8507,-23.3797,0 15.8508,-23.3795,0 15.8514,-23.378,0 15.8515,-23.3776,0 15.8517,-23.3769,0 15.8532,-23.3708,0 15.8551,-23.3627,0 15.8554,-23.3609,0 15.8555,-23.3604,0 15.8556,-23.3596,0 15.8561,-23.3528,0 15.8565,-23.3472,0 15.8566,-23.346,0 15.8567,-23.3454,0 15.8569,-23.3449,0 15.857,-23.3444,0 15.8578,-23.3425,0 15.858,-23.342,0 15.858,-23.3417,0 15.858,-23.3412,0 15.8578,-23.3388,0 15.8577,-23.3377,0 15.8575,-23.3357,0 15.8575,-23.3353,0 15.8575,-23.3349,0 15.8592,-23.3303,0 15.8612,-23.3246,0 15.862,-23.3224,0 15.8621,-23.3221,0 15.8621,-23.3218,0 15.8624,-23.3189,0 15.8624,-23.3184,0 15.8623,-23.318,0 15.8621,-23.3175,0 15.862,-23.3172,0 15.8617,-23.3169,0 15.8612,-23.3165,0 15.8606,-23.3162,0 15.8597,-23.3159,0 15.8594,-23.3158,0 15.8592,-23.3156,0 15.859,-23.3153,0 15.8588,-23.3151,0 15.8585,-23.3149,0 15.858,-23.3147,0 15.8578,-23.3146,0 15.8577,-23.3145,0 15.8575,-23.3144,0 15.8561,-23.3123,0 15.856,-23.3122,0 15.856,-23.312,0 15.8558,-23.3111,0 15.8557,-23.311,0 15.8556,-23.3108,0 15.855,-23.3103,0 15.8549,-23.3101,0 15.8548,-23.3098,0 15.8548,-23.3096,0 15.8545,-23.3086,0 15.8543,-23.3084,0 15.8541,-23.3082,0 15.8539,-23.3081,0 15.8529,-23.3076,0 15.8526,-23.3075,0 15.8522,-23.3072,0 15.8517,-23.3068,0 15.8515,-23.3066,0 15.8514,-23.3065,0 15.8513,-23.3064,0 15.8512,-23.3063,0 15.8512,-23.3062,0 15.8511,-23.3061,0 15.8511,-23.306,0 15.8511,-23.3058,0 15.851,-23.3048,0 15.851,-23.3047,0 15.851,-23.3045,0 15.851,-23.3044,0 15.8509,-23.3043,0 15.8509,-23.3042,0 15.8508,-23.3041,0 15.8505,-23.3037,0 15.8502,-23.3034,0 15.8501,-23.3033,0 15.8501,-23.3032,0 15.85,-23.3031,0 15.85,-23.3029,0 15.8499,-23.3027,0 15.8497,-23.3,0 15.8496,-23.2996,0 15.8495,-23.2993,0 15.8494,-23.2991,0 15.8492,-23.2987,0 15.8489,-23.2983,0 15.8487,-23.2979,0 15.8484,-23.2976,0 15.8482,-23.2974,0 15.8479,-23.2972,0 15.8477,-23.2971,0 15.8475,-23.297,0 15.8468,-23.2968,0 15.8466,-23.2967,0 15.8464,-23.2966,0 15.8461,-23.2964,0 15.8459,-23.2962,0 15.845,-23.2955,0 15.8447,-23.2954,0 15.8445,-23.2953,0 15.8442,-23.2952,0 15.8431,-23.295,0 15.8429,-23.2949,0 15.8426,-23.2948,0 15.8424,-23.2947,0 15.841,-23.2938,0 15.8406,-23.2935,0 15.8397,-23.2928,0 15.8374,-23.2909,0 15.8358,-23.2896,0 15.8353,-23.2893,0 15.8348,-23.289,0 15.8344,-23.2888,0 15.834,-23.2887,0 15.8333,-23.2885,0 15.8308,-23.288,0 15.8305,-23.288,0 15.83,-23.2881,0 15.8296,-23.2881,0 15.8292,-23.2883,0 15.8286,-23.2885,0 15.8261,-23.29,0 15.8242,-23.2912,0 15.8229,-23.2922,0 15.822,-23.2928,0 15.8171,-23.2953,0 15.8166,-23.2955,0 15.8161,-23.2955,0 15.8157,-23.2955,0 15.8153,-23.2955,0 15.8145,-23.2951,0 15.8138,-23.2948,0 15.8131,-23.2945,0 15.8127,-23.2944,0 15.8125,-23.2944,0 15.8122,-23.2944,0 15.812,-23.2944,0 15.8118,-23.2944,0 15.8117,-23.2944,0 15.8115,-23.2945,0 15.8113,-23.2946,0 15.8112,-23.2946,0 15.811,-23.2947,0 15.8108,-23.2949,0 15.8103,-23.2953,0 15.8088,-23.2967,0 15.8069,-23.2986,0 15.8064,-23.299,0 15.8062,-23.2991,0 15.806,-23.2992,0 15.8056,-23.2994,0 15.8037,-23.3,0 15.8032,-23.3002,0 15.8029,-23.3003,0 15.8025,-23.3006,0 15.8012,-23.3017,0 15.8011,-23.3018,0 15.8009,-23.3019,0 15.8008,-23.302,0 15.8006,-23.302,0 15.8004,-23.3021,0 15.8,-23.3022,0 15.7993,-23.3023,0 15.7988,-23.3023,0 15.7985,-23.3024,0 15.7983,-23.3024,0 15.798,-23.3025,0 15.7979,-23.3026,0 15.7977,-23.3027,0 15.7974,-23.303,0 15.7971,-23.3031,0 15.7968,-23.3032,0 15.7966,-23.3032,0 15.7963,-23.3032,0 15.7961,-23.3032,0 15.7959,-23.3031,0 15.7957,-23.303,0 15.7955,-23.3029,0 15.7953,-23.3027,0 15.7949,-23.3023,0 15.7947,-23.3022,0 15.7946,-23.3021,0 15.7944,-23.302,0 15.794,-23.302,0 15.7935,-23.3019,0 15.7929,-23.3019,0 15.7927,-23.3019,0 15.7925,-23.3019,0 15.7922,-23.3019,0 15.7916,-23.3021,0 15.7901,-23.3024,0 15.7897,-23.3025,0 15.7896,-23.3025,0 15.7894,-23.3025,0 15.7892,-23.3025,0 15.789,-23.3025,0 15.7888,-23.3024,0 15.7887,-23.3023,0 15.7887,-23.3022,0 15.7886,-23.3021,0 15.7885,-23.3019,0 15.7884,-23.3016,0 15.7883,-23.3015,0 15.7882,-23.3014,0 15.7881,-23.3014,0 15.7879,-23.3013,0 15.7876,-23.3013,0 15.7874,-23.3013,0 15.7873,-23.3013,0 15.7872,-23.3014,0 15.7871,-23.3014,0 15.7868,-23.3017,0 15.7867,-23.3018,0 15.7865,-23.3018,0 15.7864,-23.3018,0 15.7861,-23.3018,0 15.7859,-23.3017,0 15.7856,-23.3016,0 15.7854,-23.3016,0 15.7853,-23.3017,0 15.7847,-23.3018,0 15.7844,-23.3018,0 15.7841,-23.3018,0 15.7839,-23.3018,0 15.7835,-23.3016,0 15.7832,-23.3016,0 15.7829,-23.3016,0 15.7826,-23.3016,0 15.7822,-23.3017,0 15.782,-23.3018,0 15.7814,-23.3021,0 15.7807,-23.3023,0 15.7804,-23.3024,0 15.7801,-23.3025,0 15.7798,-23.3025,0 15.7795,-23.3024,0 15.7791,-23.3024,0 15.779,-23.3024,0 15.7787,-23.3024,0 15.7786,-23.3025,0 15.7784,-23.3025,0 15.7783,-23.3025,0 15.7782,-23.3025,0 15.778,-23.3025,0 15.7779,-23.3025,0 15.7778,-23.3026,0 15.7775,-23.3027,0 15.7773,-23.3027,0 15.7771,-23.3027,0 15.777,-23.3027,0 15.7769,-23.3027,0 15.7768,-23.3026,0 15.7767,-23.3025,0 15.7767,-23.3024,0 15.7766,-23.3023,0 15.7766,-23.3022,0 15.7766,-23.3018,0 15.7767,-23.3016,0 15.7766,-23.3015,0 15.7766,-23.3014,0 15.7765,-23.3014,0 15.7764,-23.3013,0 15.7763,-23.3012,0 15.7762,-23.3012,0 15.776,-23.3013,0 15.776,-23.3013,0 15.7756,-23.3019,0 15.7755,-23.302,0 15.7754,-23.3021,0 15.7744,-23.303,0 15.7743,-23.3031,0 15.7742,-23.3031,0 15.7741,-23.3032,0 15.7739,-23.3032,0 15.7738,-23.3033,0 15.7736,-23.3033,0 15.7736,-23.3034,0 15.7733,-23.3038,0 15.7732,-23.3039,0 15.7732,-23.3039,0 15.773,-23.304,0 15.773,-23.304,0 15.7729,-23.304,0 15.7727,-23.304,0 15.772,-23.3041,0 15.7717,-23.3041,0 15.7715,-23.3041,0 15.7711,-23.3041,0 15.7702,-23.3041,0 15.7699,-23.3041,0 15.7697,-23.3041,0 15.7694,-23.3042,0 15.7688,-23.3043,0 15.7686,-23.3043,0 15.7683,-23.3043,0 15.7681,-23.3043,0 15.7679,-23.3043,0 15.7676,-23.3042,0 15.7674,-23.3042,0 15.767,-23.304,0 15.7669,-23.304,0 15.765,-23.3032,0 15.7647,-23.303,0 15.7645,-23.3029,0 15.7639,-23.3025,0 15.7634,-23.3022,0 15.7632,-23.302,0 15.7629,-23.3017,0 15.7623,-23.301,0 15.7621,-23.3008,0 15.7617,-23.3005,0 15.7612,-23.3004,0 15.7607,-23.3002,0 15.7601,-23.2999,0 15.76,-23.2999,0 15.7594,-23.2997,0 15.7593,-23.2996,0 15.7592,-23.2996,0 15.7591,-23.2996,0 15.759,-23.2997,0 15.7589,-23.2997,0 15.7588,-23.2997,0 15.7588,-23.2998,0 15.7587,-23.2999,0 15.7586,-23.3,0 15.7585,-23.3001,0 15.7585,-23.3003,0 15.7585,-23.3005,0 15.7586,-23.301,0 15.7586,-23.3012,0 15.7586,-23.3013,0 15.7585,-23.3015,0 15.7583,-23.302,0 15.7581,-23.3025,0 15.7579,-23.3027,0 15.7578,-23.3029,0 15.7577,-23.303,0 15.7575,-23.3031,0 15.7571,-23.3033,0 15.7569,-23.3035,0 15.7568,-23.3037,0 15.7567,-23.3037,0 15.7567,-23.3039,0 15.7567,-23.304,0 15.7567,-23.3042,0 15.7567,-23.3044,0 15.7566,-23.3047,0 15.7566,-23.3048,0 15.7565,-23.3049,0 15.7563,-23.3052,0 15.756,-23.3054,0 15.7558,-23.3055,0 15.7556,-23.3056,0 15.7554,-23.3056,0 15.7552,-23.3056,0 15.755,-23.3056,0 15.7547,-23.3055,0 15.7545,-23.3055,0 15.7543,-23.3054,0 15.7541,-23.3053,0 15.754,-23.3052,0 15.7536,-23.3047,0 15.7535,-23.3046,0 15.7533,-23.3045,0 15.7531,-23.3045,0 15.7527,-23.3044,0 15.7521,-23.3044,0 15.7519,-23.3043,0 15.7517,-23.3043,0 15.7515,-23.3044,0 15.7513,-23.3044,0 15.751,-23.3046,0 15.7505,-23.3048,0 15.7497,-23.3052,0 15.7495,-23.3053,0 15.7494,-23.3053,0 15.7492,-23.3053,0 15.749,-23.3053,0 15.7483,-23.3052,0 15.7482,-23.3052,0 15.7481,-23.3052,0 15.7479,-23.3053,0 15.7479,-23.3053,0 15.7476,-23.3056,0 15.7475,-23.3056,0 15.7474,-23.3057,0 15.747,-23.3059,0 15.7465,-23.3062,0 15.7463,-23.3063,0 15.7456,-23.3069,0 15.7455,-23.307,0 15.7451,-23.3073,0 15.7448,-23.3077,0 15.7441,-23.3085,0 15.7435,-23.3092,0 15.7432,-23.3094,0 15.743,-23.3098,0 15.7428,-23.3101,0 15.7424,-23.3107,0 15.7422,-23.311,0 15.742,-23.3112,0 15.7418,-23.3114,0 15.7414,-23.3117,0 15.7409,-23.312,0 15.7408,-23.3121,0 15.7406,-23.3121,0 15.7402,-23.3121,0 15.7399,-23.3122,0 15.7397,-23.3122,0 15.7395,-23.3122,0 15.7394,-23.3123,0 15.7391,-23.3125,0 15.7387,-23.313,0 15.7385,-23.3133,0 15.7382,-23.3135,0 15.7378,-23.3139,0 15.7374,-23.3141,0 15.7363,-23.3148,0 15.7359,-23.3152,0 15.735,-23.316,0 15.7345,-23.3165,0 15.7342,-23.3166,0 15.7338,-23.3169,0 15.7335,-23.317,0 15.7326,-23.3174,0 15.7324,-23.3176,0 15.7317,-23.318,0 15.7309,-23.3184,0 15.7306,-23.3185,0 15.7304,-23.3186,0 15.729,-23.3189,0 15.7284,-23.3191,0 15.7275,-23.3194,0 15.7255,-23.3202,0 15.724,-23.3209,0 15.723,-23.3214,0 15.7193,-23.3237,0 15.7181,-23.3243,0 15.7176,-23.3245,0 15.717,-23.3247,0 15.716,-23.325,0 15.7116,-23.3259,0 15.7111,-23.326,0 15.7107,-23.3261,0 15.7098,-23.3261,0 15.709,-23.3261,0 15.7049,-23.326,0 15.6795,-23.3252,0 15.6783,-23.3252,0 15.6777,-23.3252,0 15.6769,-23.3253,0 15.6763,-23.3255,0 15.6657,-23.3286,0 15.6606,-23.3302,0 15.6575,-23.3311,0 15.6568,-23.3312,0 15.656,-23.3312,0 15.6551,-23.3312,0 15.6478,-23.3301,0 15.6467,-23.3299,0 15.6459,-23.3298,0 15.6453,-23.3296,0 15.6434,-23.329,0 15.6321,-23.3253,0 15.6309,-23.3249,0 15.6299,-23.3245,0 15.6288,-23.324,0 15.6278,-23.3235,0 15.623,-23.3209,0 15.6152,-23.3167,0 15.6117,-23.3149,0 15.6111,-23.3146,0 15.6106,-23.3144,0 15.6099,-23.3142,0 15.6056,-23.313,0 15.6039,-23.3125,0 15.6022,-23.3121,0 15.6017,-23.312,0 15.6007,-23.3119,0 15.5994,-23.3119,0 15.5812,-23.3114,0 15.5738,-23.3112,0 15.5587,-23.3108,0 15.5528,-23.3106,0 15.5489,-23.3106,0 15.5469,-23.3106,0 15.5205,-23.3115,0 15.5137,-23.3118,0 15.5113,-23.3119,0 15.5108,-23.3119,0 15.5105,-23.3119,0 15.5102,-23.3118,0 15.5098,-23.3117,0 15.5093,-23.3114,0 15.5089,-23.3111,0 15.5082,-23.3105,0 15.5079,-23.3103,0 15.5075,-23.3102,0 15.5071,-23.3101,0 15.5066,-23.31,0 15.5061,-23.3099,0 15.5042,-23.3097,0 15.4916,-23.3084,0 15.4752,-23.3066,0 15.4738,-23.3064,0 15.4729,-23.3061,0 15.4719,-23.3057,0 15.4707,-23.3051,0 15.4614,-23.3007,0 15.4539,-23.2971,0 15.4532,-23.2967,0 15.4325,-23.2868,0 15.431,-23.286,0 15.4295,-23.2852,0 15.421,-23.2804,0 15.3631,-23.2479,0 15.3062,-23.2159,0 15.3052,-23.2153,0 15.3043,-23.2148,0 15.3033,-23.2141,0 15.3026,-23.2136,0 15.3007,-23.2121,0 15.2708,-23.1877,0 15.2696,-23.1867,0 15.2693,-23.1865,0 15.269,-23.1863,0 15.2684,-23.1859,0 15.2679,-23.1857,0 15.2674,-23.1855,0 15.2663,-23.185,0 15.2644,-23.1844,0 15.2458,-23.1776,0 15.2447,-23.1772,0 15.2442,-23.177,0 15.2437,-23.1767,0 15.2434,-23.1766,0 15.2428,-23.1761,0 15.2406,-23.1745,0 15.232,-23.1684,0 15.2268,-23.1646,0 15.2223,-23.1614,0 15.2208,-23.1604,0 15.2203,-23.1599,0 15.2198,-23.1595,0 15.2187,-23.1586,0 15.2177,-23.1577,0 15.2162,-23.1564,0 15.2153,-23.1555,0 15.2148,-23.155,0 15.2143,-23.1546,0 15.214,-23.1543,0 15.2123,-23.1524,0 15.2111,-23.151,0 15.2107,-23.1505,0 15.2105,-23.1502,0 15.2103,-23.1499,0 15.21,-23.1493,0 15.2098,-23.1488,0 15.2097,-23.1483,0 15.2093,-23.1461,0 15.2089,-23.1447,0 15.2086,-23.1436,0 15.2082,-23.1426,0 15.2081,-23.1421,0 15.2072,-23.1398,0 15.207,-23.1393,0 15.2069,-23.139,0 15.2067,-23.1387,0 15.2064,-23.1382,0 15.2059,-23.1376,0 15.2053,-23.1368,0 15.2044,-23.1359,0 15.203,-23.1343,0 15.2025,-23.1338,0 15.2022,-23.1334,0 15.2016,-23.133,0 15.2011,-23.1327,0 15.2005,-23.1324,0 15.2,-23.1323,0 15.1996,-23.1322,0 15.1989,-23.132,0 15.1868,-23.1296,0 15.1857,-23.1293,0 15.1849,-23.1291,0 15.1843,-23.129,0 15.1837,-23.1287,0 15.183,-23.1284,0 15.1822,-23.1279,0 15.1819,-23.1277,0 15.1802,-23.1263,0 15.1723,-23.12,0 15.1715,-23.1194,0 15.1709,-23.1189,0 15.1701,-23.1184,0 15.1698,-23.1182,0 15.1694,-23.118,0 15.1691,-23.1179,0 15.163,-23.1148,0 15.1616,-23.1141,0 15.161,-23.1138,0 15.1572,-23.1119,0 15.1533,-23.1099,0 15.1512,-23.109,0 15.1505,-23.1087,0 15.1496,-23.1083,0 15.128,-23.1001,0 15.1236,-23.0984,0 15.1106,-23.0935,0 15.0758,-23.0802,0 15.0484,-23.0697,0 15.0061,-23.0536,0 15.0032,-23.0525,0 15.0027,-23.0523,0 15.0022,-23.0521,0 15.0014,-23.0519,0 15.001,-23.0517,0 15.0006,-23.0517,0 15.0001,-23.0516,0 14.9995,-23.0515,0 14.9989,-23.0515,0 14.9968,-23.0515,0 14.99,-23.0517,0 14.9871,-23.0518,0 14.9861,-23.0518,0 14.9854,-23.0517,0 14.9848,-23.0517,0 14.9844,-23.0516,0 14.9837,-23.0515,0 14.9826,-23.0511,0 14.9819,-23.0509,0 14.9812,-23.0506,0 14.978,-23.049,0 14.9694,-23.045,0 14.9656,-23.0431,0 14.9597,-23.0404,0 14.9366,-23.0295,0 14.9303,-23.0265,0 14.9271,-23.0249,0 14.9236,-23.0233,0 14.9228,-23.0229,0 14.9218,-23.0225,0 14.9209,-23.0222,0 14.9198,-23.0218,0 14.9128,-23.0194,0 14.9071,-23.0175,0 14.8954,-23.0136,0 14.8939,-23.0131,0 14.8928,-23.0128,0 14.8921,-23.0128,0 14.8915,-23.0128,0 14.8907,-23.0128,0 14.8895,-23.0129,0 14.8889,-23.013,0 14.8884,-23.013,0 14.8653,-23.0169,0 14.8634,-23.0173,0 14.8617,-23.0176,0 14.86,-23.018,0 14.8475,-23.0211,0 14.8342,-23.0243,0 14.8332,-23.0246,0 14.8327,-23.0247,0 14.8321,-23.0248,0 14.8314,-23.0249,0 14.8307,-23.025,0 14.8299,-23.025,0 14.8291,-23.0249,0 14.8276,-23.0248,0 14.8228,-23.0245,0 14.8221,-23.0245,0 14.8214,-23.0244,0 14.8205,-23.0243,0 14.819,-23.0241,0 14.8116,-23.0228,0 14.7867,-23.0186,0 14.7648,-23.0149,0 14.7528,-23.0129,0 14.7474,-23.012,0 14.7415,-23.0111,0 14.7387,-23.0107,0 14.7289,-23.0093,0 14.7216,-23.0083,0 14.7174,-23.0077,0 14.6952,-23.0045,0 14.6908,-23.0039,0 14.6614,-22.9997,0 14.6554,-22.9988,0 14.6534,-22.9985,0 14.653,-22.9985,0 14.6523,-22.9984,0 14.6514,-22.9982,0 14.6509,-22.9981,0 14.6506,-22.9981,0 14.6503,-22.998,0 14.6496,-22.9978,0 14.6494,-22.9978,0 14.6482,-22.9975,0 14.6481,-22.9974,0 14.648,-22.9974,0 14.6459,-22.9968,0 14.6425,-22.9959,0 14.6413,-22.9955,0 14.6362,-22.9942,0 14.6349,-22.9938,0 14.6294,-22.9923,0 14.6268,-22.9916,0 14.6267,-22.9915,0 14.6266,-22.9915,0 14.6209,-22.99,0 14.6203,-22.9898,0 14.6121,-22.9874,0 14.6116,-22.9873,0 14.6111,-22.9873,0 14.6106,-22.9872,0 14.6074,-22.9864,0 14.6065,-22.9861,0 14.6061,-22.986,0 14.5993,-22.9842,0 14.5953,-22.9831,0 14.5927,-22.9824,0 14.5916,-22.9821,0 14.5906,-22.9816,0 14.5823,-22.9794,0 14.5821,-22.9793,0 14.5801,-22.9788,0 14.5772,-22.9781,0 14.5697,-22.9764,0 14.5661,-22.9754,0 14.5641,-22.975,0 14.5626,-22.9745,0 14.5594,-22.9733,0 14.5545,-22.9714,0 14.5497,-22.9696,0 14.5482,-22.969,0 14.5469,-22.9685,0 14.5414,-22.9664,0 14.5381,-22.9652,0 14.5331,-22.9633,0 14.5327,-22.9631,0 14.5283,-22.9614,0 14.5278,-22.9612,0 14.5274,-22.9611,0 14.5268,-22.9608,0 14.5263,-22.9605,0 14.526,-22.9604,0 14.5256,-22.9601,0 14.5251,-22.9598,0 14.5247,-22.9595,0 14.5243,-22.9592,0 14.524,-22.959,0 14.5238,-22.9587,0 14.5236,-22.9586,0 14.5235,-22.9585,0 14.5233,-22.9583,0 14.523,-22.958,0 14.5225,-22.9575,0 14.5225,-22.9575,0 14.5216,-22.9565,0 14.5214,-22.9564,0 14.5212,-22.9562,0 14.521,-22.9561,0 14.5209,-22.9561,0 14.5207,-22.956,0 14.5204,-22.956,0 14.5202,-22.956,0 14.5196,-22.9561,0 14.5193,-22.9562,0 14.5191,-22.9562,0 14.5188,-22.9565,0 14.5166,-22.9579,0 14.5144,-22.9593,0 14.5136,-22.9598,0 14.5129,-22.9603,0 14.5119,-22.9609,0 14.5118,-22.961,0 14.5118,-22.9609,0 14.5114,-22.9605,0 14.5106,-22.9597,0 14.5098,-22.9589,0 14.5088,-22.9578,0 14.5078,-22.9567,0 14.5074,-22.9562,0 14.5072,-22.956,0 14.5071,-22.9559,0 14.5071,-22.9559,0 14.507,-22.9558,0 14.5063,-22.9551,0 14.5063,-22.955,0 14.5063,-22.955,0 14.5064,-22.955,0 14.507,-22.9557,0 14.5071,-22.9558,0</coordinates></LineString>
    </Placemark>
    <Placemark>
      <name>D7 · Cape Cross → Terrace Bay</name>
      <description>7 nov · 412 km</description>
      <styleUrl>#costa</styleUrl>
      <LineString><tessellate>1</tessellate><coordinates>14.5071,-22.9558,0 14.5071,-22.9558,0 14.5072,-22.9559,0 14.5079,-22.9567,0 14.5089,-22.9578,0 14.5099,-22.9588,0 14.5107,-22.9597,0 14.5115,-22.9605,0 14.5116,-22.9606,0 14.5117,-22.9606,0 14.5119,-22.9606,0 14.5119,-22.9606,0 14.5121,-22.9606,0 14.5123,-22.9605,0 14.5128,-22.9601,0 14.5135,-22.9596,0 14.5142,-22.9592,0 14.5165,-22.9577,0 14.5186,-22.9563,0 14.5188,-22.9561,0 14.519,-22.9559,0 14.5191,-22.9557,0 14.5192,-22.9555,0 14.5193,-22.9552,0 14.5194,-22.955,0 14.5196,-22.9547,0 14.5197,-22.9546,0 14.5198,-22.9545,0 14.5201,-22.9543,0 14.5203,-22.9542,0 14.5204,-22.9542,0 14.5207,-22.9541,0 14.5214,-22.9539,0 14.5217,-22.9537,0 14.5219,-22.9536,0 14.5221,-22.9535,0 14.5247,-22.9512,0 14.5249,-22.951,0 14.5259,-22.9501,0 14.5263,-22.9498,0 14.5264,-22.9497,0 14.5268,-22.9493,0 14.5272,-22.949,0 14.5281,-22.9481,0 14.5282,-22.948,0 14.5282,-22.9479,0 14.5282,-22.9479,0 14.5283,-22.9478,0 14.5283,-22.9478,0 14.5344,-22.9419,0 14.5375,-22.9389,0 14.5383,-22.9381,0 14.5405,-22.936,0 14.5409,-22.9355,0 14.5413,-22.9351,0 14.5414,-22.9349,0 14.5415,-22.9348,0 14.5416,-22.9347,0 14.5417,-22.9346,0 14.5419,-22.9343,0 14.5422,-22.9339,0 14.5423,-22.9337,0 14.5425,-22.9334,0 14.5427,-22.933,0 14.5429,-22.9326,0 14.5431,-22.9322,0 14.5433,-22.9317,0 14.5435,-22.9312,0 14.5437,-22.9306,0 14.5439,-22.9301,0 14.544,-22.9295,0 14.5442,-22.9287,0 14.5442,-22.9282,0 14.5443,-22.9277,0 14.5443,-22.9267,0 14.5443,-22.9265,0 14.5443,-22.9251,0 14.5443,-22.9244,0 14.5443,-22.9241,0 14.5443,-22.9236,0 14.5443,-22.9233,0 14.5443,-22.9226,0 14.5443,-22.9221,0 14.5443,-22.9199,0 14.5444,-22.9197,0 14.5444,-22.9191,0 14.5443,-22.9184,0 14.5443,-22.9182,0 14.5443,-22.9181,0 14.5444,-22.9175,0 14.5444,-22.9167,0 14.5444,-22.916,0 14.5444,-22.9157,0 14.5444,-22.9153,0 14.5444,-22.915,0 14.5444,-22.9145,0 14.5444,-22.9116,0 14.5444,-22.9102,0 14.5444,-22.9089,0 14.5444,-22.9083,0 14.5444,-22.9077,0 14.5444,-22.9073,0 14.5444,-22.9065,0 14.5444,-22.9052,0 14.5444,-22.9048,0 14.5444,-22.9044,0 14.5443,-22.9041,0 14.5443,-22.9038,0 14.5444,-22.9033,0 14.5444,-22.9025,0 14.5444,-22.9022,0 14.5444,-22.9019,0 14.5444,-22.9014,0 14.5444,-22.9009,0 14.5444,-22.9002,0 14.5444,-22.8998,0 14.5443,-22.8994,0 14.5443,-22.8992,0 14.5443,-22.8989,0 14.5443,-22.8987,0 14.5444,-22.8985,0 14.5444,-22.8984,0 14.5443,-22.8978,0 14.5443,-22.8972,0 14.5442,-22.896,0 14.5442,-22.8954,0 14.5442,-22.8943,0 14.5441,-22.8926,0 14.544,-22.8914,0 14.544,-22.8902,0 14.544,-22.8892,0 14.5439,-22.8886,0 14.5439,-22.8876,0 14.5438,-22.8866,0 14.5438,-22.8857,0 14.5437,-22.8847,0 14.5436,-22.8825,0 14.5436,-22.8818,0 14.5436,-22.8811,0 14.5434,-22.8789,0 14.5434,-22.8786,0 14.5434,-22.8781,0 14.5434,-22.8775,0 14.5434,-22.8767,0 14.5433,-22.8759,0 14.5433,-22.8752,0 14.5432,-22.874,0 14.5431,-22.8729,0 14.5431,-22.8712,0 14.543,-22.8698,0 14.5429,-22.8681,0 14.5428,-22.866,0 14.5427,-22.8632,0 14.5425,-22.86,0 14.5424,-22.8574,0 14.5423,-22.8559,0 14.5422,-22.8543,0 14.5422,-22.8538,0 14.5422,-22.8529,0 14.5421,-22.8514,0 14.542,-22.8502,0 14.5419,-22.8483,0 14.5419,-22.8474,0 14.5419,-22.8465,0 14.5419,-22.8462,0 14.5419,-22.8459,0 14.5419,-22.8455,0 14.5421,-22.8446,0 14.5422,-22.8433,0 14.5425,-22.8407,0 14.5426,-22.8401,0 14.5428,-22.8393,0 14.5428,-22.8387,0 14.5431,-22.8369,0 14.5433,-22.8354,0 14.5436,-22.8331,0 14.5437,-22.8318,0 14.5441,-22.8291,0 14.5443,-22.8276,0 14.5445,-22.8261,0 14.5446,-22.8253,0 14.5453,-22.8203,0 14.5455,-22.8187,0 14.5456,-22.8175,0 14.5459,-22.8155,0 14.546,-22.8146,0 14.5461,-22.814,0 14.5462,-22.8135,0 14.5462,-22.8131,0 14.5463,-22.8127,0 14.5463,-22.8123,0 14.5463,-22.812,0 14.5463,-22.8116,0 14.5463,-22.8113,0 14.5463,-22.8109,0 14.5463,-22.8102,0 14.5462,-22.8097,0 14.546,-22.8081,0 14.5457,-22.8064,0 14.5454,-22.8053,0 14.545,-22.8033,0 14.5448,-22.8019,0 14.5445,-22.8005,0 14.544,-22.7978,0 14.5438,-22.7964,0 14.5425,-22.7894,0 14.5415,-22.7842,0 14.5408,-22.7806,0 14.5403,-22.7779,0 14.5393,-22.7722,0 14.5387,-22.7691,0 14.5385,-22.7683,0 14.5382,-22.7663,0 14.5378,-22.7642,0 14.5376,-22.7631,0 14.5371,-22.7602,0 14.5369,-22.7589,0 14.5367,-22.7577,0 14.5364,-22.7558,0 14.5358,-22.7531,0 14.5357,-22.7521,0 14.5355,-22.7514,0 14.5352,-22.75,0 14.5351,-22.7493,0 14.535,-22.7489,0 14.5349,-22.7481,0 14.5348,-22.7476,0 14.5346,-22.747,0 14.5346,-22.7466,0 14.5345,-22.7459,0 14.5342,-22.7446,0 14.534,-22.7439,0 14.5337,-22.7423,0 14.5333,-22.7399,0 14.5331,-22.739,0 14.5327,-22.7369,0 14.5326,-22.7362,0 14.5324,-22.7351,0 14.5323,-22.7346,0 14.5321,-22.7335,0 14.5307,-22.7266,0 14.5306,-22.7261,0 14.5305,-22.7252,0 14.53,-22.7228,0 14.5295,-22.7205,0 14.5292,-22.7192,0 14.5289,-22.718,0 14.5287,-22.717,0 14.5285,-22.7164,0 14.5283,-22.7157,0 14.528,-22.7147,0 14.5276,-22.7139,0 14.5274,-22.7133,0 14.5271,-22.7128,0 14.5267,-22.7121,0 14.5264,-22.7115,0 14.5257,-22.7105,0 14.5247,-22.709,0 14.5242,-22.7081,0 14.5236,-22.7072,0 14.5227,-22.7058,0 14.5226,-22.7055,0 14.5225,-22.7053,0 14.5224,-22.705,0 14.5222,-22.7045,0 14.5221,-22.7042,0 14.5221,-22.7038,0 14.522,-22.7034,0 14.522,-22.7031,0 14.5221,-22.7026,0 14.5222,-22.7021,0 14.5223,-22.7017,0 14.5224,-22.7014,0 14.5226,-22.701,0 14.5227,-22.7006,0 14.5231,-22.7001,0 14.5234,-22.6997,0 14.5239,-22.6992,0 14.5243,-22.6989,0 14.5247,-22.6986,0 14.5262,-22.6978,0 14.5271,-22.6972,0 14.5276,-22.6969,0 14.5279,-22.6967,0 14.5281,-22.6966,0 14.5284,-22.6965,0 14.5287,-22.6963,0 14.5292,-22.696,0 14.53,-22.6954,0 14.5302,-22.6953,0 14.5304,-22.6951,0 14.5307,-22.6947,0 14.5309,-22.6942,0 14.5309,-22.6937,0 14.5309,-22.6928,0 14.5307,-22.6908,0 14.5306,-22.6901,0 14.5305,-22.6898,0 14.5304,-22.6889,0 14.5304,-22.6887,0 14.5303,-22.6883,0 14.5302,-22.6875,0 14.5301,-22.6874,0 14.5301,-22.6871,0 14.53,-22.6867,0 14.53,-22.6866,0 14.5298,-22.6862,0 14.5297,-22.686,0 14.5295,-22.6857,0 14.5293,-22.6854,0 14.5291,-22.6851,0 14.5291,-22.6851,0 14.529,-22.685,0 14.529,-22.6849,0 14.5289,-22.6848,0 14.5288,-22.6848,0 14.5288,-22.6849,0 14.5287,-22.6849,0 14.5287,-22.6844,0 14.5284,-22.6832,0 14.5283,-22.6823,0 14.5281,-22.6812,0 14.5281,-22.6809,0 14.5281,-22.6808,0 14.5279,-22.6801,0 14.5279,-22.68,0 14.5279,-22.6799,0 14.5278,-22.6792,0 14.5276,-22.6783,0 14.5276,-22.6782,0 14.5275,-22.677,0 14.5275,-22.6768,0 14.5276,-22.6768,0 14.5283,-22.6768,0 14.5286,-22.6768,0 14.5289,-22.6768,0 14.529,-22.6768,0 14.529,-22.6769,0 14.529,-22.6769,0 14.5289,-22.6769,0 14.5289,-22.6768,0 14.529,-22.6768,0 14.5298,-22.6766,0 14.5304,-22.6766,0 14.5305,-22.6765,0 14.5313,-22.6764,0 14.5318,-22.6764,0 14.5319,-22.6764,0 14.5332,-22.6762,0 14.5334,-22.6762,0 14.5336,-22.6772,0 14.5337,-22.6773,0 14.5339,-22.6774,0 14.534,-22.6774,0 14.5347,-22.6773,0 14.5355,-22.6772,0 14.5378,-22.677,0 14.5386,-22.6768,0 14.5394,-22.6767,0 14.5403,-22.6766,0 14.5411,-22.6765,0 14.542,-22.6764,0 14.5424,-22.6763,0 14.5427,-22.6762,0 14.543,-22.6762,0 14.5432,-22.6761,0 14.5436,-22.676,0 14.5439,-22.6758,0 14.5442,-22.6757,0 14.5446,-22.6755,0 14.5455,-22.6748,0 14.5457,-22.6746,0 14.5481,-22.673,0 14.5482,-22.6729,0 14.5482,-22.6728,0 14.5483,-22.6727,0 14.5483,-22.6727,0 14.5483,-22.6727,0 14.5483,-22.6726,0 14.5483,-22.6726,0 14.5484,-22.6726,0 14.5484,-22.6725,0 14.5485,-22.6725,0 14.5485,-22.6725,0 14.5486,-22.6725,0 14.5487,-22.6725,0 14.5488,-22.6725,0 14.5495,-22.6722,0 14.5498,-22.672,0 14.5502,-22.6719,0 14.5506,-22.6718,0 14.5509,-22.6718,0 14.5517,-22.6716,0 14.5527,-22.6714,0 14.5551,-22.6709,0 14.5562,-22.6707,0 14.5577,-22.6704,0 14.5595,-22.67,0 14.5622,-22.6695,0 14.5622,-22.6694,0 14.5622,-22.6694,0 14.5623,-22.6693,0 14.5623,-22.6693,0 14.5624,-22.6692,0 14.5625,-22.6692,0 14.5625,-22.6693,0 14.5626,-22.6693,0 14.5626,-22.6694,0 14.5636,-22.6692,0 14.5661,-22.6685,0 14.5681,-22.6681,0 14.5685,-22.6681,0 14.5688,-22.668,0 14.5689,-22.668,0 14.5696,-22.6679,0 14.5724,-22.6673,0 14.573,-22.6671,0 14.5743,-22.6665,0 14.5759,-22.6657,0 14.5764,-22.6654,0 14.5767,-22.6652,0 14.577,-22.665,0 14.5772,-22.6647,0 14.5801,-22.6599,0 14.5803,-22.6596,0 14.5804,-22.6593,0 14.5805,-22.6588,0 14.5807,-22.6563,0 14.5808,-22.6551,0 14.5807,-22.6543,0 14.5807,-22.6537,0 14.5806,-22.6529,0 14.5804,-22.6521,0 14.5803,-22.6517,0 14.5801,-22.6506,0 14.58,-22.6501,0 14.5796,-22.6486,0 14.5795,-22.6481,0 14.5792,-22.6472,0 14.579,-22.6466,0 14.5788,-22.646,0 14.5786,-22.6456,0 14.5784,-22.6452,0 14.578,-22.6446,0 14.5775,-22.6438,0 14.5771,-22.6431,0 14.5766,-22.6424,0 14.5763,-22.6419,0 14.5759,-22.6414,0 14.5754,-22.6408,0 14.575,-22.6403,0 14.5749,-22.6401,0 14.5698,-22.6337,0 14.5688,-22.6323,0 14.5684,-22.6318,0 14.568,-22.6313,0 14.5676,-22.6308,0 14.5674,-22.6305,0 14.5672,-22.6303,0 14.567,-22.63,0 14.5666,-22.6295,0 14.5649,-22.6275,0 14.5643,-22.6267,0 14.5641,-22.6264,0 14.5639,-22.626,0 14.5603,-22.6216,0 14.5566,-22.6168,0 14.5549,-22.6147,0 14.5529,-22.6121,0 14.5503,-22.6088,0 14.5474,-22.6051,0 14.5451,-22.6022,0 14.545,-22.6021,0 14.5446,-22.6014,0 14.5436,-22.6,0 14.5428,-22.599,0 14.5423,-22.5983,0 14.5416,-22.5974,0 14.5412,-22.5967,0 14.5397,-22.5946,0 14.539,-22.5935,0 14.5386,-22.593,0 14.5385,-22.5928,0 14.5365,-22.5898,0 14.5345,-22.5865,0 14.5337,-22.5853,0 14.5308,-22.5804,0 14.5255,-22.5716,0 14.5192,-22.5611,0 14.5189,-22.5607,0 14.5176,-22.5584,0 14.5159,-22.5557,0 14.5142,-22.5529,0 14.512,-22.5492,0 14.51,-22.5458,0 14.5081,-22.5426,0 14.5061,-22.5394,0 14.5057,-22.5386,0 14.5053,-22.5379,0 14.505,-22.5373,0 14.5047,-22.5367,0 14.5044,-22.5358,0 14.5042,-22.5353,0 14.5041,-22.5349,0 14.5034,-22.5311,0 14.5031,-22.5301,0 14.5028,-22.5291,0 14.5023,-22.5279,0 14.5021,-22.5274,0 14.5017,-22.5268,0 14.5007,-22.5247,0 14.5002,-22.5237,0 14.4992,-22.5218,0 14.4986,-22.5205,0 14.4979,-22.5193,0 14.4972,-22.518,0 14.4969,-22.5173,0 14.4964,-22.5163,0 14.4955,-22.5146,0 14.4945,-22.5125,0 14.4939,-22.5114,0 14.4929,-22.5095,0 14.4925,-22.5086,0 14.4913,-22.5063,0 14.4883,-22.5005,0 14.4881,-22.5001,0 14.4879,-22.4996,0 14.4877,-22.4992,0 14.4873,-22.4985,0 14.487,-22.4981,0 14.4868,-22.4979,0 14.4859,-22.4969,0 14.4854,-22.4963,0 14.4847,-22.4955,0 14.4835,-22.4942,0 14.4822,-22.4928,0 14.4806,-22.491,0 14.4798,-22.4901,0 14.479,-22.4892,0 14.4786,-22.4885,0 14.4782,-22.488,0 14.4779,-22.4875,0 14.4776,-22.4869,0 14.4773,-22.4863,0 14.477,-22.4857,0 14.4768,-22.4851,0 14.476,-22.4831,0 14.4748,-22.4801,0 14.4718,-22.4724,0 14.4716,-22.4719,0 14.4712,-22.4709,0 14.4709,-22.4701,0 14.4707,-22.4697,0 14.4705,-22.4689,0 14.4702,-22.468,0 14.4699,-22.4668,0 14.4695,-22.4655,0 14.4692,-22.4644,0 14.469,-22.4638,0 14.4689,-22.4635,0 14.4688,-22.4632,0 14.4687,-22.4625,0 14.4684,-22.4617,0 14.4682,-22.4607,0 14.468,-22.4598,0 14.4676,-22.4585,0 14.4671,-22.4564,0 14.4667,-22.4551,0 14.4664,-22.4539,0 14.4663,-22.4532,0 14.4661,-22.4525,0 14.4659,-22.4517,0 14.4657,-22.4508,0 14.4654,-22.4497,0 14.465,-22.4477,0 14.4648,-22.4468,0 14.4646,-22.4464,0 14.4644,-22.4453,0 14.4642,-22.4446,0 14.464,-22.4437,0 14.4638,-22.4428,0 14.4637,-22.4426,0 14.4636,-22.442,0 14.4634,-22.4411,0 14.4633,-22.4407,0 14.4633,-22.44,0 14.4632,-22.4394,0 14.463,-22.4385,0 14.4629,-22.4375,0 14.4628,-22.437,0 14.4628,-22.4367,0 14.4626,-22.4359,0 14.4624,-22.4353,0 14.4623,-22.4348,0 14.4621,-22.4341,0 14.462,-22.4334,0 14.4617,-22.4323,0 14.4615,-22.4315,0 14.461,-22.4295,0 14.4603,-22.4267,0 14.4597,-22.4242,0 14.4593,-22.4227,0 14.4588,-22.4207,0 14.4585,-22.4196,0 14.4582,-22.4185,0 14.458,-22.4178,0 14.4577,-22.4171,0 14.4575,-22.4167,0 14.4569,-22.4154,0 14.4565,-22.4145,0 14.4562,-22.4141,0 14.456,-22.4136,0 14.4553,-22.4121,0 14.4539,-22.4092,0 14.4534,-22.4083,0 14.4529,-22.4073,0 14.4524,-22.4062,0 14.452,-22.4055,0 14.4517,-22.4048,0 14.4515,-22.4043,0 14.4505,-22.4024,0 14.4501,-22.4015,0 14.4496,-22.4006,0 14.4488,-22.3989,0 14.4484,-22.3981,0 14.4476,-22.3964,0 14.4463,-22.3938,0 14.446,-22.3933,0 14.4444,-22.3901,0 14.4429,-22.3869,0 14.4424,-22.3859,0 14.4421,-22.3854,0 14.4419,-22.3849,0 14.4417,-22.3843,0 14.4414,-22.3834,0 14.4413,-22.3828,0 14.4411,-22.3816,0 14.4407,-22.3792,0 14.4405,-22.3778,0 14.4402,-22.3757,0 14.4399,-22.3739,0 14.4399,-22.3736,0 14.4398,-22.3733,0 14.4398,-22.3729,0 14.4397,-22.3725,0 14.4396,-22.372,0 14.4395,-22.3717,0 14.4394,-22.3713,0 14.4389,-22.3696,0 14.4378,-22.366,0 14.4368,-22.3629,0 14.436,-22.3602,0 14.4358,-22.3592,0 14.4351,-22.357,0 14.4343,-22.3544,0 14.4339,-22.353,0 14.4337,-22.3524,0 14.4336,-22.3521,0 14.4335,-22.3519,0 14.4333,-22.3513,0 14.4331,-22.3508,0 14.4329,-22.3503,0 14.4327,-22.3499,0 14.4326,-22.3498,0 14.4324,-22.3493,0 14.4321,-22.3487,0 14.4315,-22.3478,0 14.4312,-22.3472,0 14.4305,-22.3462,0 14.4285,-22.343,0 14.4274,-22.3413,0 14.4264,-22.3396,0 14.4252,-22.3377,0 14.4242,-22.3361,0 14.4192,-22.3282,0 14.4179,-22.3261,0 14.417,-22.3247,0 14.4166,-22.3239,0 14.4161,-22.3232,0 14.4156,-22.3223,0 14.4154,-22.3219,0 14.4148,-22.3205,0 14.4142,-22.3192,0 14.4138,-22.3182,0 14.4128,-22.3157,0 14.4114,-22.3124,0 14.4107,-22.3105,0 14.4104,-22.3097,0 14.4086,-22.3057,0 14.4083,-22.3051,0 14.4057,-22.2998,0 14.4054,-22.2991,0 14.4047,-22.2976,0 14.404,-22.2961,0 14.4027,-22.2934,0 14.402,-22.292,0 14.4016,-22.2913,0 14.4012,-22.2905,0 14.4009,-22.2901,0 14.3997,-22.288,0 14.3994,-22.2875,0 14.397,-22.2835,0 14.3953,-22.2807,0 14.3947,-22.2797,0 14.3936,-22.2779,0 14.393,-22.2769,0 14.3926,-22.2765,0 14.3921,-22.2758,0 14.3916,-22.2751,0 14.3911,-22.2746,0 14.3899,-22.2734,0 14.3889,-22.2725,0 14.3781,-22.2622,0 14.3767,-22.2608,0 14.3754,-22.2593,0 14.375,-22.2587,0 14.3724,-22.2555,0 14.3719,-22.2549,0 14.3709,-22.2537,0 14.3694,-22.2518,0 14.3661,-22.2478,0 14.3645,-22.2459,0 14.3644,-22.2457,0 14.3642,-22.2455,0 14.3639,-22.2453,0 14.363,-22.2444,0 14.3622,-22.2436,0 14.3603,-22.2418,0 14.36,-22.2415,0 14.3573,-22.239,0 14.3568,-22.2386,0 14.3559,-22.2378,0 14.3555,-22.2374,0 14.3546,-22.2365,0 14.354,-22.2359,0 14.3535,-22.2353,0 14.353,-22.2346,0 14.3522,-22.2336,0 14.3522,-22.2335,0 14.3513,-22.2324,0 14.3507,-22.2315,0 14.3492,-22.2296,0 14.3471,-22.2268,0 14.3461,-22.2256,0 14.3441,-22.2229,0 14.3394,-22.2167,0 14.3357,-22.2117,0 14.3327,-22.2078,0 14.33,-22.2042,0 14.3285,-22.2022,0 14.3275,-22.2009,0 14.3262,-22.1992,0 14.3253,-22.1977,0 14.3248,-22.1967,0 14.3245,-22.196,0 14.3212,-22.1879,0 14.3199,-22.1847,0 14.3189,-22.1822,0 14.3181,-22.1801,0 14.3178,-22.1794,0 14.3169,-22.1771,0 14.3166,-22.1759,0 14.3164,-22.1737,0 14.3164,-22.1722,0 14.3165,-22.1713,0 14.3168,-22.17,0 14.3179,-22.1666,0 14.3179,-22.1662,0 14.3179,-22.1661,0 14.3179,-22.166,0 14.3179,-22.1659,0 14.3178,-22.1659,0 14.3177,-22.1658,0 14.3176,-22.1657,0 14.3164,-22.1654,0 14.3155,-22.1651,0 14.3148,-22.1648,0 14.3143,-22.1645,0 14.3136,-22.1641,0 14.3131,-22.1637,0 14.3125,-22.1633,0 14.312,-22.1628,0 14.3116,-22.1623,0 14.3111,-22.1617,0 14.3107,-22.1611,0 14.3103,-22.1604,0 14.3097,-22.159,0 14.3082,-22.155,0 14.3071,-22.1522,0 14.3008,-22.1366,0 14.3007,-22.1363,0 14.2994,-22.1331,0 14.2994,-22.1329,0 14.2992,-22.1325,0 14.2986,-22.1311,0 14.2984,-22.1304,0 14.2982,-22.1297,0 14.298,-22.1291,0 14.298,-22.1287,0 14.2979,-22.1282,0 14.2979,-22.128,0 14.2979,-22.1277,0 14.2979,-22.1271,0 14.2979,-22.1266,0 14.298,-22.1264,0 14.298,-22.126,0 14.2981,-22.125,0 14.2982,-22.1241,0 14.2982,-22.1237,0 14.2983,-22.1227,0 14.2985,-22.1215,0 14.2985,-22.1211,0 14.2985,-22.121,0 14.2985,-22.1205,0 14.2985,-22.1201,0 14.2985,-22.1197,0 14.2985,-22.1197,0 14.2985,-22.1193,0 14.2985,-22.1189,0 14.2984,-22.1184,0 14.2983,-22.118,0 14.2982,-22.1176,0 14.2979,-22.1168,0 14.2977,-22.1163,0 14.2976,-22.1161,0 14.2973,-22.1155,0 14.2971,-22.1151,0 14.2968,-22.1148,0 14.2965,-22.1145,0 14.2963,-22.1142,0 14.2959,-22.1138,0 14.2953,-22.1133,0 14.2942,-22.1122,0 14.2935,-22.1116,0 14.2929,-22.111,0 14.2925,-22.1107,0 14.2898,-22.1114,0 14.289,-22.1117,0 14.2883,-22.112,0 14.288,-22.1122,0 14.2876,-22.1124,0 14.2872,-22.1126,0 14.2868,-22.113,0 14.2863,-22.1134,0 14.2856,-22.1141,0 14.2845,-22.115,0 14.2845,-22.115,0 14.2829,-22.1163,0 14.2826,-22.1165,0 14.282,-22.116,0 14.2833,-22.1148,0 14.2837,-22.1145,0 14.2838,-22.1144,0 14.2837,-22.1143,0 14.2833,-22.1139,0 14.2842,-22.1126,0 14.2843,-22.1125,0 14.2848,-22.1118,0 14.2854,-22.1109,0 14.2862,-22.1099,0 14.2865,-22.1095,0 14.2869,-22.109,0 14.2871,-22.1086,0 14.2873,-22.1083,0 14.2883,-22.1068,0 14.2877,-22.1063,0 14.2865,-22.1051,0 14.2863,-22.105,0 14.2852,-22.104,0 14.2842,-22.1031,0 14.2833,-22.1022,0 14.2821,-22.1011,0 14.2803,-22.0995,0 14.2815,-22.0984,0 14.282,-22.0978,0 14.2822,-22.0976,0 14.2824,-22.0973,0 14.2825,-22.097,0 14.2826,-22.0968,0 14.2827,-22.0965,0 14.2827,-22.0962,0 14.2827,-22.0958,0 14.2828,-22.095,0 14.2828,-22.0947,0 14.28,-22.0947,0 14.2793,-22.0946,0 14.2787,-22.0946,0 14.278,-22.0944,0 14.2771,-22.0942,0 14.2763,-22.0939,0 14.2756,-22.0936,0 14.275,-22.0933,0 14.274,-22.0926,0 14.2733,-22.092,0 14.2728,-22.0915,0 14.2723,-22.0908,0 14.2718,-22.0902,0 14.2716,-22.0897,0 14.2713,-22.0891,0 14.271,-22.0884,0 14.2708,-22.0878,0 14.2704,-22.0868,0 14.2701,-22.0857,0 14.2696,-22.0844,0 14.269,-22.0828,0 14.2684,-22.0811,0 14.2677,-22.0792,0 14.2674,-22.0786,0 14.2671,-22.0781,0 14.2668,-22.0776,0 14.2663,-22.077,0 14.2651,-22.0756,0 14.2646,-22.0751,0 14.2611,-22.0712,0 14.2588,-22.0687,0 14.2571,-22.0668,0 14.2496,-22.0585,0 14.2452,-22.0537,0 14.2429,-22.0511,0 14.2423,-22.0505,0 14.2407,-22.0487,0 14.239,-22.0469,0 14.2373,-22.045,0 14.2358,-22.0433,0 14.2346,-22.042,0 14.2335,-22.0408,0 14.2325,-22.0397,0 14.2316,-22.0386,0 14.2306,-22.0376,0 14.2293,-22.0361,0 14.2254,-22.0318,0 14.2238,-22.0301,0 14.2216,-22.0276,0 14.2203,-22.0263,0 14.2187,-22.0245,0 14.2182,-22.0239,0 14.2141,-22.0194,0 14.2135,-22.0187,0 14.2091,-22.0139,0 14.2074,-22.012,0 14.2053,-22.0097,0 14.2012,-22.0052,0 14.2008,-22.0046,0 14.1884,-21.9909,0 14.1798,-21.9814,0 14.1733,-21.9743,0 14.1713,-21.9721,0 14.1703,-21.971,0 14.1682,-21.9687,0 14.1668,-21.9671,0 14.1637,-21.9638,0 14.1634,-21.9634,0 14.1571,-21.9565,0 14.1554,-21.9545,0 14.1547,-21.9534,0 14.153,-21.9508,0 14.147,-21.9416,0 14.141,-21.9324,0 14.1394,-21.9299,0 14.1328,-21.9198,0 14.1315,-21.9176,0 14.1308,-21.9168,0 14.1302,-21.916,0 14.1297,-21.9155,0 14.129,-21.915,0 14.1282,-21.9144,0 14.1262,-21.9133,0 14.1252,-21.9127,0 14.1222,-21.911,0 14.1216,-21.9107,0 14.1144,-21.9066,0 14.1136,-21.9062,0 14.1115,-21.905,0 14.1087,-21.9034,0 14.1079,-21.9029,0 14.1077,-21.9028,0 14.1074,-21.9025,0 14.1072,-21.9023,0 14.107,-21.9021,0 14.1068,-21.9019,0 14.1065,-21.9014,0 14.1063,-21.9011,0 14.1059,-21.9004,0 14.1054,-21.8996,0 14.105,-21.899,0 14.1046,-21.8984,0 14.1042,-21.8978,0 14.1038,-21.8972,0 14.1035,-21.8967,0 14.1032,-21.8961,0 14.103,-21.8958,0 14.1028,-21.8951,0 14.1024,-21.8939,0 14.1021,-21.893,0 14.1018,-21.8923,0 14.1012,-21.8905,0 14.1004,-21.888,0 14.0997,-21.886,0 14.0995,-21.8855,0 14.099,-21.884,0 14.0988,-21.8834,0 14.0983,-21.8825,0 14.0978,-21.8814,0 14.0972,-21.8805,0 14.0966,-21.8794,0 14.0954,-21.8773,0 14.0952,-21.877,0 14.0937,-21.8747,0 14.0913,-21.8715,0 14.0905,-21.8705,0 14.0897,-21.8695,0 14.0886,-21.8682,0 14.0875,-21.867,0 14.0872,-21.8666,0 14.087,-21.8664,0 14.0869,-21.8662,0 14.0868,-21.866,0 14.0865,-21.8655,0 14.0862,-21.8648,0 14.0858,-21.864,0 14.0857,-21.8636,0 14.0854,-21.8632,0 14.0846,-21.8617,0 14.0845,-21.8615,0 14.0834,-21.8597,0 14.0829,-21.859,0 14.0825,-21.8583,0 14.0813,-21.8566,0 14.0804,-21.8554,0 14.0799,-21.8547,0 14.0794,-21.8539,0 14.0791,-21.8533,0 14.0785,-21.8524,0 14.078,-21.8514,0 14.0777,-21.8507,0 14.0775,-21.8504,0 14.0774,-21.85,0 14.0772,-21.8494,0 14.0767,-21.8479,0 14.0764,-21.8469,0 14.0762,-21.8461,0 14.0755,-21.8436,0 14.075,-21.8422,0 14.0747,-21.8412,0 14.0744,-21.8404,0 14.0743,-21.84,0 14.074,-21.8395,0 14.0738,-21.8391,0 14.0735,-21.8387,0 14.0731,-21.838,0 14.0728,-21.8376,0 14.0724,-21.8371,0 14.0722,-21.8367,0 14.0721,-21.8364,0 14.0719,-21.8359,0 14.0717,-21.8352,0 14.071,-21.8328,0 14.0707,-21.8317,0 14.0705,-21.831,0 14.0704,-21.8305,0 14.0703,-21.83,0 14.0703,-21.8295,0 14.0703,-21.8292,0 14.0704,-21.8282,0 14.0705,-21.8269,0 14.0705,-21.8265,0 14.0705,-21.8262,0 14.0704,-21.826,0 14.0703,-21.8256,0 14.0701,-21.8253,0 14.07,-21.825,0 14.0687,-21.8231,0 14.0679,-21.8219,0 14.0654,-21.8183,0 14.0648,-21.8177,0 14.0641,-21.8171,0 14.0526,-21.8099,0 14.0503,-21.8084,0 14.0446,-21.8045,0 14.0378,-21.8,0 14.0334,-21.7971,0 14.0309,-21.7954,0 14.0291,-21.7942,0 14.0277,-21.7932,0 14.0262,-21.7922,0 14.0247,-21.7913,0 14.0237,-21.7906,0 14.022,-21.7895,0 14.0214,-21.7891,0 14.0209,-21.7887,0 14.0206,-21.7884,0 14.0203,-21.7879,0 14.02,-21.7876,0 14.0192,-21.7862,0 14.0172,-21.7828,0 14.0163,-21.7812,0 14.0157,-21.7801,0 14.0149,-21.779,0 14.0141,-21.7778,0 14.0135,-21.7768,0 14.0117,-21.7742,0 14.0073,-21.7682,0 14.0055,-21.7657,0 14.0042,-21.7639,0 14.0031,-21.7619,0 14.0023,-21.7603,0 14.0009,-21.7578,0 14.0,-21.7562,0 13.9991,-21.7544,0 13.9975,-21.7516,0 13.9971,-21.7509,0 13.9965,-21.7512,0 13.9965,-21.7513,0 13.9964,-21.7514,0 13.9963,-21.7515,0 13.9962,-21.7516,0 13.9962,-21.7518,0 13.9958,-21.7535,0 13.9953,-21.7547,0 13.994,-21.7572,0 13.9927,-21.7593,0 13.9913,-21.7611,0 13.9899,-21.7627,0 13.9884,-21.7642,0 13.9883,-21.7643,0 13.9881,-21.7644,0 13.9879,-21.7645,0 13.9875,-21.7646,0 13.987,-21.7647,0 13.9866,-21.7647,0 13.9861,-21.7648,0 13.9856,-21.7648,0 13.9847,-21.7647,0 13.9837,-21.7644,0 13.9822,-21.7638,0 13.9806,-21.7631,0 13.9792,-21.762,0 13.9787,-21.7616,0 13.9784,-21.7614,0 13.9782,-21.7614,0 13.9729,-21.7606,0 13.9702,-21.7603,0 13.97,-21.7603,0 13.9678,-21.7598,0 13.9674,-21.7598,0 13.9673,-21.7599,0 13.9672,-21.76,0 13.9653,-21.7628,0 13.9644,-21.7638,0 13.9641,-21.7644,0 13.9639,-21.7652,0 13.9639,-21.766,0 13.964,-21.7668,0 13.9639,-21.7681,0 13.9637,-21.7691,0 13.9635,-21.7694,0 13.9632,-21.7696,0 13.9628,-21.7698,0 13.9623,-21.77,0 13.9615,-21.77,0 13.9608,-21.77,0 13.9594,-21.7698,0 13.9589,-21.7697,0 13.9583,-21.7697,0 13.9573,-21.7701,0 13.9565,-21.7704,0 13.9556,-21.7706,0 13.9548,-21.7706,0 13.9544,-21.7707,0 13.9541,-21.7708,0 13.9531,-21.7715,0 13.9525,-21.7718,0 13.9525,-21.7718,0 13.9531,-21.7715,0 13.9541,-21.7708,0 13.9544,-21.7707,0 13.9548,-21.7706,0 13.9556,-21.7706,0 13.9565,-21.7704,0 13.9573,-21.7701,0 13.9583,-21.7697,0 13.9589,-21.7697,0 13.9594,-21.7698,0 13.9608,-21.77,0 13.9615,-21.77,0 13.9623,-21.77,0 13.9628,-21.7698,0 13.9632,-21.7696,0 13.9635,-21.7694,0 13.9637,-21.7691,0 13.9639,-21.7681,0 13.964,-21.7668,0 13.9639,-21.766,0 13.9639,-21.7652,0 13.9641,-21.7644,0 13.9644,-21.7638,0 13.9653,-21.7628,0 13.9672,-21.76,0 13.9673,-21.7599,0 13.9674,-21.7598,0 13.9678,-21.7598,0 13.97,-21.7603,0 13.9702,-21.7603,0 13.9729,-21.7606,0 13.9782,-21.7614,0 13.9784,-21.7614,0 13.9787,-21.7616,0 13.9792,-21.762,0 13.9806,-21.7631,0 13.9822,-21.7638,0 13.9837,-21.7644,0 13.9847,-21.7647,0 13.9856,-21.7648,0 13.9861,-21.7648,0 13.9866,-21.7647,0 13.987,-21.7647,0 13.9875,-21.7646,0 13.9879,-21.7645,0 13.9881,-21.7644,0 13.9883,-21.7643,0 13.9884,-21.7642,0 13.9899,-21.7627,0 13.9913,-21.7611,0 13.9927,-21.7593,0 13.994,-21.7572,0 13.9953,-21.7547,0 13.9958,-21.7535,0 13.9962,-21.7518,0 13.9962,-21.7516,0 13.9963,-21.7515,0 13.9964,-21.7514,0 13.9965,-21.7513,0 13.9965,-21.7512,0 13.9971,-21.7509,0 13.994,-21.7453,0 13.9909,-21.7396,0 13.9901,-21.7383,0 13.9894,-21.7371,0 13.9891,-21.7366,0 13.9888,-21.736,0 13.9884,-21.7352,0 13.9877,-21.734,0 13.9874,-21.7334,0 13.9823,-21.7241,0 13.9817,-21.7231,0 13.9815,-21.7226,0 13.9812,-21.7221,0 13.9811,-21.7216,0 13.9808,-21.7201,0 13.9807,-21.7197,0 13.9803,-21.718,0 13.9797,-21.7149,0 13.9796,-21.714,0 13.9795,-21.7137,0 13.9794,-21.7132,0 13.9792,-21.7126,0 13.9791,-21.7122,0 13.9787,-21.7114,0 13.9779,-21.7099,0 13.9772,-21.7084,0 13.9756,-21.7054,0 13.9712,-21.6966,0 13.9699,-21.6942,0 13.9696,-21.6934,0 13.9693,-21.693,0 13.969,-21.6924,0 13.9683,-21.6915,0 13.9671,-21.6899,0 13.9664,-21.6889,0 13.9657,-21.6879,0 13.9646,-21.6864,0 13.9626,-21.6838,0 13.9586,-21.6783,0 13.9554,-21.674,0 13.955,-21.6734,0 13.9547,-21.673,0 13.9543,-21.6724,0 13.954,-21.672,0 13.9534,-21.6713,0 13.9528,-21.6705,0 13.9527,-21.6703,0 13.9525,-21.6701,0 13.9523,-21.67,0 13.9517,-21.6694,0 13.9506,-21.6685,0 13.9498,-21.6678,0 13.9495,-21.6675,0 13.949,-21.667,0 13.948,-21.6662,0 13.9451,-21.6637,0 13.94,-21.6592,0 13.936,-21.6558,0 13.9345,-21.6545,0 13.9329,-21.6531,0 13.9302,-21.6508,0 13.9295,-21.6502,0 13.9274,-21.6484,0 13.9271,-21.6481,0 13.9262,-21.6473,0 13.9255,-21.6467,0 13.9247,-21.646,0 13.9243,-21.6456,0 13.9238,-21.6451,0 13.9235,-21.6447,0 13.9232,-21.6444,0 13.9228,-21.6437,0 13.9225,-21.6431,0 13.9221,-21.6425,0 13.9213,-21.6412,0 13.9211,-21.6409,0 13.9206,-21.6401,0 13.9193,-21.6378,0 13.9186,-21.6367,0 13.9174,-21.6348,0 13.9158,-21.6321,0 13.9156,-21.6317,0 13.9122,-21.6261,0 13.911,-21.6242,0 13.9094,-21.6215,0 13.9081,-21.6194,0 13.907,-21.6175,0 13.9065,-21.6167,0 13.9062,-21.6162,0 13.9056,-21.6153,0 13.9054,-21.6149,0 13.9051,-21.6144,0 13.9047,-21.6139,0 13.9044,-21.6134,0 13.9038,-21.6124,0 13.9035,-21.612,0 13.9033,-21.6117,0 13.9028,-21.611,0 13.9024,-21.6103,0 13.9019,-21.6096,0 13.9014,-21.6088,0 13.9,-21.6067,0 13.8992,-21.6055,0 13.8981,-21.6039,0 13.897,-21.6022,0 13.8959,-21.6004,0 13.8955,-21.5999,0 13.8947,-21.5986,0 13.8945,-21.5983,0 13.8941,-21.5978,0 13.8937,-21.5971,0 13.8932,-21.5964,0 13.8928,-21.5958,0 13.8925,-21.5953,0 13.8915,-21.5939,0 13.8895,-21.5908,0 13.8891,-21.5902,0 13.8884,-21.5891,0 13.8877,-21.588,0 13.8863,-21.586,0 13.8858,-21.585,0 13.8839,-21.5822,0 13.8834,-21.5815,0 13.8833,-21.5814,0 13.8829,-21.5807,0 13.8828,-21.5805,0 13.8825,-21.58,0 13.8824,-21.5798,0 13.8823,-21.5793,0 13.8822,-21.5791,0 13.882,-21.5786,0 13.8819,-21.5782,0 13.8818,-21.5777,0 13.8814,-21.5755,0 13.881,-21.5736,0 13.8807,-21.572,0 13.8804,-21.5706,0 13.8802,-21.57,0 13.88,-21.5689,0 13.8797,-21.5675,0 13.8792,-21.565,0 13.8786,-21.5624,0 13.8786,-21.5619,0 13.8785,-21.5615,0 13.8785,-21.5608,0 13.8785,-21.5603,0 13.8785,-21.56,0 13.8786,-21.5596,0 13.8786,-21.5592,0 13.8788,-21.5588,0 13.8791,-21.5579,0 13.8793,-21.5573,0 13.8804,-21.5537,0 13.8805,-21.5535,0 13.8805,-21.5532,0 13.8806,-21.5529,0 13.8806,-21.5526,0 13.8806,-21.5521,0 13.8806,-21.5519,0 13.8805,-21.5518,0 13.8805,-21.5514,0 13.8803,-21.5511,0 13.8801,-21.5505,0 13.88,-21.5502,0 13.8789,-21.5484,0 13.8787,-21.5481,0 13.8773,-21.546,0 13.877,-21.5456,0 13.8764,-21.5445,0 13.8743,-21.5412,0 13.874,-21.5407,0 13.8738,-21.5402,0 13.8735,-21.5395,0 13.8733,-21.5387,0 13.8723,-21.5339,0 13.8722,-21.5335,0 13.8716,-21.5307,0 13.8714,-21.5296,0 13.8711,-21.5284,0 13.8708,-21.5269,0 13.8705,-21.5258,0 13.8704,-21.5249,0 13.8701,-21.5237,0 13.8698,-21.5224,0 13.8695,-21.5212,0 13.8694,-21.5205,0 13.8693,-21.52,0 13.8693,-21.5197,0 13.8693,-21.5195,0 13.8693,-21.5193,0 13.8693,-21.5187,0 13.8693,-21.5183,0 13.8694,-21.5179,0 13.8695,-21.5175,0 13.87,-21.5155,0 13.8702,-21.5148,0 13.8703,-21.5143,0 13.8704,-21.514,0 13.8704,-21.5136,0 13.8705,-21.5132,0 13.8705,-21.513,0 13.8705,-21.5125,0 13.8704,-21.5122,0 13.8704,-21.5117,0 13.8702,-21.511,0 13.8702,-21.5108,0 13.8699,-21.5099,0 13.8697,-21.5094,0 13.8694,-21.5087,0 13.8693,-21.5086,0 13.8692,-21.5084,0 13.869,-21.508,0 13.8686,-21.5075,0 13.8682,-21.5071,0 13.8678,-21.5064,0 13.8673,-21.5058,0 13.8667,-21.505,0 13.8663,-21.5045,0 13.866,-21.5041,0 13.8658,-21.5037,0 13.8653,-21.5031,0 13.8648,-21.5024,0 13.864,-21.5015,0 13.8636,-21.5009,0 13.8631,-21.5001,0 13.8628,-21.4998,0 13.8627,-21.4997,0 13.862,-21.4987,0 13.8616,-21.4982,0 13.861,-21.4974,0 13.86,-21.4962,0 13.8596,-21.4956,0 13.8594,-21.4952,0 13.859,-21.4947,0 13.8587,-21.4943,0 13.8584,-21.4938,0 13.8583,-21.4933,0 13.8581,-21.493,0 13.8579,-21.4925,0 13.8578,-21.4919,0 13.8573,-21.4906,0 13.8568,-21.489,0 13.8559,-21.4864,0 13.855,-21.4839,0 13.8548,-21.4831,0 13.8544,-21.4822,0 13.8539,-21.4804,0 13.8532,-21.4785,0 13.8528,-21.4774,0 13.8527,-21.477,0 13.8525,-21.4766,0 13.8523,-21.4764,0 13.8521,-21.476,0 13.8518,-21.4758,0 13.8515,-21.4756,0 13.8512,-21.4754,0 13.841,-21.4691,0 13.8393,-21.468,0 13.8388,-21.4677,0 13.8384,-21.4674,0 13.8378,-21.4671,0 13.8374,-21.4667,0 13.8371,-21.4665,0 13.8367,-21.4662,0 13.8365,-21.466,0 13.8363,-21.4657,0 13.8361,-21.4654,0 13.8357,-21.4648,0 13.8354,-21.4643,0 13.835,-21.4637,0 13.8343,-21.4626,0 13.833,-21.4604,0 13.8315,-21.4581,0 13.8296,-21.4551,0 13.8268,-21.4506,0 13.8261,-21.4494,0 13.8247,-21.4473,0 13.8244,-21.4467,0 13.8241,-21.4464,0 13.8235,-21.4453,0 13.823,-21.4445,0 13.822,-21.443,0 13.8212,-21.4418,0 13.819,-21.4382,0 13.8189,-21.4381,0 13.8169,-21.4349,0 13.8152,-21.4323,0 13.8149,-21.4317,0 13.8144,-21.431,0 13.814,-21.4303,0 13.8131,-21.429,0 13.8123,-21.4276,0 13.8106,-21.425,0 13.8101,-21.424,0 13.8093,-21.4229,0 13.8084,-21.4214,0 13.8077,-21.4204,0 13.807,-21.4191,0 13.8063,-21.418,0 13.8058,-21.4173,0 13.8054,-21.4166,0 13.8046,-21.4153,0 13.8041,-21.4147,0 13.8038,-21.414,0 13.8036,-21.4136,0 13.8034,-21.4131,0 13.8033,-21.4128,0 13.8033,-21.4125,0 13.8031,-21.4116,0 13.8029,-21.4103,0 13.8027,-21.4091,0 13.8026,-21.4085,0 13.8017,-21.4035,0 13.7997,-21.3917,0 13.7989,-21.387,0 13.7971,-21.3767,0 13.7968,-21.3749,0 13.7946,-21.3618,0 13.7943,-21.3604,0 13.7942,-21.3598,0 13.794,-21.3591,0 13.7938,-21.3586,0 13.7937,-21.3583,0 13.7934,-21.3579,0 13.7933,-21.3577,0 13.793,-21.3573,0 13.7927,-21.3569,0 13.7921,-21.3563,0 13.7914,-21.3556,0 13.7905,-21.3546,0 13.7895,-21.3536,0 13.7887,-21.3527,0 13.7875,-21.3514,0 13.7864,-21.3502,0 13.7849,-21.3486,0 13.783,-21.3466,0 13.7789,-21.3422,0 13.7748,-21.3378,0 13.772,-21.3348,0 13.7694,-21.332,0 13.7679,-21.3304,0 13.7663,-21.3287,0 13.7656,-21.328,0 13.756,-21.3176,0 13.7555,-21.317,0 13.7547,-21.3162,0 13.7536,-21.315,0 13.7532,-21.3146,0 13.7526,-21.3139,0 13.7519,-21.3132,0 13.7513,-21.3126,0 13.7508,-21.312,0 13.7503,-21.3115,0 13.7498,-21.311,0 13.7494,-21.3105,0 13.7483,-21.3094,0 13.7478,-21.3088,0 13.7472,-21.3082,0 13.7467,-21.3076,0 13.7462,-21.3071,0 13.7449,-21.3057,0 13.7431,-21.3038,0 13.7415,-21.3021,0 13.7409,-21.3015,0 13.7404,-21.3009,0 13.7403,-21.3007,0 13.7401,-21.3005,0 13.7398,-21.3,0 13.7395,-21.2994,0 13.7393,-21.2991,0 13.7388,-21.2982,0 13.7379,-21.2966,0 13.7373,-21.2954,0 13.7366,-21.2941,0 13.736,-21.2929,0 13.7353,-21.2917,0 13.7347,-21.2905,0 13.7341,-21.2895,0 13.7339,-21.289,0 13.7337,-21.2886,0 13.7332,-21.2878,0 13.7331,-21.2875,0 13.7326,-21.2867,0 13.7323,-21.2861,0 13.732,-21.2855,0 13.7318,-21.2851,0 13.7315,-21.2846,0 13.7312,-21.284,0 13.7309,-21.2836,0 13.7306,-21.2829,0 13.7304,-21.2825,0 13.7301,-21.282,0 13.7299,-21.2815,0 13.7292,-21.2803,0 13.7289,-21.2796,0 13.7286,-21.2792,0 13.7281,-21.2783,0 13.7269,-21.276,0 13.7266,-21.2754,0 13.7263,-21.2748,0 13.7258,-21.2739,0 13.7256,-21.2735,0 13.7246,-21.2716,0 13.7239,-21.2703,0 13.7233,-21.2693,0 13.723,-21.2686,0 13.7226,-21.268,0 13.7222,-21.2672,0 13.7217,-21.2662,0 13.7214,-21.2656,0 13.7212,-21.2653,0 13.7209,-21.2648,0 13.72,-21.263,0 13.7197,-21.2625,0 13.7194,-21.2621,0 13.7188,-21.2608,0 13.7181,-21.2595,0 13.7167,-21.2569,0 13.7162,-21.256,0 13.7162,-21.2559,0 13.7156,-21.2548,0 13.715,-21.2537,0 13.7146,-21.253,0 13.7142,-21.2522,0 13.7139,-21.2517,0 13.7136,-21.2512,0 13.7135,-21.2509,0 13.7133,-21.2507,0 13.7131,-21.2503,0 13.7129,-21.2501,0 13.7127,-21.2498,0 13.7125,-21.2495,0 13.7124,-21.2493,0 13.7122,-21.2491,0 13.7117,-21.2485,0 13.7115,-21.2483,0 13.7113,-21.2481,0 13.7112,-21.248,0 13.711,-21.2476,0 13.7102,-21.2467,0 13.7098,-21.2462,0 13.709,-21.2453,0 13.7086,-21.2448,0 13.7082,-21.2443,0 13.7074,-21.2433,0 13.7068,-21.2425,0 13.7066,-21.2422,0 13.7061,-21.2417,0 13.7055,-21.2409,0 13.7053,-21.2407,0 13.7051,-21.2405,0 13.7046,-21.2399,0 13.7037,-21.2387,0 13.7013,-21.2358,0 13.6965,-21.2299,0 13.6944,-21.2274,0 13.6925,-21.2251,0 13.692,-21.2244,0 13.6904,-21.2225,0 13.6899,-21.222,0 13.6892,-21.221,0 13.6885,-21.2202,0 13.687,-21.2184,0 13.6862,-21.2174,0 13.6858,-21.2169,0 13.6847,-21.2156,0 13.6844,-21.2153,0 13.6842,-21.215,0 13.6841,-21.2148,0 13.6839,-21.2146,0 13.6836,-21.2142,0 13.6833,-21.2139,0 13.6825,-21.2129,0 13.6813,-21.2114,0 13.6802,-21.2101,0 13.6793,-21.209,0 13.6791,-21.2087,0 13.679,-21.2084,0 13.6787,-21.2081,0 13.6786,-21.2076,0 13.6785,-21.2074,0 13.6783,-21.207,0 13.6782,-21.2065,0 13.6781,-21.2061,0 13.6774,-21.2036,0 13.6772,-21.2026,0 13.677,-21.202,0 13.6763,-21.1995,0 13.676,-21.1987,0 13.6759,-21.1982,0 13.6758,-21.1978,0 13.6753,-21.1959,0 13.675,-21.195,0 13.6748,-21.1941,0 13.6743,-21.1924,0 13.6733,-21.1889,0 13.673,-21.1878,0 13.6729,-21.1873,0 13.6728,-21.1868,0 13.6726,-21.1864,0 13.6725,-21.1857,0 13.6723,-21.1851,0 13.6721,-21.1845,0 13.6718,-21.1835,0 13.6716,-21.1825,0 13.6714,-21.182,0 13.6712,-21.1814,0 13.6707,-21.1797,0 13.6704,-21.1785,0 13.6702,-21.1776,0 13.6701,-21.1772,0 13.6699,-21.1767,0 13.6698,-21.1763,0 13.6697,-21.1759,0 13.6695,-21.1751,0 13.6694,-21.1745,0 13.6694,-21.1745,0 13.6694,-21.1743,0 13.6693,-21.1741,0 13.6694,-21.1739,0 13.6695,-21.1733,0 13.6695,-21.1728,0 13.6695,-21.1727,0 13.6695,-21.1727,0 13.6695,-21.1725,0 13.6694,-21.1723,0 13.6688,-21.1713,0 13.6682,-21.1703,0 13.6677,-21.1694,0 13.6675,-21.1688,0 13.6673,-21.1681,0 13.6671,-21.1675,0 13.6668,-21.167,0 13.6662,-21.1658,0 13.6654,-21.1646,0 13.665,-21.164,0 13.6644,-21.163,0 13.6637,-21.1623,0 13.6617,-21.1602,0 13.6607,-21.1593,0 13.6605,-21.1592,0 13.6601,-21.1588,0 13.6597,-21.1587,0 13.6592,-21.1584,0 13.6549,-21.1575,0 13.6502,-21.1565,0 13.6472,-21.1558,0 13.6405,-21.1544,0 13.6396,-21.1541,0 13.638,-21.1536,0 13.636,-21.1527,0 13.6338,-21.1517,0 13.6254,-21.1478,0 13.618,-21.1443,0 13.617,-21.1439,0 13.6165,-21.1437,0 13.6161,-21.1436,0 13.6156,-21.1436,0 13.6153,-21.1436,0 13.6147,-21.1436,0 13.6134,-21.144,0 13.6128,-21.1442,0 13.6121,-21.1442,0 13.6116,-21.1441,0 13.6112,-21.1439,0 13.6109,-21.1437,0 13.609,-21.1423,0 13.5946,-21.1304,0 13.5902,-21.1268,0 13.5826,-21.1207,0 13.5789,-21.1176,0 13.5694,-21.1099,0 13.5685,-21.1092,0 13.5677,-21.1083,0 13.5661,-21.1065,0 13.5632,-21.1029,0 13.5621,-21.1016,0 13.5618,-21.1011,0 13.5616,-21.1006,0 13.5613,-21.0998,0 13.5611,-21.0988,0 13.5588,-21.0845,0 13.5587,-21.0841,0 13.5585,-21.0824,0 13.5582,-21.0806,0 13.5555,-21.0641,0 13.5536,-21.0524,0 13.5532,-21.05,0 13.553,-21.0486,0 13.5527,-21.0478,0 13.5524,-21.047,0 13.5516,-21.0455,0 13.5514,-21.045,0 13.5504,-21.0434,0 13.5493,-21.0417,0 13.5492,-21.0415,0 13.5487,-21.041,0 13.5475,-21.0398,0 13.5441,-21.0364,0 13.5418,-21.0341,0 13.5413,-21.0336,0 13.5405,-21.0328,0 13.5395,-21.0318,0 13.5391,-21.0314,0 13.5389,-21.031,0 13.5384,-21.0301,0 13.5368,-21.0268,0 13.5363,-21.0256,0 13.5358,-21.0244,0 13.5356,-21.0239,0 13.5354,-21.0233,0 13.5352,-21.0226,0 13.5348,-21.0206,0 13.5339,-21.0165,0 13.5329,-21.0123,0 13.532,-21.0083,0 13.5311,-21.0041,0 13.531,-21.0037,0 13.5309,-21.0034,0 13.5306,-21.0025,0 13.5304,-21.002,0 13.5299,-21.0011,0 13.5293,-21.0001,0 13.5279,-20.9978,0 13.5253,-20.9936,0 13.5249,-20.993,0 13.5245,-20.9924,0 13.5236,-20.9911,0 13.5155,-20.9798,0 13.5118,-20.9746,0 13.5115,-20.9742,0 13.5109,-20.9732,0 13.5105,-20.9724,0 13.5099,-20.9712,0 13.5095,-20.9705,0 13.5085,-20.9685,0 13.5064,-20.9643,0 13.5047,-20.961,0 13.5037,-20.9592,0 13.5034,-20.9587,0 13.5031,-20.9583,0 13.5028,-20.9579,0 13.5025,-20.9576,0 13.5022,-20.9573,0 13.5016,-20.9569,0 13.5011,-20.9565,0 13.4996,-20.9555,0 13.496,-20.9532,0 13.493,-20.9512,0 13.4927,-20.951,0 13.4925,-20.9508,0 13.4919,-20.9503,0 13.4879,-20.9464,0 13.487,-20.9455,0 13.4836,-20.9422,0 13.483,-20.9416,0 13.4826,-20.9413,0 13.4822,-20.941,0 13.4819,-20.9408,0 13.4814,-20.9406,0 13.4809,-20.9404,0 13.4761,-20.9385,0 13.4751,-20.9381,0 13.4746,-20.938,0 13.4743,-20.9378,0 13.474,-20.9377,0 13.4737,-20.9374,0 13.4733,-20.9371,0 13.4724,-20.9359,0 13.4709,-20.9339,0 13.468,-20.9301,0 13.4652,-20.9264,0 13.464,-20.9247,0 13.4637,-20.9241,0 13.4635,-20.9235,0 13.4634,-20.9229,0 13.4633,-20.9223,0 13.4638,-20.9153,0 13.4639,-20.9142,0 13.4638,-20.9137,0 13.4638,-20.9133,0 13.4636,-20.9127,0 13.4635,-20.9122,0 13.4633,-20.9119,0 13.4631,-20.9114,0 13.4628,-20.911,0 13.4623,-20.9103,0 13.4617,-20.9096,0 13.4601,-20.9077,0 13.4584,-20.9057,0 13.4571,-20.904,0 13.4556,-20.9022,0 13.4538,-20.9,0 13.4514,-20.8972,0 13.4505,-20.8961,0 13.4495,-20.8949,0 13.449,-20.8944,0 13.4484,-20.894,0 13.4475,-20.8936,0 13.4459,-20.8928,0 13.4457,-20.8927,0 13.4436,-20.8918,0 13.4416,-20.8909,0 13.4372,-20.8889,0 13.4364,-20.8886,0 13.4358,-20.8882,0 13.4352,-20.8879,0 13.4347,-20.8875,0 13.4341,-20.887,0 13.4337,-20.8866,0 13.4334,-20.8862,0 13.4288,-20.8806,0 13.4257,-20.8767,0 13.422,-20.8723,0 13.4181,-20.8674,0 13.4174,-20.8665,0 13.4169,-20.8657,0 13.4162,-20.8645,0 13.4149,-20.8621,0 13.4132,-20.8588,0 13.4076,-20.848,0 13.4049,-20.8426,0 13.4021,-20.8373,0 13.3998,-20.8329,0 13.3971,-20.8279,0 13.3963,-20.8263,0 13.396,-20.8258,0 13.3959,-20.8255,0 13.3958,-20.8251,0 13.3957,-20.8246,0 13.3957,-20.8241,0 13.3957,-20.8233,0 13.3957,-20.8223,0 13.3958,-20.8209,0 13.3959,-20.8202,0 13.3959,-20.8194,0 13.3961,-20.8187,0 13.3962,-20.8183,0 13.3963,-20.8179,0 13.3965,-20.817,0 13.3969,-20.8162,0 13.3974,-20.815,0 13.3977,-20.8145,0 13.398,-20.8139,0 13.3984,-20.813,0 13.3984,-20.8125,0 13.3984,-20.812,0 13.3984,-20.8115,0 13.3983,-20.811,0 13.3957,-20.7979,0 13.3952,-20.7957,0 13.395,-20.7947,0 13.3947,-20.7939,0 13.3942,-20.7925,0 13.3939,-20.7915,0 13.3938,-20.7912,0 13.3937,-20.7904,0 13.3937,-20.7896,0 13.3936,-20.7867,0 13.3936,-20.7854,0 13.3934,-20.7831,0 13.3929,-20.7771,0 13.3919,-20.7647,0 13.3918,-20.7633,0 13.3913,-20.7617,0 13.3906,-20.7598,0 13.3891,-20.7555,0 13.3882,-20.7533,0 13.3854,-20.7455,0 13.3825,-20.7376,0 13.381,-20.7331,0 13.3804,-20.7312,0 13.3803,-20.7306,0 13.3802,-20.7298,0 13.38,-20.7237,0 13.3799,-20.7213,0 13.3796,-20.7175,0 13.3791,-20.7127,0 13.3786,-20.707,0 13.3784,-20.7052,0 13.3782,-20.7043,0 13.3779,-20.7031,0 13.3772,-20.7007,0 13.3764,-20.6978,0 13.3763,-20.6973,0 13.3761,-20.6962,0 13.376,-20.6953,0 13.3757,-20.6927,0 13.3756,-20.6916,0 13.3755,-20.6901,0 13.3754,-20.6898,0 13.3753,-20.6894,0 13.3752,-20.6891,0 13.3746,-20.6872,0 13.3744,-20.6866,0 13.3742,-20.6856,0 13.3742,-20.6853,0 13.3741,-20.6849,0 13.3738,-20.6819,0 13.3736,-20.68,0 13.3735,-20.679,0 13.3733,-20.678,0 13.3728,-20.6759,0 13.3723,-20.6739,0 13.3722,-20.6736,0 13.372,-20.6732,0 13.3718,-20.6728,0 13.3715,-20.672,0 13.3701,-20.6692,0 13.3697,-20.6683,0 13.3695,-20.6679,0 13.3693,-20.6673,0 13.3691,-20.6665,0 13.3688,-20.665,0 13.3676,-20.6597,0 13.3664,-20.6541,0 13.3659,-20.6524,0 13.3655,-20.6509,0 13.3641,-20.6467,0 13.3622,-20.6408,0 13.3611,-20.6373,0 13.361,-20.6369,0 13.361,-20.6365,0 13.361,-20.634,0 13.3611,-20.6241,0 13.3612,-20.6132,0 13.3613,-20.6038,0 13.3615,-20.5939,0 13.3616,-20.5841,0 13.3617,-20.5782,0 13.3618,-20.5729,0 13.3618,-20.5715,0 13.3618,-20.567,0 13.3618,-20.5666,0 13.3617,-20.5658,0 13.3616,-20.5654,0 13.3615,-20.5649,0 13.3604,-20.5624,0 13.3585,-20.5579,0 13.355,-20.5499,0 13.3444,-20.5251,0 13.343,-20.5218,0 13.3423,-20.5202,0 13.3404,-20.5159,0 13.336,-20.5057,0 13.3303,-20.4925,0 13.3279,-20.4868,0 13.3235,-20.4765,0 13.3232,-20.4759,0 13.3215,-20.4719,0 13.3203,-20.469,0 13.3167,-20.4609,0 13.3134,-20.453,0 13.3122,-20.4502,0 13.3103,-20.446,0 13.306,-20.436,0 13.3038,-20.431,0 13.3024,-20.4275,0 13.3013,-20.4248,0 13.301,-20.4239,0 13.3008,-20.4232,0 13.3008,-20.4223,0 13.3008,-20.4216,0 13.3008,-20.4205,0 13.3009,-20.4191,0 13.301,-20.417,0 13.3011,-20.413,0 13.3013,-20.4099,0 13.3014,-20.4069,0 13.3015,-20.403,0 13.3018,-20.3977,0 13.3018,-20.3933,0 13.3019,-20.3924,0 13.3019,-20.392,0 13.302,-20.3915,0 13.3025,-20.3883,0 13.303,-20.3849,0 13.3035,-20.3818,0 13.3038,-20.3802,0 13.3038,-20.3797,0 13.3038,-20.3794,0 13.3036,-20.3787,0 13.3035,-20.3782,0 13.3033,-20.3778,0 13.3028,-20.3768,0 13.3024,-20.3761,0 13.302,-20.375,0 13.3004,-20.3717,0 13.3001,-20.3709,0 13.2949,-20.3598,0 13.2945,-20.3589,0 13.2871,-20.343,0 13.282,-20.332,0 13.2816,-20.3313,0 13.2813,-20.3308,0 13.2811,-20.3304,0 13.2808,-20.3301,0 13.2805,-20.3297,0 13.2801,-20.3294,0 13.2792,-20.3289,0 13.2724,-20.3251,0 13.2625,-20.3195,0 13.2619,-20.3192,0 13.2614,-20.319,0 13.2609,-20.3189,0 13.2604,-20.3188,0 13.256,-20.3185,0 13.2543,-20.3184,0 13.2535,-20.3184,0 13.2473,-20.3194,0 13.2463,-20.3195,0 13.2459,-20.3195,0 13.2456,-20.3195,0 13.2454,-20.3195,0 13.2451,-20.3194,0 13.2441,-20.319,0 13.243,-20.3185,0 13.2425,-20.3184,0 13.2412,-20.3179,0 13.241,-20.3178,0 13.2408,-20.3177,0 13.2404,-20.3175,0 13.2401,-20.3173,0 13.2393,-20.3165,0 13.2373,-20.3142,0 13.2356,-20.3116,0 13.2345,-20.3094,0 13.2335,-20.3077,0 13.2335,-20.3077,0 13.2301,-20.3016,0 13.229,-20.2996,0 13.2278,-20.2975,0 13.2253,-20.2932,0 13.2252,-20.2929,0 13.2246,-20.2909,0 13.2233,-20.2863,0 13.22,-20.2749,0 13.2197,-20.2724,0 13.2199,-20.27,0 13.2205,-20.2648,0 13.2209,-20.2608,0 13.221,-20.2585,0 13.2197,-20.2489,0 13.2191,-20.2442,0 13.2184,-20.242,0 13.2173,-20.2398,0 13.2152,-20.2356,0 13.214,-20.2335,0 13.2132,-20.2313,0 13.2126,-20.229,0 13.2122,-20.2268,0 13.2115,-20.2245,0 13.2099,-20.2199,0 13.2096,-20.2189,0 13.2096,-20.2186,0 13.2095,-20.2185,0 13.2095,-20.2184,0 13.2095,-20.2183,0 13.2095,-20.2183,0 13.2095,-20.2182,0 13.2095,-20.2182,0 13.2096,-20.2181,0 13.2097,-20.2177,0 13.2101,-20.2168,0 13.2098,-20.2154,0 13.2088,-20.2133,0 13.2021,-20.2004,0 13.2016,-20.1994,0 13.2016,-20.1981,0 13.2016,-20.1957,0 13.2015,-20.1933,0 13.201,-20.191,0 13.2008,-20.1899,0 13.2003,-20.1889,0 13.2001,-20.1887,0 13.1993,-20.1878,0 13.1976,-20.1861,0 13.1943,-20.1835,0 13.1937,-20.1829,0 13.1934,-20.1824,0 13.1932,-20.1815,0 13.193,-20.1746,0 13.1931,-20.1733,0 13.1933,-20.171,0 13.1937,-20.1687,0 13.1944,-20.1665,0 13.1957,-20.1594,0 13.196,-20.1571,0 13.1952,-20.1548,0 13.1886,-20.1371,0 13.1877,-20.135,0 13.1875,-20.1344,0 13.1872,-20.134,0 13.1867,-20.1334,0 13.1863,-20.133,0 13.186,-20.1327,0 13.1853,-20.1323,0 13.1847,-20.1319,0 13.1841,-20.1316,0 13.1831,-20.1311,0 13.1826,-20.1309,0 13.182,-20.1307,0 13.1725,-20.1278,0 13.1433,-20.1188,0 13.1426,-20.1186,0 13.1421,-20.1185,0 13.1418,-20.1184,0 13.1415,-20.1184,0 13.1412,-20.1183,0 13.1408,-20.1183,0 13.1383,-20.1186,0 13.1234,-20.1204,0 13.123,-20.1205,0 13.1226,-20.1205,0 13.1222,-20.1206,0 13.1216,-20.1207,0 13.1211,-20.1209,0 13.1185,-20.1218,0 13.1183,-20.1219,0 13.1182,-20.1219,0 13.1181,-20.1219,0 13.118,-20.1219,0 13.1179,-20.1219,0 13.1178,-20.1219,0 13.1177,-20.1219,0 13.1176,-20.1219,0 13.1175,-20.1219,0 13.1172,-20.1217,0 13.1169,-20.1216,0 13.1164,-20.1214,0 13.1143,-20.1202,0 13.1013,-20.1128,0 13.0991,-20.1116,0 13.0967,-20.1108,0 13.0945,-20.1095,0 13.0864,-20.1041,0 13.0845,-20.1025,0 13.0747,-20.0915,0 13.074,-20.0906,0 13.0738,-20.0902,0 13.0735,-20.0895,0 13.0734,-20.0872,0 13.0733,-20.0857,0 13.0732,-20.0853,0 13.073,-20.0848,0 13.0716,-20.0827,0 13.0645,-20.0728,0 13.0638,-20.0722,0 13.0628,-20.0716,0 13.0614,-20.071,0 13.0602,-20.0704,0 13.0591,-20.07,0 13.0584,-20.0697,0 13.058,-20.0694,0 13.0578,-20.0692,0 13.0576,-20.069,0 13.0572,-20.0686,0 13.0567,-20.0673,0 13.0545,-20.0604,0 13.0539,-20.0581,0 13.0538,-20.0558,0 13.0538,-20.055,0 13.0538,-20.053,0 13.0535,-20.0441,0 13.0534,-20.0417,0 13.0538,-20.0371,0 13.0547,-20.0276,0 13.0542,-20.0254,0 13.0533,-20.0231,0 13.0526,-20.0214,0 13.0527,-20.0209,0 13.0531,-20.0182,0 13.0531,-20.0174,0 13.0528,-20.0162,0 13.0519,-20.0137,0 13.0507,-20.012,0 13.0492,-20.0076,0 13.0486,-20.0054,0 13.0479,-20.003,0 13.0462,-19.9987,0 13.0453,-19.9964,0 13.0451,-19.9961,0 13.0449,-19.9959,0 13.0444,-19.9955,0 13.0431,-19.9948,0 13.0425,-19.9946,0 13.0418,-19.9945,0 13.0402,-19.9944,0 13.0392,-19.9943,0 13.0386,-19.9942,0 13.0381,-19.994,0 13.0376,-19.9938,0 13.0374,-19.9936,0 13.0372,-19.9934,0 13.037,-19.9932,0 13.0368,-19.9929,0 13.0367,-19.9928,0 13.0367,-19.9925,0 13.0368,-19.9923,0 13.0369,-19.9922,0 13.0371,-19.992,0 13.0373,-19.9918,0 13.0373,-19.9917,0 13.0374,-19.9916,0 13.0374,-19.9915,0 13.0373,-19.9914,0 13.0373,-19.9913,0 13.0373,-19.9911,0 13.0372,-19.991,0 13.037,-19.9908,0 13.0368,-19.9907,0 13.0366,-19.9906,0 13.0356,-19.9903,0 13.0341,-19.9898,0</coordinates></LineString>
    </Placemark>
    <Placemark>
      <name>D8 · Skeleton Coast → Twyfelfontein → Hoada</name>
      <description>8 nov · 367 km</description>
      <styleUrl>#damaraland</styleUrl>
      <LineString><tessellate>1</tessellate><coordinates>13.0341,-19.9898,0 13.0356,-19.9903,0 13.0366,-19.9906,0 13.0368,-19.9907,0 13.037,-19.9908,0 13.0372,-19.991,0 13.0373,-19.9911,0 13.0373,-19.9913,0 13.0373,-19.9914,0 13.0374,-19.9915,0 13.0374,-19.9916,0 13.0373,-19.9917,0 13.0373,-19.9918,0 13.0371,-19.992,0 13.0369,-19.9922,0 13.0368,-19.9923,0 13.0367,-19.9925,0 13.0367,-19.9928,0 13.0368,-19.9929,0 13.037,-19.9932,0 13.0372,-19.9934,0 13.0374,-19.9936,0 13.0376,-19.9938,0 13.0381,-19.994,0 13.0386,-19.9942,0 13.0392,-19.9943,0 13.0402,-19.9944,0 13.0418,-19.9945,0 13.0425,-19.9946,0 13.0431,-19.9948,0 13.0444,-19.9955,0 13.0449,-19.9959,0 13.0451,-19.9961,0 13.0453,-19.9964,0 13.0462,-19.9987,0 13.0479,-20.003,0 13.0486,-20.0054,0 13.0492,-20.0076,0 13.0507,-20.012,0 13.0519,-20.0137,0 13.0528,-20.0162,0 13.0531,-20.0174,0 13.0531,-20.0182,0 13.0527,-20.0209,0 13.0526,-20.0214,0 13.0533,-20.0231,0 13.0542,-20.0254,0 13.0547,-20.0276,0 13.0538,-20.0371,0 13.0534,-20.0417,0 13.0535,-20.0441,0 13.0538,-20.053,0 13.0538,-20.055,0 13.0538,-20.0558,0 13.0539,-20.0581,0 13.0545,-20.0604,0 13.0567,-20.0673,0 13.0572,-20.0686,0 13.0576,-20.069,0 13.0578,-20.0692,0 13.058,-20.0694,0 13.0584,-20.0697,0 13.0591,-20.07,0 13.0602,-20.0704,0 13.0614,-20.071,0 13.0628,-20.0716,0 13.0638,-20.0722,0 13.0645,-20.0728,0 13.0716,-20.0827,0 13.073,-20.0848,0 13.0732,-20.0853,0 13.0733,-20.0857,0 13.0734,-20.0872,0 13.0735,-20.0895,0 13.0738,-20.0902,0 13.074,-20.0906,0 13.0747,-20.0915,0 13.0845,-20.1025,0 13.0864,-20.1041,0 13.0945,-20.1095,0 13.0967,-20.1108,0 13.0991,-20.1116,0 13.1013,-20.1128,0 13.1143,-20.1202,0 13.1164,-20.1214,0 13.1169,-20.1216,0 13.1172,-20.1217,0 13.1175,-20.1219,0 13.1176,-20.1219,0 13.1177,-20.1219,0 13.1178,-20.1219,0 13.1179,-20.1219,0 13.118,-20.1219,0 13.1181,-20.1219,0 13.1182,-20.1219,0 13.1183,-20.1219,0 13.1185,-20.1218,0 13.1211,-20.1209,0 13.1216,-20.1207,0 13.1222,-20.1206,0 13.1226,-20.1205,0 13.123,-20.1205,0 13.1234,-20.1204,0 13.1383,-20.1186,0 13.1408,-20.1183,0 13.1412,-20.1183,0 13.1415,-20.1184,0 13.1418,-20.1184,0 13.1421,-20.1185,0 13.1426,-20.1186,0 13.1433,-20.1188,0 13.1725,-20.1278,0 13.182,-20.1307,0 13.1826,-20.1309,0 13.1831,-20.1311,0 13.1841,-20.1316,0 13.1847,-20.1319,0 13.1853,-20.1323,0 13.186,-20.1327,0 13.1863,-20.133,0 13.1867,-20.1334,0 13.1872,-20.134,0 13.1875,-20.1344,0 13.1877,-20.135,0 13.1886,-20.1371,0 13.1952,-20.1548,0 13.196,-20.1571,0 13.1957,-20.1594,0 13.1944,-20.1665,0 13.1937,-20.1687,0 13.1933,-20.171,0 13.1931,-20.1733,0 13.193,-20.1746,0 13.1932,-20.1815,0 13.1934,-20.1824,0 13.1937,-20.1829,0 13.1943,-20.1835,0 13.1976,-20.1861,0 13.1993,-20.1878,0 13.2001,-20.1887,0 13.2003,-20.1889,0 13.2008,-20.1899,0 13.201,-20.191,0 13.2015,-20.1933,0 13.2016,-20.1957,0 13.2016,-20.1981,0 13.2016,-20.1994,0 13.2021,-20.2004,0 13.2088,-20.2133,0 13.2098,-20.2154,0 13.2101,-20.2168,0 13.2097,-20.2177,0 13.2096,-20.2181,0 13.2095,-20.2182,0 13.2095,-20.2182,0 13.2095,-20.2183,0 13.2095,-20.2183,0 13.2095,-20.2184,0 13.2095,-20.2185,0 13.2096,-20.2186,0 13.2096,-20.2189,0 13.2099,-20.2199,0 13.2115,-20.2245,0 13.2122,-20.2268,0 13.2126,-20.229,0 13.2132,-20.2313,0 13.214,-20.2335,0 13.2152,-20.2356,0 13.2173,-20.2398,0 13.2184,-20.242,0 13.2191,-20.2442,0 13.2197,-20.2489,0 13.221,-20.2585,0 13.2209,-20.2608,0 13.2205,-20.2648,0 13.2199,-20.27,0 13.2197,-20.2724,0 13.22,-20.2749,0 13.2233,-20.2863,0 13.2246,-20.2909,0 13.2252,-20.2929,0 13.2253,-20.2932,0 13.2278,-20.2975,0 13.229,-20.2996,0 13.2301,-20.3016,0 13.2335,-20.3077,0 13.2335,-20.3077,0 13.2345,-20.3094,0 13.2356,-20.3116,0 13.2373,-20.3142,0 13.2393,-20.3165,0 13.2401,-20.3173,0 13.2404,-20.3175,0 13.2408,-20.3177,0 13.241,-20.3178,0 13.2412,-20.3179,0 13.2425,-20.3184,0 13.243,-20.3185,0 13.2441,-20.319,0 13.2451,-20.3194,0 13.2454,-20.3195,0 13.2456,-20.3195,0 13.2459,-20.3195,0 13.2463,-20.3195,0 13.2473,-20.3194,0 13.2535,-20.3184,0 13.2543,-20.3184,0 13.256,-20.3185,0 13.2604,-20.3188,0 13.2609,-20.3189,0 13.2614,-20.319,0 13.2619,-20.3192,0 13.2625,-20.3195,0 13.2724,-20.3251,0 13.2792,-20.3289,0 13.2801,-20.3294,0 13.2805,-20.3297,0 13.2808,-20.3301,0 13.2811,-20.3304,0 13.2813,-20.3308,0 13.2816,-20.3313,0 13.282,-20.332,0 13.2871,-20.343,0 13.2945,-20.3589,0 13.2949,-20.3598,0 13.3001,-20.3709,0 13.3212,-20.3675,0 13.3223,-20.3673,0 13.3228,-20.3672,0 13.3236,-20.3671,0 13.3242,-20.3669,0 13.3247,-20.3669,0 13.3251,-20.3668,0 13.3257,-20.3667,0 13.3264,-20.3666,0 13.3269,-20.3665,0 13.3276,-20.3664,0 13.3303,-20.3659,0 13.3319,-20.3657,0 13.333,-20.3655,0 13.3335,-20.3655,0 13.3339,-20.3655,0 13.3343,-20.3655,0 13.3348,-20.3655,0 13.3355,-20.3657,0 13.3363,-20.3658,0 13.3445,-20.3677,0 13.3543,-20.37,0 13.3657,-20.3725,0 13.3684,-20.3732,0 13.369,-20.3733,0 13.3694,-20.3733,0 13.3698,-20.3734,0 13.3702,-20.3734,0 13.3705,-20.3733,0 13.3711,-20.3732,0 13.3716,-20.3731,0 13.3753,-20.3722,0 13.3787,-20.3713,0 13.3793,-20.3711,0 13.3798,-20.3711,0 13.3805,-20.371,0 13.381,-20.3709,0 13.3817,-20.3709,0 13.3831,-20.371,0 13.3854,-20.3711,0 13.3883,-20.3713,0 13.3893,-20.3714,0 13.3902,-20.3714,0 13.3911,-20.3714,0 13.396,-20.3712,0 13.3984,-20.3711,0 13.4,-20.3711,0 13.4009,-20.3711,0 13.4013,-20.3711,0 13.4017,-20.371,0 13.4049,-20.3702,0 13.408,-20.3694,0 13.4147,-20.3676,0 13.4208,-20.366,0 13.427,-20.3644,0 13.4285,-20.3641,0 13.4293,-20.3639,0 13.4297,-20.3638,0 13.4303,-20.3638,0 13.4308,-20.3638,0 13.4312,-20.3637,0 13.4335,-20.3638,0 13.4385,-20.364,0 13.4393,-20.3639,0 13.4398,-20.3639,0 13.4408,-20.3638,0 13.4454,-20.3632,0 13.4489,-20.3629,0 13.4504,-20.3627,0 13.4513,-20.3626,0 13.4528,-20.3624,0 13.4554,-20.3622,0 13.4581,-20.3618,0 13.4599,-20.3616,0 13.4612,-20.3614,0 13.4627,-20.3612,0 13.4634,-20.3611,0 13.464,-20.361,0 13.4645,-20.3608,0 13.465,-20.3606,0 13.4656,-20.3601,0 13.4679,-20.3586,0 13.4695,-20.3573,0 13.4729,-20.355,0 13.4747,-20.3537,0 13.4757,-20.353,0 13.4764,-20.3526,0 13.4767,-20.3524,0 13.4771,-20.3523,0 13.4775,-20.3523,0 13.4779,-20.3522,0 13.4785,-20.3522,0 13.4794,-20.3523,0 13.4824,-20.3526,0 13.4943,-20.3537,0 13.4972,-20.3539,0 13.4989,-20.3541,0 13.4995,-20.3542,0 13.5,-20.3543,0 13.5006,-20.3545,0 13.5015,-20.3548,0 13.5035,-20.3555,0 13.507,-20.3567,0 13.5081,-20.3571,0 13.5084,-20.3573,0 13.5088,-20.3576,0 13.5096,-20.3582,0 13.511,-20.3595,0 13.5147,-20.3631,0 13.5162,-20.3646,0 13.5167,-20.3649,0 13.517,-20.3652,0 13.5182,-20.3661,0 13.5188,-20.3665,0 13.5191,-20.3667,0 13.5194,-20.3668,0 13.5198,-20.367,0 13.52,-20.367,0 13.5204,-20.3671,0 13.5207,-20.367,0 13.5211,-20.367,0 13.5217,-20.3669,0 13.522,-20.3667,0 13.5224,-20.3666,0 13.5229,-20.3663,0 13.5238,-20.3659,0 13.5245,-20.3655,0 13.5259,-20.3646,0 13.5289,-20.3627,0 13.5355,-20.3585,0 13.5384,-20.3567,0 13.5413,-20.3549,0 13.5448,-20.3527,0 13.5456,-20.3522,0 13.5541,-20.3468,0 13.559,-20.3437,0 13.5603,-20.3428,0 13.5619,-20.3418,0 13.5642,-20.3404,0 13.5651,-20.3398,0 13.5656,-20.3395,0 13.5663,-20.3392,0 13.567,-20.3389,0 13.5675,-20.3387,0 13.5684,-20.3384,0 13.5694,-20.3382,0 13.5736,-20.3371,0 13.585,-20.3341,0 13.5986,-20.3305,0 13.5988,-20.3305,0 13.6102,-20.3275,0 13.612,-20.327,0 13.6182,-20.3254,0 13.6189,-20.3252,0 13.6195,-20.325,0 13.6201,-20.3247,0 13.6208,-20.3244,0 13.625,-20.3224,0 13.6284,-20.3208,0 13.6323,-20.3189,0 13.6404,-20.3151,0 13.642,-20.3143,0 13.6441,-20.3133,0 13.6457,-20.3125,0 13.646,-20.3124,0 13.6463,-20.3122,0 13.6467,-20.3119,0 13.6472,-20.3115,0 13.6474,-20.3113,0 13.6477,-20.3111,0 13.6477,-20.311,0 13.6476,-20.3109,0 13.6476,-20.3109,0 13.6475,-20.3107,0 13.6475,-20.3107,0 13.6476,-20.3109,0 13.6476,-20.3109,0 13.6477,-20.311,0 13.6493,-20.3098,0 13.6508,-20.3085,0 13.6534,-20.3065,0 13.6559,-20.3044,0 13.6593,-20.3018,0 13.6644,-20.2977,0 13.6651,-20.2971,0 13.6655,-20.2968,0 13.6658,-20.2965,0 13.6662,-20.2961,0 13.6667,-20.2955,0 13.6671,-20.2951,0 13.6672,-20.295,0 13.6675,-20.2948,0 13.6681,-20.2943,0 13.6687,-20.294,0 13.6697,-20.2934,0 13.6712,-20.2924,0 13.6719,-20.2919,0 13.6735,-20.2907,0 13.6764,-20.2886,0 13.6796,-20.2862,0 13.6815,-20.2848,0 13.6847,-20.2825,0 13.6876,-20.2803,0 13.6913,-20.2776,0 13.6965,-20.2737,0 13.6975,-20.273,0 13.6982,-20.2726,0 13.6989,-20.2722,0 13.6999,-20.2717,0 13.7023,-20.2706,0 13.7258,-20.2593,0 13.7312,-20.2567,0 13.7341,-20.2553,0 13.7344,-20.2552,0 13.7347,-20.2552,0 13.735,-20.2551,0 13.7353,-20.2551,0 13.7357,-20.2551,0 13.7362,-20.2552,0 13.7368,-20.2555,0 13.7392,-20.2564,0 13.7412,-20.2571,0 13.7438,-20.2582,0 13.7444,-20.2583,0 13.745,-20.2585,0 13.7455,-20.2585,0 13.7463,-20.2585,0 13.7471,-20.2584,0 13.7478,-20.2584,0 13.7484,-20.2583,0 13.749,-20.2581,0 13.7496,-20.2579,0 13.7504,-20.2575,0 13.7511,-20.2572,0 13.7523,-20.2567,0 13.7596,-20.2533,0 13.765,-20.2508,0 13.7762,-20.2456,0 13.7792,-20.2442,0 13.7809,-20.2434,0 13.7894,-20.2395,0 13.7918,-20.2384,0 13.7921,-20.2383,0 13.7926,-20.2381,0 13.7931,-20.238,0 13.7938,-20.2379,0 13.7956,-20.2376,0 13.8172,-20.2346,0 13.8275,-20.2332,0 13.8316,-20.2326,0 13.8336,-20.2324,0 13.8346,-20.2324,0 13.8355,-20.2323,0 13.8368,-20.2324,0 13.8485,-20.2327,0 13.8611,-20.2331,0 13.8621,-20.2331,0 13.8673,-20.2333,0 13.8687,-20.2333,0 13.8723,-20.2333,0 13.874,-20.2333,0 13.8762,-20.2333,0 13.8773,-20.2333,0 13.8793,-20.2333,0 13.8802,-20.2334,0 13.8827,-20.2334,0 13.884,-20.2334,0 13.8854,-20.2334,0 13.887,-20.2334,0 13.8951,-20.2336,0 13.8985,-20.2337,0 13.9002,-20.2337,0 13.9009,-20.2338,0 13.9013,-20.2339,0 13.9017,-20.234,0 13.9021,-20.2341,0 13.9023,-20.2342,0 13.9024,-20.2343,0 13.9029,-20.2345,0 13.9033,-20.2348,0 13.9037,-20.235,0 13.9041,-20.2354,0 13.9045,-20.2357,0 13.9063,-20.2377,0 13.9187,-20.2511,0 13.9212,-20.2538,0 13.9221,-20.2547,0 13.9236,-20.2565,0 13.9252,-20.2585,0 13.9337,-20.2691,0 13.9365,-20.2725,0 13.939,-20.2755,0 13.9395,-20.2762,0 13.9397,-20.2766,0 13.9399,-20.2768,0 13.9401,-20.2775,0 13.9408,-20.2796,0 13.9417,-20.2821,0 13.9418,-20.2825,0 13.942,-20.283,0 13.9422,-20.2834,0 13.9424,-20.2837,0 13.9431,-20.2845,0 13.9454,-20.287,0 13.9476,-20.2891,0 13.9506,-20.2918,0 13.9527,-20.2937,0 13.9547,-20.2955,0 13.9553,-20.2961,0 13.9557,-20.2963,0 13.9561,-20.2964,0 13.9566,-20.2965,0 13.9571,-20.2965,0 13.958,-20.2966,0 13.9592,-20.2966,0 13.9598,-20.2966,0 13.9603,-20.2965,0 13.9608,-20.2963,0 13.9613,-20.2961,0 13.9642,-20.2947,0 13.9652,-20.2942,0 13.9662,-20.2937,0 13.9675,-20.2932,0 13.968,-20.293,0 13.9681,-20.2929,0 13.9683,-20.2929,0 13.9685,-20.293,0 13.969,-20.2932,0 13.9692,-20.2932,0 13.9695,-20.2932,0 13.9698,-20.2931,0 13.97,-20.293,0 13.9711,-20.2925,0 13.9728,-20.2917,0 13.9756,-20.2902,0 13.9821,-20.2869,0 13.9833,-20.2863,0 13.9846,-20.2858,0 13.9867,-20.2849,0 13.9983,-20.28,0 13.9988,-20.2797,0 13.9992,-20.2794,0 13.9998,-20.279,0 14.0004,-20.2784,0 14.0063,-20.2725,0 14.0275,-20.2509,0 14.0316,-20.2468,0 14.0329,-20.2455,0 14.0333,-20.245,0 14.034,-20.2442,0 14.0363,-20.2413,0 14.04,-20.2368,0 14.0403,-20.2365,0 14.0407,-20.2362,0 14.041,-20.236,0 14.0413,-20.2358,0 14.0415,-20.2357,0 14.0418,-20.2356,0 14.042,-20.2355,0 14.0424,-20.2354,0 14.0503,-20.2336,0 14.0513,-20.2334,0 14.0535,-20.2328,0 14.0541,-20.2327,0 14.0546,-20.2327,0 14.0553,-20.2327,0 14.0559,-20.2327,0 14.0568,-20.2327,0 14.0651,-20.2328,0 14.0653,-20.2372,0 14.0654,-20.2397,0 14.0656,-20.2424,0 14.0659,-20.2472,0 14.0661,-20.2492,0 14.0663,-20.2505,0 14.0664,-20.2515,0 14.0668,-20.253,0 14.0683,-20.2587,0 14.0702,-20.2653,0 14.0711,-20.2689,0 14.0725,-20.2742,0 14.0728,-20.2753,0 14.0732,-20.2762,0 14.0737,-20.2776,0 14.0755,-20.2827,0 14.0767,-20.2859,0 14.079,-20.2918,0 14.0797,-20.2933,0 14.0798,-20.2936,0 14.0799,-20.2939,0 14.0799,-20.2942,0 14.0799,-20.2948,0 14.08,-20.2976,0 14.0799,-20.2988,0 14.0798,-20.2995,0 14.0798,-20.2999,0 14.0798,-20.3002,0 14.0799,-20.3011,0 14.08,-20.3017,0 14.0801,-20.302,0 14.0803,-20.3025,0 14.0804,-20.3029,0 14.0805,-20.3034,0 14.0806,-20.3037,0 14.0807,-20.304,0 14.0807,-20.3044,0 14.0807,-20.3049,0 14.0806,-20.3053,0 14.0805,-20.3059,0 14.0805,-20.3062,0 14.0805,-20.3065,0 14.0805,-20.3069,0 14.0807,-20.3075,0 14.0808,-20.3081,0 14.0811,-20.3094,0 14.0814,-20.3103,0 14.0816,-20.3111,0 14.0817,-20.3115,0 14.0818,-20.3122,0 14.0819,-20.3129,0 14.0819,-20.3135,0 14.0819,-20.3138,0 14.0819,-20.3142,0 14.0818,-20.3149,0 14.0816,-20.3162,0 14.0816,-20.3165,0 14.0816,-20.3169,0 14.0816,-20.3174,0 14.0817,-20.3179,0 14.0817,-20.3184,0 14.0822,-20.3221,0 14.0823,-20.3228,0 14.0823,-20.3231,0 14.0824,-20.3234,0 14.0825,-20.3236,0 14.0826,-20.3238,0 14.0827,-20.324,0 14.083,-20.3244,0 14.0833,-20.3247,0 14.0833,-20.3249,0 14.0838,-20.3254,0 14.0847,-20.3266,0 14.0853,-20.3274,0 14.0856,-20.3277,0 14.086,-20.3281,0 14.0863,-20.3283,0 14.0865,-20.3284,0 14.0867,-20.3285,0 14.0869,-20.3286,0 14.0872,-20.3286,0 14.0874,-20.3286,0 14.0885,-20.3287,0 14.0887,-20.3288,0 14.0889,-20.3288,0 14.0891,-20.3289,0 14.0893,-20.329,0 14.0898,-20.3294,0 14.0902,-20.3297,0 14.0918,-20.3307,0 14.0933,-20.3318,0 14.0939,-20.3322,0 14.0944,-20.3326,0 14.0949,-20.3329,0 14.0958,-20.3335,0 14.0959,-20.3335,0 14.0961,-20.3336,0 14.0962,-20.3336,0 14.0964,-20.3337,0 14.0965,-20.3338,0 14.0968,-20.3341,0 14.0971,-20.3345,0 14.0973,-20.3346,0 14.0974,-20.3347,0 14.0976,-20.3348,0 14.0978,-20.3349,0 14.098,-20.3349,0 14.0982,-20.3349,0 14.0988,-20.3348,0 14.0995,-20.3347,0 14.1001,-20.3347,0 14.1005,-20.3346,0 14.1013,-20.3344,0 14.1019,-20.3343,0 14.103,-20.3339,0 14.1035,-20.3338,0 14.1037,-20.3338,0 14.104,-20.3337,0 14.1042,-20.3337,0 14.1044,-20.3338,0 14.1051,-20.3339,0 14.1058,-20.3341,0 14.1068,-20.3342,0 14.1074,-20.3342,0 14.1077,-20.3342,0 14.1079,-20.3342,0 14.1081,-20.3342,0 14.1084,-20.3341,0 14.1088,-20.3338,0 14.1094,-20.3333,0 14.1099,-20.3328,0 14.1104,-20.3323,0 14.1109,-20.3317,0 14.1116,-20.3307,0 14.1124,-20.3294,0 14.1128,-20.3289,0 14.113,-20.3286,0 14.1133,-20.3284,0 14.1136,-20.3282,0 14.1139,-20.328,0 14.1157,-20.327,0 14.1172,-20.3262,0 14.1175,-20.3261,0 14.1178,-20.3258,0 14.1181,-20.3255,0 14.1185,-20.325,0 14.1201,-20.323,0 14.1211,-20.3219,0 14.1215,-20.3215,0 14.1226,-20.3204,0 14.1238,-20.3192,0 14.1243,-20.3189,0 14.1246,-20.3187,0 14.1249,-20.3185,0 14.1252,-20.3184,0 14.1255,-20.3184,0 14.1259,-20.3184,0 14.1275,-20.3184,0 14.1302,-20.3185,0 14.1309,-20.3186,0 14.1313,-20.3187,0 14.1317,-20.3188,0 14.1319,-20.3189,0 14.1323,-20.3191,0 14.1332,-20.3197,0 14.1347,-20.3209,0 14.138,-20.3233,0 14.1394,-20.3243,0 14.1399,-20.3248,0 14.1404,-20.3252,0 14.1411,-20.326,0 14.1417,-20.3265,0 14.142,-20.3268,0 14.1426,-20.3272,0 14.1443,-20.3284,0 14.1473,-20.3306,0 14.1477,-20.3309,0 14.1482,-20.3312,0 14.1485,-20.3314,0 14.1488,-20.3316,0 14.1491,-20.3318,0 14.1498,-20.3321,0 14.1504,-20.3324,0 14.1512,-20.3327,0 14.1519,-20.3329,0 14.1523,-20.333,0 14.1527,-20.333,0 14.1532,-20.3331,0 14.1538,-20.333,0 14.1561,-20.3327,0 14.1609,-20.332,0 14.1646,-20.3316,0 14.1665,-20.3314,0 14.1674,-20.3313,0 14.1685,-20.3311,0 14.169,-20.3311,0 14.1694,-20.3311,0 14.1698,-20.3311,0 14.17,-20.3312,0 14.1703,-20.3313,0 14.1705,-20.3316,0 14.1712,-20.3324,0 14.1722,-20.3333,0 14.1725,-20.3335,0 14.1728,-20.3338,0 14.1731,-20.3339,0 14.1736,-20.3341,0 14.1743,-20.3344,0 14.1751,-20.3345,0 14.1757,-20.3346,0 14.1762,-20.3346,0 14.1779,-20.3346,0 14.1782,-20.3346,0 14.1785,-20.3347,0 14.179,-20.3348,0 14.1798,-20.3352,0 14.1802,-20.3355,0 14.1807,-20.3358,0 14.1815,-20.3364,0 14.1819,-20.3368,0 14.1829,-20.3377,0 14.1832,-20.338,0 14.1835,-20.3382,0 14.1839,-20.3384,0 14.1857,-20.3392,0 14.1862,-20.3395,0 14.1864,-20.3397,0 14.1866,-20.3399,0 14.187,-20.3403,0 14.1874,-20.3409,0 14.1881,-20.3421,0 14.1884,-20.3427,0 14.1886,-20.3431,0 14.1887,-20.3435,0 14.1889,-20.3441,0 14.189,-20.3447,0 14.1892,-20.3459,0 14.1894,-20.3471,0 14.1896,-20.3476,0 14.1896,-20.3478,0 14.1897,-20.348,0 14.1898,-20.3482,0 14.1899,-20.3484,0 14.1902,-20.3486,0 14.1904,-20.3487,0 14.1904,-20.3487,0 14.1907,-20.3489,0 14.191,-20.3491,0 14.1914,-20.3495,0 14.1914,-20.3495,0 14.1918,-20.3499,0 14.1933,-20.3517,0 14.1943,-20.3531,0 14.196,-20.3552,0 14.1976,-20.3572,0 14.1988,-20.3587,0 14.2001,-20.3604,0 14.2022,-20.3631,0 14.2048,-20.3663,0 14.2061,-20.3678,0 14.2074,-20.3695,0 14.2082,-20.3705,0 14.2097,-20.3725,0 14.2105,-20.3737,0 14.2116,-20.3753,0 14.2129,-20.3768,0 14.2132,-20.3773,0 14.2136,-20.3777,0 14.2138,-20.3779,0 14.2141,-20.3782,0 14.2145,-20.3785,0 14.2154,-20.379,0 14.2176,-20.3802,0 14.2185,-20.3807,0 14.2246,-20.3839,0 14.2271,-20.3852,0 14.2319,-20.3877,0 14.2371,-20.3902,0 14.2387,-20.3911,0 14.2408,-20.3921,0 14.242,-20.3928,0 14.243,-20.3932,0 14.2447,-20.394,0 14.2454,-20.3944,0 14.246,-20.3948,0 14.2471,-20.3954,0 14.2474,-20.3956,0 14.2478,-20.3958,0 14.2481,-20.3961,0 14.2485,-20.3962,0 14.249,-20.3964,0 14.25,-20.3966,0 14.2517,-20.3969,0 14.2564,-20.3976,0 14.264,-20.3988,0 14.2647,-20.3989,0 14.2652,-20.3991,0 14.2657,-20.3992,0 14.2662,-20.3995,0 14.2667,-20.3998,0 14.2677,-20.4005,0 14.2728,-20.4039,0 14.2802,-20.4089,0 14.2814,-20.4097,0 14.282,-20.41,0 14.2824,-20.4102,0 14.2826,-20.4102,0 14.283,-20.4103,0 14.2834,-20.4103,0 14.2837,-20.4103,0 14.2841,-20.4103,0 14.2846,-20.4102,0 14.2857,-20.4099,0 14.2885,-20.409,0 14.2888,-20.4089,0 14.2891,-20.4089,0 14.2893,-20.4089,0 14.2896,-20.4089,0 14.2897,-20.409,0 14.29,-20.4091,0 14.2902,-20.4091,0 14.2909,-20.4096,0 14.2918,-20.4103,0 14.2968,-20.4139,0 14.2985,-20.4152,0 14.2992,-20.4157,0 14.2996,-20.416,0 14.3,-20.4162,0 14.3004,-20.4164,0 14.3025,-20.4171,0 14.3048,-20.4178,0 14.3066,-20.4183,0 14.3081,-20.4186,0 14.3094,-20.4189,0 14.3102,-20.419,0 14.311,-20.4191,0 14.3117,-20.4191,0 14.3128,-20.419,0 14.3143,-20.419,0 14.3151,-20.4189,0 14.3157,-20.4188,0 14.3171,-20.4185,0 14.3183,-20.4183,0 14.3191,-20.4182,0 14.3202,-20.4181,0 14.3208,-20.4181,0 14.3212,-20.4181,0 14.3215,-20.4181,0 14.3222,-20.4182,0 14.3244,-20.4187,0 14.3271,-20.4192,0 14.3283,-20.4194,0 14.3316,-20.4202,0 14.3355,-20.4211,0 14.3387,-20.4219,0 14.3409,-20.4226,0 14.3416,-20.4228,0 14.3424,-20.423,0 14.3422,-20.4239,0 14.3423,-20.4247,0 14.3423,-20.4252,0 14.3425,-20.4257,0 14.343,-20.4265,0 14.3433,-20.4273,0 14.3436,-20.4277,0 14.3445,-20.4291,0 14.3455,-20.4309,0 14.3458,-20.4315,0 14.3461,-20.4322,0 14.3466,-20.4339,0 14.3471,-20.4353,0 14.3481,-20.4383,0 14.3485,-20.4393,0 14.3487,-20.44,0 14.3488,-20.4404,0 14.3489,-20.4409,0 14.3489,-20.4413,0 14.3489,-20.4417,0 14.3486,-20.445,0 14.3483,-20.4462,0 14.3482,-20.4477,0 14.348,-20.4492,0 14.3478,-20.4503,0 14.3475,-20.4514,0 14.3472,-20.4524,0 14.3471,-20.453,0 14.347,-20.4535,0 14.347,-20.4539,0 14.3472,-20.4551,0 14.3473,-20.4556,0 14.3473,-20.4561,0 14.3473,-20.4565,0 14.3463,-20.4643,0 14.3459,-20.4683,0 14.3454,-20.4725,0 14.3449,-20.4774,0 14.3448,-20.4786,0 14.3447,-20.4794,0 14.3445,-20.48,0 14.3442,-20.4807,0 14.3438,-20.4811,0 14.3433,-20.4814,0 14.343,-20.4815,0 14.3422,-20.4817,0 14.3414,-20.4817,0 14.3409,-20.4818,0 14.3405,-20.4819,0 14.3401,-20.4822,0 14.34,-20.4824,0 14.3398,-20.4827,0 14.3398,-20.483,0 14.3399,-20.4835,0 14.3401,-20.4838,0 14.3418,-20.486,0 14.3427,-20.4872,0 14.3437,-20.4884,0 14.3441,-20.489,0 14.3447,-20.4902,0 14.3451,-20.4908,0 14.3454,-20.4912,0 14.3459,-20.4917,0 14.3463,-20.4923,0 14.3469,-20.4933,0 14.3476,-20.4942,0 14.3479,-20.4946,0 14.3481,-20.495,0 14.3488,-20.4955,0 14.35,-20.4963,0 14.3512,-20.497,0 14.3547,-20.4991,0 14.3613,-20.5032,0 14.3634,-20.5044,0 14.364,-20.5049,0 14.3644,-20.5052,0 14.3647,-20.5057,0 14.3653,-20.5062,0 14.3658,-20.5067,0 14.3664,-20.5071,0 14.3673,-20.5076,0 14.368,-20.508,0 14.37,-20.5091,0 14.3702,-20.5092,0 14.3711,-20.5096,0 14.3725,-20.5102,0 14.3785,-20.5127,0 14.3792,-20.513,0 14.3799,-20.5134,0 14.3814,-20.5144,0 14.383,-20.5155,0 14.3851,-20.5169,0 14.3871,-20.5182,0 14.3885,-20.519,0 14.3898,-20.5199,0 14.3936,-20.5221,0 14.397,-20.5241,0 14.3971,-20.5241,0 14.3982,-20.5246,0 14.4021,-20.5261,0 14.4046,-20.527,0 14.4059,-20.5276,0 14.4073,-20.528,0 14.4088,-20.5283,0 14.4149,-20.5295,0 14.416,-20.5297,0 14.4212,-20.5308,0 14.4265,-20.5318,0 14.428,-20.5321,0 14.4313,-20.5327,0 14.4329,-20.533,0 14.4356,-20.5335,0 14.4387,-20.534,0 14.446,-20.5352,0 14.4477,-20.5355,0 14.4513,-20.536,0 14.4533,-20.5364,0 14.454,-20.5366,0 14.4546,-20.5369,0 14.455,-20.5371,0 14.4556,-20.5374,0 14.4558,-20.5377,0 14.456,-20.538,0 14.456,-20.5381,0 14.4561,-20.5383,0 14.4561,-20.5386,0 14.456,-20.5389,0 14.4559,-20.5394,0 14.4556,-20.5401,0 14.4552,-20.541,0 14.455,-20.5413,0 14.455,-20.5415,0 14.4551,-20.5418,0 14.4552,-20.542,0 14.4552,-20.5421,0 14.4554,-20.5422,0 14.4556,-20.5423,0 14.4561,-20.5425,0 14.4569,-20.5426,0 14.4579,-20.5428,0 14.4575,-20.543,0 14.4571,-20.5433,0 14.4569,-20.5434,0 14.4566,-20.5435,0 14.4564,-20.5437,0 14.4565,-20.5439,0 14.4564,-20.5439,0 14.4563,-20.544,0 14.4562,-20.5441,0 14.456,-20.5443,0 14.4557,-20.5446,0 14.4553,-20.5449,0 14.455,-20.5451,0 14.4549,-20.5452,0 14.4545,-20.5452,0 14.4537,-20.5455,0 14.4533,-20.5456,0 14.453,-20.5458,0 14.4524,-20.5462,0 14.4519,-20.5467,0 14.4517,-20.5468,0 14.4514,-20.547,0 14.4511,-20.5471,0 14.4505,-20.5477,0 14.4503,-20.5482,0 14.4502,-20.5486,0 14.45,-20.5488,0 14.4498,-20.5493,0 14.4498,-20.5494,0 14.4496,-20.5496,0 14.4492,-20.5497,0 14.4491,-20.5498,0 14.4481,-20.5501,0 14.4469,-20.5504,0 14.446,-20.5507,0 14.4446,-20.551,0 14.4443,-20.5511,0 14.444,-20.551,0 14.4434,-20.551,0 14.4408,-20.5509,0 14.4396,-20.551,0 14.439,-20.5511,0 14.4385,-20.5512,0 14.4383,-20.5512,0 14.4381,-20.5512,0 14.4378,-20.5511,0 14.4376,-20.551,0 14.4374,-20.551,0 14.4363,-20.5511,0 14.4339,-20.5513,0 14.4335,-20.5513,0 14.4323,-20.5512,0 14.432,-20.5512,0 14.4313,-20.5511,0 14.4297,-20.551,0 14.4289,-20.5509,0 14.4273,-20.5509,0 14.427,-20.5509,0 14.4253,-20.5508,0 14.425,-20.5508,0 14.4237,-20.5512,0 14.4233,-20.5511,0 14.421,-20.5509,0 14.4187,-20.5503,0 14.4178,-20.55,0 14.4172,-20.5498,0 14.4161,-20.5495,0 14.4158,-20.5493,0 14.4155,-20.5492,0 14.4151,-20.5489,0 14.4134,-20.5489,0 14.4129,-20.549,0 14.4122,-20.5493,0 14.4121,-20.5493,0 14.4117,-20.5492,0 14.4112,-20.5489,0 14.4108,-20.5487,0 14.4107,-20.5487,0 14.4106,-20.5486,0 14.4105,-20.5485,0 14.4104,-20.5485,0 14.4101,-20.5484,0 14.4097,-20.5483,0 14.4095,-20.5482,0 14.4094,-20.5481,0 14.4092,-20.5476,0 14.4086,-20.5471,0 14.4082,-20.547,0 14.4073,-20.5467,0 14.4069,-20.5469,0 14.4063,-20.547,0 14.4059,-20.547,0 14.4052,-20.5471,0 14.4047,-20.5472,0 14.4042,-20.5473,0 14.4039,-20.5475,0 14.403,-20.5487,0 14.4027,-20.5491,0 14.4023,-20.5496,0 14.4019,-20.5501,0 14.4013,-20.5508,0 14.4011,-20.5509,0 14.401,-20.5504,0 14.4009,-20.5499,0 14.4009,-20.5497,0 14.4007,-20.549,0 14.4006,-20.5486,0 14.4005,-20.5481,0 14.4005,-20.5479,0 14.4004,-20.5477,0 14.4004,-20.5476,0 14.4004,-20.5474,0 14.4004,-20.5473,0 14.4004,-20.5471,0 14.4005,-20.547,0 14.4005,-20.5469,0 14.4005,-20.5468,0 14.4005,-20.5467,0 14.4005,-20.5467,0 14.4005,-20.5466,0 14.4005,-20.5465,0 14.4005,-20.5463,0 14.4005,-20.5458,0 14.4006,-20.5445,0 14.4007,-20.5435,0 14.4008,-20.5426,0 14.4009,-20.5418,0 14.401,-20.5406,0 14.401,-20.5399,0 14.4009,-20.5394,0 14.4009,-20.539,0 14.4006,-20.5384,0 14.4003,-20.5378,0 14.4002,-20.5372,0 14.4,-20.5364,0 14.3998,-20.5357,0 14.3997,-20.5356,0 14.3995,-20.5349,0 14.3986,-20.5329,0 14.3977,-20.531,0 14.3972,-20.5299,0 14.397,-20.5295,0 14.397,-20.5292,0 14.3969,-20.5288,0 14.3968,-20.5286,0 14.3967,-20.5281,0 14.3967,-20.5276,0 14.3966,-20.5271,0 14.3966,-20.5266,0 14.3967,-20.5258,0 14.3969,-20.5249,0 14.397,-20.5244,0 14.3971,-20.5241,0 14.397,-20.5241,0 14.3936,-20.5221,0 14.3898,-20.5199,0 14.3885,-20.519,0 14.3871,-20.5182,0 14.3851,-20.5169,0 14.383,-20.5155,0 14.3814,-20.5144,0 14.3799,-20.5134,0 14.3792,-20.513,0 14.3785,-20.5127,0 14.3725,-20.5102,0 14.3711,-20.5096,0 14.3702,-20.5092,0 14.37,-20.5091,0 14.368,-20.508,0 14.3673,-20.5076,0 14.3664,-20.5071,0 14.3658,-20.5067,0 14.3653,-20.5062,0 14.3647,-20.5057,0 14.3644,-20.5052,0 14.364,-20.5049,0 14.3634,-20.5044,0 14.3613,-20.5032,0 14.3547,-20.4991,0 14.3512,-20.497,0 14.35,-20.4963,0 14.3488,-20.4955,0 14.3481,-20.495,0 14.3479,-20.4946,0 14.3476,-20.4942,0 14.3469,-20.4933,0 14.3463,-20.4923,0 14.3459,-20.4917,0 14.3454,-20.4912,0 14.3451,-20.4908,0 14.3447,-20.4902,0 14.3441,-20.489,0 14.3437,-20.4884,0 14.3427,-20.4872,0 14.3418,-20.486,0 14.3401,-20.4838,0 14.3399,-20.4835,0 14.3398,-20.483,0 14.3398,-20.4827,0 14.34,-20.4824,0 14.3401,-20.4822,0 14.3405,-20.4819,0 14.3409,-20.4818,0 14.3414,-20.4817,0 14.3422,-20.4817,0 14.343,-20.4815,0 14.3433,-20.4814,0 14.3438,-20.4811,0 14.3442,-20.4807,0 14.3445,-20.48,0 14.3447,-20.4794,0 14.3448,-20.4786,0 14.3449,-20.4774,0 14.3454,-20.4725,0 14.3459,-20.4683,0 14.3463,-20.4643,0 14.3473,-20.4565,0 14.3473,-20.4561,0 14.3473,-20.4556,0 14.3472,-20.4551,0 14.347,-20.4539,0 14.347,-20.4535,0 14.3471,-20.453,0 14.3472,-20.4524,0 14.3475,-20.4514,0 14.3478,-20.4503,0 14.348,-20.4492,0 14.3482,-20.4477,0 14.3483,-20.4462,0 14.3486,-20.445,0 14.3489,-20.4417,0 14.3489,-20.4413,0 14.3489,-20.4409,0 14.3488,-20.4404,0 14.3487,-20.44,0 14.3485,-20.4393,0 14.3481,-20.4383,0 14.3471,-20.4353,0 14.3466,-20.4339,0 14.3461,-20.4322,0 14.3458,-20.4315,0 14.3455,-20.4309,0 14.3445,-20.4291,0 14.3436,-20.4277,0 14.3433,-20.4273,0 14.343,-20.4265,0 14.3425,-20.4257,0 14.3423,-20.4252,0 14.3423,-20.4247,0 14.3422,-20.4239,0 14.3424,-20.423,0 14.3416,-20.4228,0 14.3409,-20.4226,0 14.3387,-20.4219,0 14.3355,-20.4211,0 14.3316,-20.4202,0 14.3283,-20.4194,0 14.3271,-20.4192,0 14.3244,-20.4187,0 14.3222,-20.4182,0 14.3215,-20.4181,0 14.3212,-20.4181,0 14.3208,-20.4181,0 14.3202,-20.4181,0 14.3191,-20.4182,0 14.3183,-20.4183,0 14.3171,-20.4185,0 14.3157,-20.4188,0 14.3151,-20.4189,0 14.3143,-20.419,0 14.3128,-20.419,0 14.3117,-20.4191,0 14.311,-20.4191,0 14.3102,-20.419,0 14.3094,-20.4189,0 14.3081,-20.4186,0 14.3066,-20.4183,0 14.3048,-20.4178,0 14.3025,-20.4171,0 14.3004,-20.4164,0 14.3,-20.4162,0 14.2996,-20.416,0 14.2992,-20.4157,0 14.2985,-20.4152,0 14.2968,-20.4139,0 14.2918,-20.4103,0 14.2909,-20.4096,0 14.2902,-20.4091,0 14.29,-20.4091,0 14.2897,-20.409,0 14.2896,-20.4089,0 14.2893,-20.4089,0 14.2891,-20.4089,0 14.2888,-20.4089,0 14.2885,-20.409,0 14.2857,-20.4099,0 14.2846,-20.4102,0 14.2841,-20.4103,0 14.2837,-20.4103,0 14.2834,-20.4103,0 14.283,-20.4103,0 14.2826,-20.4102,0 14.2824,-20.4102,0 14.282,-20.41,0 14.2814,-20.4097,0 14.2802,-20.4089,0 14.2728,-20.4039,0 14.2677,-20.4005,0 14.2667,-20.3998,0 14.2662,-20.3995,0 14.2657,-20.3992,0 14.2652,-20.3991,0 14.2647,-20.3989,0 14.264,-20.3988,0 14.2564,-20.3976,0 14.2517,-20.3969,0 14.25,-20.3966,0 14.249,-20.3964,0 14.2485,-20.3962,0 14.2481,-20.3961,0 14.2478,-20.3958,0 14.2474,-20.3956,0 14.2471,-20.3954,0 14.246,-20.3948,0 14.2454,-20.3944,0 14.2447,-20.394,0 14.243,-20.3932,0 14.242,-20.3928,0 14.2408,-20.3921,0 14.2387,-20.3911,0 14.2371,-20.3902,0 14.2319,-20.3877,0 14.2271,-20.3852,0 14.2246,-20.3839,0 14.2185,-20.3807,0 14.2176,-20.3802,0 14.2154,-20.379,0 14.2145,-20.3785,0 14.2141,-20.3782,0 14.2138,-20.3779,0 14.2136,-20.3777,0 14.2132,-20.3773,0 14.2129,-20.3768,0 14.2116,-20.3753,0 14.2105,-20.3737,0 14.2097,-20.3725,0 14.2082,-20.3705,0 14.2074,-20.3695,0 14.2061,-20.3678,0 14.2048,-20.3663,0 14.2022,-20.3631,0 14.2001,-20.3604,0 14.1988,-20.3587,0 14.1976,-20.3572,0 14.196,-20.3552,0 14.1943,-20.3531,0 14.1933,-20.3517,0 14.1918,-20.3499,0 14.1914,-20.3495,0 14.1914,-20.3495,0 14.191,-20.3491,0 14.1907,-20.3489,0 14.1904,-20.3487,0 14.1904,-20.3487,0 14.1902,-20.3486,0 14.1899,-20.3484,0 14.1898,-20.3482,0 14.1897,-20.348,0 14.1896,-20.3478,0 14.1896,-20.3476,0 14.1894,-20.3471,0 14.1892,-20.3459,0 14.189,-20.3447,0 14.1889,-20.3441,0 14.1887,-20.3435,0 14.1886,-20.3431,0 14.1884,-20.3427,0 14.1881,-20.3421,0 14.1874,-20.3409,0 14.187,-20.3403,0 14.1866,-20.3399,0 14.1864,-20.3397,0 14.1862,-20.3395,0 14.1857,-20.3392,0 14.1839,-20.3384,0 14.1835,-20.3382,0 14.1832,-20.338,0 14.1829,-20.3377,0 14.1819,-20.3368,0 14.1815,-20.3364,0 14.1807,-20.3358,0 14.1802,-20.3355,0 14.1798,-20.3352,0 14.179,-20.3348,0 14.1785,-20.3347,0 14.1782,-20.3346,0 14.1779,-20.3346,0 14.1762,-20.3346,0 14.1757,-20.3346,0 14.1751,-20.3345,0 14.1743,-20.3344,0 14.1736,-20.3341,0 14.1731,-20.3339,0 14.1728,-20.3338,0 14.1725,-20.3335,0 14.1722,-20.3333,0 14.1712,-20.3324,0 14.1705,-20.3316,0 14.1703,-20.3313,0 14.17,-20.3312,0 14.1698,-20.3311,0 14.1694,-20.3311,0 14.169,-20.3311,0 14.1685,-20.3311,0 14.1674,-20.3313,0 14.1665,-20.3314,0 14.1646,-20.3316,0 14.1609,-20.332,0 14.1561,-20.3327,0 14.1538,-20.333,0 14.1532,-20.3331,0 14.1527,-20.333,0 14.1523,-20.333,0 14.1519,-20.3329,0 14.1512,-20.3327,0 14.1504,-20.3324,0 14.1498,-20.3321,0 14.1491,-20.3318,0 14.1488,-20.3316,0 14.1485,-20.3314,0 14.1482,-20.3312,0 14.1477,-20.3309,0 14.1477,-20.3302,0 14.1477,-20.3301,0 14.1477,-20.3299,0 14.1476,-20.3297,0 14.1476,-20.3296,0 14.1477,-20.3295,0 14.1477,-20.3294,0 14.1478,-20.3293,0 14.1479,-20.3292,0 14.1482,-20.3289,0 14.1483,-20.3289,0 14.1484,-20.3288,0 14.1485,-20.3284,0 14.1485,-20.3282,0 14.1486,-20.3276,0 14.1486,-20.3274,0 14.1486,-20.3272,0 14.1487,-20.3271,0 14.1487,-20.327,0 14.1488,-20.3268,0 14.1489,-20.3265,0 14.1489,-20.3262,0 14.1492,-20.3255,0 14.1494,-20.3247,0 14.1497,-20.3236,0 14.1498,-20.3232,0 14.1499,-20.323,0 14.1499,-20.3228,0 14.1499,-20.3227,0 14.15,-20.3225,0 14.15,-20.3223,0 14.15,-20.3222,0 14.1501,-20.3222,0 14.1502,-20.3221,0 14.1502,-20.322,0 14.1503,-20.3218,0 14.1503,-20.3216,0 14.1503,-20.3215,0 14.1503,-20.3214,0 14.1503,-20.3213,0 14.1503,-20.3212,0 14.1503,-20.3211,0 14.1504,-20.3211,0 14.1504,-20.321,0 14.1505,-20.3209,0 14.1505,-20.3209,0 14.1506,-20.3208,0 14.1506,-20.3207,0 14.1506,-20.3207,0 14.1507,-20.3206,0 14.1508,-20.3205,0 14.1508,-20.3205,0 14.1509,-20.3204,0 14.151,-20.3203,0 14.1511,-20.3203,0 14.1511,-20.3203,0 14.1511,-20.3202,0 14.1511,-20.3202,0 14.1511,-20.3202,0 14.1511,-20.32,0 14.151,-20.3198,0 14.151,-20.3197,0 14.151,-20.3196,0 14.151,-20.3195,0 14.151,-20.3194,0 14.1511,-20.3193,0 14.1513,-20.319,0 14.1514,-20.3189,0 14.152,-20.318,0 14.1525,-20.3173,0 14.1527,-20.317,0 14.153,-20.3165,0 14.1539,-20.3146,0 14.1541,-20.314,0 14.1543,-20.3136,0 14.1546,-20.3129,0 14.1547,-20.3123,0 14.1548,-20.3119,0 14.1548,-20.3112,0 14.1549,-20.3109,0 14.1548,-20.3106,0 14.1547,-20.3102,0 14.1545,-20.3095,0 14.1544,-20.3089,0 14.1543,-20.3087,0 14.1542,-20.3084,0 14.1542,-20.308,0 14.154,-20.3073,0 14.1536,-20.3057,0 14.1534,-20.3048,0 14.1533,-20.3044,0 14.1533,-20.3041,0 14.1533,-20.3037,0 14.1534,-20.3032,0 14.1534,-20.3029,0 14.1534,-20.3027,0 14.1535,-20.3026,0 14.1536,-20.3024,0 14.1536,-20.3022,0 14.1537,-20.302,0 14.1537,-20.3018,0 14.1539,-20.3012,0 14.1541,-20.3008,0 14.1543,-20.3002,0 14.1547,-20.2987,0 14.1551,-20.2975,0 14.1551,-20.2971,0 14.1552,-20.2967,0 14.1551,-20.2963,0 14.1551,-20.2961,0 14.1549,-20.2959,0 14.1546,-20.2956,0 14.1543,-20.2953,0 14.1542,-20.2952,0 14.1541,-20.2952,0 14.1541,-20.2951,0 14.1542,-20.295,0 14.1545,-20.2942,0 14.1547,-20.2934,0 14.1548,-20.2931,0 14.1548,-20.2928,0 14.1547,-20.2925,0 14.1546,-20.2921,0 14.1545,-20.2917,0 14.1544,-20.2912,0 14.1543,-20.2907,0 14.1542,-20.2896,0 14.1541,-20.2892,0 14.1541,-20.2887,0 14.1539,-20.2877,0 14.1537,-20.2866,0 14.1537,-20.2857,0 14.1536,-20.2849,0 14.1536,-20.2845,0 14.1537,-20.2837,0 14.1538,-20.283,0 14.1538,-20.2823,0 14.1539,-20.2807,0 14.154,-20.2793,0 14.154,-20.2785,0 14.154,-20.2781,0 14.154,-20.2778,0 14.1539,-20.2774,0 14.1539,-20.2769,0 14.1537,-20.2755,0 14.1532,-20.2725,0 14.1531,-20.272,0 14.1531,-20.2716,0 14.1532,-20.2713,0 14.1533,-20.2709,0 14.1535,-20.2705,0 14.1537,-20.2701,0 14.1538,-20.2699,0 14.1539,-20.2697,0 14.1541,-20.2695,0 14.1544,-20.2693,0 14.1549,-20.2689,0 14.1555,-20.2684,0 14.156,-20.2679,0 14.1573,-20.2666,0 14.1586,-20.2653,0 14.1596,-20.2642,0 14.16,-20.2636,0 14.1604,-20.263,0 14.1609,-20.2622,0 14.1619,-20.2606,0 14.1628,-20.2592,0 14.163,-20.2588,0 14.1633,-20.2585,0 14.1635,-20.2583,0 14.1638,-20.258,0 14.1641,-20.2578,0 14.1644,-20.2575,0 14.1645,-20.2573,0 14.1646,-20.2571,0 14.1646,-20.2565,0 14.1646,-20.2564,0 14.1647,-20.2562,0 14.1648,-20.2558,0 14.1648,-20.2556,0 14.1649,-20.2554,0 14.1651,-20.2548,0 14.1653,-20.2543,0 14.1655,-20.2536,0 14.1656,-20.2527,0 14.1656,-20.2523,0 14.1656,-20.252,0 14.1655,-20.2506,0 14.1655,-20.2499,0 14.1655,-20.2492,0 14.1656,-20.2487,0 14.1656,-20.248,0 14.1656,-20.2474,0 14.1655,-20.2462,0 14.1656,-20.245,0 14.1657,-20.2445,0 14.1658,-20.2442,0 14.1662,-20.2437,0 14.1667,-20.2432,0 14.1669,-20.2428,0 14.1672,-20.2423,0 14.1673,-20.2418,0 14.1677,-20.2408,0 14.1685,-20.239,0 14.1691,-20.2381,0 14.1691,-20.238,0 14.1696,-20.2373,0 14.1708,-20.2356,0 14.172,-20.234,0 14.1723,-20.2334,0 14.1725,-20.2329,0 14.1729,-20.2319,0 14.1731,-20.2314,0 14.1734,-20.2308,0 14.1745,-20.229,0 14.1749,-20.2282,0 14.1754,-20.2275,0 14.176,-20.2267,0 14.1765,-20.226,0 14.1769,-20.2254,0 14.1772,-20.2247,0 14.1774,-20.2244,0 14.1775,-20.2242,0 14.1777,-20.224,0 14.1778,-20.2239,0 14.178,-20.2239,0 14.1782,-20.2238,0 14.1784,-20.2236,0 14.1786,-20.2235,0 14.1788,-20.2232,0 14.179,-20.2229,0 14.1802,-20.2213,0 14.1803,-20.221,0 14.1804,-20.2208,0 14.1806,-20.2202,0 14.181,-20.2192,0 14.1811,-20.2191,0 14.1812,-20.219,0 14.1813,-20.2189,0 14.1814,-20.2189,0 14.1815,-20.2189,0 14.1817,-20.2189,0 14.1818,-20.2189,0 14.1819,-20.2189,0 14.182,-20.2189,0 14.1821,-20.2189,0 14.1821,-20.2188,0 14.1822,-20.2188,0 14.1822,-20.2186,0 14.1822,-20.2185,0 14.1822,-20.2178,0 14.1822,-20.2171,0 14.1821,-20.2163,0 14.1821,-20.216,0 14.1821,-20.2155,0 14.1821,-20.2151,0 14.1821,-20.2142,0 14.1821,-20.2136,0 14.1821,-20.2129,0 14.1822,-20.2124,0 14.1823,-20.2119,0 14.1823,-20.2115,0 14.1823,-20.2112,0 14.1823,-20.2109,0 14.1823,-20.2106,0 14.1822,-20.2103,0 14.1821,-20.2099,0 14.1816,-20.2089,0 14.1815,-20.2084,0 14.1814,-20.2081,0 14.1814,-20.2075,0 14.1813,-20.2071,0 14.1812,-20.2062,0 14.1812,-20.2054,0 14.1812,-20.2049,0 14.1813,-20.2042,0 14.1815,-20.2036,0 14.1816,-20.203,0 14.1819,-20.2022,0 14.182,-20.202,0 14.182,-20.2018,0 14.1821,-20.2015,0 14.1824,-20.2009,0 14.1827,-20.2006,0 14.183,-20.2002,0 14.1832,-20.1998,0 14.1834,-20.1993,0 14.1835,-20.1992,0 14.1837,-20.199,0 14.1839,-20.1987,0 14.1841,-20.1982,0 14.1844,-20.1975,0 14.1845,-20.1971,0 14.1847,-20.1966,0 14.1849,-20.1963,0 14.1851,-20.1959,0 14.1856,-20.1947,0 14.1859,-20.1942,0 14.1863,-20.1936,0 14.1864,-20.1933,0 14.1868,-20.193,0 14.187,-20.1929,0 14.1871,-20.1928,0 14.1872,-20.1926,0 14.1873,-20.1922,0 14.1872,-20.1916,0 14.1873,-20.1912,0 14.1872,-20.191,0 14.187,-20.1909,0 14.1868,-20.1908,0 14.1865,-20.1907,0 14.186,-20.1904,0 14.1858,-20.1902,0 14.1855,-20.1898,0 14.1853,-20.1892,0 14.1853,-20.1887,0 14.1852,-20.1882,0 14.185,-20.188,0 14.1847,-20.1877,0 14.1846,-20.1874,0 14.1846,-20.1868,0 14.1847,-20.1864,0 14.1848,-20.1862,0 14.185,-20.186,0 14.185,-20.1858,0 14.1849,-20.1855,0 14.1848,-20.1853,0 14.1848,-20.185,0 14.1848,-20.1849,0 14.1847,-20.1845,0 14.1846,-20.184,0 14.1845,-20.1829,0 14.1844,-20.1814,0 14.1844,-20.1809,0 14.1845,-20.1807,0 14.1851,-20.18,0 14.1854,-20.1795,0 14.1862,-20.1783,0 14.1864,-20.178,0 14.187,-20.1774,0 14.1881,-20.1758,0 14.1881,-20.1757,0 14.188,-20.1756,0 14.1879,-20.1755,0 14.1879,-20.1752,0 14.1877,-20.175,0 14.1875,-20.1749,0 14.1872,-20.1748,0 14.187,-20.1747,0 14.1869,-20.1745,0 14.1869,-20.1742,0 14.1869,-20.1735,0 14.187,-20.1732,0 14.1869,-20.1729,0 14.1868,-20.1726,0 14.1868,-20.1725,0 14.1869,-20.1723,0 14.1872,-20.1714,0 14.1875,-20.1705,0 14.1876,-20.1703,0 14.1878,-20.1697,0 14.1879,-20.1693,0 14.188,-20.169,0 14.1879,-20.1685,0 14.188,-20.1683,0 14.188,-20.1682,0 14.1885,-20.1671,0 14.1886,-20.1668,0 14.1887,-20.1664,0 14.1888,-20.1663,0 14.1889,-20.1661,0 14.1893,-20.1658,0 14.1895,-20.1657,0 14.1896,-20.1655,0 14.1897,-20.1654,0 14.1897,-20.165,0 14.1897,-20.1635,0 14.1898,-20.1621,0 14.1898,-20.1617,0 14.1898,-20.1613,0 14.1898,-20.1611,0 14.19,-20.1604,0 14.19,-20.1595,0 14.19,-20.1588,0 14.19,-20.1579,0 14.19,-20.1563,0 14.19,-20.1559,0 14.1901,-20.1556,0 14.1902,-20.1553,0 14.1903,-20.1551,0 14.1904,-20.1549,0 14.1904,-20.1546,0 14.1903,-20.1545,0 14.1904,-20.1543,0 14.1906,-20.1539,0 14.1907,-20.1535,0 14.1907,-20.1528,0 14.1907,-20.1526,0 14.1907,-20.1522,0 14.1909,-20.1515,0 14.1909,-20.151,0 14.1909,-20.1505,0 14.1909,-20.1494,0 14.1909,-20.1488,0 14.1908,-20.1485,0 14.1909,-20.1482,0 14.1909,-20.1479,0 14.1912,-20.1464,0 14.1913,-20.1458,0 14.1915,-20.1451,0 14.1916,-20.1449,0 14.1917,-20.1447,0 14.1918,-20.1447,0 14.1922,-20.1445,0 14.1924,-20.1444,0 14.1927,-20.144,0 14.1929,-20.1438,0 14.193,-20.1436,0 14.1932,-20.1434,0 14.1935,-20.1433,0 14.1939,-20.1432,0 14.194,-20.1431,0 14.1942,-20.143,0 14.195,-20.1424,0 14.1956,-20.142,0 14.1958,-20.1418,0 14.1961,-20.1417,0 14.1965,-20.1413,0 14.1966,-20.141,0 14.1967,-20.1408,0 14.1969,-20.1406,0 14.1971,-20.1405,0 14.1972,-20.1401,0 14.1973,-20.1399,0 14.1975,-20.1398,0 14.1977,-20.1397,0 14.1981,-20.1395,0 14.1984,-20.1394,0 14.1987,-20.1392,0 14.1996,-20.1389,0 14.2,-20.1387,0 14.2003,-20.1384,0 14.2011,-20.138,0 14.2016,-20.1376,0 14.2025,-20.1371,0 14.2032,-20.1367,0 14.2036,-20.1364,0 14.2042,-20.136,0 14.2047,-20.1357,0 14.2051,-20.1356,0 14.2057,-20.1355,0 14.206,-20.1354,0 14.2061,-20.1353,0 14.2062,-20.1352,0 14.2062,-20.1349,0 14.2063,-20.1347,0 14.2065,-20.1344,0 14.2066,-20.1342,0 14.2067,-20.1338,0 14.2068,-20.1336,0 14.207,-20.1331,0 14.2071,-20.1327,0 14.2079,-20.1308,0 14.2094,-20.1284,0 14.2101,-20.1272,0 14.2109,-20.1259,0 14.2109,-20.1257,0 14.211,-20.1255,0 14.2111,-20.1254,0 14.2114,-20.1252,0 14.2115,-20.1251,0 14.2117,-20.1249,0 14.2119,-20.1245,0 14.2119,-20.1243,0 14.212,-20.1241,0 14.2119,-20.1238,0 14.2119,-20.1235,0 14.2118,-20.1232,0 14.2117,-20.1229,0 14.2115,-20.1227,0 14.2115,-20.1223,0 14.2114,-20.1211,0 14.2114,-20.1208,0 14.2113,-20.1206,0 14.2111,-20.1205,0 14.2109,-20.1204,0 14.2105,-20.1203,0 14.2102,-20.1202,0 14.21,-20.12,0 14.2096,-20.1197,0 14.2094,-20.1195,0 14.2093,-20.1192,0 14.2091,-20.1188,0 14.209,-20.1182,0 14.2089,-20.1178,0 14.2087,-20.1171,0 14.2086,-20.1167,0 14.2086,-20.1165,0 14.2086,-20.1163,0 14.2088,-20.1156,0 14.2089,-20.115,0 14.2088,-20.1141,0 14.2087,-20.1132,0 14.2087,-20.1128,0 14.2085,-20.1124,0 14.2083,-20.1121,0 14.208,-20.112,0 14.2078,-20.112,0 14.2068,-20.112,0 14.2063,-20.1119,0 14.2062,-20.1119,0 14.206,-20.1119,0 14.2058,-20.1117,0 14.2058,-20.1114,0 14.2057,-20.1111,0 14.2059,-20.1103,0 14.2061,-20.1094,0 14.2061,-20.109,0 14.2061,-20.1067,0 14.2061,-20.1064,0 14.206,-20.1063,0 14.2058,-20.1058,0 14.2053,-20.1051,0 14.2046,-20.1039,0 14.2046,-20.1037,0 14.2046,-20.1036,0 14.2047,-20.1027,0 14.2048,-20.1022,0 14.2049,-20.1014,0 14.2052,-20.1011,0 14.2055,-20.1007,0 14.2057,-20.1001,0 14.2057,-20.1001,0 14.2058,-20.1,0 14.2058,-20.1,0 14.206,-20.0999,0 14.2061,-20.0999,0 14.2085,-20.097,0 14.2089,-20.0966,0 14.2104,-20.0957,0 14.2119,-20.0946,0 14.2142,-20.0929,0 14.2148,-20.0924,0 14.2156,-20.0916,0 14.2161,-20.0913,0 14.2165,-20.0911,0 14.2171,-20.0909,0 14.218,-20.0908,0 14.2198,-20.0907,0 14.22,-20.0906,0 14.2202,-20.0905,0 14.2203,-20.0903,0 14.2207,-20.09,0 14.2211,-20.0893,0 14.2218,-20.0884,0 14.2221,-20.0882,0 14.2223,-20.088,0 14.2227,-20.0878,0 14.2231,-20.0876,0 14.2235,-20.0875,0 14.2239,-20.0876,0 14.2246,-20.0879,0 14.2254,-20.0881,0 14.226,-20.0882,0 14.2271,-20.0883,0 14.2276,-20.0884,0 14.2279,-20.0885,0 14.2283,-20.0887,0 14.2292,-20.0898,0 14.2295,-20.0901,0 14.2298,-20.0904,0 14.2302,-20.0906,0 14.2305,-20.0907,0 14.2331,-20.0915,0 14.2352,-20.0921,0 14.236,-20.0923,0 14.2366,-20.0923,0 14.2397,-20.0926,0 14.2413,-20.0926,0 14.2418,-20.0926,0 14.2425,-20.0928,0 14.2438,-20.093,0 14.2442,-20.0929,0 14.2447,-20.0927,0 14.2452,-20.0922,0 14.246,-20.0914,0 14.2463,-20.091,0 14.2466,-20.0905,0 14.2467,-20.09,0 14.2469,-20.0895,0 14.2475,-20.0885,0 14.248,-20.0877,0 14.2489,-20.0863,0 14.2491,-20.0858,0 14.2493,-20.0852,0 14.2495,-20.0846,0 14.2498,-20.084,0 14.2504,-20.0827,0 14.2505,-20.0826,0 14.2509,-20.0823,0 14.2513,-20.082,0 14.2518,-20.0815,0 14.252,-20.081,0 14.2525,-20.0793,0 14.2527,-20.0786,0 14.2529,-20.0778,0 14.2532,-20.0769,0 14.2534,-20.0763,0 14.2536,-20.0761,0 14.2539,-20.0757,0 14.2541,-20.0752,0 14.2545,-20.0742,0 14.2549,-20.0732,0 14.2552,-20.0726,0 14.2554,-20.0721,0 14.2556,-20.0712,0 14.2556,-20.0707,0 14.2558,-20.0701,0 14.2559,-20.0693,0 14.2559,-20.0691,0 14.2561,-20.0687,0 14.2563,-20.0683,0 14.2566,-20.0681,0 14.2569,-20.068,0 14.2572,-20.0678,0 14.2574,-20.0676,0 14.2575,-20.0674,0 14.2577,-20.0663,0 14.2577,-20.066,0 14.2578,-20.0658,0 14.2581,-20.0654,0 14.2583,-20.0652,0 14.2584,-20.065,0 14.2586,-20.0648,0 14.2594,-20.064,0 14.2599,-20.0637,0 14.2605,-20.0631,0 14.2609,-20.0628,0 14.2614,-20.0624,0 14.2633,-20.0611,0 14.2639,-20.0607,0 14.2645,-20.0604,0 14.2653,-20.0601,0 14.2664,-20.06,0 14.2673,-20.0602,0 14.268,-20.0603,0 14.2687,-20.0602,0 14.2691,-20.0601,0 14.2695,-20.0599,0 14.272,-20.0583,0 14.2724,-20.0581,0 14.2741,-20.057,0 14.2776,-20.0549,0 14.2782,-20.0545,0 14.2789,-20.0539,0 14.2795,-20.0533,0 14.2798,-20.0528,0 14.2801,-20.0523,0 14.2801,-20.052,0 14.2801,-20.0514,0 14.28,-20.0503,0 14.2799,-20.0499,0 14.2798,-20.0495,0 14.2797,-20.0493,0 14.2797,-20.0492,0 14.2796,-20.0491,0 14.2796,-20.0489,0 14.2797,-20.0486,0 14.2797,-20.0485,0 14.2796,-20.0483,0 14.2796,-20.0481,0 14.2795,-20.048,0 14.2793,-20.0478,0 14.2789,-20.0476,0 14.2783,-20.0473,0 14.2777,-20.0471,0 14.2772,-20.0468,0 14.2755,-20.0458,0 14.2742,-20.0449,0 14.2738,-20.0446,0 14.2737,-20.0445,0 14.2737,-20.0445,0 14.2736,-20.0445,0 14.2736,-20.0444,0 14.2736,-20.0444,0 14.2737,-20.0443,0 14.2737,-20.0442,0 14.2737,-20.0441,0 14.2737,-20.044,0 14.2738,-20.0439,0 14.2738,-20.0439,0 14.2739,-20.0438,0 14.2743,-20.0435,0 14.2745,-20.0433,0 14.2747,-20.0431,0 14.2749,-20.0428,0 14.2751,-20.0427,0 14.2752,-20.0426,0 14.2754,-20.0425,0 14.2756,-20.0425,0 14.2758,-20.0423,0 14.2761,-20.0422,0 14.2766,-20.0416,0 14.277,-20.0409,0 14.2776,-20.04,0 14.2779,-20.0394,0 14.2781,-20.0391,0 14.2784,-20.0387,0 14.2787,-20.0384,0 14.279,-20.0379,0 14.2793,-20.0372,0 14.2795,-20.0367,0 14.2797,-20.0365,0 14.2798,-20.0363,0 14.28,-20.0361,0 14.2802,-20.0359,0 14.2803,-20.0358,0 14.2805,-20.0355,0 14.2807,-20.0352,0 14.2809,-20.0346,0 14.2811,-20.0342,0 14.2813,-20.0339,0 14.2821,-20.033,0 14.283,-20.0321,0 14.2832,-20.0319,0 14.2834,-20.0318,0 14.2836,-20.0317,0 14.2838,-20.0316,0 14.2841,-20.0316,0 14.2853,-20.0319,0 14.2863,-20.032,0 14.2876,-20.0322,0 14.2882,-20.0323,0 14.2894,-20.0327,0 14.2906,-20.0329,0 14.2916,-20.033,0 14.292,-20.0332,0 14.2926,-20.0334,0 14.2934,-20.0339,0 14.2946,-20.0343,0 14.2954,-20.0345,0 14.2958,-20.0347,0 14.2961,-20.035,0 14.2963,-20.0353,0 14.2964,-20.036,0 14.2966,-20.0369,0 14.2971,-20.038,0 14.298,-20.0403,0 14.2984,-20.0419,0 14.2985,-20.0426,0 14.2984,-20.0434,0 14.2984,-20.0442,0 14.2986,-20.0449,0 14.299,-20.0453,0 14.2993,-20.0455,0 14.2998,-20.0456,0 14.3004,-20.0455,0 14.3009,-20.0453,0 14.3024,-20.0441,0 14.3026,-20.0439,0 14.3073,-20.0405,0 14.3085,-20.0399,0 14.3121,-20.0374,0 14.3143,-20.0353,0 14.3165,-20.0337,0 14.3172,-20.0325,0 14.3176,-20.0316,0 14.3182,-20.0306,0 14.3186,-20.0303,0 14.3191,-20.03,0 14.3198,-20.0299,0 14.3205,-20.0298,0 14.3208,-20.0297,0 14.3214,-20.0295,0 14.3224,-20.029,0 14.323,-20.0289,0 14.3235,-20.0288,0 14.3241,-20.0287,0 14.3245,-20.0286,0 14.3249,-20.0285,0 14.3259,-20.0281,0 14.327,-20.0277,0 14.3294,-20.0268,0 14.3299,-20.0267,0 14.3303,-20.0265,0 14.3387,-20.0233,0 14.343,-20.0216,0 14.3461,-20.0205,0 14.3467,-20.0203,0 14.3474,-20.0203,0 14.3523,-20.0204,0 14.3534,-20.018,0 14.354,-20.017,0 14.3543,-20.0165,0 14.3545,-20.0161,0 14.3551,-20.0155,0 14.356,-20.0148,0 14.3575,-20.0138,0 14.3593,-20.0128,0 14.3732,-20.0059,0 14.3736,-20.0057,0 14.374,-20.0056,0 14.3744,-20.0055,0 14.3748,-20.0054,0 14.3751,-20.0052,0 14.3763,-20.0047,0 14.3769,-20.0044,0 14.3773,-20.0041,0 14.3777,-20.0038,0 14.3833,-19.9991,0 14.3836,-19.9989,0 14.3839,-19.9988,0 14.3843,-19.9986,0 14.3847,-19.9985,0 14.385,-19.9983,0 14.3853,-19.9982,0 14.3856,-19.998,0 14.3858,-19.9978,0 14.3859,-19.9975,0 14.3863,-19.9969,0 14.387,-19.9957,0 14.3873,-19.995,0 14.3878,-19.994,0 14.3879,-19.9938,0 14.3879,-19.9935,0 14.3879,-19.9934,0 14.3878,-19.9932,0 14.3868,-19.9905,0 14.3851,-19.9859,0 14.385,-19.9855,0 14.3849,-19.9852,0 14.3849,-19.9849,0 14.385,-19.9845,0 14.3853,-19.9826,0 14.3855,-19.9815,0 14.387,-19.9747,0 14.3872,-19.9734,0 14.3873,-19.9723,0 14.3872,-19.9706,0 14.3872,-19.9701,0 14.3871,-19.97,0 14.3867,-19.9683,0 14.3864,-19.967,0 14.3862,-19.9664,0 14.386,-19.9659,0 14.3855,-19.9652,0 14.3839,-19.9619,0 14.3838,-19.9614,0 14.3836,-19.9609,0 14.3833,-19.9585,0 14.383,-19.9567,0 14.3828,-19.9558,0 14.3825,-19.9549,0 14.3822,-19.9537,0 14.3816,-19.9521,0 14.3807,-19.9497,0 14.3805,-19.9489,0 14.3803,-19.9483,0 14.3801,-19.9477,0 14.379,-19.9451,0 14.3784,-19.9437,0 14.3781,-19.9432,0 14.3774,-19.9421,0 14.3767,-19.9411,0 14.3763,-19.9404,0 14.3762,-19.9401,0 14.3761,-19.9397,0 14.3761,-19.9393,0 14.3762,-19.9388,0 14.3761,-19.9382,0 14.376,-19.9379,0 14.3755,-19.9368,0 14.3753,-19.9363,0 14.3746,-19.9344,0 14.3743,-19.9337,0 14.3741,-19.9331,0 14.374,-19.9323,0 14.3742,-19.9315,0 14.3743,-19.9308,0 14.3743,-19.9304,0 14.3741,-19.9301,0 14.374,-19.9298,0 14.3724,-19.9276,0 14.371,-19.9253,0 14.3696,-19.923,0 14.3693,-19.9226,0 14.3692,-19.9224,0 14.3691,-19.9222,0 14.369,-19.9221,0 14.369,-19.922,0 14.3689,-19.9219,0 14.3689,-19.9216,0 14.3689,-19.9214,0 14.3688,-19.9211,0 14.3687,-19.9208,0 14.3685,-19.9201,0 14.3683,-19.9198,0 14.3683,-19.9196,0 14.368,-19.9192,0 14.3671,-19.9178,0 14.367,-19.9176,0 14.3669,-19.9173,0 14.3668,-19.9171,0 14.3668,-19.917,0 14.3667,-19.9168,0 14.3667,-19.9166,0 14.3667,-19.9163,0 14.3667,-19.9159,0 14.3667,-19.9125,0 14.3667,-19.9115,0 14.3667,-19.9105,0 14.3666,-19.9103,0 14.3666,-19.9101,0 14.3665,-19.9099,0 14.3665,-19.9098,0 14.3664,-19.9096,0 14.3661,-19.9094,0 14.3658,-19.909,0 14.3657,-19.9088,0 14.3656,-19.9086,0 14.3655,-19.9084,0 14.3654,-19.9079,0 14.3654,-19.9077,0 14.3653,-19.9074,0 14.3654,-19.9071,0 14.3654,-19.9068,0 14.3656,-19.906,0 14.3657,-19.9053,0 14.3658,-19.9051,0 14.3657,-19.9049,0 14.3657,-19.9048,0 14.3657,-19.9046,0 14.3656,-19.9044,0 14.3654,-19.9038,0 14.3653,-19.9035,0 14.3652,-19.9033,0 14.3652,-19.9032,0 14.3652,-19.903,0 14.3653,-19.9025,0 14.3653,-19.9024,0 14.3653,-19.9022,0 14.3653,-19.9019,0 14.3652,-19.9014,0 14.3652,-19.9011,0 14.3651,-19.9008,0 14.3651,-19.9005,0 14.365,-19.9003,0 14.365,-19.9,0 14.3649,-19.8998,0 14.3649,-19.8996,0 14.3648,-19.8993,0 14.3648,-19.8992,0 14.3648,-19.899,0 14.3648,-19.8989,0 14.3648,-19.8988,0 14.3649,-19.8985,0 14.365,-19.8981,0 14.3653,-19.8974,0 14.3653,-19.8972,0 14.3654,-19.897,0 14.3653,-19.8968,0 14.3653,-19.8966,0 14.3652,-19.8964,0 14.365,-19.8962,0 14.3647,-19.8958,0 14.3642,-19.8954,0 14.364,-19.8951,0 14.3636,-19.8946,0 14.3635,-19.8943,0 14.3634,-19.8941,0 14.3634,-19.8938,0 14.3634,-19.8928,0 14.3634,-19.8924,0 14.3634,-19.8921,0 14.3635,-19.8918,0 14.3635,-19.8915,0 14.3637,-19.8913,0 14.3638,-19.8911,0 14.3639,-19.8908,0 14.3639,-19.8905,0 14.364,-19.8899,0 14.364,-19.8895,0 14.364,-19.8894,0 14.3641,-19.8893,0 14.3641,-19.8892,0 14.3641,-19.8891,0 14.3641,-19.889,0 14.3642,-19.889,0 14.3644,-19.8887,0 14.3645,-19.8887,0 14.3645,-19.8886,0 14.3645,-19.8885,0 14.3645,-19.8885,0 14.3644,-19.8884,0 14.3643,-19.8883,0 14.3642,-19.8883,0 14.3641,-19.8882,0 14.364,-19.8881,0 14.364,-19.8879,0 14.3638,-19.8876,0 14.3637,-19.8873,0 14.3636,-19.887,0 14.3635,-19.8868,0 14.3634,-19.8862,0 14.3634,-19.8857,0 14.3634,-19.8854,0 14.3635,-19.8852,0 14.3636,-19.885,0 14.3641,-19.8843,0 14.3642,-19.8841,0 14.3643,-19.8839,0 14.3643,-19.8838,0 14.3644,-19.8835,0 14.3644,-19.883,0 14.3644,-19.8828,0 14.3645,-19.8826,0 14.3646,-19.8825,0 14.365,-19.882,0 14.3652,-19.8818,0 14.3656,-19.8809,0 14.3662,-19.8797,0 14.3663,-19.8795,0 14.3664,-19.8793,0 14.3665,-19.8792,0 14.367,-19.8786,0 14.3677,-19.878,0 14.3684,-19.8771,0 14.3689,-19.8765,0 14.3704,-19.875,0 14.3708,-19.8746,0 14.3713,-19.8742,0 14.3725,-19.8725,0 14.3734,-19.8713,0 14.375,-19.8692,0 14.3757,-19.8682,0 14.3767,-19.8668,0 14.3773,-19.8662,0 14.3777,-19.8658,0 14.378,-19.8656,0 14.3786,-19.8655,0 14.3798,-19.8652,0 14.3808,-19.865,0 14.3815,-19.8648,0 14.3822,-19.8644,0 14.384,-19.8632,0 14.3857,-19.862,0 14.3871,-19.8607,0 14.3879,-19.86,0 14.3886,-19.8595,0 14.389,-19.8592,0 14.3896,-19.8586,0 14.3899,-19.8582,0 14.3901,-19.8579,0 14.3903,-19.8576,0 14.3903,-19.8571,0 14.3903,-19.8547,0 14.3904,-19.8537,0 14.3905,-19.8527,0 14.3903,-19.8523,0 14.3902,-19.852,0 14.3902,-19.852,0 14.3902,-19.8516,0 14.3903,-19.8513,0 14.3903,-19.851,0 14.3904,-19.8509,0 14.3904,-19.8505,0 14.3903,-19.8504,0 14.3902,-19.8502,0 14.3903,-19.8498,0 14.3904,-19.8494,0 14.3906,-19.8492,0 14.3908,-19.8491,0 14.3911,-19.8488,0 14.3913,-19.8486,0 14.3916,-19.8482,0 14.3916,-19.8478,0 14.3914,-19.8474,0 14.3913,-19.8469,0 14.3911,-19.8464,0 14.3912,-19.846,0 14.3913,-19.8456,0 14.3915,-19.845,0 14.392,-19.8437,0 14.3925,-19.8423,0 14.3927,-19.8413,0 14.3929,-19.8404,0 14.3931,-19.8397,0 14.393,-19.8386,0 14.3929,-19.8375,0 14.3929,-19.8365,0 14.3929,-19.8352,0 14.3931,-19.8339,0 14.3932,-19.8329,0 14.3935,-19.8316,0 14.3937,-19.8301,0 14.3939,-19.8293,0 14.3941,-19.8279,0 14.3943,-19.826,0 14.3944,-19.824,0 14.3948,-19.823,0 14.3951,-19.822,0 14.3957,-19.8206,0 14.3963,-19.8194,0 14.3965,-19.819,0 14.3971,-19.818,0 14.3978,-19.8167,0 14.3984,-19.8157,0 14.3988,-19.8149,0 14.399,-19.8144,0 14.3991,-19.8139,0 14.3991,-19.8135,0 14.3992,-19.8129,0 14.3994,-19.8123,0 14.3997,-19.8119,0 14.4,-19.8116,0 14.4008,-19.8108,0 14.401,-19.8105,0 14.4003,-19.8104,0 14.3994,-19.8103,0 14.3985,-19.81,0 14.3977,-19.8098,0 14.3975,-19.8097,0 14.3973,-19.8096,0 14.3971,-19.8092,0 14.3969,-19.8089,0 14.3968,-19.8084,0 14.3968,-19.808,0 14.3967,-19.807,0 14.3965,-19.8051,0 14.3963,-19.8034,0 14.3963,-19.8032,0 14.3961,-19.8005,0 14.396,-19.7992,0 14.396,-19.7977,0 14.3961,-19.7962,0 14.3962,-19.7935,0 14.3962,-19.7916,0 14.3962,-19.7906,0 14.396,-19.7898,0 14.3956,-19.789,0 14.3951,-19.7884,0 14.3948,-19.7881,0 14.3944,-19.7878,0 14.394,-19.7875,0 14.3938,-19.7873,0 14.3915,-19.7852,0 14.3895,-19.7835,0 14.3873,-19.7818,0 14.3856,-19.7804,0 14.3832,-19.7786,0 14.3824,-19.7779,0 14.3817,-19.7772,0 14.3796,-19.775,0 14.3773,-19.7725,0 14.3747,-19.7697,0 14.3741,-19.7691,0 14.3736,-19.7685,0 14.373,-19.7677,0 14.3727,-19.7673,0 14.3726,-19.7669,0 14.3724,-19.7661,0 14.372,-19.7647,0 14.3716,-19.7631,0 14.3707,-19.7601,0 14.3696,-19.7568,0 14.3687,-19.7535,0 14.3677,-19.7504,0 14.3673,-19.7491,0 14.3671,-19.7486,0 14.3669,-19.7483,0 14.3666,-19.7482,0 14.3665,-19.7481,0 14.3662,-19.748,0 14.3656,-19.7479,0 14.3653,-19.7479,0 14.3652,-19.7479,0 14.3652,-19.7479,0 14.3647,-19.7481,0 14.364,-19.7487,0 14.3632,-19.7495,0 14.3622,-19.7504,0 14.3609,-19.7515,0 14.3599,-19.7525,0 14.3592,-19.753,0 14.3587,-19.7533,0 14.3579,-19.7537,0 14.3565,-19.7542,0 14.3547,-19.755,0 14.3485,-19.7575,0 14.3432,-19.7597,0 14.3383,-19.7618,0 14.3364,-19.7626,0 14.3359,-19.7627,0 14.3338,-19.7639,0 14.3294,-19.7663,0 14.3256,-19.7683,0 14.323,-19.7697,0 14.3219,-19.7703,0 14.3214,-19.7706,0 14.3177,-19.7725,0 14.314,-19.7746,0 14.3106,-19.7764,0 14.3067,-19.7785,0 14.3056,-19.7791,0 14.3049,-19.7794,0 14.3043,-19.7796,0 14.3035,-19.7797,0 14.3022,-19.7799,0 14.3,-19.7802,0 14.2971,-19.7805,0 14.2933,-19.781,0 14.2894,-19.7815,0 14.2894,-19.7796,0 14.2895,-19.7773,0 14.2895,-19.7769,0 14.2895,-19.7766,0 14.2893,-19.776,0 14.2883,-19.7741,0 14.2871,-19.7718,0 14.2856,-19.7689,0 14.2842,-19.7663,0 14.2838,-19.7654,0 14.2836,-19.7651,0 14.2835,-19.7647,0 14.2835,-19.7643,0 14.2835,-19.7632,0 14.2837,-19.7607,0 14.2842,-19.7514,0 14.2842,-19.7512,0 14.2843,-19.7509,0 14.2845,-19.7505,0 14.2846,-19.7501,0 14.2849,-19.7497,0 14.2869,-19.7474,0 14.2886,-19.7456,0 14.2955,-19.7379,0 14.2961,-19.7374,0 14.2973,-19.7364,0 14.2986,-19.7354,0 14.3029,-19.7323,0 14.305,-19.7308,0 14.3052,-19.7306,0 14.3056,-19.7303,0 14.3058,-19.7302,0 14.3059,-19.7301,0 14.306,-19.7301,0 14.3061,-19.7301,0 14.3061,-19.7302,0 14.3062,-19.7302,0 14.3062,-19.7302,0 14.3063,-19.7303,0 14.3063,-19.7303,0 14.3064,-19.7304,0 14.3065,-19.7304,0 14.3065,-19.7304,0 14.3066,-19.7305,0 14.3066,-19.7305,0 14.3067,-19.7305,0 14.3067,-19.7306,0 14.3068,-19.7306,0 14.3068,-19.7307,0 14.3068,-19.7307,0 14.3069,-19.7308,0 14.3069,-19.7309,0 14.307,-19.7309,0 14.3071,-19.731,0 14.3072,-19.731,0 14.3072,-19.7311,0 14.3073,-19.7312,0 14.3073,-19.7312,0 14.3074,-19.7312,0 14.3074,-19.7313,0 14.3075,-19.7313,0 14.3075,-19.7314,0 14.3075,-19.7314,0 14.3076,-19.7315,0 14.3076,-19.7315,0 14.3077,-19.7316,0 14.3077,-19.7317,0 14.3078,-19.7317,0 14.3078,-19.7318,0 14.3079,-19.7318,0 14.308,-19.7319,0 14.308,-19.7319,0 14.3081,-19.7319,0 14.3081,-19.732,0</coordinates></LineString>
    </Placemark>
    <Placemark>
      <name>D9 · Hoada → Etosha (Okaukuejo)</name>
      <description>9 nov · 343 km</description>
      <styleUrl>#etosha</styleUrl>
      <LineString><tessellate>1</tessellate><coordinates>14.3081,-19.732,0 14.3081,-19.7319,0 14.308,-19.7319,0 14.308,-19.7319,0 14.3079,-19.7318,0 14.3078,-19.7318,0 14.3078,-19.7317,0 14.3077,-19.7317,0 14.3077,-19.7316,0 14.3076,-19.7315,0 14.3076,-19.7315,0 14.3075,-19.7314,0 14.3075,-19.7314,0 14.3075,-19.7313,0 14.3074,-19.7313,0 14.3074,-19.7312,0 14.3073,-19.7312,0 14.3073,-19.7312,0 14.3072,-19.7311,0 14.3072,-19.731,0 14.3071,-19.731,0 14.307,-19.7309,0 14.3069,-19.7309,0 14.3069,-19.7308,0 14.3068,-19.7307,0 14.3068,-19.7307,0 14.3068,-19.7306,0 14.3067,-19.7306,0 14.3067,-19.7305,0 14.3066,-19.7305,0 14.3066,-19.7305,0 14.3065,-19.7304,0 14.3065,-19.7304,0 14.3064,-19.7304,0 14.3063,-19.7303,0 14.3063,-19.7303,0 14.3062,-19.7302,0 14.3062,-19.7302,0 14.3062,-19.7301,0 14.3061,-19.73,0 14.3061,-19.7299,0 14.3063,-19.7298,0 14.3065,-19.7295,0 14.3066,-19.7293,0 14.3067,-19.7291,0 14.3069,-19.7286,0 14.3076,-19.727,0 14.309,-19.7236,0 14.3099,-19.7214,0 14.3148,-19.7093,0 14.3152,-19.7083,0 14.3152,-19.708,0 14.3153,-19.7075,0 14.3152,-19.7067,0 14.315,-19.7047,0 14.3139,-19.6971,0 14.3132,-19.6923,0 14.3131,-19.6917,0 14.3131,-19.6915,0 14.3132,-19.6912,0 14.3132,-19.691,0 14.3134,-19.6907,0 14.3135,-19.6904,0 14.3147,-19.6885,0 14.315,-19.688,0 14.3159,-19.6868,0 14.3184,-19.6834,0 14.3204,-19.6807,0 14.322,-19.6786,0 14.3231,-19.6772,0 14.3244,-19.6755,0 14.3248,-19.675,0 14.325,-19.6747,0 14.3254,-19.6743,0 14.3259,-19.6739,0 14.3262,-19.6737,0 14.3271,-19.6729,0 14.3279,-19.6723,0 14.33,-19.6707,0 14.3325,-19.6689,0 14.3353,-19.6667,0 14.3359,-19.6661,0 14.3365,-19.6655,0 14.338,-19.6639,0 14.3397,-19.6623,0 14.3402,-19.6619,0 14.3407,-19.6615,0 14.341,-19.6613,0 14.3415,-19.6609,0 14.3426,-19.6601,0 14.3471,-19.6569,0 14.3498,-19.6549,0 14.351,-19.6542,0 14.3529,-19.6531,0 14.355,-19.6519,0 14.3564,-19.6511,0 14.3574,-19.6505,0 14.3584,-19.65,0 14.3589,-19.6497,0 14.3592,-19.6494,0 14.3596,-19.6491,0 14.36,-19.6488,0 14.3606,-19.6483,0 14.3615,-19.6475,0 14.3628,-19.6463,0 14.3637,-19.6454,0 14.3642,-19.645,0 14.3647,-19.6447,0 14.3653,-19.6443,0 14.367,-19.6435,0 14.37,-19.6419,0 14.3714,-19.6411,0 14.3721,-19.6407,0 14.3725,-19.6404,0 14.3731,-19.64,0 14.3739,-19.6394,0 14.3743,-19.639,0 14.3748,-19.6388,0 14.3755,-19.6384,0 14.3758,-19.6383,0 14.3761,-19.6382,0 14.3777,-19.6377,0 14.3791,-19.6373,0 14.3806,-19.637,0 14.3815,-19.6367,0 14.3825,-19.6364,0 14.383,-19.6362,0 14.3837,-19.6359,0 14.3856,-19.6349,0 14.3872,-19.6342,0 14.3891,-19.6333,0 14.3909,-19.6324,0 14.3914,-19.6321,0 14.3934,-19.6312,0 14.3941,-19.6309,0 14.3946,-19.6307,0 14.3953,-19.6306,0 14.3962,-19.6304,0 14.3981,-19.6301,0 14.3998,-19.6298,0 14.4009,-19.6296,0 14.402,-19.6293,0 14.4034,-19.6288,0 14.4045,-19.6285,0 14.4054,-19.6283,0 14.4062,-19.628,0 14.4078,-19.6274,0 14.4085,-19.6272,0 14.4092,-19.6269,0 14.4107,-19.6264,0 14.411,-19.6263,0 14.4128,-19.6255,0 14.4137,-19.6251,0 14.4142,-19.6249,0 14.4166,-19.6241,0 14.4182,-19.6237,0 14.4223,-19.6224,0 14.4249,-19.6217,0 14.4294,-19.6203,0 14.4298,-19.6202,0 14.4343,-19.6188,0 14.4377,-19.6178,0 14.4402,-19.617,0 14.441,-19.6168,0 14.4418,-19.6165,0 14.4435,-19.6159,0 14.4446,-19.6156,0 14.445,-19.6154,0 14.4453,-19.6153,0 14.4456,-19.6151,0 14.446,-19.6149,0 14.4469,-19.6143,0 14.4472,-19.614,0 14.4476,-19.6138,0 14.4479,-19.6137,0 14.4484,-19.6136,0 14.449,-19.6136,0 14.4504,-19.6134,0 14.451,-19.6133,0 14.4514,-19.6132,0 14.4518,-19.6132,0 14.452,-19.6132,0 14.4522,-19.6132,0 14.453,-19.6133,0 14.4533,-19.6134,0 14.4537,-19.6133,0 14.454,-19.6133,0 14.4547,-19.6131,0 14.4553,-19.613,0 14.456,-19.6128,0 14.4568,-19.6126,0 14.4576,-19.6124,0 14.4583,-19.6123,0 14.4593,-19.6122,0 14.4601,-19.612,0 14.4606,-19.6119,0 14.4623,-19.6115,0 14.4636,-19.6111,0 14.466,-19.6105,0 14.4673,-19.6101,0 14.4706,-19.6093,0 14.471,-19.6092,0 14.4733,-19.6086,0 14.4754,-19.608,0 14.4784,-19.6072,0 14.48,-19.6068,0 14.4807,-19.6067,0 14.4813,-19.6066,0 14.4831,-19.6063,0 14.4849,-19.606,0 14.4872,-19.6056,0 14.4888,-19.6054,0 14.4906,-19.605,0 14.4921,-19.6048,0 14.4948,-19.6044,0 14.4956,-19.6043,0 14.4958,-19.6042,0 14.4961,-19.6041,0 14.4964,-19.604,0 14.4984,-19.6031,0 14.4997,-19.6025,0 14.5004,-19.6022,0 14.5008,-19.602,0 14.5012,-19.6019,0 14.5018,-19.6019,0 14.502,-19.6018,0 14.5023,-19.6018,0 14.5026,-19.6017,0 14.503,-19.6017,0 14.5034,-19.6018,0 14.5039,-19.6019,0 14.5045,-19.602,0 14.5056,-19.6024,0 14.5071,-19.6029,0 14.5077,-19.6031,0 14.5089,-19.6034,0 14.5095,-19.6035,0 14.51,-19.6036,0 14.5105,-19.6036,0 14.511,-19.6036,0 14.5118,-19.6035,0 14.5125,-19.6034,0 14.5128,-19.6034,0 14.5132,-19.6035,0 14.5136,-19.6036,0 14.514,-19.6036,0 14.515,-19.6037,0 14.5158,-19.6038,0 14.516,-19.6038,0 14.517,-19.6039,0 14.5184,-19.604,0 14.5194,-19.6041,0 14.5203,-19.6042,0 14.5219,-19.6044,0 14.5223,-19.6044,0 14.5253,-19.6046,0 14.5264,-19.6047,0 14.5293,-19.605,0 14.5317,-19.6052,0 14.5339,-19.6054,0 14.5358,-19.6056,0 14.5379,-19.6058,0 14.5397,-19.6058,0 14.5408,-19.6058,0 14.5414,-19.6057,0 14.5422,-19.6056,0 14.5433,-19.6054,0 14.5451,-19.605,0 14.5461,-19.6049,0 14.547,-19.6047,0 14.5473,-19.6047,0 14.5476,-19.6046,0 14.5478,-19.6046,0 14.5483,-19.6044,0 14.5492,-19.604,0 14.5497,-19.6038,0 14.5503,-19.6036,0 14.5506,-19.6034,0 14.5511,-19.6031,0 14.5514,-19.6029,0 14.5518,-19.6025,0 14.5529,-19.6017,0 14.5534,-19.6013,0 14.5538,-19.601,0 14.554,-19.6008,0 14.5543,-19.6006,0 14.5549,-19.6004,0 14.5554,-19.6001,0 14.5563,-19.5997,0 14.5573,-19.5993,0 14.5579,-19.5991,0 14.5586,-19.5989,0 14.5599,-19.5983,0 14.5603,-19.598,0 14.5606,-19.5978,0 14.5613,-19.5972,0 14.562,-19.5965,0 14.5626,-19.5959,0 14.5631,-19.5955,0 14.5633,-19.5951,0 14.5642,-19.5939,0 14.5652,-19.5923,0 14.5663,-19.5907,0 14.5669,-19.5898,0 14.5672,-19.5895,0 14.5679,-19.5884,0 14.57,-19.5854,0 14.5711,-19.5839,0 14.572,-19.5827,0 14.5722,-19.5824,0 14.5725,-19.582,0 14.5728,-19.5816,0 14.5732,-19.5813,0 14.5734,-19.5812,0 14.5737,-19.581,0 14.574,-19.5809,0 14.5752,-19.5806,0 14.577,-19.5802,0 14.5789,-19.5797,0 14.581,-19.5792,0 14.5828,-19.5788,0 14.5847,-19.5784,0 14.5852,-19.5782,0 14.5856,-19.5781,0 14.5885,-19.577,0 14.5909,-19.5762,0 14.592,-19.5757,0 14.5922,-19.5757,0 14.5926,-19.5757,0 14.5933,-19.5759,0 14.5941,-19.5762,0 14.5957,-19.5767,0 14.5968,-19.5769,0 14.5972,-19.577,0 14.598,-19.577,0 14.5983,-19.5771,0 14.6012,-19.5771,0 14.6042,-19.5771,0 14.6051,-19.5771,0 14.6057,-19.5772,0 14.6067,-19.5774,0 14.6075,-19.5776,0 14.6085,-19.5779,0 14.6094,-19.5781,0 14.6098,-19.5783,0 14.6101,-19.5784,0 14.6103,-19.5785,0 14.6121,-19.5797,0 14.6145,-19.5813,0 14.6178,-19.5837,0 14.6203,-19.5855,0 14.6227,-19.5874,0 14.6236,-19.5881,0 14.6254,-19.5895,0 14.628,-19.5916,0 14.6294,-19.5926,0 14.63,-19.593,0 14.6305,-19.5933,0 14.6314,-19.5938,0 14.6318,-19.594,0 14.6321,-19.5943,0 14.6327,-19.5947,0 14.6332,-19.5951,0 14.6335,-19.5953,0 14.6341,-19.5956,0 14.6344,-19.5958,0 14.635,-19.596,0 14.6354,-19.5962,0 14.6358,-19.5963,0 14.6363,-19.5962,0 14.6368,-19.5962,0 14.6374,-19.5961,0 14.6387,-19.596,0 14.6404,-19.5957,0 14.6442,-19.5951,0 14.6458,-19.5949,0 14.6488,-19.5946,0 14.6503,-19.5946,0 14.6514,-19.5946,0 14.6539,-19.5945,0 14.6543,-19.5946,0 14.6546,-19.5947,0 14.6549,-19.5948,0 14.6553,-19.595,0 14.657,-19.5963,0 14.6587,-19.5976,0 14.6625,-19.6005,0 14.6672,-19.6037,0 14.6694,-19.6053,0 14.6699,-19.6056,0 14.6703,-19.6057,0 14.6709,-19.6059,0 14.6715,-19.6061,0 14.6731,-19.6063,0 14.6744,-19.6066,0 14.6758,-19.607,0 14.6776,-19.6075,0 14.6803,-19.6083,0 14.6835,-19.6093,0 14.6862,-19.6101,0 14.6868,-19.6102,0 14.6876,-19.6104,0 14.6882,-19.6104,0 14.6894,-19.6106,0 14.6902,-19.6109,0 14.6908,-19.611,0 14.6912,-19.6113,0 14.692,-19.6118,0 14.6924,-19.612,0 14.6927,-19.6121,0 14.6936,-19.6125,0 14.6942,-19.6127,0 14.6946,-19.6128,0 14.695,-19.6129,0 14.6954,-19.6128,0 14.6966,-19.6126,0 14.6983,-19.6123,0 14.6995,-19.6121,0 14.7008,-19.6118,0 14.7014,-19.6117,0 14.7016,-19.6117,0 14.702,-19.6117,0 14.7025,-19.6119,0 14.703,-19.6121,0 14.7041,-19.6125,0 14.7059,-19.6133,0 14.7077,-19.6141,0 14.7105,-19.6154,0 14.7111,-19.6158,0 14.7121,-19.6163,0 14.7155,-19.6183,0 14.7175,-19.6195,0 14.7186,-19.6202,0 14.7195,-19.6209,0 14.7198,-19.6212,0 14.72,-19.6214,0 14.7205,-19.6221,0 14.722,-19.6242,0 14.7232,-19.6256,0 14.7244,-19.6267,0 14.727,-19.6294,0 14.7287,-19.6313,0 14.7309,-19.6336,0 14.7333,-19.6361,0 14.7339,-19.6369,0 14.7341,-19.6371,0 14.7343,-19.6374,0 14.7344,-19.6377,0 14.7347,-19.6383,0 14.7349,-19.639,0 14.7351,-19.6394,0 14.7352,-19.6396,0 14.7353,-19.6398,0 14.7354,-19.64,0 14.7355,-19.6401,0 14.7357,-19.6402,0 14.7363,-19.6405,0 14.7367,-19.6406,0 14.7369,-19.6407,0 14.7372,-19.6408,0 14.7375,-19.6409,0 14.7378,-19.6411,0 14.7381,-19.6412,0 14.7383,-19.6415,0 14.7386,-19.6418,0 14.739,-19.6423,0 14.7397,-19.6433,0 14.7406,-19.6443,0 14.741,-19.6449,0 14.7416,-19.6455,0 14.742,-19.6457,0 14.7425,-19.6459,0 14.743,-19.6459,0 14.7435,-19.6459,0 14.7439,-19.6458,0 14.7452,-19.6456,0 14.7463,-19.6454,0 14.7475,-19.6452,0 14.7491,-19.6449,0 14.7512,-19.6445,0 14.7527,-19.6442,0 14.7543,-19.6439,0 14.7554,-19.6436,0 14.7561,-19.6433,0 14.7576,-19.6426,0 14.7588,-19.642,0 14.7608,-19.6411,0 14.7618,-19.6405,0 14.7633,-19.6399,0 14.7638,-19.6396,0 14.7642,-19.6395,0 14.7648,-19.6393,0 14.7655,-19.6391,0 14.7661,-19.639,0 14.7668,-19.6387,0 14.7673,-19.6385,0 14.7684,-19.638,0 14.7695,-19.6376,0 14.7702,-19.6372,0 14.7708,-19.6369,0 14.772,-19.6364,0 14.7747,-19.6353,0 14.7773,-19.6342,0 14.7784,-19.6338,0 14.7817,-19.6326,0 14.7826,-19.6324,0 14.7833,-19.6322,0 14.7843,-19.6319,0 14.7851,-19.6318,0 14.7857,-19.6317,0 14.7862,-19.6316,0 14.7867,-19.6315,0 14.7893,-19.6305,0 14.7914,-19.6298,0 14.7966,-19.6279,0 14.7991,-19.627,0 14.7997,-19.6268,0 14.8001,-19.6267,0 14.8005,-19.6266,0 14.8008,-19.6266,0 14.8012,-19.6265,0 14.8017,-19.6266,0 14.8023,-19.6266,0 14.8027,-19.6267,0 14.8035,-19.627,0 14.8046,-19.6274,0 14.8057,-19.6278,0 14.8061,-19.6279,0 14.8068,-19.6281,0 14.8073,-19.6281,0 14.8077,-19.6281,0 14.8083,-19.628,0 14.8088,-19.6279,0 14.8093,-19.6278,0 14.8101,-19.6276,0 14.8107,-19.6275,0 14.8111,-19.6275,0 14.8114,-19.6275,0 14.8117,-19.6275,0 14.812,-19.6274,0 14.8124,-19.6272,0 14.8127,-19.6271,0 14.8131,-19.6269,0 14.8136,-19.6268,0 14.8146,-19.6265,0 14.8151,-19.6264,0 14.8156,-19.6263,0 14.8162,-19.6263,0 14.8168,-19.6263,0 14.8178,-19.6262,0 14.8196,-19.6262,0 14.8204,-19.6262,0 14.8224,-19.626,0 14.8237,-19.6259,0 14.8248,-19.6259,0 14.8252,-19.6258,0 14.8255,-19.6257,0 14.8259,-19.6255,0 14.8262,-19.6254,0 14.8268,-19.6253,0 14.8272,-19.6252,0 14.8277,-19.6251,0 14.8282,-19.6251,0 14.8293,-19.6251,0 14.8299,-19.6251,0 14.831,-19.6252,0 14.833,-19.6251,0 14.8336,-19.625,0 14.8338,-19.625,0 14.8342,-19.625,0 14.8345,-19.625,0 14.8349,-19.6251,0 14.8352,-19.6253,0 14.8354,-19.6254,0 14.8356,-19.6254,0 14.8358,-19.6255,0 14.836,-19.6255,0 14.8362,-19.6255,0 14.8364,-19.6255,0 14.8367,-19.6255,0 14.837,-19.6253,0 14.8378,-19.6246,0 14.839,-19.6235,0 14.8398,-19.6227,0 14.8401,-19.6226,0 14.8403,-19.6224,0 14.8407,-19.6222,0 14.841,-19.6221,0 14.8421,-19.6216,0 14.8426,-19.6214,0 14.843,-19.6223,0 14.8432,-19.6225,0 14.8433,-19.6227,0 14.8432,-19.6231,0 14.8431,-19.6234,0 14.8429,-19.6245,0 14.8425,-19.6267,0 14.8423,-19.6277,0 14.8421,-19.6287,0 14.8425,-19.6288,0 14.8429,-19.6293,0 14.8436,-19.6286,0 14.844,-19.6282,0 14.8443,-19.6279,0 14.8447,-19.6277,0 14.845,-19.6276,0 14.8451,-19.6274,0 14.8454,-19.6272,0 14.8456,-19.6272,0 14.8471,-19.6263,0 14.8466,-19.6255,0 14.8464,-19.6252,0 14.8458,-19.6243,0 14.8452,-19.6235,0 14.8447,-19.6228,0 14.8443,-19.6221,0 14.8439,-19.6214,0 14.8435,-19.6208,0 14.8447,-19.6198,0 14.8449,-19.6196,0 14.8455,-19.6191,0 14.8467,-19.6181,0 14.8477,-19.6175,0 14.8483,-19.6171,0 14.8491,-19.6167,0 14.8494,-19.6166,0 14.8503,-19.6163,0 14.8508,-19.6162,0 14.8512,-19.6161,0 14.8519,-19.6159,0 14.8524,-19.6159,0 14.8529,-19.6158,0 14.8536,-19.6158,0 14.8544,-19.6158,0 14.8554,-19.6158,0 14.8617,-19.616,0 14.8728,-19.6163,0 14.8774,-19.6164,0 14.8815,-19.6165,0 14.8835,-19.6165,0 14.9097,-19.6172,0 14.9116,-19.6173,0 14.9121,-19.6174,0 14.9125,-19.6174,0 14.913,-19.6176,0 14.9137,-19.6177,0 14.9153,-19.6183,0 14.9188,-19.6196,0 14.9205,-19.6203,0 14.9473,-19.6307,0 14.9689,-19.6391,0 14.9691,-19.6392,0 14.9745,-19.6413,0 14.9901,-19.6474,0 15.0056,-19.6534,0 15.0202,-19.6591,0 15.0297,-19.6627,0 15.03,-19.6629,0 15.0303,-19.663,0 15.0309,-19.6632,0 15.0316,-19.6634,0 15.0396,-19.6657,0 15.047,-19.6678,0 15.0504,-19.6688,0 15.052,-19.6693,0 15.0547,-19.67,0 15.0797,-19.6773,0 15.0804,-19.6775,0 15.0808,-19.6777,0 15.0811,-19.6778,0 15.0817,-19.6781,0 15.0822,-19.6784,0 15.0827,-19.6787,0 15.0832,-19.6791,0 15.0836,-19.6795,0 15.0838,-19.6797,0 15.0844,-19.6803,0 15.0853,-19.6811,0 15.086,-19.6818,0 15.0872,-19.6828,0 15.0885,-19.6841,0 15.0894,-19.6848,0 15.0917,-19.687,0 15.0923,-19.6875,0 15.0935,-19.6887,0 15.0958,-19.6908,0 15.0973,-19.6921,0 15.0976,-19.6924,0 15.0979,-19.6926,0 15.0985,-19.6931,0 15.0989,-19.6934,0 15.0993,-19.6936,0 15.0997,-19.6939,0 15.1,-19.694,0 15.1003,-19.6942,0 15.101,-19.6945,0 15.1015,-19.6948,0 15.102,-19.695,0 15.1025,-19.6951,0 15.1032,-19.6953,0 15.1038,-19.6955,0 15.1063,-19.6961,0 15.1415,-19.7038,0 15.1512,-19.7059,0 15.1523,-19.7061,0 15.1527,-19.7062,0 15.1538,-19.7064,0 15.157,-19.7071,0 15.1587,-19.7075,0 15.1619,-19.7082,0 15.1623,-19.7083,0 15.1628,-19.7085,0 15.1635,-19.7087,0 15.1639,-19.7089,0 15.1644,-19.7091,0 15.1649,-19.7094,0 15.1657,-19.7099,0 15.1671,-19.711,0 15.1677,-19.7116,0 15.1691,-19.7128,0 15.1725,-19.7159,0 15.1743,-19.7175,0 15.1752,-19.7184,0 15.1759,-19.719,0 15.1763,-19.7192,0 15.1765,-19.7194,0 15.1769,-19.7197,0 15.1771,-19.7198,0 15.1775,-19.72,0 15.1779,-19.7202,0 15.1786,-19.7205,0 15.1789,-19.7206,0 15.1892,-19.724,0 15.1902,-19.7244,0 15.1907,-19.7246,0 15.1914,-19.725,0 15.1917,-19.7252,0 15.1928,-19.7259,0 15.1931,-19.7262,0 15.1978,-19.7297,0 15.2034,-19.7338,0 15.2051,-19.735,0 15.2092,-19.7381,0 15.2097,-19.7385,0 15.2124,-19.7405,0 15.2177,-19.7444,0 15.2189,-19.7453,0 15.2195,-19.7457,0 15.2202,-19.7463,0 15.2204,-19.7465,0 15.2208,-19.7468,0 15.2211,-19.7471,0 15.2213,-19.7474,0 15.2219,-19.7481,0 15.2224,-19.7488,0 15.2235,-19.7502,0 15.2269,-19.7546,0 15.2286,-19.7568,0 15.2307,-19.7597,0 15.2317,-19.761,0 15.2327,-19.7625,0 15.233,-19.7631,0 15.2335,-19.7643,0 15.2339,-19.7652,0 15.2345,-19.7666,0 15.2347,-19.767,0 15.2351,-19.7681,0 15.2353,-19.7686,0 15.2354,-19.7688,0 15.2356,-19.7692,0 15.2358,-19.7696,0 15.236,-19.7699,0 15.2363,-19.7702,0 15.2364,-19.7704,0 15.2366,-19.7706,0 15.2369,-19.7708,0 15.2371,-19.771,0 15.2377,-19.7713,0 15.238,-19.7715,0 15.2382,-19.7716,0 15.2385,-19.7718,0 15.2388,-19.7719,0 15.2393,-19.772,0 15.2396,-19.7721,0 15.24,-19.7721,0 15.256,-19.7737,0 15.2684,-19.7749,0 15.2697,-19.7751,0 15.2705,-19.7752,0 15.2715,-19.7754,0 15.2894,-19.7794,0 15.2991,-19.7816,0 15.3028,-19.7825,0 15.3057,-19.7831,0 15.306,-19.7832,0 15.3067,-19.7834,0 15.3073,-19.7837,0 15.3083,-19.7841,0 15.3086,-19.7843,0 15.3092,-19.7846,0 15.315,-19.7875,0 15.3291,-19.7947,0 15.3309,-19.7956,0 15.3319,-19.7961,0 15.3323,-19.7962,0 15.3339,-19.7968,0 15.3349,-19.797,0 15.3402,-19.7984,0 15.3409,-19.7986,0 15.3455,-19.7997,0 15.3577,-19.8028,0 15.3579,-19.8028,0 15.3653,-19.8047,0 15.3715,-19.8063,0 15.3766,-19.8076,0 15.3827,-19.8091,0 15.3877,-19.8103,0 15.3959,-19.8124,0 15.4067,-19.8152,0 15.4089,-19.8157,0 15.4095,-19.8159,0 15.4102,-19.8161,0 15.4106,-19.8163,0 15.4109,-19.8164,0 15.4129,-19.8174,0 15.4178,-19.8198,0 15.4248,-19.8233,0 15.4479,-19.8347,0 15.4664,-19.8437,0 15.4683,-19.8447,0 15.4689,-19.845,0 15.4701,-19.8456,0 15.4705,-19.8459,0 15.4709,-19.8462,0 15.4715,-19.8467,0 15.4717,-19.8469,0 15.4721,-19.8473,0 15.4726,-19.8479,0 15.4739,-19.8494,0 15.4967,-19.8771,0 15.4979,-19.8786,0 15.4989,-19.8797,0 15.4995,-19.8803,0 15.4999,-19.8805,0 15.5007,-19.8812,0 15.5044,-19.8839,0 15.5076,-19.8863,0 15.5324,-19.9045,0 15.5342,-19.9059,0 15.536,-19.9071,0 15.5376,-19.9084,0 15.538,-19.9087,0 15.5385,-19.9091,0 15.5425,-19.9122,0 15.5435,-19.913,0 15.5457,-19.9148,0 15.5532,-19.9206,0 15.5549,-19.9219,0 15.5668,-19.9312,0 15.5739,-19.9368,0 15.5782,-19.9401,0 15.5843,-19.9449,0 15.5886,-19.9483,0 15.5922,-19.9511,0 15.6021,-19.9587,0 15.6054,-19.9613,0 15.6057,-19.9616,0 15.606,-19.9618,0 15.608,-19.963,0 15.6099,-19.9642,0 15.6115,-19.9651,0 15.6141,-19.9667,0 15.6147,-19.9671,0 15.6164,-19.9682,0 15.6358,-19.9804,0 15.6372,-19.9812,0 15.6377,-19.9815,0 15.6381,-19.9817,0 15.6399,-19.9824,0 15.6434,-19.9835,0 15.6441,-19.9837,0 15.6449,-19.9839,0 15.6469,-19.9846,0 15.6513,-19.986,0 15.6553,-19.9872,0 15.6631,-19.9897,0 15.6708,-19.9921,0 15.6762,-19.9938,0 15.6774,-19.9942,0 15.6809,-19.9953,0 15.6822,-19.9957,0 15.6839,-19.9963,0 15.6853,-19.9967,0 15.6865,-19.997,0 15.7004,-20.0004,0 15.7065,-20.0019,0 15.7121,-20.0032,0 15.7135,-20.0036,0 15.7215,-20.0056,0 15.7293,-20.0074,0 15.7332,-20.0084,0 15.7392,-20.0099,0 15.7452,-20.0113,0 15.7512,-20.0128,0 15.7594,-20.0148,0 15.764,-20.0159,0 15.77,-20.0174,0 15.773,-20.0181,0 15.7767,-20.0191,0 15.78,-20.0199,0 15.789,-20.0221,0 15.7963,-20.0238,0 15.8026,-20.0254,0 15.8069,-20.0264,0 15.8091,-20.0269,0 15.8097,-20.027,0 15.8104,-20.0271,0 15.8141,-20.0274,0 15.8468,-20.0303,0 15.8471,-20.0303,0 15.8473,-20.0303,0 15.8585,-20.0313,0 15.861,-20.0315,0 15.8617,-20.0316,0 15.8619,-20.0315,0 15.8626,-20.0315,0 15.8632,-20.0314,0 15.8647,-20.0311,0 15.8663,-20.0308,0 15.8779,-20.0284,0 15.8859,-20.0268,0 15.9092,-20.022,0 15.9103,-20.0218,0 15.9112,-20.0216,0 15.9117,-20.0216,0 15.9122,-20.0215,0 15.9126,-20.0215,0 15.9132,-20.0216,0 15.9158,-20.0218,0 15.9165,-20.0219,0 15.9248,-20.0226,0 15.9268,-20.0228,0 15.9324,-20.0234,0 15.933,-20.0234,0 15.9362,-20.0237,0 15.9416,-20.0242,0 15.9442,-20.0245,0 15.9616,-20.0261,0 15.9728,-20.0272,0 15.9839,-20.0282,0 15.9893,-20.0287,0 15.9953,-20.0293,0 15.9977,-20.0296,0 16.0002,-20.0298,0 16.0014,-20.03,0 16.0039,-20.0303,0 16.0049,-20.0305,0 16.0099,-20.0312,0 16.0454,-20.0361,0 16.0533,-20.0371,0 16.0621,-20.0384,0 16.066,-20.0389,0 16.0836,-20.0414,0 16.0867,-20.0417,0 16.0872,-20.0418,0 16.0875,-20.0418,0 16.0879,-20.0417,0 16.0882,-20.0417,0 16.0886,-20.0416,0 16.089,-20.0414,0 16.0894,-20.0413,0 16.0908,-20.0405,0 16.0922,-20.0418,0 16.0936,-20.043,0 16.0948,-20.0439,0 16.0956,-20.0444,0 16.0964,-20.0449,0 16.102,-20.0486,0 16.1029,-20.0492,0 16.1032,-20.0495,0 16.1038,-20.0501,0 16.1043,-20.0505,0 16.1048,-20.0512,0 16.105,-20.0514,0 16.1052,-20.0516,0 16.1056,-20.0524,0 16.1065,-20.0539,0 16.1069,-20.0545,0 16.1076,-20.0555,0 16.1079,-20.056,0 16.1125,-20.0636,0 16.1132,-20.0647,0 16.1138,-20.0658,0 16.1138,-20.0659,0 16.1141,-20.0666,0 16.1147,-20.0683,0 16.1152,-20.0694,0 16.1187,-20.079,0 16.12,-20.0826,0 16.1202,-20.083,0 16.1204,-20.0835,0 16.1208,-20.0841,0 16.1209,-20.0843,0 16.1214,-20.085,0 16.1219,-20.0856,0 16.122,-20.0858,0 16.1222,-20.086,0 16.1227,-20.0864,0 16.1229,-20.0866,0 16.1235,-20.0872,0 16.1244,-20.0879,0 16.128,-20.0908,0 16.1287,-20.0914,0 16.1296,-20.0921,0 16.1303,-20.0927,0 16.1305,-20.0929,0 16.1376,-20.0987,0 16.1403,-20.1009,0 16.1423,-20.1025,0 16.1425,-20.1027,0 16.1426,-20.1028,0 16.1433,-20.1034,0 16.1436,-20.1035,0 16.1438,-20.1037,0 16.1441,-20.1039,0 16.1444,-20.1041,0 16.1449,-20.1043,0 16.1458,-20.1047,0 16.1466,-20.1051,0 16.1473,-20.1055,0 16.1474,-20.1056,0 16.1475,-20.1057,0 16.1478,-20.1059,0 16.1478,-20.106,0 16.1481,-20.1062,0 16.1482,-20.1063,0 16.1483,-20.1064,0 16.1485,-20.1065,0 16.1486,-20.1065,0 16.1488,-20.1065,0 16.1498,-20.1065,0 16.1501,-20.1066,0 16.1511,-20.1066,0 16.1517,-20.1066,0 16.153,-20.1068,0 16.1533,-20.1068,0 16.1533,-20.1068,0 16.1534,-20.1068,0 16.1536,-20.1068,0 16.1538,-20.1068,0 16.1541,-20.1067,0 16.1544,-20.108,0 16.1544,-20.1081,0 16.1545,-20.1083,0 16.1545,-20.1091,0 16.1545,-20.1091,0 16.1547,-20.109,0 16.1552,-20.1089,0 16.1557,-20.1088,0 16.1558,-20.1087,0 16.1559,-20.1087,0 16.156,-20.1086,0 16.1561,-20.1084,0 16.1562,-20.1083,0 16.1569,-20.1088,0 16.1581,-20.1097,0 16.158,-20.1101,0 16.1565,-20.1102,0 16.1563,-20.11,0 16.1563,-20.1098,0 16.1563,-20.1097,0 16.1564,-20.1096,0 16.1565,-20.1095,0 16.1564,-20.1096,0 16.1563,-20.1097,0 16.1563,-20.1098,0 16.1563,-20.11,0 16.1565,-20.1102,0 16.1565,-20.1102,0 16.158,-20.1101,0 16.1581,-20.1097,0 16.1582,-20.1084,0 16.1583,-20.1072,0 16.1584,-20.1065,0 16.1587,-20.1064,0 16.1594,-20.1061,0 16.1595,-20.106,0 16.1599,-20.1057,0 16.1604,-20.1055,0 16.1619,-20.1047,0 16.1605,-20.1037,0 16.1577,-20.1016,0 16.157,-20.1011,0 16.1559,-20.1003,0 16.1558,-20.1002,0 16.1554,-20.0999,0 16.1543,-20.0993,0 16.1531,-20.0987,0 16.153,-20.0987,0 16.1523,-20.0984,0 16.1515,-20.0982,0 16.1501,-20.098,0 16.1486,-20.0979,0 16.1476,-20.098,0 16.1467,-20.0981,0 16.1463,-20.0982,0 16.1457,-20.0983,0 16.1453,-20.0984,0 16.1448,-20.0986,0 16.1443,-20.0988,0 16.1438,-20.099,0 16.1435,-20.0992,0 16.1428,-20.0996,0 16.141,-20.1005,0 16.1403,-20.1009,0 16.1376,-20.0987,0 16.1305,-20.0929,0 16.1303,-20.0927,0 16.1296,-20.0921,0 16.1287,-20.0914,0 16.128,-20.0908,0 16.1244,-20.0879,0 16.1235,-20.0872,0 16.1229,-20.0866,0 16.1227,-20.0864,0 16.1222,-20.086,0 16.122,-20.0858,0 16.1219,-20.0856,0 16.1214,-20.085,0 16.1209,-20.0843,0 16.1208,-20.0841,0 16.1204,-20.0835,0 16.1202,-20.083,0 16.12,-20.0826,0 16.1187,-20.079,0 16.1152,-20.0694,0 16.1147,-20.0683,0 16.1141,-20.0666,0 16.1138,-20.0659,0 16.1138,-20.0658,0 16.1132,-20.0647,0 16.1125,-20.0636,0 16.1079,-20.056,0 16.1076,-20.0555,0 16.1069,-20.0545,0 16.1065,-20.0539,0 16.1056,-20.0524,0 16.1052,-20.0516,0 16.105,-20.0514,0 16.1048,-20.0512,0 16.1043,-20.0505,0 16.1038,-20.0501,0 16.1032,-20.0495,0 16.1029,-20.0492,0 16.102,-20.0486,0 16.0964,-20.0449,0 16.0956,-20.0444,0 16.0948,-20.0439,0 16.0936,-20.043,0 16.0922,-20.0418,0 16.0908,-20.0405,0 16.0894,-20.0391,0 16.088,-20.0376,0 16.0823,-20.032,0 16.0694,-20.0191,0 16.0687,-20.0184,0 16.0671,-20.0168,0 16.0641,-20.0139,0 16.0617,-20.0114,0 16.0593,-20.0093,0 16.0574,-20.0076,0 16.0573,-20.0075,0 16.0553,-20.0058,0 16.0548,-20.0053,0 16.0526,-20.0034,0 16.0506,-20.0015,0 16.0502,-20.0011,0 16.0497,-20.0005,0 16.0493,-20.0001,0 16.0491,-19.9998,0 16.0378,-19.9853,0 16.029,-19.974,0 16.0228,-19.9659,0 16.0206,-19.9632,0 16.0093,-19.9486,0 16.0022,-19.9395,0 15.9987,-19.9349,0 15.9959,-19.9313,0 15.9919,-19.9259,0 15.9913,-19.925,0 15.9702,-19.8968,0 15.9697,-19.8962,0 15.967,-19.8925,0 15.9661,-19.8914,0 15.9657,-19.891,0 15.9653,-19.8906,0 15.9634,-19.8886,0 15.9395,-19.8637,0 15.9384,-19.8624,0 15.9376,-19.8614,0 15.9375,-19.8611,0 15.9367,-19.8598,0 15.9361,-19.8587,0 15.9238,-19.8324,0 15.9096,-19.8019,0 15.9089,-19.8003,0 15.9078,-19.7979,0 15.9063,-19.7948,0 15.9007,-19.7828,0 15.9003,-19.7818,0 15.9,-19.7811,0 15.8979,-19.7767,0 15.8974,-19.7756,0 15.8971,-19.7749,0 15.8969,-19.7743,0 15.8966,-19.7735,0 15.8964,-19.7726,0 15.8951,-19.768,0 15.8944,-19.7651,0 15.8929,-19.7596,0 15.8927,-19.7589,0 15.8911,-19.7525,0 15.8909,-19.7518,0 15.8903,-19.7495,0 15.8899,-19.7483,0 15.8897,-19.7474,0 15.8884,-19.7427,0 15.8872,-19.738,0 15.8852,-19.7305,0 15.8836,-19.7245,0 15.8835,-19.7239,0 15.8834,-19.7234,0 15.8833,-19.7228,0 15.8831,-19.722,0 15.8831,-19.7214,0 15.883,-19.721,0 15.883,-19.7206,0 15.883,-19.7193,0 15.883,-19.7177,0 15.883,-19.7145,0 15.883,-19.6931,0 15.8831,-19.6917,0 15.8832,-19.691,0 15.8832,-19.6906,0 15.8833,-19.69,0 15.8836,-19.6882,0 15.886,-19.6749,0 15.8902,-19.6509,0 15.8904,-19.6497,0 15.8904,-19.6496,0 15.8906,-19.6482,0 15.8906,-19.6469,0 15.8906,-19.6463,0 15.8905,-19.6456,0 15.8903,-19.6446,0 15.8901,-19.6437,0 15.8899,-19.6424,0 15.889,-19.6377,0 15.8882,-19.6334,0 15.8875,-19.6299,0 15.8855,-19.6197,0 15.8844,-19.6141,0 15.8839,-19.6113,0 15.879,-19.5859,0 15.8784,-19.5825,0 15.8771,-19.5758,0 15.8769,-19.5747,0 15.8768,-19.5737,0 15.8767,-19.5727,0 15.8767,-19.5717,0 15.8766,-19.5706,0 15.8758,-19.56,0 15.8756,-19.5572,0 15.8754,-19.5542,0 15.8754,-19.5536,0 15.8755,-19.5527,0 15.8756,-19.5516,0 15.8758,-19.5506,0 15.8761,-19.5495,0 15.8765,-19.5485,0 15.8794,-19.5393,0 15.8807,-19.5354,0 15.8835,-19.5266,0 15.8881,-19.5127,0 15.8895,-19.5081,0 15.8908,-19.504,0 15.8911,-19.503,0 15.8944,-19.493,0 15.8997,-19.4766,0 15.9034,-19.4653,0 15.9051,-19.4599,0 15.9069,-19.4542,0 15.9078,-19.4514,0 15.909,-19.4477,0 15.9091,-19.4473,0 15.9098,-19.4453,0 15.9099,-19.4449,0 15.9101,-19.4444,0 15.911,-19.4416,0 15.9111,-19.4413,0 15.9113,-19.4405,0 15.9115,-19.4402,0 15.9117,-19.4393,0 15.912,-19.4385,0 15.9123,-19.4379,0 15.9127,-19.437,0 15.9131,-19.4361,0 15.9132,-19.4359,0 15.9138,-19.4347,0 15.915,-19.4322,0 15.916,-19.4301,0 15.9167,-19.4286,0 15.9181,-19.4256,0 15.9243,-19.4129,0 15.9251,-19.4113,0 15.9265,-19.4082,0 15.9273,-19.4066,0 15.9279,-19.4054,0 15.9281,-19.405,0 15.9284,-19.404,0 15.9291,-19.4022,0 15.9299,-19.4004,0 15.9339,-19.3901,0 15.9348,-19.3879,0 15.9348,-19.3878,0 15.9379,-19.3801,0 15.9386,-19.3781,0 15.9402,-19.3741,0 15.9408,-19.3727,0 15.9411,-19.3717,0 15.9413,-19.3712,0 15.9414,-19.3706,0 15.9416,-19.37,0 15.9416,-19.3696,0 15.9417,-19.3688,0 15.9418,-19.3682,0 15.9418,-19.3677,0 15.9418,-19.3673,0 15.9417,-19.3665,0 15.9417,-19.3648,0 15.9412,-19.3559,0 15.9412,-19.3542,0 15.9409,-19.3494,0 15.9403,-19.3363,0 15.9402,-19.3334,0 15.9402,-19.3332,0 15.9402,-19.3327,0 15.9401,-19.3319,0 15.9401,-19.3316,0 15.9401,-19.3314,0 15.9401,-19.3313,0 15.9401,-19.3313,0 15.9401,-19.3312,0 15.9401,-19.3308,0 15.9402,-19.3304,0 15.9402,-19.3302,0 15.9402,-19.3301,0 15.9403,-19.3296,0 15.9403,-19.3289,0 15.9403,-19.3288,0 15.9404,-19.3286,0 15.9404,-19.328,0 15.9405,-19.3276,0 15.9406,-19.3273,0 15.9409,-19.3267,0 15.9411,-19.3261,0 15.9417,-19.3246,0 15.9425,-19.3227,0 15.9433,-19.3207,0 15.9441,-19.3187,0 15.9443,-19.3182,0 15.9444,-19.318,0 15.9445,-19.3176,0 15.9445,-19.3174,0 15.9446,-19.317,0 15.9446,-19.3166,0 15.9446,-19.3162,0 15.9445,-19.3159,0 15.9445,-19.3156,0 15.9444,-19.3154,0 15.9443,-19.3152,0 15.9442,-19.3149,0 15.9441,-19.3147,0 15.9439,-19.3142,0 15.9403,-19.3058,0 15.9382,-19.3011,0 15.9377,-19.3001,0 15.9349,-19.2935,0 15.934,-19.2916,0 15.9329,-19.2891,0 15.9326,-19.2883,0 15.9323,-19.2877,0 15.932,-19.2869,0 15.9316,-19.286,0 15.9315,-19.2857,0 15.9314,-19.2854,0 15.9313,-19.2851,0 15.9313,-19.2848,0 15.9312,-19.2845,0 15.9312,-19.2842,0 15.9312,-19.284,0 15.9312,-19.2837,0 15.9313,-19.2832,0 15.9314,-19.2816,0 15.9316,-19.2786,0 15.9318,-19.2754,0 15.9324,-19.2679,0 15.9324,-19.2674,0 15.9324,-19.267,0 15.9324,-19.2666,0 15.9324,-19.2663,0 15.9323,-19.2659,0 15.9322,-19.2656,0 15.9321,-19.2652,0 15.9309,-19.2624,0 15.9304,-19.2613,0 15.9296,-19.2594,0 15.9294,-19.2588,0 15.9279,-19.2553,0 15.9271,-19.2535,0 15.9269,-19.2531,0 15.9268,-19.2526,0 15.9267,-19.2522,0 15.9266,-19.2517,0 15.9265,-19.2513,0 15.9253,-19.2441,0 15.9247,-19.2405,0 15.9241,-19.2369,0 15.9218,-19.2225,0 15.9216,-19.2214,0 15.9216,-19.2211,0 15.9215,-19.2207,0 15.9215,-19.2202,0 15.9215,-19.2199,0 15.9216,-19.2196,0 15.9216,-19.2191,0 15.9217,-19.2187,0 15.9234,-19.2079,0 15.9235,-19.2073,0 15.9236,-19.2065,0 15.9236,-19.206,0 15.9237,-19.2057,0 15.9236,-19.2054,0 15.9236,-19.2051,0 15.9236,-19.2047,0 15.9235,-19.2045,0 15.9235,-19.2044,0 15.9234,-19.2042,0 15.9233,-19.204,0 15.9232,-19.2036,0 15.9223,-19.2016,0 15.9194,-19.1954,0 15.918,-19.1925,0 15.9179,-19.1921,0 15.9177,-19.1916,0 15.9176,-19.1914,0 15.9175,-19.1911,0 15.9175,-19.1909,0 15.9174,-19.1906,0 15.9174,-19.1904,0 15.9174,-19.1901,0 15.9174,-19.1898,0 15.9175,-19.1895,0 15.9175,-19.1892,0 15.9176,-19.1887,0 15.9185,-19.1851,0 15.9188,-19.1839,0 15.9191,-19.1828,0 15.9191,-19.1825,0 15.9191,-19.1822,0 15.9192,-19.1819,0 15.9192,-19.1817,0 15.9192,-19.1815,0 15.9192,-19.181,0 15.9191,-19.1803,0 15.9191,-19.18,0 15.9191,-19.1796,0 15.9189,-19.1796,0 15.9189,-19.1796,0 15.9188,-19.1796,0 15.9188,-19.1796,0 15.9186,-19.1801,0 15.9185,-19.1802,0 15.9185,-19.1803,0 15.9184,-19.1803,0 15.9184,-19.1803,0 15.9183,-19.1803,0 15.9183,-19.1805,0 15.9182,-19.1806,0 15.9182,-19.1807,0 15.9182,-19.1808,0 15.9181,-19.1809,0</coordinates></LineString>
    </Placemark>
    <Placemark>
      <name>D10 · Safari Okaukuejo → Halali</name>
      <description>10 nov · 108 km</description>
      <styleUrl>#etosha</styleUrl>
      <LineString><tessellate>1</tessellate><coordinates>15.9181,-19.1809,0 15.9182,-19.1808,0 15.9182,-19.1807,0 15.9182,-19.1806,0 15.9183,-19.1805,0 15.9183,-19.1803,0 15.9184,-19.1803,0 15.9184,-19.1803,0 15.9185,-19.1803,0 15.9185,-19.1802,0 15.9186,-19.1801,0 15.9188,-19.1796,0 15.9188,-19.1796,0 15.9189,-19.1796,0 15.9189,-19.1796,0 15.9191,-19.1796,0 15.9191,-19.1795,0 15.9193,-19.1794,0 15.9195,-19.1794,0 15.9195,-19.1794,0 15.9196,-19.1794,0 15.9197,-19.1793,0 15.9197,-19.1793,0 15.9198,-19.1792,0 15.9198,-19.1791,0 15.9198,-19.179,0 15.9198,-19.1788,0 15.9197,-19.1787,0 15.9207,-19.1786,0 15.921,-19.1786,0 15.9212,-19.1786,0 15.9215,-19.1787,0 15.9218,-19.1788,0 15.9219,-19.179,0 15.922,-19.179,0 15.9221,-19.179,0 15.9224,-19.1787,0 15.9227,-19.1783,0 15.9232,-19.1779,0 15.9237,-19.1775,0 15.9242,-19.1773,0 15.9246,-19.1771,0 15.9249,-19.177,0 15.9252,-19.177,0 15.9254,-19.177,0 15.9255,-19.177,0 15.9261,-19.1772,0 15.9264,-19.1773,0 15.9266,-19.1774,0 15.9278,-19.1782,0 15.9286,-19.1786,0 15.9304,-19.1795,0 15.9313,-19.1799,0 15.9332,-19.1806,0 15.9342,-19.1808,0 15.9357,-19.1812,0 15.9367,-19.1812,0 15.9375,-19.1813,0 15.9384,-19.1814,0 15.9395,-19.1816,0 15.9411,-19.1818,0 15.9433,-19.182,0 15.9443,-19.1823,0 15.9455,-19.1823,0 15.9473,-19.1825,0 15.9482,-19.1826,0 15.9507,-19.1833,0 15.9515,-19.1837,0 15.9525,-19.1839,0 15.9538,-19.1841,0 15.9542,-19.1842,0 15.9552,-19.1845,0 15.9568,-19.1845,0 15.9582,-19.1847,0 15.9597,-19.1848,0 15.96,-19.1849,0 15.9603,-19.185,0 15.961,-19.1855,0 15.9622,-19.1861,0 15.9635,-19.1864,0 15.9653,-19.1873,0 15.9667,-19.1879,0 15.9683,-19.1884,0 15.9714,-19.1889,0 15.977,-19.1901,0 15.9776,-19.1902,0 15.9785,-19.1904,0 15.9789,-19.1906,0 15.9795,-19.1908,0 15.9806,-19.1912,0 15.9824,-19.1919,0 15.9828,-19.192,0 15.9852,-19.1921,0 15.9862,-19.1922,0 15.9869,-19.1923,0 15.9882,-19.1923,0 15.9891,-19.1923,0 15.9907,-19.1924,0 15.992,-19.1926,0 15.9933,-19.1929,0 15.995,-19.1933,0 15.9956,-19.1935,0 15.9971,-19.194,0 15.999,-19.1946,0 16.0001,-19.1949,0 16.0006,-19.195,0 16.0024,-19.1951,0 16.0032,-19.195,0 16.0053,-19.1951,0 16.0058,-19.195,0 16.0071,-19.1947,0 16.0077,-19.1946,0 16.0083,-19.1947,0 16.0101,-19.1952,0 16.0106,-19.1955,0 16.0129,-19.1966,0 16.0132,-19.1967,0 16.0139,-19.1967,0 16.0145,-19.1969,0 16.0151,-19.1971,0 16.016,-19.1975,0 16.0175,-19.1977,0 16.018,-19.1979,0 16.0268,-19.2014,0 16.0446,-19.2084,0 16.0473,-19.2095,0 16.0475,-19.2096,0 16.0478,-19.2097,0 16.0483,-19.2104,0 16.0486,-19.2106,0 16.0491,-19.2108,0 16.0494,-19.2109,0 16.0501,-19.211,0 16.0526,-19.2113,0 16.0536,-19.2115,0 16.0541,-19.2117,0 16.0546,-19.2119,0 16.055,-19.2121,0 16.0554,-19.2124,0 16.0568,-19.2136,0 16.057,-19.2136,0 16.0574,-19.2136,0 16.0577,-19.2135,0 16.0579,-19.2135,0 16.058,-19.2134,0 16.0581,-19.2134,0 16.0582,-19.2133,0 16.0582,-19.2132,0 16.0582,-19.2131,0 16.0584,-19.2129,0 16.0582,-19.2131,0 16.0582,-19.2132,0 16.0582,-19.2133,0 16.0582,-19.2134,0 16.0581,-19.2134,0 16.058,-19.2134,0 16.0579,-19.2135,0 16.0577,-19.2135,0 16.0574,-19.2136,0 16.0573,-19.2136,0 16.0573,-19.2137,0 16.0572,-19.2137,0 16.0572,-19.2138,0 16.0572,-19.2139,0 16.0573,-19.214,0 16.0577,-19.2143,0 16.0584,-19.2149,0 16.0587,-19.2151,0 16.0591,-19.2152,0 16.0596,-19.2153,0 16.0612,-19.2155,0 16.0623,-19.2156,0 16.0628,-19.2156,0 16.063,-19.2157,0 16.0648,-19.2161,0 16.0652,-19.2161,0 16.0655,-19.2161,0 16.066,-19.216,0 16.0663,-19.216,0 16.0666,-19.2161,0 16.0692,-19.2171,0 16.0697,-19.2173,0 16.0701,-19.2174,0 16.0706,-19.2174,0 16.0718,-19.2174,0 16.0723,-19.2175,0 16.0725,-19.2176,0 16.0729,-19.2178,0 16.0743,-19.2185,0 16.0749,-19.2188,0 16.0757,-19.219,0 16.0765,-19.2192,0 16.0768,-19.2193,0 16.0777,-19.2194,0 16.078,-19.2195,0 16.0783,-19.2196,0 16.0798,-19.2203,0 16.0808,-19.2209,0 16.0812,-19.2212,0 16.0815,-19.2215,0 16.0818,-19.2219,0 16.082,-19.2221,0 16.0822,-19.2223,0 16.0825,-19.2224,0 16.0828,-19.2225,0 16.0831,-19.2227,0 16.0836,-19.2228,0 16.0844,-19.2231,0 16.0848,-19.2232,0 16.0855,-19.2236,0 16.0858,-19.2237,0 16.0863,-19.2238,0 16.087,-19.2241,0 16.0876,-19.2242,0 16.0878,-19.2244,0 16.0883,-19.2248,0 16.0899,-19.2257,0 16.0907,-19.226,0 16.0923,-19.2266,0 16.093,-19.227,0 16.094,-19.2276,0 16.095,-19.228,0 16.0956,-19.2281,0 16.0967,-19.2288,0 16.097,-19.2291,0 16.0974,-19.2295,0 16.0978,-19.2301,0 16.0981,-19.2304,0 16.0987,-19.231,0 16.0991,-19.2312,0 16.0999,-19.2315,0 16.1007,-19.2321,0 16.1012,-19.2322,0 16.1015,-19.2324,0 16.1022,-19.2331,0 16.1033,-19.2337,0 16.104,-19.2344,0 16.1049,-19.2348,0 16.1056,-19.2357,0 16.1061,-19.2361,0 16.1066,-19.2364,0 16.1079,-19.2366,0 16.1086,-19.2368,0 16.1098,-19.237,0 16.1105,-19.2372,0 16.111,-19.2373,0 16.1114,-19.2372,0 16.1123,-19.2369,0 16.1132,-19.237,0 16.1141,-19.2373,0 16.1144,-19.2374,0 16.1152,-19.2371,0 16.1155,-19.2371,0 16.1162,-19.2378,0 16.117,-19.2384,0 16.1174,-19.2386,0 16.1181,-19.2386,0 16.1187,-19.2383,0 16.1194,-19.2381,0 16.1203,-19.2382,0 16.1209,-19.2383,0 16.1212,-19.2383,0 16.1215,-19.2383,0 16.1218,-19.2384,0 16.1221,-19.2383,0 16.1225,-19.2382,0 16.1228,-19.2382,0 16.1234,-19.2383,0 16.124,-19.2385,0 16.1249,-19.2386,0 16.1255,-19.2387,0 16.126,-19.2387,0 16.1265,-19.2386,0 16.1271,-19.2384,0 16.1272,-19.2383,0 16.1276,-19.238,0 16.1279,-19.2378,0 16.1291,-19.2372,0 16.1297,-19.237,0 16.1301,-19.2369,0 16.131,-19.2366,0 16.1318,-19.2365,0 16.1325,-19.2365,0 16.1328,-19.2365,0 16.1329,-19.2366,0 16.133,-19.2366,0 16.1336,-19.237,0 16.1337,-19.2371,0 16.134,-19.2371,0 16.1342,-19.2371,0 16.1345,-19.2369,0 16.1352,-19.2363,0 16.1358,-19.236,0 16.1365,-19.2352,0 16.1368,-19.235,0 16.1376,-19.235,0 16.1385,-19.235,0 16.1401,-19.2348,0 16.1407,-19.2348,0 16.1412,-19.2347,0 16.1415,-19.2346,0 16.1417,-19.2346,0 16.1428,-19.2343,0 16.144,-19.2342,0 16.1443,-19.234,0 16.1446,-19.2336,0 16.1449,-19.2334,0 16.1465,-19.2324,0 16.147,-19.2319,0 16.1481,-19.2312,0 16.1486,-19.231,0 16.1493,-19.2308,0 16.1504,-19.2307,0 16.1513,-19.2306,0 16.1517,-19.2305,0 16.1521,-19.2304,0 16.1525,-19.2303,0 16.1539,-19.23,0 16.1544,-19.2298,0 16.1548,-19.2296,0 16.1561,-19.2287,0 16.1569,-19.2281,0 16.1574,-19.2278,0 16.158,-19.2275,0 16.1583,-19.2273,0 16.1587,-19.2269,0 16.1589,-19.2268,0 16.159,-19.2267,0 16.1591,-19.2266,0 16.1592,-19.2266,0 16.1595,-19.2265,0 16.1597,-19.2264,0 16.1599,-19.2264,0 16.16,-19.2263,0 16.1612,-19.2258,0 16.1614,-19.2257,0 16.1615,-19.2256,0 16.1617,-19.2255,0 16.1619,-19.2253,0 16.162,-19.2251,0 16.1621,-19.225,0 16.1621,-19.2249,0 16.1623,-19.2245,0 16.1624,-19.2244,0 16.1625,-19.2242,0 16.1626,-19.2241,0 16.1628,-19.2239,0 16.1631,-19.2236,0 16.1633,-19.2234,0 16.1637,-19.2231,0 16.1638,-19.2228,0 16.1641,-19.2219,0 16.1642,-19.2218,0 16.1642,-19.2217,0 16.1644,-19.2215,0 16.1645,-19.2215,0 16.1646,-19.2214,0 16.1648,-19.2214,0 16.1649,-19.2213,0 16.165,-19.2213,0 16.1651,-19.2212,0 16.1652,-19.2212,0 16.1655,-19.221,0 16.1657,-19.2208,0 16.1659,-19.2206,0 16.1661,-19.2205,0 16.1662,-19.2204,0 16.1663,-19.2204,0 16.1674,-19.2199,0 16.1676,-19.2197,0 16.168,-19.2192,0 16.1682,-19.219,0 16.1688,-19.2188,0 16.1705,-19.2177,0 16.1706,-19.2177,0 16.1706,-19.2177,0 16.1712,-19.2176,0 16.1713,-19.2176,0 16.1714,-19.2175,0 16.1715,-19.2175,0 16.1715,-19.2174,0 16.1717,-19.217,0 16.1718,-19.217,0 16.1718,-19.2169,0 16.1719,-19.2169,0 16.1721,-19.2168,0 16.1723,-19.2167,0 16.1729,-19.2165,0 16.1733,-19.2161,0 16.1752,-19.2154,0 16.1762,-19.2147,0 16.1768,-19.214,0 16.178,-19.2131,0 16.1798,-19.2123,0 16.1803,-19.2122,0 16.1805,-19.2121,0 16.1808,-19.2118,0 16.181,-19.2116,0 16.1818,-19.2114,0 16.1825,-19.2112,0 16.1829,-19.211,0 16.1837,-19.2102,0 16.1841,-19.2099,0 16.1844,-19.2098,0 16.186,-19.2093,0 16.1867,-19.2092,0 16.187,-19.2091,0 16.1877,-19.2085,0 16.1885,-19.2075,0 16.1888,-19.2071,0 16.1892,-19.2069,0 16.1896,-19.2067,0 16.1899,-19.2067,0 16.1901,-19.2066,0 16.1903,-19.2066,0 16.1906,-19.2065,0 16.1908,-19.2064,0 16.191,-19.2063,0 16.1912,-19.2061,0 16.1914,-19.206,0 16.1918,-19.2057,0 16.1918,-19.2057,0 16.1919,-19.2056,0 16.1919,-19.2055,0 16.192,-19.2054,0 16.192,-19.2054,0 16.192,-19.2053,0 16.192,-19.2053,0 16.192,-19.2052,0 16.192,-19.2051,0 16.192,-19.205,0 16.192,-19.2049,0 16.192,-19.2048,0 16.1919,-19.2046,0 16.1918,-19.2044,0 16.1917,-19.2043,0 16.1917,-19.2041,0 16.1917,-19.2038,0 16.1916,-19.2036,0 16.191,-19.2032,0 16.1901,-19.2025,0 16.1887,-19.2012,0 16.1881,-19.2009,0 16.1878,-19.2006,0 16.1872,-19.2003,0 16.1859,-19.1989,0 16.1853,-19.1979,0 16.1844,-19.1963,0 16.1842,-19.1957,0 16.184,-19.1951,0 16.1839,-19.1948,0 16.1829,-19.1938,0 16.1825,-19.1933,0 16.1816,-19.1925,0 16.1812,-19.1919,0 16.1806,-19.1913,0 16.1801,-19.1909,0 16.1785,-19.1899,0 16.1773,-19.1896,0 16.177,-19.1894,0 16.1767,-19.1892,0 16.1764,-19.1889,0 16.1756,-19.1877,0 16.175,-19.187,0 16.174,-19.1857,0 16.1733,-19.1851,0 16.1726,-19.1845,0 16.172,-19.1841,0 16.1717,-19.184,0 16.1708,-19.1838,0 16.1704,-19.1837,0 16.1701,-19.1835,0 16.1696,-19.1833,0 16.1694,-19.1833,0 16.1686,-19.1821,0 16.1676,-19.1808,0 16.1669,-19.18,0 16.1662,-19.1791,0 16.1655,-19.1777,0 16.165,-19.177,0 16.1648,-19.1769,0 16.1635,-19.1764,0 16.1628,-19.1758,0 16.1624,-19.1755,0 16.1618,-19.1751,0 16.1607,-19.1746,0 16.1604,-19.1743,0 16.1596,-19.1732,0 16.1587,-19.1722,0 16.1585,-19.172,0 16.1581,-19.172,0 16.1572,-19.1718,0 16.1566,-19.1718,0 16.1561,-19.1719,0 16.1553,-19.1721,0 16.1544,-19.1719,0 16.1536,-19.1721,0 16.1524,-19.1718,0 16.1509,-19.1716,0 16.1484,-19.1707,0 16.1472,-19.1702,0 16.147,-19.1699,0 16.1451,-19.1667,0 16.1446,-19.1657,0 16.1441,-19.1643,0 16.1438,-19.1638,0 16.1426,-19.1628,0 16.142,-19.1622,0 16.1415,-19.1616,0 16.1408,-19.1605,0 16.1399,-19.1587,0 16.1394,-19.1577,0 16.1363,-19.1546,0 16.1359,-19.154,0 16.1356,-19.1535,0 16.1353,-19.1531,0 16.1349,-19.1519,0 16.1327,-19.1489,0 16.132,-19.148,0 16.1318,-19.1478,0 16.1316,-19.1478,0 16.1313,-19.1477,0 16.131,-19.1478,0 16.1307,-19.1477,0 16.1303,-19.1476,0 16.1292,-19.1465,0 16.129,-19.1461,0 16.1287,-19.1457,0 16.1286,-19.1452,0 16.1282,-19.1431,0 16.1282,-19.1373,0 16.1281,-19.1368,0 16.128,-19.1364,0 16.1276,-19.1358,0 16.127,-19.1352,0 16.1264,-19.1343,0 16.1256,-19.1333,0 16.1253,-19.1327,0 16.1246,-19.1309,0 16.1243,-19.1305,0 16.1239,-19.1302,0 16.1235,-19.1299,0 16.1232,-19.1296,0 16.1227,-19.1287,0 16.1223,-19.1282,0 16.1218,-19.1278,0 16.1216,-19.1275,0 16.121,-19.126,0 16.1207,-19.1256,0 16.1201,-19.1249,0 16.1197,-19.1242,0 16.1187,-19.1232,0 16.1178,-19.122,0 16.1177,-19.1217,0 16.1179,-19.1207,0 16.1178,-19.12,0 16.1176,-19.1193,0 16.1174,-19.1189,0 16.1163,-19.1168,0 16.1158,-19.1162,0 16.1167,-19.1158,0 16.1173,-19.1155,0 16.1178,-19.1152,0 16.119,-19.1146,0 16.1199,-19.1141,0 16.1204,-19.1139,0 16.1205,-19.1139,0 16.1207,-19.1139,0 16.1208,-19.1139,0 16.1209,-19.114,0 16.121,-19.1141,0 16.121,-19.1142,0 16.1211,-19.1147,0 16.1212,-19.115,0 16.1212,-19.1153,0 16.1212,-19.1161,0 16.1212,-19.1165,0 16.1212,-19.1167,0 16.1213,-19.1171,0 16.1214,-19.1174,0 16.1215,-19.1177,0 16.1217,-19.118,0 16.1218,-19.1183,0 16.1226,-19.1193,0 16.1228,-19.1195,0 16.1234,-19.1201,0 16.1238,-19.1205,0 16.124,-19.1207,0 16.1242,-19.1208,0 16.1243,-19.1208,0 16.1249,-19.1208,0 16.1251,-19.1209,0 16.1253,-19.1209,0 16.1257,-19.1211,0 16.1258,-19.1211,0 16.1275,-19.1213,0 16.1279,-19.1213,0 16.1284,-19.1212,0 16.1287,-19.1211,0 16.1303,-19.1206,0 16.1313,-19.1202,0 16.1316,-19.12,0 16.1318,-19.1198,0 16.1325,-19.1191,0 16.133,-19.1187,0 16.1333,-19.1184,0 16.1336,-19.1183,0 16.1342,-19.1179,0 16.1345,-19.1178,0 16.1347,-19.1176,0 16.1351,-19.1171,0 16.1353,-19.1169,0 16.1357,-19.1166,0 16.1361,-19.1163,0 16.1364,-19.1162,0 16.1373,-19.1159,0 16.1379,-19.1156,0 16.1382,-19.1154,0 16.1388,-19.115,0 16.139,-19.1148,0 16.1399,-19.1145,0 16.1403,-19.1143,0 16.1406,-19.114,0 16.1412,-19.1136,0 16.1415,-19.1134,0 16.1429,-19.1128,0 16.1437,-19.1125,0 16.1441,-19.1123,0 16.1458,-19.1113,0 16.1467,-19.1108,0 16.1469,-19.1106,0 16.1475,-19.1101,0 16.1477,-19.1099,0 16.149,-19.1091,0 16.1498,-19.1087,0 16.15,-19.1086,0 16.1506,-19.1084,0 16.1509,-19.1083,0 16.1516,-19.1079,0 16.1518,-19.1078,0 16.1521,-19.1077,0 16.1526,-19.1076,0 16.1529,-19.1076,0 16.1531,-19.1074,0 16.1537,-19.1071,0 16.1541,-19.1068,0 16.1543,-19.1066,0 16.1544,-19.1063,0 16.1549,-19.1052,0 16.155,-19.105,0 16.1551,-19.1049,0 16.1553,-19.1047,0 16.1555,-19.1045,0 16.1558,-19.1044,0 16.1561,-19.1043,0 16.1573,-19.1039,0 16.1585,-19.1035,0 16.1591,-19.1034,0 16.1594,-19.1033,0 16.1601,-19.1028,0 16.1612,-19.1022,0 16.1615,-19.102,0 16.1623,-19.1018,0 16.1627,-19.1016,0 16.1633,-19.1014,0 16.1643,-19.1008,0 16.1651,-19.1004,0 16.1654,-19.1003,0 16.1662,-19.1003,0 16.1665,-19.1002,0 16.1676,-19.0998,0 16.168,-19.0996,0 16.1686,-19.0993,0 16.169,-19.0992,0 16.1693,-19.0991,0 16.1696,-19.0991,0 16.1699,-19.099,0 16.1702,-19.099,0 16.1705,-19.0991,0 16.1711,-19.0992,0 16.1714,-19.0992,0 16.1726,-19.0992,0 16.1731,-19.0992,0 16.1734,-19.0992,0 16.1749,-19.0989,0 16.1759,-19.0988,0 16.1772,-19.0986,0 16.1776,-19.0985,0 16.1795,-19.0979,0 16.1797,-19.0978,0 16.1807,-19.0972,0 16.181,-19.097,0 16.1812,-19.097,0 16.1821,-19.0967,0 16.1825,-19.0966,0 16.1829,-19.0964,0 16.1834,-19.096,0 16.184,-19.0955,0 16.1842,-19.0953,0 16.1846,-19.0947,0 16.1849,-19.0941,0 16.1851,-19.0938,0 16.1852,-19.0937,0 16.1855,-19.0934,0 16.1859,-19.0932,0 16.1873,-19.0925,0 16.1876,-19.0924,0 16.1877,-19.0924,0 16.188,-19.0924,0 16.1893,-19.0924,0 16.1898,-19.0924,0 16.19,-19.0924,0 16.1903,-19.0923,0 16.1909,-19.092,0 16.1914,-19.0918,0 16.1916,-19.0917,0 16.192,-19.0914,0 16.1922,-19.0912,0 16.1923,-19.0911,0 16.1928,-19.0904,0 16.193,-19.0901,0 16.1937,-19.0893,0 16.1938,-19.0892,0 16.194,-19.0887,0 16.1943,-19.0882,0 16.1946,-19.0879,0 16.1951,-19.0874,0 16.1954,-19.0869,0 16.1956,-19.0867,0 16.1974,-19.0854,0 16.1979,-19.0849,0 16.1981,-19.0847,0 16.1991,-19.0841,0 16.2006,-19.0831,0 16.2009,-19.0829,0 16.2011,-19.0827,0 16.2014,-19.0826,0 16.2017,-19.0826,0 16.2019,-19.0825,0 16.2028,-19.082,0 16.2029,-19.0819,0 16.2031,-19.0819,0 16.2043,-19.0822,0 16.2044,-19.0822,0 16.2046,-19.0823,0 16.2053,-19.0829,0 16.2055,-19.0831,0 16.2057,-19.0832,0 16.2059,-19.0833,0 16.2062,-19.0834,0 16.2066,-19.0835,0 16.2069,-19.0836,0 16.2073,-19.0837,0 16.2078,-19.0835,0 16.2091,-19.083,0 16.2101,-19.0827,0 16.2114,-19.0826,0 16.2129,-19.0819,0 16.2139,-19.0817,0 16.2156,-19.0808,0 16.2167,-19.0793,0 16.2181,-19.0772,0 16.2184,-19.0766,0 16.2186,-19.0754,0 16.2187,-19.0744,0 16.2188,-19.0734,0 16.2198,-19.0721,0 16.2205,-19.0708,0 16.2215,-19.0702,0 16.2224,-19.0692,0 16.2234,-19.0686,0 16.2244,-19.0681,0 16.2254,-19.0662,0 16.2269,-19.0645,0 16.2282,-19.0629,0 16.2286,-19.0616,0 16.2289,-19.0599,0 16.2294,-19.0589,0 16.2297,-19.0581,0 16.2295,-19.0571,0 16.2295,-19.0561,0 16.2296,-19.0553,0 16.2297,-19.0551,0 16.2302,-19.0545,0 16.231,-19.0538,0 16.2312,-19.0535,0 16.2316,-19.0533,0 16.2321,-19.053,0 16.2325,-19.0529,0 16.233,-19.0529,0 16.2333,-19.0527,0 16.2336,-19.0525,0 16.2344,-19.0517,0 16.2347,-19.0514,0 16.2349,-19.0511,0 16.2351,-19.0507,0 16.2352,-19.0503,0 16.2353,-19.0501,0 16.2357,-19.0499,0 16.236,-19.0492,0 16.2361,-19.0485,0 16.2359,-19.0476,0 16.2359,-19.0473,0 16.236,-19.047,0 16.2363,-19.0463,0 16.2365,-19.046,0 16.2368,-19.0459,0 16.2373,-19.0459,0 16.238,-19.046,0 16.2384,-19.0458,0 16.239,-19.0454,0 16.2394,-19.0453,0 16.2397,-19.0453,0 16.24,-19.0454,0 16.2405,-19.0452,0 16.241,-19.0452,0 16.2415,-19.0452,0 16.2421,-19.0449,0 16.2428,-19.0447,0 16.2432,-19.0447,0 16.2435,-19.0443,0 16.2438,-19.0437,0 16.2447,-19.0432,0 16.245,-19.0431,0 16.2455,-19.0433,0 16.2459,-19.0434,0 16.2466,-19.0436,0 16.2467,-19.0437,0 16.2471,-19.0437,0 16.2472,-19.0437,0 16.2473,-19.0438,0 16.2473,-19.0438,0 16.2474,-19.0439,0 16.2474,-19.044,0 16.2474,-19.0441,0 16.2475,-19.0443,0 16.2475,-19.0445,0 16.2475,-19.0446,0 16.2475,-19.0447,0 16.2476,-19.0449,0 16.2477,-19.045,0 16.2479,-19.0452,0 16.2481,-19.0454,0 16.2482,-19.0455,0 16.2483,-19.0456,0 16.2487,-19.0459,0 16.2488,-19.0459,0 16.2489,-19.046,0 16.2491,-19.0463,0 16.2494,-19.0466,0 16.2498,-19.0468,0 16.2503,-19.0469,0 16.251,-19.0469,0 16.2529,-19.0466,0 16.2536,-19.0463,0 16.254,-19.0462,0 16.2549,-19.0459,0 16.2553,-19.0458,0 16.2575,-19.045,0 16.2579,-19.0449,0 16.2584,-19.0447,0 16.2604,-19.044,0 16.2619,-19.0434,0 16.2622,-19.0432,0 16.2625,-19.0428,0 16.2627,-19.0422,0 16.263,-19.0419,0 16.2634,-19.0415,0 16.2636,-19.0414,0 16.2638,-19.0413,0 16.264,-19.0412,0 16.2641,-19.0412,0 16.2644,-19.0411,0 16.2647,-19.0411,0 16.2651,-19.041,0 16.2656,-19.041,0 16.2659,-19.0409,0 16.2662,-19.0408,0 16.2668,-19.0406,0 16.267,-19.0405,0 16.2672,-19.0404,0 16.2674,-19.0403,0 16.2685,-19.0396,0 16.2693,-19.039,0 16.2694,-19.0389,0 16.2697,-19.0388,0 16.2702,-19.0385,0 16.2709,-19.038,0 16.2714,-19.0377,0 16.2719,-19.0373,0 16.2723,-19.037,0 16.2725,-19.0369,0 16.2727,-19.0367,0 16.2729,-19.0365,0 16.2731,-19.0363,0 16.2731,-19.0363,0 16.2731,-19.0362,0 16.2731,-19.0362,0 16.2731,-19.0361,0 16.273,-19.0361,0 16.2729,-19.036,0 16.2728,-19.036,0 16.2715,-19.0356,0 16.2707,-19.0353,0 16.2703,-19.0352,0 16.27,-19.0352,0 16.2699,-19.0351,0 16.2698,-19.0351,0 16.2698,-19.0351,0 16.2698,-19.035,0 16.2697,-19.0348,0 16.2697,-19.0348,0 16.2697,-19.0346,0 16.2697,-19.0346,0 16.2697,-19.0346,0 16.2697,-19.0346,0 16.2697,-19.0346,0 16.2698,-19.0346,0 16.2705,-19.0351,0 16.2707,-19.0353,0 16.2715,-19.0356,0 16.2728,-19.036,0 16.2729,-19.036,0 16.2731,-19.036,0 16.2731,-19.036,0 16.2732,-19.036,0 16.2733,-19.036,0 16.2734,-19.036,0 16.2736,-19.0358,0 16.2738,-19.0356,0 16.2739,-19.0354,0 16.2741,-19.0353,0 16.2743,-19.0352,0 16.2746,-19.035,0 16.2751,-19.0348,0 16.2755,-19.0346,0 16.2757,-19.0345,0 16.2759,-19.0345,0 16.276,-19.0345,0 16.2762,-19.0345,0 16.278,-19.0347,0 16.2789,-19.0348,0 16.28,-19.0349,0 16.282,-19.0351,0 16.283,-19.0352,0 16.2858,-19.0358,0 16.2886,-19.0362,0 16.2948,-19.0378,0 16.2957,-19.0381,0 16.297,-19.0384,0 16.2978,-19.0386,0 16.2981,-19.0388,0 16.3098,-19.0408,0 16.3134,-19.0409,0 16.3156,-19.0412,0 16.3179,-19.0411,0 16.3201,-19.0414,0 16.3198,-19.0417,0 16.3197,-19.0418,0 16.3195,-19.0422,0 16.3194,-19.0425,0 16.3188,-19.0437,0 16.3175,-19.0459,0 16.3174,-19.0464,0 16.3173,-19.0466,0 16.3173,-19.047,0 16.3173,-19.0473,0 16.3174,-19.0476,0 16.3177,-19.0484,0 16.3179,-19.0488,0 16.318,-19.0493,0 16.3183,-19.0505,0 16.3183,-19.0509,0 16.3183,-19.0514,0 16.3183,-19.0526,0 16.3183,-19.053,0 16.3183,-19.0532,0 16.3184,-19.0534,0 16.3191,-19.0546,0 16.3198,-19.0558,0 16.32,-19.0564,0 16.3204,-19.0571,0 16.3204,-19.0573,0 16.3204,-19.0574,0 16.3204,-19.0576,0 16.3204,-19.0578,0 16.3203,-19.0579,0 16.3203,-19.0581,0 16.3202,-19.0582,0 16.3198,-19.0587,0 16.3193,-19.0593,0 16.3187,-19.0599,0 16.3181,-19.0604,0 16.3178,-19.0608,0 16.3175,-19.0613,0 16.3172,-19.0616,0 16.3172,-19.0619,0 16.3171,-19.0623,0 16.3171,-19.0631,0 16.3171,-19.0636,0 16.3169,-19.0644,0 16.3167,-19.0651,0 16.3166,-19.0654,0 16.3162,-19.0659,0 16.3158,-19.0665,0 16.3155,-19.067,0 16.3153,-19.0676,0 16.3148,-19.0686,0 16.3145,-19.0691,0 16.314,-19.0701,0 16.3135,-19.0708,0 16.3131,-19.0714,0 16.3127,-19.072,0 16.3123,-19.0725,0 16.3123,-19.0726,0 16.3123,-19.0726,0 16.3123,-19.0727,0 16.3124,-19.0728,0 16.3132,-19.0738,0 16.3137,-19.0742,0 16.314,-19.0744,0 16.3143,-19.0747,0 16.3148,-19.075,0 16.315,-19.0751,0 16.3152,-19.0753,0 16.3154,-19.0755,0 16.3157,-19.076,0 16.3157,-19.0763,0 16.3159,-19.0769,0 16.3162,-19.0778,0 16.3163,-19.0781,0 16.3164,-19.0783,0 16.3166,-19.0786,0 16.317,-19.0792,0 16.3171,-19.0793,0 16.3173,-19.0795,0 16.3177,-19.0797,0 16.318,-19.0799,0 16.3182,-19.08,0 16.3184,-19.0801,0 16.3188,-19.0802,0 16.3192,-19.0803,0 16.32,-19.0804,0 16.3204,-19.0804,0 16.3213,-19.0803,0 16.3218,-19.0803,0 16.3225,-19.0802,0 16.323,-19.0801,0 16.3233,-19.0801,0 16.3239,-19.0799,0 16.3241,-19.0798,0 16.3244,-19.0798,0 16.3249,-19.0798,0 16.3254,-19.0797,0 16.3257,-19.0797,0 16.326,-19.0798,0 16.3265,-19.0799,0 16.327,-19.08,0 16.3272,-19.0801,0 16.3277,-19.08,0 16.3289,-19.0801,0 16.3292,-19.0801,0 16.3294,-19.0801,0 16.3299,-19.08,0 16.3302,-19.0799,0 16.3307,-19.0798,0 16.3311,-19.0796,0 16.3317,-19.0793,0 16.3323,-19.079,0 16.3326,-19.0789,0 16.3331,-19.0787,0 16.3335,-19.0785,0 16.3337,-19.0783,0 16.3347,-19.078,0 16.3355,-19.0777,0 16.336,-19.0775,0 16.3367,-19.0773,0 16.3385,-19.0765,0 16.3387,-19.0764,0 16.339,-19.0764,0 16.3391,-19.0765,0 16.34,-19.0766,0 16.3405,-19.0767,0 16.3411,-19.0767,0 16.3419,-19.0767,0 16.3438,-19.0769,0 16.3443,-19.0769,0 16.3458,-19.0768,0 16.3462,-19.0768,0 16.3473,-19.0769,0 16.3479,-19.0769,0 16.3488,-19.0769,0 16.3511,-19.0771,0 16.3526,-19.0771,0 16.3539,-19.0771,0 16.3547,-19.0771,0 16.355,-19.0772,0 16.3552,-19.0772,0 16.3555,-19.0773,0 16.3559,-19.0775,0 16.3566,-19.0779,0 16.3569,-19.0781,0 16.357,-19.0781,0 16.3572,-19.0781,0 16.3575,-19.078,0 16.3581,-19.0777,0 16.3583,-19.0776,0 16.3586,-19.0776,0 16.3592,-19.0776,0 16.3594,-19.0776,0 16.3599,-19.0775,0 16.3607,-19.0772,0 16.3614,-19.0769,0 16.3616,-19.0768,0 16.3618,-19.0766,0 16.3621,-19.0763,0 16.3622,-19.0762,0 16.3624,-19.0761,0 16.3627,-19.0761,0 16.3631,-19.0761,0 16.3634,-19.0761,0 16.3641,-19.0761,0 16.3645,-19.076,0 16.365,-19.0759,0 16.3655,-19.0757,0 16.3661,-19.0757,0 16.3664,-19.0757,0 16.3668,-19.0755,0 16.3677,-19.0752,0 16.368,-19.0751,0 16.3687,-19.075,0 16.3697,-19.0749,0 16.3703,-19.0747,0 16.3705,-19.0747,0 16.3707,-19.0747,0 16.3714,-19.0748,0 16.3717,-19.0748,0 16.3721,-19.0747,0 16.3726,-19.0746,0 16.3731,-19.0744,0 16.3741,-19.074,0 16.3754,-19.0735,0 16.3757,-19.0733,0 16.3759,-19.0732,0 16.3762,-19.0732,0 16.3764,-19.0732,0 16.3767,-19.0732,0 16.3774,-19.0732,0 16.378,-19.0733,0 16.3796,-19.0733,0 16.3804,-19.0732,0 16.381,-19.0732,0 16.383,-19.073,0 16.3839,-19.073,0 16.3844,-19.0729,0 16.3846,-19.0729,0 16.3848,-19.0728,0 16.385,-19.0726,0 16.3853,-19.0722,0 16.3855,-19.0721,0 16.3857,-19.072,0 16.3858,-19.072,0 16.3859,-19.072,0 16.3861,-19.0721,0 16.3863,-19.0723,0 16.3866,-19.0725,0 16.3869,-19.0727,0 16.3871,-19.0728,0 16.3873,-19.0728,0 16.3876,-19.0729,0 16.3881,-19.0729,0 16.3887,-19.073,0 16.3896,-19.0731,0 16.3899,-19.0731,0 16.3906,-19.0731,0 16.3915,-19.0732,0 16.3917,-19.0732,0 16.3918,-19.0731,0 16.3924,-19.0727,0 16.3927,-19.0725,0 16.393,-19.0723,0 16.3933,-19.0722,0 16.3941,-19.0719,0 16.3946,-19.0718,0 16.3951,-19.0715,0 16.3954,-19.0714,0 16.3957,-19.0714,0 16.3965,-19.0713,0 16.3974,-19.0712,0 16.3991,-19.0711,0 16.401,-19.0708,0 16.4017,-19.0708,0 16.4022,-19.0708,0 16.4029,-19.0708,0 16.4037,-19.0709,0 16.4039,-19.0709,0 16.4042,-19.0709,0 16.4044,-19.0708,0 16.4047,-19.0706,0 16.4049,-19.0704,0 16.4051,-19.0703,0 16.4056,-19.0702,0 16.4061,-19.0701,0 16.4066,-19.07,0 16.4069,-19.07,0 16.4073,-19.07,0 16.4076,-19.07,0 16.4083,-19.0702,0 16.409,-19.0703,0 16.4101,-19.0705,0 16.4112,-19.0708,0 16.4142,-19.0714,0 16.416,-19.0717,0 16.4177,-19.0721,0 16.4212,-19.0728,0 16.4229,-19.0731,0 16.4246,-19.0734,0 16.4279,-19.074,0 16.4292,-19.0743,0 16.4313,-19.0747,0 16.4322,-19.075,0 16.4331,-19.0751,0 16.4333,-19.0752,0 16.4335,-19.0752,0 16.434,-19.0751,0 16.4342,-19.0751,0 16.4344,-19.0751,0 16.4346,-19.0752,0 16.4356,-19.0757,0 16.4362,-19.076,0 16.4371,-19.0764,0 16.4373,-19.0765,0 16.4374,-19.0765,0 16.4378,-19.0765,0 16.4385,-19.0764,0 16.4389,-19.0763,0 16.4394,-19.0762,0 16.4396,-19.0762,0 16.4398,-19.0762,0 16.44,-19.0764,0 16.4411,-19.0771,0 16.4415,-19.0773,0 16.4416,-19.0774,0 16.4419,-19.0774,0 16.4424,-19.0772,0 16.4427,-19.0772,0 16.4429,-19.0773,0 16.4445,-19.0776,0 16.4457,-19.0779,0 16.447,-19.0782,0 16.4478,-19.0783,0 16.4481,-19.0784,0 16.4484,-19.0786,0 16.4489,-19.0789,0 16.4493,-19.0791,0 16.4496,-19.0792,0 16.4499,-19.0792,0 16.4502,-19.0792,0 16.4505,-19.0792,0 16.451,-19.079,0 16.4516,-19.0789,0 16.4519,-19.0788,0 16.4523,-19.0788,0 16.4527,-19.0788,0 16.453,-19.0788,0 16.4533,-19.0789,0 16.4539,-19.0791,0 16.4546,-19.0794,0 16.4554,-19.0798,0 16.4557,-19.0799,0 16.4562,-19.08,0 16.4567,-19.0801,0 16.457,-19.0802,0 16.4575,-19.0804,0 16.4581,-19.0807,0 16.4585,-19.0808,0 16.4589,-19.081,0 16.4593,-19.081,0 16.4598,-19.0811,0 16.4602,-19.0811,0 16.4609,-19.0811,0 16.4614,-19.0811,0 16.4617,-19.0812,0 16.462,-19.0813,0 16.4623,-19.0815,0 16.4628,-19.0817,0 16.4633,-19.0819,0 16.4635,-19.082,0 16.4643,-19.082,0 16.4655,-19.0821,0 16.4657,-19.0821,0 16.4666,-19.0823,0 16.4668,-19.0824,0 16.467,-19.0826,0 16.4674,-19.0827,0 16.4676,-19.0828,0 16.4679,-19.0829,0 16.4681,-19.0829,0 16.4684,-19.0829,0 16.4687,-19.0829,0 16.4691,-19.0828,0 16.4693,-19.0828,0 16.4696,-19.0828,0 16.4705,-19.0831,0 16.4713,-19.0832,0 16.4716,-19.0833,0 16.4726,-19.0833,0 16.473,-19.0833,0 16.4732,-19.0834,0 16.4736,-19.0835,0 16.474,-19.0837,0 16.4742,-19.0838,0 16.4748,-19.0839,0 16.4755,-19.0841,0 16.4763,-19.0843,0 16.4772,-19.0844,0 16.4775,-19.0844,0 16.4778,-19.0844,0 16.4781,-19.0844,0 16.4784,-19.0843,0 16.4788,-19.0843,0 16.4791,-19.0843,0 16.4793,-19.0844,0 16.4798,-19.0846,0 16.4803,-19.0848,0 16.4805,-19.0848,0 16.4809,-19.0849,0 16.4816,-19.0849,0 16.4819,-19.085,0 16.482,-19.085,0 16.4822,-19.0851,0 16.4826,-19.0854,0 16.4829,-19.0856,0 16.4832,-19.0857,0 16.4834,-19.0857,0 16.4836,-19.0858,0 16.4839,-19.0858,0 16.4844,-19.0858,0 16.4846,-19.0858,0 16.4854,-19.0861,0 16.486,-19.0865,0 16.4862,-19.0865,0 16.4864,-19.0866,0 16.4867,-19.0866,0 16.4874,-19.0866,0 16.4879,-19.0866,0 16.4883,-19.0867,0 16.4887,-19.0868,0 16.4889,-19.0868,0 16.4894,-19.087,0 16.4896,-19.0871,0 16.4899,-19.0872,0 16.4902,-19.0872,0 16.491,-19.0871,0 16.4913,-19.0871,0 16.4916,-19.0872,0 16.4919,-19.0873,0 16.4922,-19.0874,0 16.4924,-19.0874,0 16.4928,-19.0877,0 16.4931,-19.0878,0 16.4934,-19.0879,0 16.4938,-19.088,0 16.4944,-19.0881,0 16.4947,-19.0881,0 16.4952,-19.088,0 16.4958,-19.088,0 16.4961,-19.088,0 16.4963,-19.0881,0 16.4967,-19.0883,0 16.4972,-19.0885,0 16.4977,-19.0888,0 16.4983,-19.0891,0 16.4985,-19.0891,0 16.4988,-19.0892,0 16.4996,-19.0892,0 16.5,-19.0892,0 16.5005,-19.0893,0 16.5009,-19.0894,0 16.5013,-19.0895,0 16.502,-19.0898,0 16.5023,-19.0898,0 16.5027,-19.0899,0 16.5035,-19.0899,0 16.5038,-19.09,0 16.5044,-19.0901,0 16.5048,-19.0902,0 16.5051,-19.0903,0 16.5053,-19.0904,0 16.5055,-19.0906,0 16.5058,-19.0908,0 16.506,-19.0911,0 16.5062,-19.0913,0 16.5064,-19.0917,0 16.5064,-19.0919,0 16.5065,-19.0919,0 16.5065,-19.0919,0 16.5066,-19.0919,0 16.5066,-19.0919,0 16.5067,-19.0918,0 16.5067,-19.0917,0 16.5067,-19.0916,0 16.5067,-19.0916,0 16.5066,-19.0914,0 16.5062,-19.0907,0 16.5053,-19.0894,0 16.5034,-19.0867,0 16.5013,-19.0835,0 16.4956,-19.0748,0 16.4944,-19.0729,0 16.489,-19.0648,0 16.4847,-19.0583,0 16.4839,-19.057,0 16.4823,-19.0547,0 16.4815,-19.0534,0 16.4805,-19.0519,0 16.4804,-19.0517,0 16.4803,-19.0516,0 16.4803,-19.0515,0 16.4803,-19.0514,0 16.4803,-19.0514,0 16.4806,-19.0511,0 16.4807,-19.0509,0 16.4808,-19.0508,0 16.4808,-19.0507,0 16.4808,-19.0506,0 16.4808,-19.0504,0 16.4809,-19.0502,0 16.481,-19.0499,0 16.4811,-19.0496,0 16.4813,-19.0493,0 16.4813,-19.0492,0 16.4814,-19.049,0 16.4814,-19.0489,0 16.4814,-19.0486,0 16.4813,-19.0485,0 16.4811,-19.0483,0 16.481,-19.0481,0 16.481,-19.048,0 16.481,-19.0478,0 16.481,-19.0476,0 16.481,-19.0475,0 16.481,-19.0472,0 16.481,-19.0468,0 16.4811,-19.0464,0 16.4812,-19.0459,0 16.4812,-19.0457,0 16.4812,-19.0454,0 16.4812,-19.0452,0 16.481,-19.0449,0 16.4806,-19.0439,0 16.4804,-19.0432,0 16.4803,-19.043,0 16.4803,-19.0427,0 16.4802,-19.0423,0 16.4802,-19.042,0 16.4803,-19.0414,0 16.4801,-19.0407,0 16.48,-19.0401,0 16.4799,-19.0395,0 16.4798,-19.0391,0 16.4797,-19.0387,0 16.4797,-19.0385,0 16.4797,-19.0383,0 16.4798,-19.0369,0 16.4798,-19.0367,0 16.4798,-19.0364,0 16.4798,-19.0363,0 16.4798,-19.036,0 16.4797,-19.0356,0 16.4794,-19.0344,0 16.4793,-19.0341,0 16.4793,-19.0339,0 16.4792,-19.0338,0 16.4792,-19.0337,0 16.4791,-19.0336,0 16.479,-19.0335,0 16.4789,-19.0334,0 16.4788,-19.0333,0 16.4787,-19.0332,0 16.4784,-19.0331,0 16.4775,-19.0327,0 16.4774,-19.0326,0 16.4773,-19.0326,0 16.4772,-19.0326,0 16.477,-19.0326,0 16.4767,-19.0327,0 16.4765,-19.0327,0 16.4763,-19.0327,0 16.4762,-19.0326,0 16.4759,-19.0325,0 16.4756,-19.0323,0 16.4755,-19.0323,0 16.4752,-19.0322,0 16.4742,-19.032,0 16.4741,-19.032,0 16.474,-19.032,0 16.4738,-19.032,0 16.4736,-19.032,0 16.4731,-19.0321,0 16.472,-19.0323,0 16.4718,-19.0323,0 16.4717,-19.0324,0 16.4716,-19.0325,0 16.4715,-19.0326,0 16.4714,-19.0327,0 16.4714,-19.033,0 16.4712,-19.0344,0 16.4711,-19.0344,0 16.4711,-19.0345,0 16.4711,-19.0348,0 16.4711,-19.0349,0 16.4711,-19.0351,0 16.4711,-19.0354,0 16.4711,-19.0354,0 16.4711,-19.0355,0 16.4711,-19.0356,0 16.4713,-19.0359,0 16.4714,-19.0359,0 16.4716,-19.0359,0 16.4718,-19.0359,0 16.4722,-19.0359,0</coordinates></LineString>
    </Placemark>
    <Placemark>
      <name>D11 · Safari Halali → Namutoni</name>
      <description>11 nov · 77 km</description>
      <styleUrl>#etosha</styleUrl>
      <LineString><tessellate>1</tessellate><coordinates>16.4722,-19.0359,0 16.4718,-19.0359,0 16.4716,-19.0359,0 16.4714,-19.0359,0 16.4713,-19.0359,0 16.4711,-19.0356,0 16.4711,-19.0355,0 16.4711,-19.0354,0 16.4711,-19.0354,0 16.4711,-19.0351,0 16.4711,-19.0349,0 16.4711,-19.0348,0 16.4711,-19.0345,0 16.4711,-19.0344,0 16.4712,-19.0344,0 16.4714,-19.033,0 16.4714,-19.0327,0 16.4715,-19.0326,0 16.4716,-19.0325,0 16.4717,-19.0324,0 16.4718,-19.0323,0 16.472,-19.0323,0 16.4731,-19.0321,0 16.4736,-19.032,0 16.4738,-19.032,0 16.474,-19.032,0 16.4741,-19.032,0 16.4742,-19.032,0 16.4752,-19.0322,0 16.4755,-19.0323,0 16.4756,-19.0323,0 16.4759,-19.0325,0 16.4762,-19.0326,0 16.4763,-19.0327,0 16.4765,-19.0327,0 16.4767,-19.0327,0 16.477,-19.0326,0 16.4772,-19.0326,0 16.4773,-19.0326,0 16.4774,-19.0326,0 16.4775,-19.0327,0 16.4784,-19.0331,0 16.4787,-19.0332,0 16.4788,-19.0333,0 16.4789,-19.0334,0 16.479,-19.0335,0 16.4791,-19.0336,0 16.4792,-19.0337,0 16.4792,-19.0338,0 16.4793,-19.0339,0 16.4793,-19.0341,0 16.4794,-19.0344,0 16.4797,-19.0356,0 16.4798,-19.036,0 16.4798,-19.0363,0 16.4798,-19.0364,0 16.4798,-19.0367,0 16.4798,-19.0369,0 16.4797,-19.0383,0 16.4797,-19.0385,0 16.4797,-19.0387,0 16.4798,-19.0391,0 16.4799,-19.0395,0 16.48,-19.0401,0 16.4801,-19.0407,0 16.4803,-19.0414,0 16.4804,-19.0415,0 16.4804,-19.0416,0 16.4806,-19.0418,0 16.481,-19.0421,0 16.4815,-19.0424,0 16.4819,-19.0426,0 16.4822,-19.0427,0 16.4825,-19.0427,0 16.4829,-19.0427,0 16.4832,-19.0426,0 16.4841,-19.0425,0 16.4844,-19.0425,0 16.4847,-19.0425,0 16.4851,-19.0425,0 16.4855,-19.0426,0 16.4863,-19.0429,0 16.4863,-19.0429,0 16.4865,-19.0429,0 16.4868,-19.043,0 16.4871,-19.0429,0 16.4874,-19.0429,0 16.4881,-19.0428,0 16.4883,-19.0428,0 16.4885,-19.0428,0 16.4887,-19.0428,0 16.4891,-19.0429,0 16.4901,-19.0432,0 16.4903,-19.0432,0 16.4906,-19.0432,0 16.4908,-19.0432,0 16.4916,-19.043,0 16.4919,-19.043,0 16.4926,-19.0429,0 16.4928,-19.0429,0 16.4933,-19.0428,0 16.4939,-19.0426,0 16.4944,-19.0424,0 16.4947,-19.0423,0 16.495,-19.0423,0 16.4958,-19.0423,0 16.4962,-19.0423,0 16.4966,-19.0422,0 16.497,-19.0421,0 16.4972,-19.0421,0 16.4974,-19.0421,0 16.4977,-19.0422,0 16.4983,-19.0426,0 16.4989,-19.0428,0 16.4994,-19.0429,0 16.5001,-19.0431,0 16.5006,-19.0432,0 16.5035,-19.0444,0 16.5041,-19.0446,0 16.5053,-19.0448,0 16.5055,-19.0449,0 16.506,-19.0449,0 16.5064,-19.0449,0 16.5069,-19.0451,0 16.5086,-19.0455,0 16.5088,-19.0456,0 16.5091,-19.0456,0 16.5093,-19.0455,0 16.5102,-19.0453,0 16.5104,-19.0452,0 16.5106,-19.0452,0 16.5109,-19.0453,0 16.5114,-19.0454,0 16.5117,-19.0456,0 16.5122,-19.046,0 16.513,-19.0464,0 16.5134,-19.0467,0 16.5141,-19.047,0 16.5143,-19.0471,0 16.5145,-19.0471,0 16.5146,-19.0471,0 16.5148,-19.0471,0 16.515,-19.047,0 16.5152,-19.0469,0 16.5155,-19.0467,0 16.5158,-19.0464,0 16.5162,-19.046,0 16.5164,-19.0457,0 16.5168,-19.0451,0 16.5171,-19.0448,0 16.5176,-19.0443,0 16.5181,-19.0438,0 16.5185,-19.0435,0 16.5188,-19.0432,0 16.5192,-19.0428,0 16.5196,-19.0423,0 16.5199,-19.042,0 16.5202,-19.0418,0 16.5207,-19.0416,0 16.5217,-19.041,0 16.5226,-19.0406,0 16.5233,-19.0403,0 16.5236,-19.0401,0 16.5239,-19.0399,0 16.5246,-19.0394,0 16.5253,-19.0388,0 16.5261,-19.0383,0 16.5263,-19.0381,0 16.5265,-19.0378,0 16.5268,-19.0373,0 16.5272,-19.0367,0 16.5276,-19.0361,0 16.5278,-19.0358,0 16.5278,-19.0357,0 16.528,-19.0352,0 16.5283,-19.0347,0 16.5286,-19.0341,0 16.5287,-19.0339,0 16.5289,-19.0333,0 16.529,-19.0327,0 16.5291,-19.0325,0 16.5294,-19.0318,0 16.5299,-19.0304,0 16.5299,-19.0301,0 16.53,-19.0299,0 16.5302,-19.0297,0 16.5309,-19.0288,0 16.5316,-19.0281,0 16.5326,-19.0271,0 16.5328,-19.027,0 16.533,-19.0267,0 16.5332,-19.0263,0 16.5332,-19.0263,0 16.5335,-19.0258,0 16.5337,-19.0252,0 16.5339,-19.0245,0 16.5343,-19.0227,0 16.5345,-19.0213,0 16.5347,-19.0204,0 16.5349,-19.0196,0 16.5352,-19.0184,0 16.5353,-19.018,0 16.5354,-19.0173,0 16.5355,-19.0166,0 16.5355,-19.0164,0 16.5356,-19.0162,0 16.5357,-19.0158,0 16.5358,-19.0155,0 16.5361,-19.0149,0 16.5364,-19.0143,0 16.537,-19.0133,0 16.5375,-19.0124,0 16.5377,-19.0121,0 16.5379,-19.0119,0 16.5383,-19.0114,0 16.5384,-19.0113,0 16.5386,-19.0111,0 16.5387,-19.0109,0 16.5389,-19.0105,0 16.5393,-19.0097,0 16.5395,-19.0094,0 16.5398,-19.0088,0 16.54,-19.0086,0 16.5401,-19.0084,0 16.5408,-19.0078,0 16.5411,-19.0074,0 16.5416,-19.0068,0 16.5418,-19.0066,0 16.5422,-19.0063,0 16.5425,-19.0061,0 16.5428,-19.006,0 16.544,-19.0056,0 16.5444,-19.0054,0 16.5447,-19.0052,0 16.5451,-19.0049,0 16.5457,-19.0046,0 16.5459,-19.0045,0 16.5461,-19.0044,0 16.5471,-19.0042,0 16.5476,-19.0041,0 16.5482,-19.0038,0 16.5487,-19.0036,0 16.5494,-19.0032,0 16.5499,-19.0028,0 16.5507,-19.0022,0 16.5512,-19.0018,0 16.5514,-19.0016,0 16.5517,-19.0013,0 16.5524,-19.0003,0 16.5528,-19.0,0 16.5535,-18.9992,0 16.554,-18.9987,0 16.5543,-18.9985,0 16.5547,-18.9982,0 16.5555,-18.9978,0 16.5559,-18.9976,0 16.5563,-18.9974,0 16.5571,-18.9971,0 16.5571,-18.9971,0 16.5572,-18.9969,0 16.5573,-18.9968,0 16.5573,-18.9967,0 16.5574,-18.9957,0 16.5574,-18.9953,0 16.5575,-18.9942,0 16.5575,-18.9939,0 16.5574,-18.9937,0 16.5574,-18.9935,0 16.5572,-18.9932,0 16.557,-18.9929,0 16.5568,-18.9926,0 16.5566,-18.9924,0 16.5565,-18.992,0 16.5563,-18.9916,0 16.5562,-18.9916,0 16.556,-18.9914,0 16.5559,-18.9914,0 16.5558,-18.9913,0 16.5558,-18.9912,0 16.5558,-18.9911,0 16.5558,-18.9909,0 16.5557,-18.9907,0 16.5557,-18.9905,0 16.5556,-18.9902,0 16.5556,-18.9901,0 16.5556,-18.99,0 16.5557,-18.9899,0 16.5558,-18.9898,0 16.5559,-18.9896,0 16.5559,-18.9895,0 16.556,-18.9892,0 16.556,-18.989,0 16.5561,-18.9888,0 16.5562,-18.9887,0 16.5562,-18.9885,0 16.5563,-18.9883,0 16.5564,-18.9881,0 16.5564,-18.988,0 16.5565,-18.9879,0 16.5567,-18.9878,0 16.5568,-18.9878,0 16.5569,-18.9878,0 16.557,-18.9879,0 16.5572,-18.988,0 16.5575,-18.988,0 16.5585,-18.9883,0 16.5587,-18.9884,0 16.5588,-18.9884,0 16.5588,-18.9885,0 16.5588,-18.9886,0 16.5588,-18.9887,0 16.5587,-18.9888,0 16.5586,-18.9889,0 16.5585,-18.989,0 16.5584,-18.989,0 16.5584,-18.989,0 16.5583,-18.989,0 16.5582,-18.989,0 16.5581,-18.9889,0 16.558,-18.9887,0 16.5579,-18.9885,0 16.5579,-18.9884,0 16.5578,-18.9884,0 16.5576,-18.9883,0 16.5575,-18.9882,0 16.5572,-18.988,0 16.557,-18.9879,0 16.5569,-18.9878,0 16.5568,-18.9878,0 16.5567,-18.9878,0 16.5565,-18.9879,0 16.5564,-18.988,0 16.5564,-18.9881,0 16.5563,-18.9883,0 16.5562,-18.9885,0 16.5562,-18.9887,0 16.5561,-18.9888,0 16.556,-18.989,0 16.556,-18.9892,0 16.5559,-18.9895,0 16.5559,-18.9896,0 16.5558,-18.9898,0 16.5557,-18.9899,0 16.5556,-18.99,0 16.5556,-18.9901,0 16.5556,-18.9902,0 16.5557,-18.9905,0 16.5557,-18.9907,0 16.5558,-18.9909,0 16.5558,-18.9911,0 16.5558,-18.9912,0 16.5558,-18.9913,0 16.5559,-18.9914,0 16.556,-18.9914,0 16.5562,-18.9916,0 16.5563,-18.9916,0 16.5565,-18.992,0 16.5566,-18.9924,0 16.5568,-18.9926,0 16.557,-18.9929,0 16.5572,-18.9932,0 16.5574,-18.9935,0 16.5574,-18.9937,0 16.5575,-18.9939,0 16.5575,-18.9942,0 16.5574,-18.9953,0 16.5574,-18.9957,0 16.5573,-18.9967,0 16.5574,-18.9968,0 16.5574,-18.9968,0 16.5575,-18.9969,0 16.5576,-18.9969,0 16.5586,-18.9966,0 16.5599,-18.9961,0 16.5607,-18.9958,0 16.5611,-18.9957,0 16.5616,-18.9956,0 16.5621,-18.9956,0 16.5626,-18.9956,0 16.5639,-18.9957,0 16.5644,-18.9956,0 16.565,-18.9956,0 16.5662,-18.9953,0 16.5668,-18.9952,0 16.5675,-18.9951,0 16.5679,-18.9951,0 16.5683,-18.9952,0 16.5688,-18.9953,0 16.57,-18.9955,0 16.5704,-18.9957,0 16.5715,-18.9961,0 16.5725,-18.9964,0 16.5731,-18.9965,0 16.5737,-18.9967,0 16.5744,-18.9968,0 16.5747,-18.9968,0 16.5751,-18.9967,0 16.5755,-18.9967,0 16.5758,-18.9966,0 16.5774,-18.9967,0 16.5783,-18.9967,0 16.579,-18.9967,0 16.5795,-18.9967,0 16.5797,-18.9967,0 16.5811,-18.9972,0 16.5815,-18.9974,0 16.5818,-18.9974,0 16.5822,-18.9975,0 16.583,-18.9975,0 16.5843,-18.9974,0 16.5847,-18.9974,0 16.5851,-18.9973,0 16.5864,-18.997,0 16.5879,-18.9967,0 16.5889,-18.9964,0 16.5905,-18.9959,0 16.5919,-18.9955,0 16.5933,-18.9951,0 16.5939,-18.995,0 16.5953,-18.9948,0 16.5958,-18.9948,0 16.5975,-18.9947,0 16.5982,-18.9947,0 16.6001,-18.9945,0 16.6007,-18.9945,0 16.6012,-18.9944,0 16.6015,-18.9945,0 16.6024,-18.9947,0 16.6027,-18.9947,0 16.6032,-18.9947,0 16.6046,-18.9946,0 16.605,-18.9946,0 16.6069,-18.9942,0 16.6072,-18.9942,0 16.6077,-18.9942,0 16.6081,-18.9942,0 16.6089,-18.994,0 16.6097,-18.9937,0 16.6115,-18.9933,0 16.6138,-18.9928,0 16.6143,-18.9927,0 16.6148,-18.9926,0 16.6159,-18.9926,0 16.6168,-18.9926,0 16.6176,-18.9926,0 16.6182,-18.9926,0 16.6186,-18.9926,0 16.619,-18.9925,0 16.6198,-18.9923,0 16.6211,-18.992,0 16.6217,-18.9918,0 16.6229,-18.9916,0 16.6246,-18.9914,0 16.6259,-18.9911,0 16.6266,-18.991,0 16.627,-18.9908,0 16.6276,-18.9905,0 16.6283,-18.9902,0 16.6291,-18.9897,0 16.6295,-18.9896,0 16.6298,-18.9895,0 16.6301,-18.9894,0 16.6304,-18.9894,0 16.6308,-18.9894,0 16.6314,-18.9896,0 16.633,-18.9901,0 16.6333,-18.9903,0 16.6336,-18.9904,0 16.6338,-18.9906,0 16.634,-18.9908,0 16.6343,-18.9913,0 16.6346,-18.9916,0 16.6352,-18.9926,0 16.6357,-18.9933,0 16.636,-18.9937,0 16.6362,-18.994,0 16.6364,-18.9945,0 16.6367,-18.9952,0 16.6371,-18.9958,0 16.6375,-18.9964,0 16.6381,-18.9971,0 16.6387,-18.9978,0 16.6392,-18.9982,0 16.6396,-18.9984,0 16.64,-18.9985,0 16.6403,-18.9986,0 16.6418,-18.9988,0 16.6424,-18.9988,0 16.6431,-18.9987,0 16.6441,-18.9986,0 16.645,-18.9984,0 16.6453,-18.9983,0 16.6454,-18.9982,0 16.6456,-18.9981,0 16.6456,-18.9979,0 16.6456,-18.9978,0 16.6456,-18.9972,0 16.6456,-18.9969,0 16.6457,-18.9966,0 16.6458,-18.9964,0 16.646,-18.9962,0 16.6468,-18.9955,0 16.6472,-18.9952,0 16.6474,-18.9951,0 16.6476,-18.9951,0 16.6479,-18.9951,0 16.6494,-18.9954,0 16.65,-18.9955,0 16.6503,-18.9955,0 16.6506,-18.9955,0 16.6509,-18.9954,0 16.6511,-18.9951,0 16.6512,-18.9951,0 16.6516,-18.9946,0 16.6519,-18.9944,0 16.6524,-18.994,0 16.6527,-18.9937,0 16.6529,-18.9935,0 16.654,-18.9923,0 16.6542,-18.9921,0 16.6543,-18.9921,0 16.6547,-18.9919,0 16.6551,-18.9917,0 16.6561,-18.9909,0 16.6564,-18.9907,0 16.6566,-18.9906,0 16.6578,-18.9902,0 16.6592,-18.9897,0 16.6609,-18.989,0 16.6616,-18.9887,0 16.6617,-18.9887,0 16.662,-18.9885,0 16.6625,-18.9882,0 16.6628,-18.988,0 16.6631,-18.9877,0 16.6633,-18.9874,0 16.6641,-18.9863,0 16.6647,-18.9854,0 16.665,-18.9851,0 16.6652,-18.9848,0 16.6665,-18.9835,0 16.6668,-18.9831,0 16.6671,-18.9827,0 16.6673,-18.9824,0 16.6674,-18.9819,0 16.6677,-18.9815,0 16.6679,-18.9812,0 16.6681,-18.9808,0 16.6682,-18.9803,0 16.6683,-18.9796,0 16.6684,-18.9792,0 16.6685,-18.978,0 16.6686,-18.9777,0 16.6686,-18.9775,0 16.6687,-18.9774,0 16.6689,-18.9772,0 16.6691,-18.977,0 16.6694,-18.9768,0 16.6696,-18.9765,0 16.6698,-18.9763,0 16.6703,-18.9755,0 16.6704,-18.9754,0 16.6705,-18.9753,0 16.6715,-18.9746,0 16.6722,-18.9741,0 16.6726,-18.9739,0 16.6751,-18.9726,0 16.6757,-18.9722,0 16.6769,-18.9714,0 16.6775,-18.971,0 16.6784,-18.9702,0 16.6795,-18.9694,0 16.6796,-18.9693,0 16.6799,-18.9691,0 16.6805,-18.9688,0 16.6808,-18.9686,0 16.6815,-18.968,0 16.6817,-18.9678,0 16.6823,-18.9668,0 16.6829,-18.9661,0 16.6837,-18.9652,0 16.6847,-18.964,0 16.6848,-18.9639,0 16.6849,-18.9636,0 16.6854,-18.9622,0 16.6858,-18.9614,0 16.6858,-18.9611,0 16.6859,-18.9609,0 16.6859,-18.9602,0 16.6859,-18.96,0 16.686,-18.959,0 16.686,-18.9586,0 16.6859,-18.9584,0 16.6857,-18.9578,0 16.6857,-18.9576,0 16.6856,-18.9575,0 16.685,-18.9567,0 16.6848,-18.9565,0 16.6843,-18.956,0 16.6841,-18.9559,0 16.684,-18.9557,0 16.6837,-18.955,0 16.6833,-18.9543,0 16.6832,-18.9541,0 16.6832,-18.954,0 16.6832,-18.9534,0 16.6832,-18.9531,0 16.6831,-18.9523,0 16.6831,-18.9521,0 16.6831,-18.9519,0 16.6832,-18.9517,0 16.6834,-18.9513,0 16.6835,-18.9507,0 16.6836,-18.9501,0 16.6837,-18.949,0 16.6837,-18.9479,0 16.6838,-18.9478,0 16.6838,-18.9478,0 16.6839,-18.9477,0 16.6843,-18.9475,0 16.6845,-18.9473,0 16.6848,-18.947,0 16.6854,-18.9464,0 16.6856,-18.9461,0 16.686,-18.9456,0 16.6862,-18.9454,0 16.6863,-18.9452,0 16.6868,-18.9449,0 16.6876,-18.9444,0 16.6887,-18.9437,0 16.6923,-18.9415,0 16.6934,-18.9408,0 16.6951,-18.9398,0 16.6952,-18.9397,0 16.6968,-18.9388,0 16.6984,-18.9378,0 16.699,-18.9373,0 16.6992,-18.9372,0 16.6993,-18.9371,0 16.6993,-18.937,0 16.6994,-18.9368,0 16.6995,-18.9367,0 16.6996,-18.9364,0 16.6997,-18.9363,0 16.6997,-18.9361,0 16.6997,-18.936,0 16.6997,-18.9358,0 16.6996,-18.9356,0 16.6994,-18.9349,0 16.6992,-18.9342,0 16.6991,-18.9339,0 16.699,-18.9337,0 16.699,-18.9335,0 16.699,-18.9332,0 16.699,-18.933,0 16.6993,-18.9318,0 16.6993,-18.9315,0 16.6995,-18.9305,0 16.6996,-18.9304,0 16.6996,-18.9302,0 16.7001,-18.9293,0 16.7006,-18.9283,0 16.701,-18.9278,0 16.7014,-18.9274,0 16.7016,-18.9272,0 16.7024,-18.9267,0 16.7031,-18.9264,0 16.7032,-18.9263,0 16.7034,-18.9261,0 16.7038,-18.9257,0 16.7042,-18.9253,0 16.7044,-18.9251,0 16.7047,-18.9249,0 16.7061,-18.9244,0 16.7067,-18.924,0 16.7078,-18.9235,0 16.709,-18.923,0 16.7113,-18.9222,0 16.7114,-18.9221,0 16.7144,-18.9212,0 16.7149,-18.9211,0 16.7156,-18.9211,0 16.7161,-18.921,0 16.7188,-18.9205,0 16.7221,-18.9196,0 16.7226,-18.9195,0 16.7229,-18.9193,0 16.7234,-18.9189,0 16.724,-18.9181,0 16.7246,-18.9172,0 16.725,-18.9167,0 16.7255,-18.9162,0 16.7259,-18.9156,0 16.7261,-18.9153,0 16.7264,-18.9144,0 16.7267,-18.914,0 16.727,-18.9136,0 16.728,-18.9124,0 16.7283,-18.912,0 16.7291,-18.9113,0 16.73,-18.9104,0 16.7303,-18.91,0 16.7311,-18.9091,0 16.7316,-18.9086,0 16.732,-18.9082,0 16.7324,-18.9078,0 16.7329,-18.9075,0 16.7338,-18.9069,0 16.7342,-18.9066,0 16.7346,-18.9062,0 16.7349,-18.9059,0 16.7362,-18.9045,0 16.7366,-18.904,0 16.7373,-18.903,0 16.7387,-18.9011,0 16.739,-18.9007,0 16.7391,-18.9004,0 16.7393,-18.9001,0 16.7394,-18.8997,0 16.7395,-18.899,0 16.7398,-18.8945,0 16.7398,-18.894,0 16.7398,-18.8934,0 16.7398,-18.8929,0 16.7399,-18.8924,0 16.7402,-18.8902,0 16.7403,-18.8898,0 16.7403,-18.8894,0 16.7403,-18.8892,0 16.7404,-18.8889,0 16.7406,-18.8885,0 16.7408,-18.8881,0 16.742,-18.8862,0 16.7431,-18.8849,0 16.7437,-18.8841,0 16.744,-18.8834,0 16.7444,-18.8825,0 16.7447,-18.8819,0 16.7451,-18.8812,0 16.7456,-18.8803,0 16.7463,-18.8794,0 16.7465,-18.8791,0 16.7467,-18.8789,0 16.7479,-18.878,0 16.7484,-18.8776,0 16.7501,-18.8761,0 16.7508,-18.8755,0 16.7511,-18.8753,0 16.7517,-18.8751,0 16.7525,-18.8748,0 16.7527,-18.8747,0 16.7528,-18.8745,0 16.7534,-18.8739,0 16.7541,-18.8734,0 16.7543,-18.8732,0 16.7548,-18.8726,0 16.7556,-18.8713,0 16.7558,-18.8711,0 16.7561,-18.8708,0 16.7564,-18.8706,0 16.7579,-18.8698,0 16.7595,-18.8688,0 16.7607,-18.8681,0 16.7625,-18.8673,0 16.7649,-18.8661,0 16.7651,-18.866,0 16.7655,-18.8658,0 16.7685,-18.8646,0 16.7723,-18.8631,0 16.7731,-18.8627,0 16.7745,-18.8623,0 16.7749,-18.8621,0 16.7756,-18.8618,0 16.7766,-18.8613,0 16.7772,-18.861,0 16.7777,-18.8608,0 16.7784,-18.8607,0 16.7812,-18.8602,0 16.7829,-18.8598,0 16.7835,-18.8596,0 16.7845,-18.8592,0 16.7849,-18.8591,0 16.787,-18.8582,0 16.7878,-18.8578,0 16.7879,-18.8578,0 16.7882,-18.8576,0 16.7899,-18.8563,0 16.7909,-18.8557,0 16.7917,-18.8554,0 16.7927,-18.8549,0 16.7934,-18.8547,0 16.7948,-18.8542,0 16.7954,-18.854,0 16.7959,-18.8538,0 16.7976,-18.8531,0 16.799,-18.8526,0 16.8005,-18.852,0 16.8018,-18.8515,0 16.8035,-18.8509,0 16.8049,-18.8504,0 16.8054,-18.8502,0 16.8056,-18.8501,0 16.8058,-18.85,0 16.806,-18.85,0 16.8061,-18.85,0 16.8062,-18.8501,0 16.8066,-18.8502,0 16.8069,-18.8503,0 16.8072,-18.8506,0 16.8075,-18.8509,0 16.8079,-18.8513,0 16.8082,-18.8518,0 16.8085,-18.8522,0 16.8086,-18.8525,0 16.8087,-18.8529,0 16.8087,-18.8533,0 16.8087,-18.8539,0 16.8088,-18.8543,0 16.8088,-18.8546,0 16.809,-18.8548,0 16.8092,-18.855,0 16.8104,-18.8561,0 16.8116,-18.8571,0 16.8132,-18.8585,0 16.8134,-18.8586,0 16.8136,-18.8587,0 16.8139,-18.8588,0 16.8142,-18.8589,0 16.8149,-18.8589,0 16.8151,-18.859,0 16.8152,-18.859,0 16.8155,-18.8591,0 16.8168,-18.8598,0 16.8187,-18.8608,0 16.8192,-18.8611,0 16.8196,-18.8613,0 16.8199,-18.8615,0 16.8202,-18.8618,0 16.8206,-18.8622,0 16.8214,-18.863,0 16.8217,-18.8633,0 16.8234,-18.8645,0 16.8239,-18.865,0 16.8243,-18.8653,0 16.8247,-18.8657,0 16.8249,-18.8658,0 16.8251,-18.866,0 16.8253,-18.866,0 16.8256,-18.8661,0 16.8259,-18.8662,0 16.8265,-18.8663,0 16.827,-18.8663,0 16.8275,-18.8664,0 16.8278,-18.8665,0 16.828,-18.8666,0 16.8281,-18.8667,0 16.8284,-18.867,0 16.8288,-18.8673,0 16.829,-18.8675,0 16.8292,-18.8676,0 16.8294,-18.8676,0 16.8296,-18.8676,0 16.8298,-18.8676,0 16.8301,-18.8676,0 16.8302,-18.8675,0 16.8305,-18.8674,0 16.8307,-18.8673,0 16.8309,-18.867,0 16.8314,-18.8666,0 16.8318,-18.8663,0 16.832,-18.866,0 16.8322,-18.8657,0 16.8323,-18.8655,0 16.8325,-18.865,0 16.8328,-18.8644,0 16.8331,-18.8633,0 16.8333,-18.863,0 16.8333,-18.8629,0 16.8334,-18.8628,0 16.8335,-18.8626,0 16.8347,-18.8616,0 16.835,-18.8614,0 16.8352,-18.8612,0 16.8356,-18.8609,0 16.8368,-18.8603,0 16.8377,-18.8597,0 16.8381,-18.8595,0 16.8383,-18.8593,0 16.8388,-18.8592,0 16.8401,-18.8587,0 16.8415,-18.8581,0 16.8423,-18.8577,0 16.8426,-18.8576,0 16.8428,-18.8574,0 16.8429,-18.8572,0 16.8431,-18.857,0 16.8432,-18.8567,0 16.8433,-18.8565,0 16.8434,-18.8563,0 16.8434,-18.8561,0 16.8436,-18.8555,0 16.8438,-18.8546,0 16.8439,-18.854,0 16.844,-18.8538,0 16.8441,-18.8536,0 16.8442,-18.8534,0 16.8444,-18.8531,0 16.8451,-18.8521,0 16.8457,-18.8514,0 16.8459,-18.8512,0 16.8466,-18.8505,0 16.8469,-18.8503,0 16.8471,-18.8501,0 16.8472,-18.8499,0 16.8474,-18.8494,0 16.8476,-18.8491,0 16.8478,-18.8486,0 16.8479,-18.8482,0 16.848,-18.8478,0 16.848,-18.8473,0 16.8481,-18.8464,0 16.8482,-18.8459,0 16.8484,-18.8453,0 16.8485,-18.8449,0 16.8487,-18.8441,0 16.8492,-18.843,0 16.8494,-18.8425,0 16.8497,-18.8419,0 16.8499,-18.8415,0 16.8502,-18.8409,0 16.8504,-18.8407,0 16.8505,-18.8406,0 16.851,-18.8402,0 16.8516,-18.8397,0 16.853,-18.8386,0 16.8535,-18.8382,0 16.8543,-18.8376,0 16.8546,-18.8374,0 16.855,-18.8372,0 16.8553,-18.8371,0 16.8555,-18.8371,0 16.857,-18.8369,0 16.8573,-18.8369,0 16.8577,-18.8369,0 16.8583,-18.837,0 16.8586,-18.837,0 16.8599,-18.837,0 16.8604,-18.837,0 16.8607,-18.8371,0 16.861,-18.8371,0 16.8614,-18.8372,0 16.8621,-18.8374,0 16.8626,-18.8376,0 16.8633,-18.8379,0 16.8637,-18.838,0 16.864,-18.8382,0 16.8644,-18.8385,0 16.8647,-18.8388,0 16.8659,-18.84,0 16.8663,-18.8404,0 16.8665,-18.8406,0 16.8667,-18.8409,0 16.8672,-18.8416,0 16.868,-18.8425,0 16.869,-18.8437,0 16.8703,-18.8454,0 16.8715,-18.8468,0 16.8726,-18.8484,0 16.8736,-18.8496,0 16.8746,-18.8509,0 16.8751,-18.8515,0 16.8754,-18.8519,0 16.8758,-18.8523,0 16.8764,-18.8528,0 16.877,-18.8534,0 16.8775,-18.8538,0 16.8781,-18.8542,0 16.8786,-18.8546,0 16.879,-18.8549,0 16.8796,-18.8552,0 16.8806,-18.8557,0 16.881,-18.8559,0 16.8816,-18.8561,0 16.882,-18.8562,0 16.8824,-18.8563,0 16.8828,-18.8563,0 16.8838,-18.8564,0 16.8849,-18.8564,0 16.8856,-18.8564,0 16.8869,-18.8564,0 16.8874,-18.8564,0 16.8878,-18.8563,0 16.8881,-18.8563,0 16.8885,-18.8562,0 16.8889,-18.8561,0 16.8892,-18.856,0 16.8902,-18.8555,0 16.8907,-18.8552,0 16.891,-18.855,0 16.8912,-18.8549,0 16.8915,-18.8546,0 16.8919,-18.8543,0 16.8927,-18.8535,0 16.8936,-18.8526,0 16.8947,-18.8516,0 16.8961,-18.8503,0 16.8971,-18.8493,0 16.8979,-18.8485,0 16.8986,-18.8478,0 16.8989,-18.8474,0 16.9011,-18.8448,0 16.9023,-18.8433,0 16.9026,-18.8429,0 16.9031,-18.8424,0 16.904,-18.8417,0 16.9044,-18.8413,0 16.9045,-18.8414,0 16.9045,-18.8415,0 16.9046,-18.8416,0 16.9047,-18.8416,0 16.9048,-18.8416,0 16.9052,-18.8416,0 16.9057,-18.8417,0 16.9061,-18.8417,0 16.9069,-18.8419,0 16.9085,-18.8424,0 16.9104,-18.8429,0 16.9109,-18.843,0 16.9116,-18.843,0 16.912,-18.8431,0 16.9136,-18.8432,0 16.9144,-18.8432,0 16.9149,-18.8433,0 16.9153,-18.8434,0 16.9173,-18.8438,0 16.9185,-18.8441,0 16.9192,-18.8443,0 16.9195,-18.8444,0 16.9198,-18.8445,0 16.92,-18.8446,0 16.9203,-18.8448,0 16.9206,-18.8451,0 16.9209,-18.8454,0 16.9212,-18.8457,0 16.9212,-18.8457,0 16.9209,-18.8454,0 16.9206,-18.8451,0 16.9203,-18.8448,0 16.92,-18.8446,0 16.9198,-18.8445,0 16.9195,-18.8444,0 16.9192,-18.8443,0 16.9185,-18.8441,0 16.9173,-18.8438,0 16.9153,-18.8434,0 16.9149,-18.8433,0 16.9144,-18.8432,0 16.9136,-18.8432,0 16.912,-18.8431,0 16.9116,-18.843,0 16.9109,-18.843,0 16.9104,-18.8429,0 16.9085,-18.8424,0 16.9069,-18.8419,0 16.9061,-18.8417,0 16.9057,-18.8417,0 16.9052,-18.8416,0 16.9048,-18.8416,0 16.9047,-18.8416,0 16.9046,-18.8416,0 16.9045,-18.8415,0 16.9045,-18.8414,0 16.9044,-18.8413,0 16.9054,-18.8406,0 16.9065,-18.8397,0 16.9077,-18.8388,0 16.9095,-18.8375,0 16.911,-18.8364,0 16.913,-18.835,0 16.9154,-18.8333,0 16.9191,-18.8305,0 16.9206,-18.8295,0 16.9234,-18.8274,0 16.9251,-18.8261,0 16.9262,-18.8254,0 16.9267,-18.8249,0 16.9268,-18.8246,0 16.927,-18.8243,0 16.9273,-18.8233,0 16.9274,-18.8232,0 16.9275,-18.823,0 16.9283,-18.8221,0 16.9286,-18.8218,0 16.9299,-18.8206,0 16.9301,-18.8204,0 16.9302,-18.8203,0 16.9308,-18.8195,0 16.9336,-18.8156,0 16.9353,-18.8131,0 16.9356,-18.8129,0 16.9357,-18.8128,0 16.9359,-18.8127,0 16.9362,-18.8126,0 16.9368,-18.8124,0 16.9372,-18.8123,0 16.9382,-18.8122,0 16.9384,-18.8121,0 16.9386,-18.8121,0 16.9389,-18.812,0 16.939,-18.812,0 16.9392,-18.8119,0 16.9398,-18.8116,0 16.9404,-18.8113,0 16.9407,-18.8112,0 16.9415,-18.8107,0 16.9414,-18.8106,0 16.9413,-18.8103,0 16.941,-18.8099,0 16.941,-18.8099,0 16.9409,-18.8097,0 16.9407,-18.8094,0 16.9405,-18.8091,0 16.9404,-18.8089,0 16.9404,-18.8088,0 16.9404,-18.8087,0 16.9404,-18.8087,0 16.9404,-18.8087,0 16.9406,-18.8085,0 16.941,-18.8081,0 16.9411,-18.808,0 16.9412,-18.8079,0 16.9413,-18.8079,0 16.9414,-18.8079,0 16.9415,-18.8078,0 16.9416,-18.8078,0 16.9418,-18.8078,0 16.9419,-18.8077,0 16.942,-18.8077,0 16.9421,-18.8077,0 16.9422,-18.8076,0 16.9422,-18.8076,0 16.9423,-18.8075,0 16.9423,-18.8074,0 16.9423,-18.8073,0 16.9423,-18.8072,0 16.9422,-18.8071,0 16.9421,-18.8068,0 16.9421,-18.8067,0 16.942,-18.8066,0 16.942,-18.8066,0 16.9419,-18.8065,0 16.9419,-18.8065,0 16.9418,-18.8064,0 16.9416,-18.8063,0 16.9415,-18.8062,0 16.9415,-18.8062,0 16.9414,-18.8062,0 16.9414,-18.8061,0 16.9414,-18.8061,0 16.9414,-18.806,0 16.9413,-18.8059,0 16.9413,-18.8058,0 16.9411,-18.8058,0 16.9411,-18.8058,0 16.9411,-18.8058,0 16.941,-18.8058,0 16.941,-18.8057,0</coordinates></LineString>
    </Placemark>
    <Placemark>
      <name>D12 · Etosha este y salida a Onguma</name>
      <description>12 nov · 56 km</description>
      <styleUrl>#etosha</styleUrl>
      <LineString><tessellate>1</tessellate><coordinates>16.941,-18.8057,0 16.941,-18.8058,0 16.9411,-18.8058,0 16.9411,-18.8058,0 16.9411,-18.8058,0 16.9413,-18.8058,0 16.9413,-18.8059,0 16.9414,-18.806,0 16.9414,-18.8061,0 16.9414,-18.8061,0 16.9414,-18.8062,0 16.9415,-18.8062,0 16.9415,-18.8062,0 16.9416,-18.8063,0 16.9418,-18.8064,0 16.9419,-18.8065,0 16.9419,-18.8065,0 16.942,-18.8066,0 16.942,-18.8066,0 16.9421,-18.8067,0 16.9421,-18.8068,0 16.9422,-18.8071,0 16.9423,-18.8072,0 16.9423,-18.8073,0 16.9423,-18.8074,0 16.9423,-18.8075,0 16.9422,-18.8076,0 16.9422,-18.8076,0 16.9421,-18.8077,0 16.942,-18.8077,0 16.9419,-18.8077,0 16.9418,-18.8078,0 16.9416,-18.8078,0 16.9415,-18.8078,0 16.9414,-18.8079,0 16.9413,-18.8079,0 16.9412,-18.8079,0 16.9411,-18.808,0 16.941,-18.8081,0 16.9406,-18.8085,0 16.9404,-18.8087,0 16.9404,-18.8087,0 16.9404,-18.8087,0 16.9404,-18.8088,0 16.9404,-18.8089,0 16.9405,-18.8091,0 16.9407,-18.8094,0 16.9409,-18.8097,0 16.941,-18.8099,0 16.941,-18.8099,0 16.9413,-18.8103,0 16.9414,-18.8106,0 16.9415,-18.8107,0 16.9417,-18.8103,0 16.9423,-18.8096,0 16.943,-18.8087,0 16.943,-18.8086,0 16.9431,-18.8085,0 16.9433,-18.8081,0 16.9436,-18.8075,0 16.9437,-18.8072,0 16.9439,-18.807,0 16.944,-18.8068,0 16.9441,-18.8067,0 16.9442,-18.8066,0 16.9442,-18.8065,0 16.9443,-18.8064,0 16.9444,-18.8064,0 16.9448,-18.8063,0 16.9507,-18.8044,0 16.9541,-18.8034,0 16.958,-18.802,0 16.9586,-18.8018,0 16.9595,-18.8017,0 16.9609,-18.8016,0 16.962,-18.8015,0 16.9623,-18.8015,0 16.9627,-18.8014,0 16.9636,-18.8011,0 16.9652,-18.8007,0 16.9659,-18.8005,0 16.9665,-18.8004,0 16.9672,-18.8004,0 16.9687,-18.8003,0 16.9692,-18.8004,0 16.9697,-18.8005,0 16.9719,-18.8013,0 16.9732,-18.8017,0 16.9734,-18.8019,0 16.9743,-18.8023,0 16.9753,-18.8028,0 16.9756,-18.8029,0 16.9758,-18.8029,0 16.976,-18.8028,0 16.9767,-18.8025,0 16.9776,-18.8021,0 16.9777,-18.802,0 16.9792,-18.8018,0 16.9799,-18.8017,0 16.9827,-18.8006,0 16.9846,-18.8003,0 16.9872,-18.7998,0 16.9885,-18.7995,0 16.9898,-18.7989,0 16.9915,-18.7972,0 16.9921,-18.7964,0 16.9928,-18.7957,0 16.9939,-18.7949,0 16.9946,-18.794,0 16.9951,-18.7934,0 16.9958,-18.7927,0 16.9962,-18.7916,0 16.9968,-18.7905,0 16.9971,-18.7901,0 16.9975,-18.79,0 16.9993,-18.7899,0 16.9998,-18.7897,0 17.0002,-18.7893,0 17.0006,-18.7886,0 17.0012,-18.788,0 17.0022,-18.7876,0 17.0028,-18.7874,0 17.0033,-18.7868,0 17.0037,-18.7865,0 17.0048,-18.786,0 17.0055,-18.7853,0 17.0064,-18.7848,0 17.007,-18.7838,0 17.0074,-18.7832,0 17.0091,-18.7811,0 17.0095,-18.7805,0 17.0102,-18.7803,0 17.0106,-18.78,0 17.0112,-18.7794,0 17.0119,-18.779,0 17.0128,-18.7786,0 17.0156,-18.7777,0 17.0166,-18.7772,0 17.0175,-18.7768,0 17.0181,-18.7766,0 17.0189,-18.7764,0 17.0197,-18.7762,0 17.0206,-18.7761,0 17.0213,-18.7763,0 17.022,-18.7763,0 17.0224,-18.7763,0 17.0235,-18.7755,0 17.024,-18.7752,0 17.0248,-18.7752,0 17.0255,-18.7752,0 17.026,-18.7752,0 17.0264,-18.7751,0 17.0279,-18.7739,0 17.0284,-18.7734,0 17.0287,-18.7726,0 17.0298,-18.7679,0 17.03,-18.7676,0 17.0311,-18.767,0 17.0313,-18.7667,0 17.0315,-18.7664,0 17.0315,-18.7659,0 17.0314,-18.7655,0 17.0309,-18.7644,0 17.0307,-18.764,0 17.0306,-18.7641,0 17.0306,-18.7642,0 17.0305,-18.7643,0 17.03,-18.7644,0 17.0298,-18.7644,0 17.0296,-18.7644,0 17.0295,-18.7645,0 17.0295,-18.7646,0 17.0295,-18.7647,0 17.0296,-18.7647,0 17.0296,-18.7647,0 17.0297,-18.7647,0 17.0299,-18.7646,0 17.0299,-18.7645,0 17.03,-18.7644,0 17.0305,-18.7643,0 17.0306,-18.7642,0 17.0306,-18.7641,0 17.0307,-18.764,0 17.0309,-18.7644,0 17.0314,-18.7655,0 17.0315,-18.7659,0 17.0315,-18.7664,0 17.0313,-18.7667,0 17.0311,-18.767,0 17.03,-18.7676,0 17.0298,-18.7679,0 17.0287,-18.7726,0 17.0284,-18.7734,0 17.0279,-18.7739,0 17.0264,-18.7751,0 17.026,-18.7752,0 17.0255,-18.7752,0 17.0248,-18.7752,0 17.024,-18.7752,0 17.0235,-18.7755,0 17.0224,-18.7763,0 17.022,-18.7763,0 17.0213,-18.7763,0 17.0206,-18.7761,0 17.0197,-18.7762,0 17.0189,-18.7764,0 17.0181,-18.7766,0 17.0175,-18.7768,0 17.0166,-18.7772,0 17.0156,-18.7777,0 17.0128,-18.7786,0 17.0119,-18.779,0 17.0112,-18.7794,0 17.0106,-18.78,0 17.0102,-18.7803,0 17.0095,-18.7805,0 17.0091,-18.7811,0 17.0074,-18.7832,0 17.007,-18.7838,0 17.0064,-18.7848,0 17.0055,-18.7853,0 17.0048,-18.786,0 17.0037,-18.7865,0 17.0033,-18.7868,0 17.0028,-18.7874,0 17.0022,-18.7876,0 17.0012,-18.788,0 17.0006,-18.7886,0 17.0002,-18.7893,0 16.9998,-18.7897,0 16.9993,-18.7899,0 16.9975,-18.79,0 16.9971,-18.7901,0 16.9968,-18.7905,0 16.9962,-18.7916,0 16.9958,-18.7927,0 16.9951,-18.7934,0 16.9946,-18.794,0 16.9939,-18.7949,0 16.9928,-18.7957,0 16.9921,-18.7964,0 16.9915,-18.7972,0 16.9898,-18.7989,0 16.9885,-18.7995,0 16.9872,-18.7998,0 16.9846,-18.8003,0 16.9827,-18.8006,0 16.9799,-18.8017,0 16.9792,-18.8018,0 16.9777,-18.802,0 16.9776,-18.8021,0 16.9767,-18.8025,0 16.976,-18.8028,0 16.9758,-18.8029,0 16.9756,-18.8029,0 16.9753,-18.8028,0 16.9743,-18.8023,0 16.9734,-18.8019,0 16.9732,-18.8017,0 16.9719,-18.8013,0 16.9697,-18.8005,0 16.9692,-18.8004,0 16.9687,-18.8003,0 16.9672,-18.8004,0 16.9665,-18.8004,0 16.9659,-18.8005,0 16.9652,-18.8007,0 16.9636,-18.8011,0 16.9627,-18.8014,0 16.9623,-18.8015,0 16.962,-18.8015,0 16.9609,-18.8016,0 16.9595,-18.8017,0 16.9586,-18.8018,0 16.958,-18.802,0 16.9541,-18.8034,0 16.9507,-18.8044,0 16.9448,-18.8063,0 16.9444,-18.8064,0 16.9443,-18.8064,0 16.9442,-18.8065,0 16.9442,-18.8066,0 16.9441,-18.8067,0 16.944,-18.8068,0 16.9439,-18.807,0 16.9437,-18.8072,0 16.9436,-18.8075,0 16.9433,-18.8081,0 16.9431,-18.8085,0 16.943,-18.8086,0 16.943,-18.8087,0 16.9423,-18.8096,0 16.9417,-18.8103,0 16.9415,-18.8107,0 16.9407,-18.8112,0 16.9404,-18.8113,0 16.9398,-18.8116,0 16.9392,-18.8119,0 16.939,-18.812,0 16.9389,-18.812,0 16.9386,-18.8121,0 16.9384,-18.8121,0 16.9382,-18.8122,0 16.9372,-18.8123,0 16.9368,-18.8124,0 16.9362,-18.8126,0 16.9359,-18.8127,0 16.9357,-18.8128,0 16.9356,-18.8129,0 16.9353,-18.8131,0 16.9336,-18.8156,0 16.9308,-18.8195,0 16.9302,-18.8203,0 16.9301,-18.8204,0 16.9299,-18.8206,0 16.9286,-18.8218,0 16.9283,-18.8221,0 16.9275,-18.823,0 16.9274,-18.8232,0 16.9273,-18.8233,0 16.927,-18.8243,0 16.9268,-18.8246,0 16.9267,-18.8249,0 16.9262,-18.8254,0 16.9251,-18.8261,0 16.9234,-18.8274,0 16.9206,-18.8295,0 16.9191,-18.8305,0 16.9154,-18.8333,0 16.913,-18.835,0 16.911,-18.8364,0 16.9095,-18.8375,0 16.9077,-18.8388,0 16.9065,-18.8397,0 16.9054,-18.8406,0 16.9044,-18.8413,0 16.9045,-18.8414,0 16.9045,-18.8415,0 16.9046,-18.8416,0 16.9047,-18.8416,0 16.9048,-18.8416,0 16.9052,-18.8416,0 16.9057,-18.8417,0 16.9061,-18.8417,0 16.9069,-18.8419,0 16.9085,-18.8424,0 16.9104,-18.8429,0 16.9109,-18.843,0 16.9116,-18.843,0 16.912,-18.8431,0 16.9136,-18.8432,0 16.9144,-18.8432,0 16.9149,-18.8433,0 16.9153,-18.8434,0 16.9173,-18.8438,0 16.9185,-18.8441,0 16.9192,-18.8443,0 16.9195,-18.8444,0 16.9198,-18.8445,0 16.92,-18.8446,0 16.9203,-18.8448,0 16.9206,-18.8451,0 16.9209,-18.8454,0 16.9212,-18.8457,0 16.9212,-18.8457,0 16.9209,-18.8454,0 16.9206,-18.8451,0 16.9203,-18.8448,0 16.92,-18.8446,0 16.9198,-18.8445,0 16.9195,-18.8444,0 16.9192,-18.8443,0 16.9185,-18.8441,0 16.9173,-18.8438,0 16.9153,-18.8434,0 16.9149,-18.8433,0 16.9144,-18.8432,0 16.9136,-18.8432,0 16.912,-18.8431,0 16.9116,-18.843,0 16.9109,-18.843,0 16.9104,-18.8429,0 16.9085,-18.8424,0 16.9069,-18.8419,0 16.9061,-18.8417,0 16.9057,-18.8417,0 16.9052,-18.8416,0 16.9048,-18.8416,0 16.9047,-18.8416,0 16.9046,-18.8416,0 16.9045,-18.8415,0 16.9045,-18.8414,0 16.9044,-18.8413,0 16.9054,-18.8406,0 16.9065,-18.8397,0 16.9077,-18.8388,0 16.9095,-18.8375,0 16.911,-18.8364,0 16.913,-18.835,0 16.9154,-18.8333,0 16.9191,-18.8305,0 16.9206,-18.8295,0 16.9234,-18.8274,0 16.9251,-18.8261,0 16.9262,-18.8254,0 16.9267,-18.8249,0 16.9268,-18.8246,0 16.927,-18.8243,0 16.9273,-18.8233,0 16.9274,-18.8232,0 16.9275,-18.823,0 16.9283,-18.8221,0 16.9286,-18.8218,0 16.9299,-18.8206,0 16.9301,-18.8204,0 16.9302,-18.8203,0 16.9308,-18.8195,0 16.9336,-18.8156,0 16.9353,-18.8131,0 16.9356,-18.8129,0 16.9357,-18.8128,0 16.9359,-18.8127,0 16.9362,-18.8126,0 16.9368,-18.8124,0 16.9372,-18.8123,0 16.9382,-18.8122,0 16.9384,-18.8121,0 16.9386,-18.8121,0 16.9389,-18.812,0 16.939,-18.812,0 16.9392,-18.8119,0 16.9398,-18.8116,0 16.9404,-18.8113,0 16.9407,-18.8112,0 16.9415,-18.8107,0 16.9414,-18.8106,0 16.9413,-18.8103,0 16.941,-18.8099,0 16.941,-18.8099,0 16.9409,-18.8097,0 16.9407,-18.8094,0 16.9405,-18.8091,0 16.9404,-18.8089,0 16.9404,-18.8088,0 16.9404,-18.8087,0 16.9404,-18.8087,0 16.9404,-18.8087,0 16.9406,-18.8085,0 16.941,-18.8081,0 16.9411,-18.808,0 16.9412,-18.8079,0 16.9413,-18.8079,0 16.9414,-18.8079,0 16.9415,-18.8078,0 16.9416,-18.8078,0 16.9418,-18.8078,0 16.9419,-18.8077,0 16.942,-18.8077,0 16.9421,-18.8077,0 16.9422,-18.8076,0 16.9422,-18.8076,0 16.9423,-18.8075,0 16.9423,-18.8074,0 16.9423,-18.8073,0 16.9423,-18.8072,0 16.9422,-18.8071,0 16.9421,-18.8068,0 16.9421,-18.8067,0 16.942,-18.8066,0 16.942,-18.8066,0 16.9419,-18.8065,0 16.9419,-18.8065,0 16.9418,-18.8064,0 16.9416,-18.8063,0 16.9415,-18.8062,0 16.9415,-18.8062,0 16.9414,-18.8062,0 16.9414,-18.8061,0 16.9414,-18.8061,0 16.9414,-18.806,0 16.9413,-18.8059,0 16.9413,-18.8058,0 16.9411,-18.8058,0 16.9411,-18.8058,0 16.9411,-18.8058,0 16.941,-18.8058,0 16.941,-18.8057,0 16.941,-18.8057,0 16.9409,-18.8055,0 16.9409,-18.8054,0 16.9408,-18.8053,0 16.9408,-18.8052,0 16.9407,-18.8052,0 16.9406,-18.8051,0 16.9406,-18.805,0 16.9405,-18.8049,0 16.9404,-18.8048,0 16.9404,-18.8047,0 16.9404,-18.8046,0 16.9403,-18.8045,0 16.9403,-18.8044,0 16.9402,-18.8044,0 16.9402,-18.8044,0 16.9402,-18.8044,0 16.9401,-18.8044,0 16.94,-18.8044,0 16.9399,-18.8044,0 16.9397,-18.8043,0 16.9397,-18.8042,0 16.9396,-18.8042,0 16.9396,-18.8042,0 16.9396,-18.8042,0 16.9396,-18.8043,0 16.9395,-18.8043,0 16.9395,-18.8043,0 16.9395,-18.8044,0 16.9395,-18.8044,0 16.9395,-18.8044,0 16.9395,-18.8043,0 16.9395,-18.8043,0 16.9396,-18.8043,0 16.9396,-18.8042,0 16.9396,-18.8042,0 16.9396,-18.8042,0 16.9397,-18.8042,0 16.9397,-18.8043,0 16.9399,-18.8044,0 16.94,-18.8044,0 16.9401,-18.8044,0 16.9402,-18.8044,0 16.9402,-18.8044,0 16.9402,-18.8044,0 16.9403,-18.8044,0 16.9403,-18.8045,0 16.9404,-18.8046,0 16.9404,-18.8047,0 16.9404,-18.8048,0 16.9405,-18.8049,0 16.9406,-18.805,0 16.9406,-18.8051,0 16.9407,-18.8052,0 16.9408,-18.8052,0 16.9408,-18.8053,0 16.9409,-18.8054,0 16.9409,-18.8055,0 16.941,-18.8057,0 16.941,-18.8058,0 16.9411,-18.8058,0 16.9411,-18.8058,0 16.9411,-18.8058,0 16.9413,-18.8058,0 16.9413,-18.8059,0 16.9414,-18.806,0 16.9414,-18.8061,0 16.9414,-18.8061,0 16.9414,-18.8062,0 16.9415,-18.8062,0 16.9415,-18.8062,0 16.9416,-18.8063,0 16.9418,-18.8064,0 16.9419,-18.8065,0 16.9419,-18.8065,0 16.942,-18.8066,0 16.942,-18.8066,0 16.9421,-18.8067,0 16.9421,-18.8068,0 16.9422,-18.8071,0 16.9423,-18.8072,0 16.9423,-18.8073,0 16.9423,-18.8074,0 16.9423,-18.8075,0 16.9422,-18.8076,0 16.9422,-18.8076,0 16.9421,-18.8077,0 16.942,-18.8077,0 16.9419,-18.8077,0 16.9418,-18.8078,0 16.9416,-18.8078,0 16.9415,-18.8078,0 16.9414,-18.8079,0 16.9413,-18.8079,0 16.9412,-18.8079,0 16.9411,-18.808,0 16.941,-18.8081,0 16.9406,-18.8085,0 16.9404,-18.8087,0 16.9404,-18.8087,0 16.9404,-18.8087,0 16.9404,-18.8088,0 16.9404,-18.8089,0 16.9405,-18.8091,0 16.9407,-18.8094,0 16.9409,-18.8097,0 16.941,-18.8099,0 16.941,-18.8099,0 16.9413,-18.8103,0 16.9414,-18.8106,0 16.9415,-18.8107,0 16.9434,-18.8141,0 16.9455,-18.8176,0 16.9458,-18.8182,0 16.9459,-18.8184,0 16.9461,-18.8185,0 16.9463,-18.8187,0 16.9465,-18.8188,0 16.9467,-18.8188,0 16.9469,-18.8189,0 16.9471,-18.8189,0 16.9474,-18.8188,0 16.9491,-18.8185,0 16.9494,-18.8185,0 16.9519,-18.8181,0 16.9545,-18.8177,0 16.9681,-18.8155,0 16.9849,-18.8128,0 17.0043,-18.8097,0 17.0195,-18.8072,0 17.0412,-18.8037,0 17.0418,-18.8036,0 17.0426,-18.8035,0 17.0427,-18.8035,0 17.0428,-18.8035,0 17.0429,-18.8034,0 17.043,-18.8034,0 17.0433,-18.8034,0 17.0433,-18.8034,0 17.0436,-18.8034,0 17.0437,-18.8034,0 17.0438,-18.8034,0 17.0443,-18.8034,0 17.0454,-18.8034,0 17.0454,-18.803,0 17.0454,-18.803,0 17.0455,-18.8029,0 17.0457,-18.8025,0 17.0458,-18.8022,0 17.0458,-18.8019,0 17.0457,-18.8017,0 17.0457,-18.8015,0 17.0459,-18.8015,0 17.046,-18.8014,0 17.0461,-18.8012,0 17.0462,-18.8008,0 17.0462,-18.8007,0 17.0458,-18.8004,0 17.0456,-18.8003,0 17.0451,-18.7993,0 17.0451,-18.7992,0 17.0451,-18.799,0 17.0452,-18.7989,0 17.047,-18.7989,0 17.0479,-18.7984,0 17.0505,-18.795,0 17.0577,-18.785,0 17.0595,-18.7826,0 17.0599,-18.782,0 17.0594,-18.7817,0 17.0593,-18.7817,0</coordinates></LineString>
    </Placemark>
    <Placemark>
      <name>D13 · Etosha → Windhoek</name>
      <description>13 nov · 539 km</description>
      <styleUrl>#vuelta</styleUrl>
      <LineString><tessellate>1</tessellate><coordinates>17.0593,-18.7817,0 17.0594,-18.7817,0 17.0599,-18.782,0 17.0595,-18.7826,0 17.0577,-18.785,0 17.0505,-18.795,0 17.0479,-18.7984,0 17.047,-18.7989,0 17.0452,-18.7989,0 17.0451,-18.799,0 17.0451,-18.7992,0 17.0451,-18.7993,0 17.0456,-18.8003,0 17.0458,-18.8004,0 17.0462,-18.8007,0 17.0462,-18.8008,0 17.0461,-18.8012,0 17.046,-18.8014,0 17.0459,-18.8015,0 17.0457,-18.8015,0 17.0457,-18.8017,0 17.0458,-18.8019,0 17.0458,-18.8022,0 17.0457,-18.8025,0 17.0455,-18.8029,0 17.0454,-18.803,0 17.0454,-18.803,0 17.0454,-18.8034,0 17.0443,-18.8034,0 17.0438,-18.8034,0 17.0437,-18.8034,0 17.0437,-18.8034,0 17.0433,-18.8034,0 17.043,-18.8035,0 17.0429,-18.8035,0 17.0428,-18.8035,0 17.0429,-18.8034,0 17.043,-18.8034,0 17.0433,-18.8034,0 17.0433,-18.8034,0 17.0436,-18.8034,0 17.0437,-18.8034,0 17.0438,-18.8034,0 17.0443,-18.8034,0 17.0454,-18.8034,0 17.0461,-18.8034,0 17.0518,-18.8036,0 17.0681,-18.804,0 17.0707,-18.8041,0 17.0721,-18.8041,0 17.0885,-18.8046,0 17.1176,-18.8053,0 17.1284,-18.8056,0 17.1389,-18.8059,0 17.1404,-18.8059,0 17.1409,-18.8059,0 17.1412,-18.8059,0 17.1415,-18.8059,0 17.1419,-18.8058,0 17.1423,-18.8057,0 17.1428,-18.8056,0 17.1747,-18.7959,0 17.2097,-18.7852,0 17.214,-18.7839,0 17.218,-18.7827,0 17.2188,-18.7825,0 17.2195,-18.7823,0 17.2236,-18.7809,0 17.2547,-18.7707,0 17.2552,-18.7706,0 17.2597,-18.7691,0 17.2607,-18.7688,0 17.2612,-18.7686,0 17.2613,-18.7686,0 17.2614,-18.7685,0 17.2615,-18.7685,0 17.2616,-18.7684,0 17.2616,-18.7684,0 17.2617,-18.7684,0 17.2617,-18.7685,0 17.2618,-18.7686,0 17.2634,-18.7706,0 17.2636,-18.7709,0 17.2641,-18.7715,0 17.265,-18.7726,0 17.2656,-18.7734,0 17.2703,-18.7794,0 17.2711,-18.7805,0 17.274,-18.7842,0 17.2745,-18.7848,0 17.275,-18.7855,0 17.2752,-18.7857,0 17.2759,-18.787,0 17.2762,-18.7874,0 17.2802,-18.7941,0 17.2822,-18.7973,0 17.2846,-18.8013,0 17.285,-18.8019,0 17.2854,-18.8026,0 17.2877,-18.8065,0 17.293,-18.8151,0 17.2956,-18.8194,0 17.2982,-18.8238,0 17.2986,-18.8244,0 17.299,-18.825,0 17.3058,-18.8363,0 17.3127,-18.8476,0 17.313,-18.8481,0 17.3135,-18.8489,0 17.3143,-18.8503,0 17.3145,-18.8506,0 17.3147,-18.851,0 17.3151,-18.8516,0 17.3156,-18.8523,0 17.3158,-18.8526,0 17.3161,-18.8529,0 17.3184,-18.8559,0 17.319,-18.8567,0 17.3332,-18.875,0 17.336,-18.8785,0 17.3394,-18.883,0 17.3399,-18.8836,0 17.3409,-18.8849,0 17.35,-18.8966,0 17.3514,-18.8984,0 17.3529,-18.9003,0 17.3543,-18.9022,0 17.3551,-18.9032,0 17.3558,-18.9041,0 17.3579,-18.9068,0 17.359,-18.9082,0 17.3596,-18.909,0 17.3601,-18.9097,0 17.3627,-18.913,0 17.364,-18.9147,0 17.3654,-18.9164,0 17.3656,-18.9167,0 17.3659,-18.9171,0 17.3666,-18.918,0 17.3672,-18.9187,0 17.3677,-18.9194,0 17.3681,-18.9199,0 17.3684,-18.9203,0 17.3693,-18.9214,0 17.3702,-18.9225,0 17.373,-18.9259,0 17.3744,-18.9276,0 17.3759,-18.9294,0 17.3764,-18.9299,0 17.3779,-18.9318,0 17.3786,-18.9327,0 17.3794,-18.9336,0 17.3828,-18.9378,0 17.3831,-18.9381,0 17.3846,-18.9399,0 17.3863,-18.942,0 17.3877,-18.9437,0 17.3891,-18.9454,0 17.3919,-18.9488,0 17.392,-18.9489,0 17.3922,-18.9492,0 17.3949,-18.9524,0 17.3956,-18.9533,0 17.3964,-18.9542,0 17.4019,-18.9609,0 17.4023,-18.9615,0 17.4025,-18.9616,0 17.4027,-18.9619,0 17.4028,-18.962,0 17.4029,-18.9622,0 17.403,-18.9623,0 17.4033,-18.9626,0 17.4034,-18.9627,0 17.4035,-18.9628,0 17.4037,-18.9631,0 17.4039,-18.9634,0 17.4042,-18.9637,0 17.4045,-18.964,0 17.4045,-18.9641,0 17.4045,-18.9641,0 17.4045,-18.9641,0 17.4046,-18.9641,0 17.4046,-18.9641,0 17.4046,-18.9641,0 17.4046,-18.9641,0 17.4046,-18.9641,0 17.4048,-18.9643,0 17.4051,-18.9647,0 17.4054,-18.9651,0 17.4056,-18.9653,0 17.4058,-18.9655,0 17.4058,-18.9656,0 17.406,-18.9658,0 17.4063,-18.9661,0 17.4066,-18.9666,0 17.407,-18.967,0 17.4071,-18.9672,0 17.4074,-18.9675,0 17.4075,-18.9677,0 17.4077,-18.9679,0 17.4078,-18.968,0 17.4083,-18.9687,0 17.4086,-18.969,0 17.4087,-18.9691,0 17.409,-18.9695,0 17.4093,-18.9698,0 17.4095,-18.9701,0 17.4101,-18.9708,0 17.4104,-18.9711,0 17.4109,-18.9718,0 17.4113,-18.9723,0 17.4116,-18.9726,0 17.412,-18.9731,0 17.4123,-18.9735,0 17.4125,-18.9737,0 17.4126,-18.9739,0 17.4129,-18.9741,0 17.4133,-18.9747,0 17.4139,-18.9753,0 17.4141,-18.9756,0 17.415,-18.9765,0 17.4158,-18.9774,0 17.4161,-18.9777,0 17.4164,-18.978,0 17.4169,-18.9785,0 17.4176,-18.9792,0 17.4181,-18.9798,0 17.4201,-18.9819,0 17.4221,-18.984,0 17.4251,-18.9872,0 17.4263,-18.9885,0 17.427,-18.9892,0 17.4273,-18.9894,0 17.4289,-18.9911,0 17.4334,-18.9959,0 17.4415,-19.0045,0 17.4437,-19.0068,0 17.4439,-19.0069,0 17.4444,-19.0075,0 17.45,-19.0134,0 17.4527,-19.0163,0 17.453,-19.0166,0 17.454,-19.0177,0 17.4563,-19.0202,0 17.4577,-19.0218,0 17.4581,-19.0223,0 17.4656,-19.0308,0 17.4769,-19.0435,0 17.4794,-19.0464,0 17.48,-19.047,0 17.4805,-19.0475,0 17.4812,-19.0482,0 17.4858,-19.0524,0 17.4933,-19.0593,0 17.4962,-19.062,0 17.5046,-19.0698,0 17.5058,-19.0709,0 17.5062,-19.0714,0 17.5064,-19.0716,0 17.5066,-19.0718,0 17.5072,-19.0727,0 17.5098,-19.0764,0 17.5124,-19.0803,0 17.5137,-19.0822,0 17.515,-19.084,0 17.5151,-19.0842,0 17.5153,-19.0847,0 17.5155,-19.0849,0 17.5157,-19.0856,0 17.5161,-19.0871,0 17.5222,-19.1092,0 17.5282,-19.1312,0 17.5284,-19.1323,0 17.5286,-19.1329,0 17.5292,-19.135,0 17.5294,-19.1356,0 17.5299,-19.137,0 17.5332,-19.1455,0 17.5337,-19.1469,0 17.5341,-19.1479,0 17.5344,-19.1485,0 17.5345,-19.149,0 17.5352,-19.1506,0 17.5372,-19.1561,0 17.5379,-19.158,0 17.5391,-19.161,0 17.5393,-19.1615,0 17.5394,-19.1618,0 17.5395,-19.1622,0 17.5396,-19.1627,0 17.5397,-19.1631,0 17.5399,-19.1637,0 17.5401,-19.1646,0 17.5402,-19.1651,0 17.5406,-19.1667,0 17.5409,-19.1679,0 17.5409,-19.168,0 17.541,-19.1683,0 17.5411,-19.1689,0 17.5413,-19.1695,0 17.5414,-19.17,0 17.5418,-19.1715,0 17.5419,-19.1719,0 17.5419,-19.1722,0 17.5421,-19.173,0 17.5423,-19.1737,0 17.5425,-19.1743,0 17.5426,-19.1747,0 17.5429,-19.1758,0 17.5438,-19.1781,0 17.5451,-19.1814,0 17.5486,-19.1907,0 17.5489,-19.1915,0 17.549,-19.1918,0 17.5493,-19.1925,0 17.5498,-19.1931,0 17.5502,-19.1935,0 17.5504,-19.1937,0 17.5506,-19.1938,0 17.551,-19.1942,0 17.5515,-19.1944,0 17.552,-19.1947,0 17.5526,-19.1949,0 17.5559,-19.196,0 17.5568,-19.1963,0 17.5572,-19.1965,0 17.5579,-19.1968,0 17.5681,-19.2018,0 17.5707,-19.2031,0 17.5713,-19.2034,0 17.5719,-19.2036,0 17.5728,-19.2039,0 17.5737,-19.2042,0 17.5781,-19.2058,0 17.5798,-19.2064,0 17.5801,-19.2065,0 17.5805,-19.2066,0 17.5809,-19.2066,0 17.5813,-19.2067,0 17.5829,-19.2069,0 17.5839,-19.207,0 17.5944,-19.2079,0 17.6101,-19.2092,0 17.6155,-19.2097,0 17.616,-19.2098,0 17.6164,-19.2098,0 17.6172,-19.21,0 17.6176,-19.2101,0 17.6186,-19.2104,0 17.622,-19.2113,0 17.6247,-19.2121,0 17.6273,-19.2128,0 17.6307,-19.2138,0 17.6334,-19.2145,0 17.634,-19.2147,0 17.6353,-19.2152,0 17.6358,-19.2154,0 17.6373,-19.2159,0 17.6389,-19.2165,0 17.6398,-19.2168,0 17.6419,-19.2176,0 17.6453,-19.2189,0 17.6458,-19.219,0 17.6488,-19.2202,0 17.6534,-19.2218,0 17.6542,-19.2221,0 17.6547,-19.2223,0 17.6551,-19.2225,0 17.6553,-19.2226,0 17.6555,-19.2228,0 17.6559,-19.2231,0 17.6562,-19.2234,0 17.6565,-19.2236,0 17.6567,-19.2239,0 17.6571,-19.2243,0 17.6575,-19.2249,0 17.6591,-19.2271,0 17.6592,-19.2272,0 17.6594,-19.2275,0 17.661,-19.2296,0 17.6626,-19.2318,0 17.6628,-19.2321,0 17.6631,-19.2324,0 17.6634,-19.2326,0 17.6637,-19.2329,0 17.6642,-19.2334,0 17.6674,-19.236,0 17.6706,-19.2385,0 17.6729,-19.2404,0 17.673,-19.2405,0 17.6761,-19.243,0 17.6767,-19.2435,0 17.6771,-19.2439,0 17.6774,-19.2443,0 17.6777,-19.2446,0 17.6782,-19.2453,0 17.6803,-19.2484,0 17.6853,-19.2557,0 17.686,-19.2568,0 17.6862,-19.2571,0 17.6866,-19.2576,0 17.6869,-19.2581,0 17.6873,-19.2585,0 17.688,-19.2592,0 17.6883,-19.2594,0 17.6887,-19.2597,0 17.6894,-19.2602,0 17.6898,-19.2605,0 17.6906,-19.261,0 17.6916,-19.2614,0 17.6926,-19.2618,0 17.6965,-19.2635,0 17.7002,-19.2651,0 17.7008,-19.2653,0 17.7016,-19.2657,0 17.7019,-19.2658,0 17.7019,-19.2658,0 17.702,-19.2658,0 17.702,-19.2659,0 17.7026,-19.2661,0 17.7037,-19.2665,0 17.705,-19.2643,0 17.7063,-19.262,0 17.7064,-19.2619,0 17.7074,-19.26,0 17.7085,-19.2582,0 17.7106,-19.2544,0 17.7107,-19.2542,0 17.7108,-19.2541,0 17.7111,-19.2536,0 17.7116,-19.2525,0 17.7116,-19.2524,0 17.7117,-19.2523,0 17.7117,-19.2522,0 17.7117,-19.2521,0 17.7117,-19.2521,0 17.7118,-19.2521,0 17.7118,-19.252,0 17.7119,-19.252,0 17.712,-19.2519,0 17.7121,-19.2519,0 17.7122,-19.2518,0 17.7123,-19.2516,0 17.7127,-19.2512,0 17.7131,-19.2506,0 17.7131,-19.2505,0 17.7137,-19.2495,0 17.7143,-19.2485,0 17.7151,-19.247,0 17.7153,-19.2466,0 17.7156,-19.2461,0 17.7163,-19.2464,0 17.7162,-19.2467,0 17.7161,-19.2468,0 17.7163,-19.2464,0 17.7156,-19.2461,0 17.7153,-19.2466,0 17.7151,-19.247,0 17.7143,-19.2485,0 17.7137,-19.2495,0 17.7131,-19.2505,0 17.7131,-19.2506,0 17.7127,-19.2512,0 17.7123,-19.2519,0 17.7118,-19.2527,0 17.7087,-19.2582,0 17.7066,-19.262,0 17.7039,-19.2666,0 17.7039,-19.2667,0 17.7034,-19.2675,0 17.703,-19.2683,0 17.7029,-19.2684,0 17.7024,-19.2694,0 17.7021,-19.2699,0 17.7019,-19.2704,0 17.7018,-19.2708,0 17.7016,-19.2712,0 17.7014,-19.2722,0 17.7013,-19.2727,0 17.7013,-19.2728,0 17.7012,-19.2729,0 17.7012,-19.2733,0 17.7011,-19.2744,0 17.7009,-19.2765,0 17.7005,-19.2808,0 17.7005,-19.2813,0 17.7004,-19.2817,0 17.7003,-19.2822,0 17.7001,-19.2827,0 17.6999,-19.283,0 17.6997,-19.2833,0 17.6996,-19.2836,0 17.6993,-19.284,0 17.699,-19.2843,0 17.6987,-19.2847,0 17.6983,-19.285,0 17.6979,-19.2852,0 17.6975,-19.2855,0 17.6971,-19.2857,0 17.6966,-19.2858,0 17.6961,-19.286,0 17.6955,-19.2861,0 17.695,-19.2862,0 17.6944,-19.2862,0 17.6938,-19.2861,0 17.6913,-19.286,0 17.6877,-19.2858,0 17.6861,-19.2857,0 17.6855,-19.2857,0 17.6849,-19.2857,0 17.6843,-19.2858,0 17.684,-19.2859,0 17.6837,-19.286,0 17.6831,-19.2863,0 17.6824,-19.2866,0 17.6821,-19.2869,0 17.6817,-19.2872,0 17.6814,-19.2874,0 17.6811,-19.2878,0 17.6808,-19.2882,0 17.6806,-19.2885,0 17.6804,-19.2889,0 17.6803,-19.2891,0 17.6802,-19.2895,0 17.68,-19.2899,0 17.6798,-19.2911,0 17.6796,-19.2919,0 17.6795,-19.2923,0 17.6793,-19.2927,0 17.6791,-19.2931,0 17.6789,-19.2935,0 17.6784,-19.2942,0 17.6773,-19.2955,0 17.6752,-19.298,0 17.6749,-19.2984,0 17.6747,-19.2987,0 17.6744,-19.2991,0 17.6742,-19.2996,0 17.674,-19.3,0 17.674,-19.3002,0 17.6738,-19.3007,0 17.6738,-19.3011,0 17.6738,-19.3014,0 17.6737,-19.3031,0 17.6735,-19.3111,0 17.6735,-19.3144,0 17.6733,-19.3215,0 17.6733,-19.322,0 17.6732,-19.3224,0 17.6731,-19.3227,0 17.673,-19.3231,0 17.6728,-19.3236,0 17.6725,-19.3241,0 17.6723,-19.3244,0 17.6719,-19.3248,0 17.6715,-19.3252,0 17.6701,-19.3262,0 17.6688,-19.3272,0 17.6676,-19.3279,0 17.6669,-19.3285,0 17.6664,-19.3289,0 17.666,-19.3292,0 17.6659,-19.3293,0 17.6656,-19.3295,0 17.6653,-19.3298,0 17.6651,-19.3301,0 17.6649,-19.3303,0 17.6646,-19.3306,0 17.6638,-19.3317,0 17.6634,-19.3322,0 17.663,-19.3328,0 17.6626,-19.3331,0 17.6624,-19.3334,0 17.662,-19.3336,0 17.6616,-19.3339,0 17.661,-19.3343,0 17.6583,-19.3359,0 17.6571,-19.3366,0 17.6543,-19.3382,0 17.6533,-19.3388,0 17.6529,-19.339,0 17.6526,-19.3391,0 17.6523,-19.3393,0 17.6515,-19.3396,0 17.6503,-19.34,0 17.6497,-19.3402,0 17.6494,-19.3403,0 17.6491,-19.3405,0 17.6489,-19.3406,0 17.6487,-19.3408,0 17.6486,-19.341,0 17.6485,-19.3412,0 17.6484,-19.3414,0 17.6484,-19.3415,0 17.6483,-19.3418,0 17.6483,-19.342,0 17.6482,-19.3422,0 17.6481,-19.3424,0 17.648,-19.3425,0 17.6478,-19.3426,0 17.6477,-19.3427,0 17.6476,-19.3428,0 17.6473,-19.3429,0 17.647,-19.3429,0 17.6468,-19.343,0 17.6466,-19.3431,0 17.6464,-19.3432,0 17.6463,-19.3434,0 17.6462,-19.3435,0 17.6461,-19.3437,0 17.646,-19.3439,0 17.6459,-19.344,0 17.6459,-19.3442,0 17.6459,-19.3443,0 17.6459,-19.3444,0 17.6459,-19.3446,0 17.646,-19.3447,0 17.6461,-19.345,0 17.6464,-19.3455,0 17.647,-19.3467,0 17.6479,-19.3484,0 17.6483,-19.3494,0 17.6486,-19.3498,0 17.6487,-19.3503,0 17.6488,-19.3506,0 17.6489,-19.351,0 17.649,-19.3514,0 17.649,-19.3518,0 17.649,-19.3522,0 17.649,-19.3527,0 17.6489,-19.353,0 17.6489,-19.3533,0 17.6487,-19.3537,0 17.6486,-19.354,0 17.6485,-19.3543,0 17.6484,-19.3546,0 17.6481,-19.355,0 17.6477,-19.3556,0 17.6467,-19.3568,0 17.6391,-19.3667,0 17.6386,-19.3673,0 17.6383,-19.3677,0 17.638,-19.3682,0 17.6378,-19.3685,0 17.6375,-19.3689,0 17.6374,-19.3692,0 17.6372,-19.3695,0 17.6371,-19.3699,0 17.6369,-19.3704,0 17.6367,-19.3708,0 17.6343,-19.3798,0 17.6335,-19.3827,0 17.632,-19.388,0 17.6306,-19.3932,0 17.6301,-19.3949,0 17.6299,-19.3955,0 17.6296,-19.3963,0 17.6292,-19.397,0 17.6288,-19.3977,0 17.6284,-19.3984,0 17.6189,-19.4115,0 17.6179,-19.4129,0 17.6083,-19.4262,0 17.598,-19.4405,0 17.5977,-19.4409,0 17.5975,-19.4412,0 17.5972,-19.4415,0 17.597,-19.4416,0 17.597,-19.4416,0 17.5968,-19.4418,0 17.5964,-19.4421,0 17.5959,-19.4423,0 17.5955,-19.4425,0 17.5933,-19.4433,0 17.5929,-19.4434,0 17.5924,-19.4437,0 17.5923,-19.4437,0 17.5921,-19.4438,0 17.592,-19.444,0 17.5918,-19.4441,0 17.5915,-19.4444,0 17.5913,-19.4446,0 17.5911,-19.4448,0 17.591,-19.4451,0 17.5908,-19.4453,0 17.5906,-19.4458,0 17.5905,-19.4461,0 17.5904,-19.4464,0 17.5904,-19.4468,0 17.5904,-19.4472,0 17.5903,-19.4487,0 17.5903,-19.4494,0 17.5902,-19.4498,0 17.5902,-19.4501,0 17.5901,-19.4504,0 17.59,-19.4507,0 17.5898,-19.4513,0 17.5897,-19.4516,0 17.5895,-19.4519,0 17.5894,-19.4523,0 17.5892,-19.4525,0 17.5891,-19.4526,0 17.5885,-19.4535,0 17.5861,-19.4568,0 17.579,-19.4669,0 17.5762,-19.4707,0 17.5704,-19.4788,0 17.5698,-19.4797,0 17.5668,-19.4839,0 17.5656,-19.4855,0 17.5651,-19.4862,0 17.5648,-19.4866,0 17.5645,-19.4868,0 17.5642,-19.487,0 17.5639,-19.4873,0 17.5634,-19.4875,0 17.563,-19.4877,0 17.5626,-19.4878,0 17.5619,-19.488,0 17.5615,-19.4881,0 17.561,-19.4883,0 17.5607,-19.4885,0 17.5602,-19.4888,0 17.5599,-19.4889,0 17.5596,-19.4892,0 17.5594,-19.4894,0 17.5592,-19.4896,0 17.5589,-19.4899,0 17.5587,-19.4902,0 17.5581,-19.491,0 17.5573,-19.4921,0 17.5569,-19.4927,0 17.5567,-19.4931,0 17.5564,-19.4936,0 17.5562,-19.4939,0 17.556,-19.4942,0 17.5558,-19.4947,0 17.5557,-19.4951,0 17.5555,-19.4955,0 17.5554,-19.496,0 17.5553,-19.4963,0 17.5552,-19.4967,0 17.5551,-19.4972,0 17.555,-19.4978,0 17.555,-19.4982,0 17.5549,-19.4985,0 17.5549,-19.4988,0 17.555,-19.5,0 17.5552,-19.5094,0 17.5553,-19.5124,0 17.5554,-19.5152,0 17.5554,-19.5172,0 17.5554,-19.5186,0 17.5553,-19.5189,0 17.5552,-19.5195,0 17.5551,-19.5201,0 17.555,-19.5205,0 17.5548,-19.5212,0 17.5546,-19.5216,0 17.5543,-19.5223,0 17.5539,-19.5231,0 17.5526,-19.5257,0 17.5516,-19.5277,0 17.5507,-19.5295,0 17.5502,-19.5306,0 17.5468,-19.5374,0 17.5465,-19.5379,0 17.5459,-19.5391,0 17.5453,-19.5403,0 17.5452,-19.5406,0 17.5448,-19.5412,0 17.5446,-19.5414,0 17.5443,-19.5417,0 17.544,-19.542,0 17.5437,-19.5423,0 17.5434,-19.5425,0 17.5429,-19.5428,0 17.5416,-19.5436,0 17.5401,-19.5445,0 17.5394,-19.545,0 17.5359,-19.5471,0 17.5306,-19.5503,0 17.5288,-19.5514,0 17.5275,-19.5522,0 17.5266,-19.5527,0 17.5261,-19.553,0 17.5257,-19.5533,0 17.5252,-19.5535,0 17.5247,-19.5537,0 17.5226,-19.5543,0 17.5172,-19.5559,0 17.5165,-19.5561,0 17.516,-19.5562,0 17.5157,-19.5564,0 17.5153,-19.5566,0 17.5147,-19.5568,0 17.508,-19.5602,0 17.5059,-19.5612,0 17.5042,-19.5621,0 17.5019,-19.5632,0 17.5013,-19.5635,0 17.5008,-19.5638,0 17.5004,-19.564,0 17.5,-19.5643,0 17.495,-19.5674,0 17.4929,-19.5688,0 17.4906,-19.5702,0 17.4904,-19.5704,0 17.4903,-19.5705,0 17.4901,-19.5707,0 17.4899,-19.571,0 17.4896,-19.5713,0 17.4893,-19.5718,0 17.4868,-19.5758,0 17.4852,-19.5783,0 17.4847,-19.5791,0 17.4844,-19.5795,0 17.484,-19.5799,0 17.4835,-19.5803,0 17.4824,-19.581,0 17.4751,-19.5861,0 17.4713,-19.5887,0 17.4708,-19.5891,0 17.4704,-19.5893,0 17.4701,-19.5895,0 17.4697,-19.5896,0 17.4694,-19.5897,0 17.4518,-19.5952,0 17.4432,-19.5978,0 17.4349,-19.6004,0 17.4329,-19.601,0 17.4328,-19.6011,0 17.4326,-19.6011,0 17.4319,-19.6014,0 17.4309,-19.6018,0 17.4182,-19.6071,0 17.4165,-19.6078,0 17.4147,-19.6085,0 17.4089,-19.611,0 17.4072,-19.6116,0 17.4025,-19.6136,0 17.4007,-19.6143,0 17.3998,-19.6147,0 17.3989,-19.6151,0 17.3954,-19.6165,0 17.3947,-19.6168,0 17.3939,-19.6171,0 17.3926,-19.6177,0 17.3891,-19.6192,0 17.3767,-19.6242,0 17.3759,-19.6246,0 17.3736,-19.6255,0 17.3665,-19.6285,0 17.3651,-19.6291,0 17.3632,-19.6298,0 17.358,-19.632,0 17.3567,-19.6325,0 17.356,-19.6329,0 17.3556,-19.6331,0 17.3552,-19.6333,0 17.355,-19.6335,0 17.3548,-19.6337,0 17.3546,-19.6339,0 17.3545,-19.6341,0 17.3543,-19.6343,0 17.3541,-19.6347,0 17.3524,-19.6373,0 17.3521,-19.6378,0 17.3514,-19.6392,0 17.351,-19.6398,0 17.3506,-19.6404,0 17.3505,-19.6406,0 17.3497,-19.6418,0 17.3493,-19.6425,0 17.3488,-19.6433,0 17.3488,-19.6434,0 17.3486,-19.6437,0 17.3485,-19.6438,0 17.3484,-19.644,0 17.3483,-19.6442,0 17.3479,-19.6448,0 17.3474,-19.6457,0 17.3471,-19.6462,0 17.3468,-19.6465,0 17.3464,-19.6473,0 17.3444,-19.6506,0 17.3438,-19.6515,0 17.3436,-19.6518,0 17.3427,-19.6533,0 17.3426,-19.6535,0 17.3424,-19.6538,0 17.3418,-19.6547,0 17.3412,-19.6554,0 17.341,-19.6556,0 17.3406,-19.656,0 17.3398,-19.6567,0 17.3392,-19.6571,0 17.3356,-19.66,0 17.3351,-19.6605,0 17.3284,-19.666,0 17.324,-19.6696,0 17.3235,-19.67,0 17.3195,-19.6733,0 17.318,-19.6745,0 17.3168,-19.6755,0 17.3165,-19.6758,0 17.3162,-19.6761,0 17.316,-19.6762,0 17.3154,-19.6769,0 17.3141,-19.6785,0 17.308,-19.6859,0 17.3038,-19.6909,0 17.2984,-19.6975,0 17.2976,-19.6984,0 17.2962,-19.7002,0 17.2892,-19.7087,0 17.2874,-19.7108,0 17.2861,-19.7124,0 17.2858,-19.7127,0 17.2855,-19.7131,0 17.2847,-19.7137,0 17.2837,-19.7146,0 17.2824,-19.7157,0 17.2816,-19.7163,0 17.2805,-19.7172,0 17.2799,-19.7177,0 17.2794,-19.7182,0 17.2785,-19.7193,0 17.2769,-19.7212,0 17.2732,-19.7256,0 17.2718,-19.7271,0 17.2702,-19.729,0 17.2685,-19.731,0 17.2666,-19.7333,0 17.2599,-19.7412,0 17.2592,-19.742,0 17.2575,-19.744,0 17.2568,-19.7448,0 17.2561,-19.7456,0 17.2557,-19.7462,0 17.2548,-19.7472,0 17.2542,-19.748,0 17.2519,-19.7506,0 17.2517,-19.7508,0 17.2515,-19.751,0 17.2511,-19.7515,0 17.2502,-19.7527,0 17.2493,-19.7537,0 17.2467,-19.7567,0 17.2446,-19.7592,0 17.2408,-19.7641,0 17.2386,-19.7669,0 17.2381,-19.7676,0 17.2368,-19.7693,0 17.2354,-19.771,0 17.2349,-19.7716,0 17.2341,-19.7727,0 17.2336,-19.7734,0 17.2326,-19.7746,0 17.232,-19.7754,0 17.2317,-19.7757,0 17.2314,-19.776,0 17.2311,-19.7762,0 17.2308,-19.7764,0 17.2305,-19.7766,0 17.2304,-19.7766,0 17.2304,-19.7767,0 17.23,-19.7769,0 17.2296,-19.777,0 17.2287,-19.7773,0 17.2283,-19.7774,0 17.2275,-19.7777,0 17.2272,-19.7778,0 17.2269,-19.7779,0 17.2265,-19.7781,0 17.2261,-19.7784,0 17.2258,-19.7786,0 17.2255,-19.7789,0 17.2252,-19.7792,0 17.2249,-19.7795,0 17.2246,-19.7799,0 17.2244,-19.7802,0 17.2242,-19.7806,0 17.224,-19.781,0 17.2239,-19.7815,0 17.2238,-19.7819,0 17.2236,-19.7827,0 17.2234,-19.7843,0 17.2233,-19.7847,0 17.2231,-19.7853,0 17.2229,-19.7858,0 17.2227,-19.7862,0 17.2225,-19.7867,0 17.2222,-19.7873,0 17.2186,-19.7936,0 17.2173,-19.7958,0 17.216,-19.7982,0 17.2155,-19.7991,0 17.2152,-19.7996,0 17.2149,-19.8,0 17.2148,-19.8002,0 17.2146,-19.8004,0 17.2145,-19.8006,0 17.2142,-19.8009,0 17.2132,-19.8022,0 17.2117,-19.804,0 17.2077,-19.8088,0 17.2029,-19.8146,0 17.1981,-19.8204,0 17.1957,-19.8233,0 17.1944,-19.8249,0 17.1828,-19.839,0 17.1822,-19.8397,0 17.1814,-19.8408,0 17.1807,-19.8416,0 17.1804,-19.8419,0 17.1799,-19.8424,0 17.1795,-19.8427,0 17.1789,-19.8431,0 17.1785,-19.8433,0 17.177,-19.8441,0 17.1686,-19.8484,0 17.1676,-19.8489,0 17.1671,-19.8492,0 17.1666,-19.8495,0 17.1662,-19.8498,0 17.1658,-19.8501,0 17.1654,-19.8505,0 17.1651,-19.8509,0 17.1647,-19.8512,0 17.1644,-19.8516,0 17.1642,-19.852,0 17.164,-19.8523,0 17.1631,-19.8538,0 17.162,-19.8555,0 17.1614,-19.8563,0 17.1607,-19.8574,0 17.1605,-19.8577,0 17.1602,-19.8582,0 17.1599,-19.8586,0 17.1596,-19.8588,0 17.1533,-19.8663,0 17.1533,-19.8664,0 17.1532,-19.8664,0 17.1532,-19.8665,0 17.1528,-19.867,0 17.1527,-19.8671,0 17.1523,-19.8675,0 17.152,-19.8679,0 17.1519,-19.868,0 17.1519,-19.868,0 17.1518,-19.868,0 17.1514,-19.8686,0 17.1508,-19.8693,0 17.1486,-19.8719,0 17.1467,-19.8742,0 17.1438,-19.8776,0 17.1301,-19.8938,0 17.1283,-19.8959,0 17.1185,-19.9074,0 17.1122,-19.9149,0 17.1118,-19.9154,0 17.1107,-19.9166,0 17.1098,-19.9177,0 17.1096,-19.918,0 17.1094,-19.9182,0 17.1092,-19.9185,0 17.109,-19.9188,0 17.1021,-19.9303,0 17.0954,-19.9415,0 17.0948,-19.9424,0 17.0943,-19.9433,0 17.0937,-19.9443,0 17.0922,-19.9464,0 17.092,-19.9467,0 17.0865,-19.9545,0 17.0852,-19.9565,0 17.0849,-19.9568,0 17.0842,-19.9578,0 17.0773,-19.9677,0 17.0765,-19.9689,0 17.0752,-19.9707,0 17.0692,-19.9793,0 17.0692,-19.9794,0 17.0692,-19.9795,0 17.0691,-19.9795,0 17.0685,-19.9805,0 17.0683,-19.9808,0 17.0677,-19.9815,0 17.0671,-19.9825,0 17.0671,-19.9825,0 17.067,-19.9825,0 17.067,-19.9826,0 17.0517,-20.0045,0 17.0494,-20.0078,0 17.0463,-20.0123,0 17.038,-20.0242,0 17.0325,-20.0321,0 17.031,-20.0342,0 17.0299,-20.0357,0 17.019,-20.0514,0 17.0175,-20.0536,0 17.0167,-20.0548,0 17.0165,-20.0549,0 17.0164,-20.0552,0 17.0162,-20.0554,0 17.0159,-20.0556,0 17.0157,-20.0559,0 17.0151,-20.0563,0 17.0145,-20.0568,0 17.0128,-20.0581,0 17.0117,-20.0589,0 17.0099,-20.0602,0 17.0056,-20.0634,0 17.005,-20.0638,0 17.0041,-20.0645,0 17.0022,-20.0659,0 17.0001,-20.0674,0 16.9624,-20.0953,0 16.9598,-20.0972,0 16.9594,-20.0975,0 16.9558,-20.1001,0 16.9523,-20.1027,0 16.9513,-20.1035,0 16.9479,-20.106,0 16.9465,-20.1071,0 16.9387,-20.1128,0 16.935,-20.1155,0 16.933,-20.117,0 16.9297,-20.1194,0 16.9268,-20.1216,0 16.9244,-20.1233,0 16.9228,-20.1245,0 16.9214,-20.1256,0 16.9197,-20.1268,0 16.9114,-20.133,0 16.9037,-20.1387,0 16.9018,-20.14,0 16.8917,-20.1475,0 16.8904,-20.1485,0 16.8875,-20.1507,0 16.8869,-20.1511,0 16.8839,-20.1533,0 16.8832,-20.1539,0 16.8824,-20.1544,0 16.882,-20.1548,0 16.8815,-20.1552,0 16.8811,-20.1556,0 16.8808,-20.1559,0 16.8805,-20.1563,0 16.8802,-20.1568,0 16.8798,-20.1575,0 16.878,-20.1606,0 16.8777,-20.161,0 16.8774,-20.1616,0 16.8717,-20.1712,0 16.8678,-20.1778,0 16.8618,-20.1879,0 16.8598,-20.1913,0 16.8587,-20.1931,0 16.8449,-20.2166,0 16.8255,-20.2492,0 16.8225,-20.2544,0 16.8219,-20.2553,0 16.8215,-20.2561,0 16.812,-20.2721,0 16.8097,-20.2759,0 16.8089,-20.2773,0 16.8074,-20.2799,0 16.8022,-20.2886,0 16.8016,-20.2896,0 16.8006,-20.2912,0 16.7981,-20.2954,0 16.7977,-20.2962,0 16.7963,-20.2983,0 16.7946,-20.301,0 16.7933,-20.3029,0 16.7878,-20.3112,0 16.7832,-20.3184,0 16.7829,-20.3188,0 16.7825,-20.3195,0 16.782,-20.3201,0 16.7779,-20.3265,0 16.7772,-20.3275,0 16.7753,-20.3302,0 16.7722,-20.3344,0 16.7715,-20.3354,0 16.7629,-20.3473,0 16.7605,-20.3507,0 16.759,-20.3527,0 16.7576,-20.3546,0 16.7532,-20.3607,0 16.753,-20.3611,0 16.7526,-20.3614,0 16.7523,-20.3617,0 16.7509,-20.3629,0 16.7494,-20.3642,0 16.7472,-20.366,0 16.7462,-20.3668,0 16.7441,-20.3686,0 16.7431,-20.3694,0 16.7396,-20.3724,0 16.7389,-20.373,0 16.7378,-20.3739,0 16.7371,-20.3745,0 16.7362,-20.3753,0 16.7313,-20.3793,0 16.7286,-20.3816,0 16.7268,-20.3831,0 16.7206,-20.3882,0 16.7123,-20.3952,0 16.6952,-20.4095,0 16.6939,-20.4105,0 16.6878,-20.4156,0 16.6821,-20.4204,0 16.6796,-20.4225,0 16.6789,-20.4231,0 16.6728,-20.4282,0 16.6722,-20.4286,0 16.6714,-20.4293,0 16.6665,-20.4335,0 16.6659,-20.4339,0 16.6648,-20.4348,0 16.6648,-20.4348,0 16.6645,-20.4351,0 16.6622,-20.437,0 16.6616,-20.4375,0 16.6616,-20.4375,0 16.6615,-20.4376,0 16.6601,-20.4387,0 16.6592,-20.4395,0 16.6587,-20.4399,0 16.6582,-20.4405,0 16.6577,-20.4411,0 16.6573,-20.4417,0 16.6569,-20.4423,0 16.6567,-20.443,0 16.6565,-20.4434,0 16.6563,-20.4443,0 16.6553,-20.4475,0 16.6552,-20.4478,0 16.6545,-20.4501,0 16.6543,-20.4507,0 16.6542,-20.451,0 16.6539,-20.4522,0 16.6537,-20.4529,0 16.6536,-20.4531,0 16.6534,-20.4538,0 16.6534,-20.4539,0 16.6534,-20.454,0 16.6534,-20.4541,0 16.6534,-20.4542,0 16.6534,-20.4542,0 16.6534,-20.4542,0 16.6534,-20.4542,0 16.6534,-20.4543,0 16.6533,-20.4543,0 16.6533,-20.4543,0 16.6533,-20.4544,0 16.6532,-20.4545,0 16.6531,-20.4549,0 16.6528,-20.4557,0 16.6526,-20.4565,0 16.6523,-20.4573,0 16.6518,-20.4591,0 16.6515,-20.4601,0 16.6514,-20.4603,0 16.6514,-20.4604,0 16.6514,-20.4606,0 16.6513,-20.4609,0 16.6512,-20.461,0 16.6512,-20.461,0 16.6511,-20.4609,0 16.6512,-20.4609,0 16.6513,-20.4609,0 16.6512,-20.461,0 16.6511,-20.4614,0 16.651,-20.4619,0 16.6509,-20.4621,0 16.6508,-20.4625,0 16.6507,-20.4627,0 16.6507,-20.4628,0 16.6504,-20.4637,0 16.6502,-20.4645,0 16.6501,-20.4648,0 16.6501,-20.4649,0 16.65,-20.4651,0 16.65,-20.4654,0 16.65,-20.4659,0 16.65,-20.4668,0 16.65,-20.4673,0 16.65,-20.4683,0 16.65,-20.4689,0 16.65,-20.4692,0 16.65,-20.4694,0 16.65,-20.4696,0 16.6501,-20.4698,0 16.6502,-20.47,0 16.6503,-20.4701,0 16.6505,-20.4704,0 16.6508,-20.4709,0 16.6509,-20.4711,0 16.6512,-20.4717,0 16.6516,-20.4723,0 16.6525,-20.4739,0 16.6529,-20.4745,0 16.6533,-20.4752,0 16.6533,-20.4752,0 16.6534,-20.4752,0 16.6534,-20.4753,0 16.6534,-20.4753,0 16.6535,-20.4753,0 16.6535,-20.4754,0 16.6534,-20.4754,0 16.6535,-20.4756,0 16.6535,-20.4756,0 16.6536,-20.4758,0 16.6538,-20.4761,0 16.6538,-20.4761,0 16.6538,-20.4762,0 16.6538,-20.4762,0 16.6542,-20.4769,0 16.6546,-20.4776,0 16.6549,-20.4781,0 16.6554,-20.4788,0 16.6568,-20.4804,0 16.657,-20.4807,0 16.6573,-20.481,0 16.6597,-20.4836,0 16.6642,-20.4885,0 16.6666,-20.4912,0 16.6703,-20.4952,0 16.6711,-20.4962,0 16.6727,-20.498,0 16.6739,-20.4993,0 16.6763,-20.5019,0 16.6803,-20.5064,0 16.6805,-20.5066,0 16.6841,-20.5109,0 16.6841,-20.511,0 16.6854,-20.5125,0 16.6865,-20.5138,0 16.6894,-20.5173,0 16.6927,-20.5214,0 16.6935,-20.5223,0 16.6991,-20.529,0 16.7014,-20.5318,0 16.7077,-20.5394,0 16.7096,-20.5417,0 16.7183,-20.5522,0 16.7276,-20.5634,0 16.7403,-20.5786,0 16.7428,-20.5817,0 16.7439,-20.583,0 16.7462,-20.5857,0 16.7468,-20.5865,0 16.7471,-20.587,0 16.7475,-20.5876,0 16.7478,-20.5881,0 16.7484,-20.5893,0 16.7486,-20.5899,0 16.7488,-20.5906,0 16.7491,-20.5919,0 16.7499,-20.5949,0 16.7501,-20.5958,0 16.7516,-20.6016,0 16.7516,-20.6019,0 16.7525,-20.6055,0 16.7526,-20.6057,0 16.7542,-20.612,0 16.7584,-20.629,0 16.7592,-20.6323,0 16.7595,-20.6333,0 16.7631,-20.6476,0 16.7633,-20.6484,0 16.7635,-20.6491,0 16.7639,-20.6501,0 16.7643,-20.6511,0 16.7731,-20.6691,0 16.7761,-20.6753,0 16.7761,-20.6754,0 16.7793,-20.6819,0 16.7798,-20.6832,0 16.7812,-20.6859,0 16.7821,-20.6879,0 16.7827,-20.689,0 16.7828,-20.6894,0 16.783,-20.6899,0 16.7839,-20.6921,0 16.7858,-20.6969,0 16.7865,-20.6988,0 16.7886,-20.7039,0 16.792,-20.7125,0 16.7923,-20.7134,0 16.7924,-20.7135,0 16.7928,-20.7146,0 16.7941,-20.7179,0 16.7945,-20.7188,0 16.7947,-20.7194,0 16.7952,-20.7209,0 16.7964,-20.7252,0 16.7997,-20.7369,0 16.7999,-20.7376,0 16.8001,-20.7382,0 16.8006,-20.7395,0 16.8017,-20.7425,0 16.8034,-20.747,0 16.8069,-20.7561,0 16.8079,-20.7586,0 16.8082,-20.7596,0 16.8084,-20.76,0 16.8085,-20.7604,0 16.8086,-20.7607,0 16.8088,-20.7615,0 16.8089,-20.7624,0 16.809,-20.7629,0 16.809,-20.7633,0 16.8091,-20.7641,0 16.809,-20.765,0 16.809,-20.7658,0 16.8088,-20.767,0 16.8087,-20.7681,0 16.8085,-20.7704,0 16.8083,-20.7729,0 16.8082,-20.7737,0 16.8081,-20.7749,0 16.8081,-20.7751,0 16.8072,-20.7845,0 16.8065,-20.7912,0 16.8065,-20.7919,0 16.8051,-20.8063,0 16.8048,-20.8095,0 16.8047,-20.8106,0 16.8035,-20.8234,0 16.8019,-20.8397,0 16.8013,-20.8464,0 16.7999,-20.8616,0 16.7993,-20.8669,0 16.7993,-20.8678,0 16.7986,-20.8749,0 16.797,-20.8915,0 16.7969,-20.8924,0 16.7969,-20.8931,0 16.7968,-20.894,0 16.7968,-20.8948,0 16.7967,-20.8953,0 16.7968,-20.8959,0 16.7968,-20.898,0 16.7969,-20.8999,0 16.7972,-20.9127,0 16.7973,-20.9148,0 16.7973,-20.9162,0 16.7974,-20.9183,0 16.7977,-20.9299,0 16.7978,-20.9318,0 16.7982,-20.9466,0 16.7982,-20.9477,0 16.7982,-20.9482,0 16.7983,-20.9487,0 16.7984,-20.9497,0 16.7986,-20.9506,0 16.8002,-20.9575,0 16.8013,-20.9623,0 16.8014,-20.9632,0 16.8018,-20.9646,0 16.8024,-20.9674,0 16.8026,-20.9685,0 16.8029,-20.9699,0 16.8049,-20.9786,0 16.8061,-20.9841,0 16.8097,-20.9999,0 16.8107,-21.0043,0 16.8109,-21.0054,0 16.8122,-21.0109,0 16.8146,-21.0218,0 16.8162,-21.0289,0 16.8163,-21.0293,0 16.8164,-21.0296,0 16.8165,-21.0298,0 16.8168,-21.0306,0 16.8171,-21.0312,0 16.8174,-21.0317,0 16.8177,-21.0321,0 16.8182,-21.0327,0 16.8187,-21.0332,0 16.821,-21.0353,0 16.8356,-21.0486,0 16.8362,-21.0491,0 16.8365,-21.0495,0 16.8367,-21.0499,0 16.8373,-21.0508,0 16.8376,-21.0514,0 16.8378,-21.0521,0 16.8379,-21.0526,0 16.838,-21.053,0 16.8381,-21.0536,0 16.8381,-21.0541,0 16.838,-21.0549,0 16.8379,-21.0555,0 16.8378,-21.0566,0 16.8372,-21.06,0 16.8372,-21.0604,0 16.8368,-21.0625,0 16.8367,-21.0636,0 16.8365,-21.0649,0 16.8364,-21.0652,0 16.8358,-21.0692,0 16.8315,-21.0962,0 16.8302,-21.1043,0 16.8291,-21.1115,0 16.8288,-21.1134,0 16.8287,-21.1138,0 16.8285,-21.115,0 16.8285,-21.1152,0 16.8282,-21.1169,0 16.8281,-21.1173,0 16.8278,-21.1194,0 16.8278,-21.1198,0 16.8237,-21.1451,0 16.8236,-21.1459,0 16.8235,-21.1464,0 16.8222,-21.1547,0 16.8222,-21.1549,0 16.822,-21.1563,0 16.8219,-21.1567,0 16.8218,-21.1576,0 16.8217,-21.1579,0 16.8214,-21.1602,0 16.8213,-21.1606,0 16.821,-21.1627,0 16.8209,-21.1634,0 16.8173,-21.186,0 16.8137,-21.2089,0 16.8117,-21.2212,0 16.8117,-21.2216,0 16.8116,-21.2221,0 16.8116,-21.2229,0 16.8116,-21.2235,0 16.8117,-21.2241,0 16.8117,-21.2242,0 16.8118,-21.2252,0 16.812,-21.2257,0 16.8121,-21.2262,0 16.8123,-21.2269,0 16.8126,-21.2277,0 16.8126,-21.228,0 16.8177,-21.2436,0 16.818,-21.2444,0 16.821,-21.2537,0 16.8218,-21.256,0 16.8235,-21.2614,0 16.8262,-21.2698,0 16.8276,-21.2741,0 16.8299,-21.2813,0 16.8305,-21.283,0 16.8306,-21.2836,0 16.8308,-21.2842,0 16.8309,-21.2849,0 16.8309,-21.2853,0 16.831,-21.2857,0 16.8311,-21.2865,0 16.8311,-21.2866,0 16.8323,-21.2975,0 16.8329,-21.3024,0 16.8332,-21.3052,0 16.8343,-21.3156,0 16.8344,-21.3163,0 16.8344,-21.3164,0 16.8345,-21.3168,0 16.8368,-21.3381,0 16.8369,-21.3391,0 16.837,-21.3395,0 16.8399,-21.3653,0 16.8428,-21.3908,0 16.8467,-21.426,0 16.8472,-21.4304,0 16.8477,-21.4346,0 16.8478,-21.4355,0 16.8479,-21.4367,0 16.848,-21.4378,0 16.8483,-21.44,0 16.8483,-21.4404,0 16.8484,-21.4408,0 16.8484,-21.4412,0 16.8485,-21.4415,0 16.8485,-21.4423,0 16.8487,-21.4438,0 16.8491,-21.4468,0 16.8492,-21.4481,0 16.8493,-21.4494,0 16.8495,-21.451,0 16.8496,-21.4518,0 16.8497,-21.4526,0 16.8498,-21.453,0 16.8498,-21.4534,0 16.8498,-21.4536,0 16.8499,-21.4546,0 16.8501,-21.4557,0 16.8502,-21.4569,0 16.8503,-21.4575,0 16.8503,-21.4581,0 16.8504,-21.4588,0 16.8504,-21.4596,0 16.8505,-21.4602,0 16.8505,-21.4605,0 16.8506,-21.4607,0 16.8506,-21.4611,0 16.8506,-21.4619,0 16.8507,-21.4627,0 16.8509,-21.4644,0 16.8512,-21.4678,0 16.8518,-21.4745,0 16.8518,-21.4754,0 16.852,-21.4775,0 16.8535,-21.494,0 16.8537,-21.4969,0 16.8538,-21.4982,0 16.8539,-21.4988,0 16.8539,-21.4989,0 16.8539,-21.4991,0 16.8539,-21.4993,0 16.854,-21.4997,0 16.854,-21.4999,0 16.854,-21.5002,0 16.8541,-21.5007,0 16.8541,-21.5012,0 16.8542,-21.5018,0 16.8542,-21.5025,0 16.8545,-21.5053,0 16.8545,-21.506,0 16.8547,-21.5078,0 16.8548,-21.5097,0 16.8549,-21.5105,0 16.855,-21.5109,0 16.855,-21.5113,0 16.8551,-21.5115,0 16.8551,-21.5118,0 16.8551,-21.5121,0 16.8552,-21.5124,0 16.8553,-21.5127,0 16.8577,-21.5269,0 16.8583,-21.5304,0 16.8588,-21.5339,0 16.859,-21.5345,0 16.86,-21.5404,0 16.8601,-21.541,0 16.8601,-21.5411,0 16.8608,-21.5452,0 16.8608,-21.5453,0 16.8638,-21.5627,0 16.8671,-21.5823,0 16.8681,-21.5883,0 16.8681,-21.5884,0 16.8683,-21.5894,0 16.8684,-21.5899,0 16.8684,-21.5904,0 16.8685,-21.5908,0 16.8685,-21.5909,0 16.8686,-21.5911,0 16.8686,-21.5913,0 16.8686,-21.5915,0 16.8686,-21.5917,0 16.8687,-21.5919,0 16.8687,-21.5921,0 16.8687,-21.5923,0 16.8687,-21.5924,0 16.8687,-21.5926,0 16.8687,-21.5929,0 16.8687,-21.5931,0 16.8687,-21.5934,0 16.8687,-21.5943,0 16.8687,-21.5946,0 16.8686,-21.5953,0 16.8678,-21.6154,0 16.8678,-21.6158,0 16.8668,-21.6404,0 16.8668,-21.6406,0 16.8668,-21.6409,0 16.8668,-21.641,0 16.8668,-21.6412,0 16.8668,-21.6415,0 16.8669,-21.6417,0 16.8669,-21.6419,0 16.8669,-21.642,0 16.867,-21.6423,0 16.867,-21.6425,0 16.8671,-21.6427,0 16.8672,-21.643,0 16.8672,-21.6432,0 16.8673,-21.6434,0 16.8673,-21.6435,0 16.8674,-21.6437,0 16.8676,-21.6442,0 16.868,-21.6452,0 16.8688,-21.6472,0 16.8703,-21.6512,0 16.8734,-21.6592,0 16.8739,-21.6603,0 16.8747,-21.6626,0 16.8835,-21.6853,0 16.8859,-21.6914,0 16.8859,-21.6915,0 16.8863,-21.6925,0 16.8868,-21.6938,0 16.8872,-21.6948,0 16.8874,-21.6953,0 16.8875,-21.6959,0 16.8876,-21.6965,0 16.8876,-21.6972,0 16.8876,-21.6979,0 16.8876,-21.6982,0 16.8875,-21.6987,0 16.8873,-21.6995,0 16.8869,-21.7009,0 16.8844,-21.7088,0 16.8841,-21.7098,0 16.8734,-21.744,0 16.8731,-21.745,0 16.8728,-21.746,0 16.8727,-21.7465,0 16.8726,-21.747,0 16.8724,-21.748,0 16.8723,-21.749,0 16.8722,-21.7501,0 16.8722,-21.7511,0 16.8723,-21.7521,0 16.8724,-21.7531,0 16.8726,-21.7541,0 16.8742,-21.7658,0 16.8744,-21.7672,0 16.8744,-21.7673,0 16.8745,-21.7681,0 16.8752,-21.773,0 16.8759,-21.7772,0 16.8763,-21.7802,0 16.8768,-21.7834,0 16.8772,-21.7863,0 16.8774,-21.7879,0 16.8781,-21.7918,0 16.8819,-21.8128,0 16.8856,-21.8338,0 16.8856,-21.8341,0 16.8871,-21.8422,0 16.8901,-21.8591,0 16.8918,-21.8685,0 16.8925,-21.8727,0 16.8937,-21.8794,0 16.8942,-21.882,0 16.8944,-21.8837,0 16.8946,-21.8848,0 16.8948,-21.8859,0 16.8948,-21.8864,0 16.8957,-21.8965,0 16.8958,-21.8974,0 16.896,-21.8999,0 16.8961,-21.9008,0 16.8968,-21.9084,0 16.8968,-21.9089,0 16.8978,-21.9194,0 16.8978,-21.92,0 16.8979,-21.9205,0 16.8982,-21.9247,0 16.8982,-21.925,0 16.8982,-21.9253,0 16.8983,-21.9257,0 16.8983,-21.9259,0 16.8983,-21.926,0 16.8984,-21.9262,0 16.8984,-21.9268,0 16.8986,-21.9287,0 16.8989,-21.9329,0 16.8991,-21.9349,0 16.8993,-21.937,0 16.8993,-21.9371,0 16.8995,-21.9396,0 16.8996,-21.9401,0 16.8996,-21.9408,0 16.8995,-21.9416,0 16.8994,-21.9424,0 16.8993,-21.9432,0 16.8991,-21.9439,0 16.8987,-21.9453,0 16.8985,-21.946,0 16.8983,-21.9467,0 16.898,-21.9479,0 16.898,-21.948,0 16.8979,-21.9485,0 16.8977,-21.9493,0 16.8974,-21.9513,0 16.897,-21.9532,0 16.897,-21.9533,0 16.8967,-21.9553,0 16.8966,-21.9554,0 16.8964,-21.9568,0 16.8963,-21.9574,0 16.8962,-21.9578,0 16.8959,-21.9588,0 16.8959,-21.9588,0 16.8957,-21.9593,0 16.8955,-21.9598,0 16.8954,-21.9601,0 16.8953,-21.9603,0 16.8952,-21.9606,0 16.8951,-21.9608,0 16.8948,-21.9612,0 16.8946,-21.9617,0 16.8933,-21.964,0 16.8924,-21.9658,0 16.8917,-21.9672,0 16.8911,-21.9685,0 16.891,-21.9689,0 16.8909,-21.9693,0 16.8908,-21.9697,0 16.8907,-21.9703,0 16.8907,-21.9704,0 16.8936,-21.9708,0 16.8943,-21.971,0 16.8946,-21.9711,0 16.9005,-21.972,0 16.9024,-21.9723,0 16.9028,-21.9724,0 16.9032,-21.9724,0 16.9034,-21.9725,0 16.9041,-21.9727,0 16.9044,-21.9728,0 16.9048,-21.973,0 16.9052,-21.9733,0 16.9055,-21.9734,0 16.9057,-21.9736,0 16.9061,-21.9739,0 16.9063,-21.9741,0 16.9065,-21.9742,0 16.9067,-21.9742,0 16.9068,-21.9743,0 16.907,-21.9743,0 16.9071,-21.9743,0 16.9075,-21.9744,0 16.9076,-21.9744,0 16.9079,-21.9744,0 16.908,-21.9744,0 16.9081,-21.9744,0 16.9082,-21.9744,0 16.9083,-21.9744,0 16.9094,-21.9745,0 16.9098,-21.9746,0 16.9111,-21.9746,0 16.9113,-21.9747,0 16.9115,-21.9749,0 16.9119,-21.9756,0 16.9122,-21.9761,0 16.9125,-21.9771,0 16.9128,-21.9777,0 16.9128,-21.9778,0 16.9128,-21.9778,0 16.9128,-21.978,0 16.9129,-21.9782,0 16.9129,-21.9786,0 16.913,-21.979,0 16.913,-21.9792,0 16.9131,-21.9797,0 16.9132,-21.9798,0 16.9131,-21.9799,0 16.9131,-21.9801,0 16.913,-21.9802,0 16.9129,-21.9802,0 16.9122,-21.9805,0 16.9124,-21.981,0 16.9132,-21.9807,0 16.9135,-21.9806,0 16.9136,-21.9806,0 16.9138,-21.9806,0 16.9139,-21.9806,0 16.9139,-21.9807,0 16.9141,-21.9808,0 16.9145,-21.9818,0 16.915,-21.983,0 16.9151,-21.9833,0 16.9154,-21.9839,0 16.9157,-21.9847,0 16.9136,-21.9854,0 16.9136,-21.9854,0 16.9134,-21.9855,0 16.9123,-21.9856,0 16.912,-21.9856,0 16.9118,-21.9856,0 16.9117,-21.9857,0 16.9116,-21.9857,0 16.9114,-21.9858,0 16.9113,-21.9858,0 16.9112,-21.9859,0 16.9102,-21.9862,0 16.9095,-21.9865,0 16.909,-21.9867,0 16.9083,-21.9871,0 16.9077,-21.9874,0 16.9069,-21.9879,0 16.9063,-21.9884,0 16.9059,-21.9888,0 16.9053,-21.9893,0 16.9047,-21.9899,0 16.9045,-21.9902,0 16.9042,-21.9905,0 16.9038,-21.991,0 16.9038,-21.9911,0 16.9034,-21.9917,0 16.9032,-21.992,0 16.903,-21.9924,0 16.9027,-21.993,0 16.9025,-21.9935,0 16.9024,-21.9938,0 16.9022,-21.9943,0 16.902,-21.995,0 16.9019,-21.9954,0 16.9018,-21.9957,0 16.9018,-21.9963,0 16.9017,-21.9967,0 16.9017,-21.9971,0 16.9017,-21.9977,0 16.9017,-21.9984,0 16.9017,-21.9989,0 16.9017,-21.9993,0 16.9017,-21.9998,0 16.9019,-22.0038,0 16.9019,-22.0044,0 16.902,-22.0067,0 16.9021,-22.0085,0 16.9021,-22.0089,0 16.9021,-22.0096,0 16.9023,-22.0154,0 16.9023,-22.0162,0 16.9023,-22.0172,0 16.9023,-22.0184,0 16.9022,-22.0203,0 16.902,-22.0229,0 16.9018,-22.0262,0 16.9016,-22.0312,0 16.9016,-22.0313,0 16.9014,-22.0342,0 16.9014,-22.0351,0 16.9013,-22.0371,0 16.9012,-22.0378,0 16.9019,-22.038,0 16.9021,-22.0381,0 16.9022,-22.0382,0 16.9024,-22.0383,0 16.9025,-22.0385,0 16.903,-22.039,0 16.9034,-22.0395,0 16.9039,-22.0401,0 16.906,-22.043,0 16.9065,-22.0435,0 16.908,-22.0453,0 16.9103,-22.0479,0 16.9111,-22.0488,0 16.9122,-22.0501,0 16.9128,-22.0507,0 16.9138,-22.0519,0 16.9144,-22.0526,0 16.9155,-22.0538,0 16.9165,-22.055,0 16.9172,-22.0559,0 16.9179,-22.0568,0 16.9186,-22.0578,0 16.9196,-22.0595,0 16.9206,-22.0613,0 16.9209,-22.0618,0 16.9217,-22.0631,0 16.9219,-22.0635,0 16.9227,-22.0646,0 16.9238,-22.0664,0 16.9255,-22.0693,0 16.9265,-22.071,0 16.9271,-22.0722,0 16.9274,-22.0729,0 16.9277,-22.0734,0 16.928,-22.0745,0 16.9283,-22.0753,0 16.9286,-22.0763,0 16.9288,-22.0771,0 16.9296,-22.0805,0 16.9298,-22.0815,0 16.9301,-22.0826,0 16.9304,-22.084,0 16.9307,-22.085,0 16.9311,-22.0861,0 16.9317,-22.0872,0 16.9323,-22.0881,0 16.933,-22.0891,0 16.9341,-22.0902,0 16.9352,-22.0913,0 16.9378,-22.0933,0 16.941,-22.0958,0 16.9459,-22.0996,0 16.9528,-22.1051,0 16.9567,-22.108,0 16.9595,-22.1102,0 16.9626,-22.1126,0 16.963,-22.1129,0 16.9634,-22.1133,0 16.964,-22.1137,0 16.9644,-22.1141,0 16.9654,-22.115,0 16.9659,-22.1155,0 16.9667,-22.1164,0 16.9668,-22.1165,0 16.9673,-22.1172,0 16.9703,-22.121,0 16.9797,-22.1325,0 16.9821,-22.1356,0 16.9837,-22.1376,0 16.9847,-22.1388,0 16.9861,-22.1406,0 16.9881,-22.1431,0 16.99,-22.1454,0 16.9919,-22.1478,0 16.9931,-22.1494,0 16.9944,-22.1509,0 16.9955,-22.1523,0 16.9973,-22.1546,0 16.9979,-22.1554,0 16.9981,-22.1557,0 16.9982,-22.156,0 16.9986,-22.1566,0 16.9989,-22.1574,0 16.9991,-22.158,0 16.9992,-22.1586,0 16.9994,-22.1593,0 16.9994,-22.1597,0 16.9995,-22.1604,0 16.9994,-22.1613,0 16.9993,-22.1626,0 16.9992,-22.1641,0 16.9991,-22.165,0 16.9989,-22.1674,0 16.9986,-22.1697,0 16.9985,-22.1708,0 16.9983,-22.1726,0 16.9983,-22.1729,0 16.9981,-22.1745,0 16.9981,-22.1759,0 16.9982,-22.1768,0 16.9982,-22.1772,0 16.9983,-22.1775,0 16.9986,-22.1787,0 16.9989,-22.1797,0 17.0007,-22.1852,0 17.0017,-22.1884,0 17.0021,-22.1898,0 17.0025,-22.1908,0 17.0028,-22.1913,0 17.0039,-22.1933,0 17.0057,-22.1964,0 17.0071,-22.1986,0 17.0097,-22.2031,0 17.0109,-22.2049,0 17.0112,-22.2055,0 17.0116,-22.2063,0 17.0131,-22.2089,0 17.0157,-22.2132,0 17.0162,-22.2141,0 17.0187,-22.2183,0 17.0196,-22.22,0 17.0199,-22.2209,0 17.0203,-22.2219,0 17.0205,-22.2225,0 17.0207,-22.2234,0 17.0209,-22.2243,0 17.0212,-22.2269,0 17.0214,-22.2282,0 17.0221,-22.2335,0 17.0228,-22.2389,0 17.0229,-22.2396,0 17.0233,-22.2421,0 17.0237,-22.2448,0 17.0239,-22.247,0 17.024,-22.2474,0 17.0241,-22.248,0 17.0244,-22.2488,0 17.0246,-22.2497,0 17.0248,-22.2503,0 17.025,-22.251,0 17.0263,-22.2541,0 17.0276,-22.2569,0 17.0286,-22.2592,0 17.0289,-22.2601,0 17.0307,-22.2641,0 17.0318,-22.2667,0 17.0327,-22.2686,0 17.0346,-22.2731,0 17.0358,-22.2758,0 17.0364,-22.2772,0 17.0371,-22.2795,0 17.0382,-22.2835,0 17.0395,-22.2877,0 17.0403,-22.2904,0 17.0415,-22.2946,0 17.042,-22.2964,0 17.0429,-22.2996,0 17.0437,-22.3025,0 17.0446,-22.3055,0 17.0453,-22.308,0 17.046,-22.3102,0 17.0467,-22.3129,0 17.0476,-22.3158,0 17.0481,-22.3176,0 17.0491,-22.3214,0 17.05,-22.3244,0 17.0513,-22.3285,0 17.0515,-22.3292,0 17.0525,-22.3319,0 17.0532,-22.334,0 17.0537,-22.3354,0 17.0542,-22.3367,0 17.0544,-22.3373,0 17.0545,-22.3379,0 17.0546,-22.3386,0 17.0547,-22.3394,0 17.0548,-22.3404,0 17.0547,-22.3413,0 17.0546,-22.3422,0 17.0544,-22.3428,0 17.0543,-22.3433,0 17.0539,-22.3442,0 17.0535,-22.3455,0 17.0527,-22.3476,0 17.0525,-22.3481,0 17.0523,-22.3485,0 17.0522,-22.349,0 17.0521,-22.3494,0 17.0518,-22.3504,0 17.0517,-22.351,0 17.0517,-22.3513,0 17.0517,-22.3516,0 17.0517,-22.3528,0 17.0518,-22.3538,0 17.052,-22.3545,0 17.0522,-22.355,0 17.0527,-22.3564,0 17.0534,-22.3581,0 17.0541,-22.3601,0 17.0554,-22.3632,0 17.0556,-22.3638,0 17.0569,-22.3672,0 17.0589,-22.3721,0 17.0595,-22.3738,0 17.0605,-22.3762,0 17.0607,-22.3767,0 17.0608,-22.3772,0 17.0614,-22.3786,0 17.0619,-22.3802,0 17.0624,-22.3818,0 17.0628,-22.3834,0 17.0641,-22.3887,0 17.0649,-22.3915,0 17.0651,-22.3921,0 17.0653,-22.3925,0 17.0657,-22.3935,0 17.0662,-22.3945,0 17.0687,-22.3988,0 17.0691,-22.3995,0 17.0693,-22.3999,0 17.0694,-22.4003,0 17.0697,-22.401,0 17.0702,-22.4024,0 17.0704,-22.4034,0 17.0707,-22.4047,0 17.0708,-22.406,0 17.0708,-22.4069,0 17.0707,-22.4077,0 17.0707,-22.4084,0 17.0706,-22.4085,0 17.0704,-22.4103,0 17.0704,-22.412,0 17.0704,-22.4125,0 17.0705,-22.4132,0 17.0705,-22.4138,0 17.0705,-22.4141,0 17.0703,-22.415,0 17.0701,-22.4159,0 17.07,-22.4163,0 17.07,-22.4166,0 17.07,-22.4172,0 17.07,-22.4176,0 17.0701,-22.4181,0 17.0702,-22.4188,0 17.0703,-22.4196,0 17.0704,-22.42,0 17.0708,-22.4214,0 17.071,-22.4223,0 17.0713,-22.4241,0 17.0715,-22.4254,0 17.0718,-22.4287,0 17.0719,-22.4299,0 17.0722,-22.4345,0 17.0723,-22.4356,0 17.0724,-22.4367,0 17.0725,-22.4379,0 17.0727,-22.4413,0 17.0728,-22.4424,0 17.0729,-22.4431,0 17.0731,-22.4439,0 17.0735,-22.4448,0 17.0741,-22.446,0 17.075,-22.4481,0 17.0753,-22.4489,0 17.0755,-22.4498,0 17.0758,-22.4507,0 17.076,-22.4519,0 17.0763,-22.4534,0 17.077,-22.4574,0 17.0779,-22.4618,0 17.078,-22.4626,0 17.0781,-22.4633,0 17.0782,-22.4641,0 17.0782,-22.4663,0 17.0783,-22.4677,0 17.0783,-22.469,0 17.0784,-22.4703,0 17.0785,-22.4729,0 17.0786,-22.4767,0 17.0787,-22.4785,0 17.079,-22.4836,0 17.0792,-22.4867,0 17.0793,-22.4901,0 17.0793,-22.4921,0 17.0792,-22.4959,0 17.0792,-22.4964,0 17.0791,-22.4984,0 17.0789,-22.5006,0 17.0787,-22.5022,0 17.0786,-22.5028,0 17.0785,-22.5034,0 17.0783,-22.5042,0 17.0781,-22.5048,0 17.0779,-22.5057,0 17.0776,-22.5064,0 17.0774,-22.5071,0 17.077,-22.5081,0 17.076,-22.5102,0 17.0754,-22.5115,0 17.075,-22.5124,0 17.0747,-22.5134,0 17.0744,-22.5143,0 17.0742,-22.5152,0 17.0741,-22.5158,0 17.0738,-22.5177,0 17.0734,-22.5199,0 17.073,-22.5223,0 17.0727,-22.5242,0 17.0724,-22.5266,0 17.072,-22.5285,0 17.0717,-22.5292,0 17.0714,-22.53,0 17.0713,-22.5303,0 17.071,-22.5308,0 17.0705,-22.5316,0 17.0697,-22.5331,0 17.0693,-22.5338,0 17.069,-22.5344,0 17.0688,-22.5347,0 17.0686,-22.5354,0 17.0685,-22.5357,0 17.0684,-22.5363,0 17.0682,-22.537,0 17.0682,-22.5372,0 17.0682,-22.5375,0 17.0682,-22.5379,0 17.0681,-22.5383,0 17.0681,-22.5387,0 17.0682,-22.5391,0 17.0682,-22.5397,0 17.0682,-22.5401,0 17.0682,-22.5411,0 17.0683,-22.5436,0 17.0683,-22.5439,0 17.0683,-22.5441,0 17.0683,-22.5442,0 17.0682,-22.5444,0 17.0682,-22.5447,0 17.0682,-22.545,0 17.0681,-22.5453,0 17.0679,-22.5458,0 17.0678,-22.5461,0 17.0677,-22.5464,0 17.0676,-22.5467,0 17.0675,-22.547,0 17.0674,-22.5472,0 17.0672,-22.5475,0 17.067,-22.5478,0 17.0668,-22.5482,0 17.0666,-22.5484,0 17.0664,-22.5487,0 17.0661,-22.5491,0 17.0659,-22.5494,0 17.0657,-22.5496,0 17.0655,-22.5498,0 17.0652,-22.55,0 17.0649,-22.5504,0 17.0646,-22.5506,0 17.0643,-22.5509,0 17.064,-22.5512,0 17.0632,-22.5521,0 17.0631,-22.5523,0 17.063,-22.5524,0 17.0632,-22.5526,0 17.0635,-22.5528,0 17.0637,-22.5529,0 17.0641,-22.5532,0 17.0642,-22.5533,0 17.0646,-22.5535,0 17.0652,-22.5538,0 17.0661,-22.5542,0 17.0664,-22.5544,0 17.0668,-22.5546,0 17.068,-22.5553,0 17.0682,-22.5554,0 17.0683,-22.5554,0 17.0684,-22.5555,0 17.0685,-22.5556,0 17.0687,-22.5558,0 17.0688,-22.556,0 17.069,-22.5563,0 17.0695,-22.5568,0 17.0695,-22.5569,0 17.0696,-22.557,0 17.0705,-22.5582,0 17.071,-22.5587,0 17.0711,-22.5589,0 17.0713,-22.5592,0 17.0714,-22.5593,0 17.0715,-22.5593,0 17.0716,-22.5594,0 17.0717,-22.5595,0 17.0718,-22.5596,0 17.072,-22.5597,0 17.0721,-22.5597,0 17.0723,-22.5598,0 17.072,-22.5604,0 17.072,-22.5606,0 17.072,-22.5607,0 17.072,-22.5608,0 17.0721,-22.5615,0 17.0724,-22.5625,0 17.0726,-22.5632,0 17.0728,-22.564,0 17.0727,-22.5647,0 17.0727,-22.5648,0 17.0726,-22.5655,0 17.0726,-22.5656,0 17.0726,-22.5658,0 17.0726,-22.566,0 17.0727,-22.5662,0 17.0727,-22.5663,0 17.0728,-22.5664,0 17.073,-22.5669,0 17.0734,-22.5674,0 17.0735,-22.5676,0 17.0739,-22.568,0 17.0738,-22.5681,0 17.0728,-22.5688,0 17.0729,-22.5691,0 17.0731,-22.5695,0 17.0732,-22.5698,0 17.0732,-22.5701,0 17.0735,-22.571,0 17.0736,-22.5715,0 17.0737,-22.5716,0 17.0737,-22.5717,0 17.0737,-22.5717,0 17.0733,-22.5725,0 17.0746,-22.573,0 17.0747,-22.5731,0 17.0747,-22.5731,0 17.075,-22.5732,0 17.0751,-22.5733,0 17.075,-22.574,0 17.0748,-22.5749,0 17.0747,-22.5752,0 17.0746,-22.5755,0 17.0743,-22.577,0 17.0744,-22.5772,0 17.0744,-22.5773,0 17.0744,-22.5774,0 17.0745,-22.5775,0 17.0745,-22.5776,0 17.0746,-22.5777,0 17.0746,-22.5778,0 17.0747,-22.5778,0 17.0748,-22.5779,0 17.075,-22.578,0 17.0752,-22.5781,0 17.0754,-22.5781,0 17.0756,-22.5782,0 17.0763,-22.5781,0 17.0773,-22.5781,0</coordinates></LineString>
    </Placemark>
    <Placemark>
      <name>D14 · Vuelo de vuelta</name>
      <description>14 nov · 46 km</description>
      <styleUrl>#vuelta</styleUrl>
      <LineString><tessellate>1</tessellate><coordinates>17.0773,-22.5781,0 17.0776,-22.5781,0 17.079,-22.578,0 17.0804,-22.5779,0 17.0806,-22.5779,0 17.0816,-22.5779,0 17.0817,-22.5778,0 17.0818,-22.5778,0 17.082,-22.5778,0 17.0823,-22.5778,0 17.0827,-22.5777,0 17.0828,-22.5777,0 17.0829,-22.5777,0 17.083,-22.5777,0 17.0831,-22.5778,0 17.0834,-22.5779,0 17.0835,-22.5779,0 17.0836,-22.5779,0 17.0837,-22.5779,0 17.0839,-22.578,0 17.0841,-22.578,0 17.0841,-22.578,0 17.0842,-22.578,0 17.0842,-22.578,0 17.0845,-22.5778,0 17.0847,-22.5777,0 17.0847,-22.5776,0 17.086,-22.5779,0 17.0861,-22.5779,0 17.0871,-22.5774,0 17.0873,-22.5778,0 17.0875,-22.5781,0 17.0875,-22.5781,0 17.0877,-22.5784,0 17.0878,-22.5784,0 17.0879,-22.5784,0 17.088,-22.5784,0 17.088,-22.5784,0 17.088,-22.5784,0 17.0886,-22.5779,0 17.0892,-22.5784,0 17.0894,-22.5785,0 17.0895,-22.5786,0 17.0895,-22.5786,0 17.0897,-22.5789,0 17.0898,-22.5791,0 17.0899,-22.5792,0 17.09,-22.5793,0 17.0901,-22.5794,0 17.0904,-22.5797,0 17.0906,-22.5798,0 17.091,-22.5801,0 17.0911,-22.5802,0 17.0915,-22.5805,0 17.0919,-22.5808,0 17.0929,-22.5814,0 17.0937,-22.5807,0 17.0938,-22.5807,0 17.0939,-22.5808,0 17.0941,-22.581,0 17.0943,-22.5812,0 17.0945,-22.5813,0 17.0946,-22.5814,0 17.0947,-22.5815,0 17.0949,-22.5816,0 17.095,-22.5817,0 17.0951,-22.5818,0 17.0952,-22.5818,0 17.0954,-22.5818,0 17.0955,-22.5819,0 17.0956,-22.5819,0 17.0957,-22.5819,0 17.0959,-22.5818,0 17.096,-22.5818,0 17.0966,-22.5814,0 17.0967,-22.5814,0 17.0968,-22.5813,0 17.0969,-22.5813,0 17.0974,-22.5809,0 17.0976,-22.5808,0 17.0977,-22.5807,0 17.0978,-22.5806,0 17.0979,-22.5805,0 17.098,-22.5804,0 17.0981,-22.5803,0 17.0982,-22.5802,0 17.0983,-22.5801,0 17.0984,-22.58,0 17.0987,-22.5797,0 17.0989,-22.5795,0 17.099,-22.5793,0 17.0992,-22.5792,0 17.0993,-22.5791,0 17.0997,-22.5786,0 17.1,-22.5783,0 17.1001,-22.5782,0 17.1002,-22.5782,0 17.1004,-22.578,0 17.1006,-22.5778,0 17.1009,-22.5776,0 17.1014,-22.5772,0 17.1018,-22.5769,0 17.1023,-22.5766,0 17.1024,-22.5765,0 17.1025,-22.5765,0 17.1027,-22.5764,0 17.1029,-22.5763,0 17.1034,-22.5762,0 17.1037,-22.5761,0 17.104,-22.576,0 17.1042,-22.5759,0 17.1044,-22.5758,0 17.1051,-22.5754,0 17.1053,-22.5752,0 17.1056,-22.5751,0 17.1057,-22.575,0 17.1057,-22.575,0 17.1058,-22.575,0 17.1058,-22.575,0 17.1059,-22.5751,0 17.106,-22.5751,0 17.1063,-22.5752,0 17.1064,-22.5752,0 17.1065,-22.5752,0 17.1066,-22.5752,0 17.1066,-22.5752,0 17.1067,-22.5752,0 17.1067,-22.5752,0 17.1068,-22.5752,0 17.1069,-22.575,0 17.1071,-22.5748,0 17.1072,-22.5746,0 17.1073,-22.5746,0 17.1073,-22.5745,0 17.1074,-22.5745,0 17.1074,-22.5746,0 17.1076,-22.5747,0 17.1076,-22.5747,0 17.1077,-22.5747,0 17.1078,-22.5746,0 17.1083,-22.5739,0 17.1084,-22.5738,0 17.1085,-22.5737,0 17.1087,-22.5734,0 17.1088,-22.5734,0 17.1088,-22.5733,0 17.1098,-22.5737,0 17.1102,-22.5739,0 17.1103,-22.574,0 17.1108,-22.5742,0 17.1109,-22.5743,0 17.1113,-22.5744,0 17.1116,-22.5746,0 17.112,-22.5748,0 17.1122,-22.5749,0 17.1124,-22.5749,0 17.1126,-22.575,0 17.1127,-22.5751,0 17.1129,-22.5753,0 17.1131,-22.5753,0 17.1132,-22.5754,0 17.1133,-22.5756,0 17.1135,-22.5757,0 17.1138,-22.5759,0 17.114,-22.5761,0 17.1141,-22.5762,0 17.1143,-22.5764,0 17.1145,-22.5766,0 17.1146,-22.5769,0 17.1148,-22.5772,0 17.115,-22.5774,0 17.1153,-22.5779,0 17.1154,-22.5781,0 17.1156,-22.5783,0 17.1158,-22.5786,0 17.116,-22.5789,0 17.1163,-22.5792,0 17.1164,-22.5793,0 17.1164,-22.5793,0 17.1164,-22.5793,0 17.1165,-22.5794,0 17.1166,-22.5794,0 17.1168,-22.5796,0 17.1169,-22.5796,0 17.117,-22.5797,0 17.1172,-22.5797,0 17.1174,-22.5797,0 17.1175,-22.5797,0 17.1177,-22.5797,0 17.118,-22.5797,0 17.1183,-22.5795,0 17.1186,-22.5795,0 17.1188,-22.5794,0 17.1195,-22.5793,0 17.1199,-22.5793,0 17.1205,-22.5792,0 17.1211,-22.5791,0 17.1221,-22.5789,0 17.1224,-22.5789,0 17.1228,-22.5789,0 17.1233,-22.579,0 17.1236,-22.5791,0 17.1239,-22.5791,0 17.1239,-22.5791,0 17.1243,-22.5793,0 17.1246,-22.5794,0 17.1248,-22.5796,0 17.1249,-22.5796,0 17.1253,-22.5798,0 17.1255,-22.5799,0 17.1255,-22.58,0 17.1256,-22.58,0 17.1259,-22.5802,0 17.1261,-22.5802,0 17.1271,-22.5807,0 17.1272,-22.5808,0 17.1274,-22.5809,0 17.1288,-22.5816,0 17.1295,-22.582,0 17.13,-22.5822,0 17.1306,-22.5824,0 17.1311,-22.5825,0 17.1314,-22.5826,0 17.1319,-22.5827,0 17.1328,-22.5828,0 17.133,-22.5827,0 17.1337,-22.5827,0 17.1339,-22.5827,0 17.1344,-22.5827,0 17.1351,-22.5826,0 17.1354,-22.5826,0 17.1359,-22.5825,0 17.1365,-22.5825,0 17.1368,-22.5825,0 17.1371,-22.5826,0 17.1375,-22.5827,0 17.1378,-22.5828,0 17.1382,-22.583,0 17.1386,-22.5832,0 17.1389,-22.5835,0 17.1391,-22.5837,0 17.1393,-22.584,0 17.1396,-22.5843,0 17.1401,-22.5849,0 17.1403,-22.5852,0 17.1406,-22.5855,0 17.1408,-22.5857,0 17.141,-22.5859,0 17.1413,-22.5861,0 17.1417,-22.5863,0 17.142,-22.5864,0 17.1424,-22.5866,0 17.1428,-22.5866,0 17.1433,-22.5867,0 17.1436,-22.5866,0 17.1441,-22.5865,0 17.1445,-22.5864,0 17.1449,-22.5863,0 17.1453,-22.586,0 17.1455,-22.5858,0 17.1456,-22.5858,0 17.1457,-22.5857,0 17.1459,-22.5855,0 17.1461,-22.5853,0 17.1463,-22.585,0 17.1467,-22.5846,0 17.1471,-22.5841,0 17.1472,-22.5839,0 17.1478,-22.5832,0 17.148,-22.583,0 17.1481,-22.5828,0 17.1482,-22.5827,0 17.1484,-22.5824,0 17.1485,-22.5821,0 17.1487,-22.5815,0 17.1488,-22.5812,0 17.1491,-22.5807,0 17.1493,-22.5804,0 17.1497,-22.58,0 17.15,-22.5798,0 17.1504,-22.5795,0 17.1508,-22.5793,0 17.1525,-22.5785,0 17.1531,-22.5782,0 17.1536,-22.5781,0 17.1541,-22.5781,0 17.1545,-22.578,0 17.1554,-22.578,0 17.1558,-22.578,0 17.1562,-22.5779,0 17.1568,-22.5778,0 17.1571,-22.5776,0 17.1584,-22.5773,0 17.1589,-22.5771,0 17.1592,-22.5771,0 17.1609,-22.5766,0 17.1613,-22.5765,0 17.1618,-22.5764,0 17.1626,-22.5763,0 17.1635,-22.5762,0 17.1638,-22.5762,0 17.1643,-22.5761,0 17.1647,-22.576,0 17.1651,-22.5758,0 17.1654,-22.5756,0 17.1672,-22.5746,0 17.1675,-22.5744,0 17.1679,-22.5743,0 17.1682,-22.5742,0 17.1688,-22.574,0 17.1693,-22.5739,0 17.1696,-22.5738,0 17.1698,-22.5738,0 17.17,-22.5737,0 17.171,-22.5731,0 17.1724,-22.5722,0 17.173,-22.5717,0 17.1734,-22.5715,0 17.1738,-22.5714,0 17.1741,-22.5713,0 17.1743,-22.5713,0 17.1746,-22.5713,0 17.1752,-22.5713,0 17.1761,-22.5713,0 17.1766,-22.5712,0 17.177,-22.5712,0 17.1773,-22.5711,0 17.1774,-22.571,0 17.1777,-22.5709,0 17.178,-22.5707,0 17.1783,-22.5705,0 17.1787,-22.5701,0 17.1794,-22.5694,0 17.1797,-22.5692,0 17.1799,-22.569,0 17.1802,-22.5689,0 17.181,-22.5684,0 17.182,-22.5677,0 17.1824,-22.5674,0 17.1828,-22.5673,0 17.1832,-22.5671,0 17.1836,-22.5671,0 17.184,-22.5671,0 17.1854,-22.567,0 17.186,-22.567,0 17.1867,-22.5669,0 17.1872,-22.5668,0 17.1876,-22.5667,0 17.188,-22.5665,0 17.1883,-22.5662,0 17.1886,-22.566,0 17.1888,-22.5657,0 17.1891,-22.5654,0 17.1905,-22.5631,0 17.1905,-22.5631,0 17.1908,-22.5627,0 17.1912,-22.5623,0 17.1914,-22.5621,0 17.1918,-22.5618,0 17.1921,-22.5616,0 17.1925,-22.5615,0 17.1929,-22.5614,0 17.1944,-22.5611,0 17.1957,-22.5608,0 17.1964,-22.5607,0 17.1971,-22.5605,0 17.1977,-22.5603,0 17.1984,-22.5601,0 17.1991,-22.5596,0 17.1999,-22.5592,0 17.2027,-22.5569,0 17.2031,-22.5566,0 17.2036,-22.5564,0 17.205,-22.5558,0 17.2056,-22.5556,0 17.2061,-22.5555,0 17.2066,-22.5554,0 17.2079,-22.5554,0 17.2091,-22.5554,0 17.2099,-22.5554,0 17.2108,-22.5554,0 17.2128,-22.5553,0 17.2148,-22.5553,0 17.2184,-22.5552,0 17.2185,-22.5552,0 17.2193,-22.5552,0 17.2194,-22.5552,0 17.22,-22.5552,0 17.2206,-22.5552,0 17.2229,-22.5551,0 17.223,-22.5551,0 17.225,-22.5551,0 17.2254,-22.5551,0 17.226,-22.5551,0 17.2264,-22.555,0 17.227,-22.5549,0 17.2274,-22.5548,0 17.2277,-22.5547,0 17.2294,-22.5541,0 17.2298,-22.554,0 17.2311,-22.5535,0 17.2314,-22.5534,0 17.232,-22.5532,0 17.2323,-22.5532,0 17.2325,-22.5531,0 17.2334,-22.553,0 17.2337,-22.553,0 17.234,-22.553,0 17.2346,-22.5529,0 17.2349,-22.5529,0 17.2368,-22.5526,0 17.2391,-22.552,0 17.2411,-22.5516,0 17.2414,-22.5515,0 17.2424,-22.5513,0 17.2427,-22.5512,0 17.244,-22.5507,0 17.2458,-22.55,0 17.2464,-22.5498,0 17.2468,-22.5495,0 17.2477,-22.549,0 17.2482,-22.5488,0 17.2486,-22.5486,0 17.2486,-22.5486,0 17.2489,-22.5485,0 17.2491,-22.5484,0 17.2495,-22.5484,0 17.2499,-22.5483,0 17.2503,-22.5483,0 17.2511,-22.5482,0 17.2514,-22.5482,0 17.2538,-22.548,0 17.2581,-22.5477,0 17.2581,-22.5477,0 17.2582,-22.5476,0 17.2588,-22.5476,0 17.2591,-22.5476,0 17.2593,-22.5475,0 17.2594,-22.5475,0 17.2599,-22.5474,0 17.26,-22.5474,0 17.2601,-22.5474,0 17.2602,-22.5474,0 17.2604,-22.5473,0 17.2623,-22.5467,0 17.2628,-22.5466,0 17.2633,-22.5465,0 17.2635,-22.5465,0 17.2637,-22.5464,0 17.2641,-22.5464,0 17.2647,-22.5465,0 17.2651,-22.5465,0 17.2655,-22.5466,0 17.2658,-22.5467,0 17.2664,-22.5469,0 17.2667,-22.5471,0 17.2671,-22.5473,0 17.2674,-22.5475,0 17.2678,-22.5479,0 17.2682,-22.5482,0 17.2683,-22.5484,0 17.2697,-22.55,0 17.27,-22.5504,0 17.2704,-22.5507,0 17.2708,-22.5511,0 17.2713,-22.5514,0 17.2717,-22.5517,0 17.2721,-22.5518,0 17.2727,-22.552,0 17.2733,-22.5521,0 17.2739,-22.5522,0 17.2745,-22.5522,0 17.2751,-22.5521,0 17.2756,-22.5521,0 17.2759,-22.5519,0 17.2767,-22.5517,0 17.2777,-22.5514,0 17.2792,-22.5509,0 17.2797,-22.5508,0 17.2804,-22.5506,0 17.2858,-22.549,0 17.2888,-22.5481,0 17.2905,-22.5476,0 17.2917,-22.5472,0 17.2921,-22.5471,0 17.293,-22.5468,0 17.294,-22.5465,0 17.2943,-22.5465,0 17.2951,-22.5464,0 17.2958,-22.5463,0 17.2967,-22.5462,0 17.2998,-22.546,0 17.3006,-22.5459,0 17.3013,-22.5459,0 17.3018,-22.5458,0 17.3023,-22.5456,0 17.3027,-22.5455,0 17.3032,-22.5453,0 17.3063,-22.5441,0 17.312,-22.5418,0 17.3123,-22.5416,0 17.3141,-22.5409,0 17.3144,-22.5408,0 17.3172,-22.5397,0 17.3243,-22.5368,0 17.3257,-22.5362,0 17.3305,-22.5342,0 17.3309,-22.5341,0 17.3317,-22.5338,0 17.3323,-22.5335,0 17.3335,-22.533,0 17.3347,-22.5325,0 17.3383,-22.5311,0 17.3422,-22.5295,0 17.3455,-22.5281,0 17.3498,-22.5264,0 17.3502,-22.5263,0 17.3518,-22.5256,0 17.3527,-22.5252,0 17.3531,-22.525,0 17.3535,-22.5248,0 17.3543,-22.5244,0 17.355,-22.5239,0 17.3586,-22.5214,0 17.3604,-22.5202,0 17.3622,-22.519,0 17.366,-22.5164,0 17.3708,-22.5131,0 17.3722,-22.5121,0 17.3728,-22.5118,0 17.3734,-22.5115,0 17.3739,-22.5113,0 17.3744,-22.5111,0 17.375,-22.5109,0 17.3756,-22.5107,0 17.378,-22.5103,0 17.3827,-22.5094,0 17.3867,-22.5086,0 17.3882,-22.5083,0 17.3888,-22.5082,0 17.3912,-22.5077,0 17.4021,-22.5056,0 17.404,-22.5052,0 17.4104,-22.5039,0 17.417,-22.5026,0 17.4302,-22.5,0 17.4378,-22.4985,0 17.4406,-22.498,0 17.4451,-22.4971,0 17.4478,-22.4966,0 17.4499,-22.4962,0 17.4506,-22.496,0 17.4515,-22.4959,0 17.4522,-22.4959,0 17.453,-22.4959,0 17.454,-22.496,0 17.455,-22.4961,0 17.4572,-22.4965,0 17.4585,-22.4967,0 17.459,-22.4968,0 17.4616,-22.4973,0 17.4624,-22.4974,0 17.4633,-22.4975,0 17.4637,-22.4975,0 17.4638,-22.4975,0 17.4638,-22.4975,0 17.4639,-22.4974,0 17.4639,-22.4973,0 17.464,-22.4972,0 17.464,-22.497,0 17.464,-22.4965,0 17.464,-22.496,0 17.4641,-22.4956,0 17.4642,-22.4955,0 17.4643,-22.4952,0 17.4643,-22.4951,0 17.4644,-22.4948,0 17.4649,-22.4931,0 17.4653,-22.4918,0 17.4654,-22.4912,0 17.4655,-22.491,0 17.4654,-22.4906,0 17.4654,-22.4902,0 17.4654,-22.4899,0 17.4653,-22.4897,0 17.4653,-22.4896,0 17.4652,-22.4894,0 17.4652,-22.4893,0 17.4651,-22.4893,0 17.4651,-22.4893,0 17.4651,-22.4892,0 17.465,-22.4892,0 17.4649,-22.4892,0 17.4648,-22.4892,0 17.4648,-22.4891,0 17.4648,-22.4891,0 17.4647,-22.4891,0 17.4647,-22.489,0 17.4647,-22.489,0 17.4647,-22.4889,0 17.4647,-22.4889,0 17.4647,-22.4888,0 17.4647,-22.4888,0 17.4648,-22.4887,0 17.4648,-22.4887,0 17.4648,-22.4887,0 17.4649,-22.4886,0 17.4649,-22.4886,0 17.465,-22.4886,0 17.4651,-22.4886,0 17.4652,-22.4887,0 17.4652,-22.4887,0 17.4653,-22.4887,0 17.4653,-22.4887,0 17.4654,-22.4886,0 17.4654,-22.4886,0 17.4658,-22.4884,0 17.4659,-22.4887,0 17.466,-22.4887,0 17.4661,-22.4886,0 17.4669,-22.4883,0 17.4672,-22.4881,0 17.468,-22.4878,0 17.4687,-22.4874,0 17.469,-22.4873,0 17.4691,-22.4873,0 17.4691,-22.4872,0 17.4691,-22.4872,0 17.4691,-22.4872,0 17.4691,-22.4871,0 17.4691,-22.4871,0 17.4691,-22.4871,0 17.4692,-22.4871,0 17.4692,-22.4871,0</coordinates></LineString>
    </Placemark>
  </Folder>
  <Folder><name>Puntos</name>
    <Placemark>
      <name>Windhoek</name>
      <description>nucleo de referencia · D0, D1, D13, D14</description>
      <Point><coordinates>17.07727,-22.57761,0</coordinates></Point>
    </Placemark>
    <Placemark>
      <name>Aeropuerto Hosea Kutako</name>
      <description>lo que se visita · D0, D14</description>
      <Point><coordinates>17.47205,-22.4822,0</coordinates></Point>
    </Placemark>
    <Placemark>
      <name>Rehoboth</name>
      <description>nucleo de referencia · D1</description>
      <Point><coordinates>17.0817,-23.3151,0</coordinates></Point>
    </Placemark>
    <Placemark>
      <name>Okahandja</name>
      <description>nucleo de referencia · D13</description>
      <Point><coordinates>16.91282,-21.97923,0</coordinates></Point>
    </Placemark>
    <Placemark>
      <name>Otjiwarongo</name>
      <description>gasolinera de las obligatorias · D13</description>
      <Point><coordinates>16.65121,-20.46093,0</coordinates></Point>
    </Placemark>
    <Placemark>
      <name>Tsumeb</name>
      <description>nucleo de referencia · D13</description>
      <Point><coordinates>17.71622,-19.24672,0</coordinates></Point>
    </Placemark>
    <Placemark>
      <name>Paso de Spreetshoogte</name>
      <description>puerto de montana · D1, D2, D3</description>
      <Point><coordinates>16.18549,-23.65792,0</coordinates></Point>
    </Placemark>
    <Placemark>
      <name>Solitaire</name>
      <description>gasolinera de las obligatorias · D3, D5</description>
      <Point><coordinates>16.00553,-23.89429,0</coordinates></Point>
    </Placemark>
    <Placemark>
      <name>Sesriem</name>
      <description>donde se duerme · D3, D4, D5</description>
      <Point><coordinates>15.79849,-24.48713,0</coordinates></Point>
    </Placemark>
    <Placemark>
      <name>Duna 45</name>
      <description>lo que se visita · D4</description>
      <Point><coordinates>15.47192,-24.72952,0</coordinates></Point>
    </Placemark>
    <Placemark>
      <name>Sossusvlei</name>
      <description>lo que se visita · D4</description>
      <Point><coordinates>15.29236,-24.73953,0</coordinates></Point>
    </Placemark>
    <Placemark>
      <name>Deadvlei</name>
      <description>lo que se visita</description>
      <Point><coordinates>15.2944,-24.76299,0</coordinates></Point>
    </Placemark>
    <Placemark>
      <name>Walvis Bay</name>
      <description>donde se duerme · D5, D6, D7</description>
      <Point><coordinates>14.50711,-22.95576,0</coordinates></Point>
    </Placemark>
    <Placemark>
      <name>Swakopmund</name>
      <description>nucleo de referencia · D7</description>
      <Point><coordinates>14.52897,-22.67684,0</coordinates></Point>
    </Placemark>
    <Placemark>
      <name>Henties Bay</name>
      <description>gasolinera de las obligatorias · D7</description>
      <Point><coordinates>14.28266,-22.11597,0</coordinates></Point>
    </Placemark>
    <Placemark>
      <name>Cape Cross</name>
      <description>lo que se visita · D7</description>
      <Point><coordinates>13.95196,-21.77145,0</coordinates></Point>
    </Placemark>
    <Placemark>
      <name>Puerta de Ugabmund</name>
      <description>puerta de parque, con horario · D7</description>
      <Point><coordinates>13.6695,-21.1727,0</coordinates></Point>
    </Placemark>
    <Placemark>
      <name>Torra Bay</name>
      <description>lo que se visita</description>
      <Point><coordinates>13.23804,-20.32287,0</coordinates></Point>
    </Placemark>
    <Placemark>
      <name>Terrace Bay</name>
      <description>donde se duerme · D7, D8</description>
      <Point><coordinates>13.03254,-19.98772,0</coordinates></Point>
    </Placemark>
    <Placemark>
      <name>Puerta de Springbokwasser</name>
      <description>puerta de parque, con horario · D8</description>
      <Point><coordinates>13.64769,-20.31055,0</coordinates></Point>
    </Placemark>
    <Placemark>
      <name>Twyfelfontein</name>
      <description>lo que se visita · D8</description>
      <Point><coordinates>14.41099,-20.54842,0</coordinates></Point>
    </Placemark>
    <Placemark>
      <name>Khorixas</name>
      <description>nucleo de referencia</description>
      <Point><coordinates>14.96042,-20.37384,0</coordinates></Point>
    </Placemark>
    <Placemark>
      <name>Palmwag</name>
      <description>lo que se visita</description>
      <Point><coordinates>13.94799,-19.88436,0</coordinates></Point>
    </Placemark>
    <Placemark>
      <name>Paso de Grootberg</name>
      <description>puerto de montana</description>
      <Point><coordinates>14.1282,-19.84295,0</coordinates></Point>
    </Placemark>
    <Placemark>
      <name>Hoada</name>
      <description>donde se duerme · D8, D9</description>
      <Point><coordinates>14.30791,-19.73222,0</coordinates></Point>
    </Placemark>
    <Placemark>
      <name>Kamanjab</name>
      <description>gasolinera de las obligatorias · D9</description>
      <Point><coordinates>14.84336,-19.62841,0</coordinates></Point>
    </Placemark>
    <Placemark>
      <name>Outjo</name>
      <description>gasolinera de las obligatorias · D9</description>
      <Point><coordinates>16.15669,-20.11186,0</coordinates></Point>
    </Placemark>
    <Placemark>
      <name>Puerta de Andersson</name>
      <description>puerta de parque, con horario · D9</description>
      <Point><coordinates>15.9401,-19.3313,0</coordinates></Point>
    </Placemark>
    <Placemark>
      <name>Puerta de Galton</name>
      <description>puerta de parque, con horario</description>
      <Point><coordinates>14.4816,-19.3147,0</coordinates></Point>
    </Placemark>
    <Placemark>
      <name>Okaukuejo</name>
      <description>donde se duerme · D9, D10</description>
      <Point><coordinates>15.9179,-19.1808,0</coordinates></Point>
    </Placemark>
    <Placemark>
      <name>Halali</name>
      <description>donde se duerme · D10, D11</description>
      <Point><coordinates>16.4722,-19.0356,0</coordinates></Point>
    </Placemark>
    <Placemark>
      <name>Namutoni</name>
      <description>donde se duerme · D11, D12</description>
      <Point><coordinates>16.9405,-18.8059,0</coordinates></Point>
    </Placemark>
    <Placemark>
      <name>Puerta de Von Lindequist</name>
      <description>puerta de parque, con horario · D12, D13</description>
      <Point><coordinates>17.0433,-18.8034,0</coordinates></Point>
    </Placemark>
    <Placemark>
      <name>Onguma · Tamboti</name>
      <description>donde se duerme · D12, D13</description>
      <Point><coordinates>17.05919,-18.78191,0</coordinates></Point>
    </Placemark>
    <Placemark>
      <name>Twee Palms · Fischer's Pan</name>
      <description>lo que se visita · D12</description>
      <Point><coordinates>17.0299,-18.7656,0</coordinates></Point>
    </Placemark>
    <Placemark>
      <name>Chudob</name>
      <description>lo que se visita · D11, D12</description>
      <Point><coordinates>16.9249,-18.8582,0</coordinates></Point>
    </Placemark>
    <Placemark>
      <name>Gemsbokvlakte</name>
      <description>lo que se visita · D10</description>
      <Point><coordinates>16.0583,-19.2134,0</coordinates></Point>
    </Placemark>
    <Placemark>
      <name>Salvadora</name>
      <description>lo que se visita · D10</description>
      <Point><coordinates>16.2697,-19.0346,0</coordinates></Point>
    </Placemark>
    <Placemark>
      <name>Goas</name>
      <description>lo que se visita · D11</description>
      <Point><coordinates>16.5584,-18.989,0</coordinates></Point>
    </Placemark>
  </Folder>
</Document></kml>
