<?xml version="1.0" encoding="UTF-8"?>
<gpx version="1.1" creator="Namibia 2026 · fuente/gps.py"
     xmlns="http://www.topografix.com/GPX/1/1">
  <metadata>
    <name>Namibia 2026 · la clasica del norte</name>
    <desc>15 etapas, 14 noches, ~2798 km. Trazado con OSRM sobre OpenStreetMap.</desc>
  </metadata>
  <wpt lat="-22.57761" lon="17.07727">
    <name>Windhoek</name>
    <desc>nucleo de referencia · D0, D1, D13, D14</desc>
    <sym>City (Medium)</sym>
    <type>ciudad</type>
  </wpt>
  <wpt lat="-22.4822" lon="17.47205">
    <name>Aeropuerto Hosea Kutako</name>
    <desc>lo que se visita · D0, D14</desc>
    <sym>Flag, Blue</sym>
    <type>hito</type>
  </wpt>
  <wpt lat="-23.3151" lon="17.0817">
    <name>Rehoboth</name>
    <desc>nucleo de referencia · D1</desc>
    <sym>City (Medium)</sym>
    <type>ciudad</type>
  </wpt>
  <wpt lat="-21.97923" lon="16.91282">
    <name>Okahandja</name>
    <desc>nucleo de referencia · D13</desc>
    <sym>City (Medium)</sym>
    <type>ciudad</type>
  </wpt>
  <wpt lat="-20.46093" lon="16.65121">
    <name>Otjiwarongo</name>
    <desc>gasolinera de las obligatorias · D13</desc>
    <sym>Gas Station</sym>
    <type>combu</type>
  </wpt>
  <wpt lat="-19.24672" lon="17.71622">
    <name>Tsumeb</name>
    <desc>nucleo de referencia · D13</desc>
    <sym>City (Medium)</sym>
    <type>ciudad</type>
  </wpt>
  <wpt lat="-23.65792" lon="16.18549">
    <name>Paso de Spreetshoogte</name>
    <desc>puerto de montana · D1, D2</desc>
    <sym>Summit</sym>
    <type>paso</type>
  </wpt>
  <wpt lat="-23.89429" lon="16.00553">
    <name>Solitaire</name>
    <desc>gasolinera de las obligatorias · D2, D4</desc>
    <sym>Gas Station</sym>
    <type>combu</type>
  </wpt>
  <wpt lat="-24.48713" lon="15.79849">
    <name>Sesriem</name>
    <desc>donde se duerme · D2, D3, D4</desc>
    <sym>Campground</sym>
    <type>parada</type>
  </wpt>
  <wpt lat="-24.72952" lon="15.47192">
    <name>Duna 45</name>
    <desc>lo que se visita · D3</desc>
    <sym>Flag, Blue</sym>
    <type>hito</type>
  </wpt>
  <wpt lat="-24.73953" lon="15.29236">
    <name>Sossusvlei</name>
    <desc>lo que se visita · D3</desc>
    <sym>Flag, Blue</sym>
    <type>hito</type>
  </wpt>
  <wpt lat="-24.76299" lon="15.2944">
    <name>Deadvlei</name>
    <desc>lo que se visita</desc>
    <sym>Flag, Blue</sym>
    <type>hito</type>
  </wpt>
  <wpt lat="-22.95576" lon="14.50711">
    <name>Walvis Bay</name>
    <desc>donde se duerme · D4, D5, D6</desc>
    <sym>Campground</sym>
    <type>parada</type>
  </wpt>
  <wpt lat="-22.67684" lon="14.52897">
    <name>Swakopmund</name>
    <desc>nucleo de referencia · D6</desc>
    <sym>City (Medium)</sym>
    <type>ciudad</type>
  </wpt>
  <wpt lat="-22.11597" lon="14.28266">
    <name>Henties Bay</name>
    <desc>gasolinera de las obligatorias · D6</desc>
    <sym>Gas Station</sym>
    <type>combu</type>
  </wpt>
  <wpt lat="-21.77145" lon="13.95196">
    <name>Cape Cross</name>
    <desc>lo que se visita · D6</desc>
    <sym>Flag, Blue</sym>
    <type>hito</type>
  </wpt>
  <wpt lat="-21.1727" lon="13.6695">
    <name>Puerta de Ugabmund</name>
    <desc>puerta de parque, con horario · D6</desc>
    <sym>Flag, Red</sym>
    <type>puerta</type>
  </wpt>
  <wpt lat="-20.32287" lon="13.23804">
    <name>Torra Bay</name>
    <desc>lo que se visita</desc>
    <sym>Flag, Blue</sym>
    <type>hito</type>
  </wpt>
  <wpt lat="-19.98772" lon="13.03254">
    <name>Terrace Bay</name>
    <desc>donde se duerme · D6, D7</desc>
    <sym>Campground</sym>
    <type>parada</type>
  </wpt>
  <wpt lat="-20.31055" lon="13.64769">
    <name>Puerta de Springbokwasser</name>
    <desc>puerta de parque, con horario · D7</desc>
    <sym>Flag, Red</sym>
    <type>puerta</type>
  </wpt>
  <wpt lat="-20.54842" lon="14.41099">
    <name>Twyfelfontein</name>
    <desc>lo que se visita · D7, D8</desc>
    <sym>Flag, Blue</sym>
    <type>hito</type>
  </wpt>
  <wpt lat="-20.37384" lon="14.96042">
    <name>Khorixas</name>
    <desc>nucleo de referencia</desc>
    <sym>City (Medium)</sym>
    <type>ciudad</type>
  </wpt>
  <wpt lat="-19.88436" lon="13.94799">
    <name>Palmwag</name>
    <desc>lo que se visita · D8</desc>
    <sym>Flag, Blue</sym>
    <type>hito</type>
  </wpt>
  <wpt lat="-19.84295" lon="14.1282">
    <name>Paso de Grootberg</name>
    <desc>puerto de montana · D8</desc>
    <sym>Summit</sym>
    <type>paso</type>
  </wpt>
  <wpt lat="-19.73222" lon="14.30791">
    <name>Hoada</name>
    <desc>donde se duerme · D8, D9</desc>
    <sym>Campground</sym>
    <type>parada</type>
  </wpt>
  <wpt lat="-19.62841" lon="14.84336">
    <name>Kamanjab</name>
    <desc>gasolinera de las obligatorias · D9</desc>
    <sym>Gas Station</sym>
    <type>combu</type>
  </wpt>
  <wpt lat="-20.11186" lon="16.15669">
    <name>Outjo</name>
    <desc>gasolinera de las obligatorias · D9</desc>
    <sym>Gas Station</sym>
    <type>combu</type>
  </wpt>
  <wpt lat="-19.3313" lon="15.9401">
    <name>Puerta de Andersson</name>
    <desc>puerta de parque, con horario · D9</desc>
    <sym>Flag, Red</sym>
    <type>puerta</type>
  </wpt>
  <wpt lat="-19.3147" lon="14.4816">
    <name>Puerta de Galton</name>
    <desc>puerta de parque, con horario</desc>
    <sym>Flag, Red</sym>
    <type>puerta</type>
  </wpt>
  <wpt lat="-19.1808" lon="15.9179">
    <name>Okaukuejo</name>
    <desc>donde se duerme · D9, D10</desc>
    <sym>Campground</sym>
    <type>parada</type>
  </wpt>
  <wpt lat="-19.0356" lon="16.4722">
    <name>Halali</name>
    <desc>donde se duerme · D10, D11</desc>
    <sym>Campground</sym>
    <type>parada</type>
  </wpt>
  <wpt lat="-18.8059" lon="16.9405">
    <name>Namutoni</name>
    <desc>donde se duerme · D11, D12</desc>
    <sym>Campground</sym>
    <type>parada</type>
  </wpt>
  <wpt lat="-18.8034" lon="17.0433">
    <name>Puerta de Von Lindequist</name>
    <desc>puerta de parque, con horario · D11, D12, D13</desc>
    <sym>Flag, Red</sym>
    <type>puerta</type>
  </wpt>
  <wpt lat="-18.78191" lon="17.05919">
    <name>Onguma · Tamboti</name>
    <desc>donde se duerme · D11, D12, D13</desc>
    <sym>Campground</sym>
    <type>parada</type>
  </wpt>
  <wpt lat="-18.7656" lon="17.0299">
    <name>Twee Palms · Fischer's Pan</name>
    <desc>lo que se visita · D12</desc>
    <sym>Flag, Blue</sym>
    <type>hito</type>
  </wpt>
  <wpt lat="-18.8582" lon="16.9249">
    <name>Chudob</name>
    <desc>lo que se visita · D11, D12</desc>
    <sym>Flag, Blue</sym>
    <type>hito</type>
  </wpt>
  <wpt lat="-19.2134" lon="16.0583">
    <name>Gemsbokvlakte</name>
    <desc>lo que se visita · D10</desc>
    <sym>Flag, Blue</sym>
    <type>hito</type>
  </wpt>
  <wpt lat="-19.0346" lon="16.2697">
    <name>Salvadora</name>
    <desc>lo que se visita · D10</desc>
    <sym>Flag, Blue</sym>
    <type>hito</type>
  </wpt>
  <wpt lat="-18.989" lon="16.5584">
    <name>Goas</name>
    <desc>lo que se visita · D11</desc>
    <sym>Flag, Blue</sym>
    <type>hito</type>
  </wpt>
  <trk>
    <name>D0 · Llegada, coche y compra en Windhoek</name>
    <desc>31 oct · 46 km · ~0.6 h</desc>
    <trkseg>
      <trkpt lat="-22.4871" lon="17.4692"/>
      <trkpt lat="-22.4871" lon="17.4692"/>
      <trkpt lat="-22.4871" lon="17.4692"/>
      <trkpt lat="-22.4872" lon="17.4692"/>
      <trkpt lat="-22.4872" lon="17.4693"/>
      <trkpt lat="-22.4872" lon="17.4693"/>
      <trkpt lat="-22.4873" lon="17.4692"/>
      <trkpt lat="-22.4873" lon="17.4692"/>
      <trkpt lat="-22.4873" lon="17.4692"/>
      <trkpt lat="-22.4873" lon="17.4692"/>
      <trkpt lat="-22.4873" lon="17.4691"/>
      <trkpt lat="-22.4873" lon="17.4691"/>
      <trkpt lat="-22.4873" lon="17.4691"/>
      <trkpt lat="-22.4873" lon="17.469"/>
      <trkpt lat="-22.4874" lon="17.4687"/>
      <trkpt lat="-22.4878" lon="17.468"/>
      <trkpt lat="-22.4881" lon="17.4672"/>
      <trkpt lat="-22.4883" lon="17.4669"/>
      <trkpt lat="-22.4886" lon="17.4661"/>
      <trkpt lat="-22.4887" lon="17.466"/>
      <trkpt lat="-22.4887" lon="17.4659"/>
      <trkpt lat="-22.4884" lon="17.4658"/>
      <trkpt lat="-22.4886" lon="17.4654"/>
      <trkpt lat="-22.4886" lon="17.4654"/>
      <trkpt lat="-22.4887" lon="17.4654"/>
      <trkpt lat="-22.4887" lon="17.4654"/>
      <trkpt lat="-22.4887" lon="17.4653"/>
      <trkpt lat="-22.4888" lon="17.4653"/>
      <trkpt lat="-22.4889" lon="17.4653"/>
      <trkpt lat="-22.4889" lon="17.4653"/>
      <trkpt lat="-22.489" lon="17.4653"/>
      <trkpt lat="-22.4891" lon="17.4652"/>
      <trkpt lat="-22.4891" lon="17.4652"/>
      <trkpt lat="-22.4892" lon="17.4652"/>
      <trkpt lat="-22.4892" lon="17.4652"/>
      <trkpt lat="-22.4893" lon="17.4652"/>
      <trkpt lat="-22.4893" lon="17.4652"/>
      <trkpt lat="-22.4894" lon="17.4652"/>
      <trkpt lat="-22.4896" lon="17.4653"/>
      <trkpt lat="-22.4897" lon="17.4653"/>
      <trkpt lat="-22.4899" lon="17.4654"/>
      <trkpt lat="-22.4902" lon="17.4654"/>
      <trkpt lat="-22.4906" lon="17.4654"/>
      <trkpt lat="-22.491" lon="17.4655"/>
      <trkpt lat="-22.4912" lon="17.4654"/>
      <trkpt lat="-22.4918" lon="17.4653"/>
      <trkpt lat="-22.4931" lon="17.4649"/>
      <trkpt lat="-22.4948" lon="17.4644"/>
      <trkpt lat="-22.4951" lon="17.4643"/>
      <trkpt lat="-22.4952" lon="17.4643"/>
      <trkpt lat="-22.4955" lon="17.4642"/>
      <trkpt lat="-22.4957" lon="17.4642"/>
      <trkpt lat="-22.496" lon="17.4641"/>
      <trkpt lat="-22.4965" lon="17.464"/>
      <trkpt lat="-22.497" lon="17.464"/>
      <trkpt lat="-22.4972" lon="17.4641"/>
      <trkpt lat="-22.4973" lon="17.4641"/>
      <trkpt lat="-22.4974" lon="17.4641"/>
      <trkpt lat="-22.4974" lon="17.4641"/>
      <trkpt lat="-22.4975" lon="17.4641"/>
      <trkpt lat="-22.4975" lon="17.4642"/>
      <trkpt lat="-22.4975" lon="17.4642"/>
      <trkpt lat="-22.4976" lon="17.4642"/>
      <trkpt lat="-22.4976" lon="17.4642"/>
      <trkpt lat="-22.4977" lon="17.4641"/>
      <trkpt lat="-22.4977" lon="17.4641"/>
      <trkpt lat="-22.4977" lon="17.4641"/>
      <trkpt lat="-22.4977" lon="17.4641"/>
      <trkpt lat="-22.4977" lon="17.464"/>
      <trkpt lat="-22.4977" lon="17.4639"/>
      <trkpt lat="-22.4977" lon="17.4639"/>
      <trkpt lat="-22.4977" lon="17.4639"/>
      <trkpt lat="-22.4977" lon="17.4639"/>
      <trkpt lat="-22.4976" lon="17.4636"/>
      <trkpt lat="-22.4975" lon="17.4633"/>
      <trkpt lat="-22.4974" lon="17.4624"/>
      <trkpt lat="-22.4973" lon="17.4616"/>
      <trkpt lat="-22.4968" lon="17.459"/>
      <trkpt lat="-22.4967" lon="17.4585"/>
      <trkpt lat="-22.4965" lon="17.4572"/>
      <trkpt lat="-22.4961" lon="17.455"/>
      <trkpt lat="-22.496" lon="17.454"/>
      <trkpt lat="-22.4959" lon="17.453"/>
      <trkpt lat="-22.4959" lon="17.4522"/>
      <trkpt lat="-22.4959" lon="17.4515"/>
      <trkpt lat="-22.496" lon="17.4506"/>
      <trkpt lat="-22.4962" lon="17.4499"/>
      <trkpt lat="-22.4966" lon="17.4478"/>
      <trkpt lat="-22.4971" lon="17.4451"/>
      <trkpt lat="-22.498" lon="17.4406"/>
      <trkpt lat="-22.4985" lon="17.4378"/>
      <trkpt lat="-22.5" lon="17.4302"/>
      <trkpt lat="-22.5026" lon="17.417"/>
      <trkpt lat="-22.5039" lon="17.4104"/>
      <trkpt lat="-22.5052" lon="17.404"/>
      <trkpt lat="-22.5056" lon="17.4021"/>
      <trkpt lat="-22.5077" lon="17.3912"/>
      <trkpt lat="-22.5082" lon="17.3888"/>
      <trkpt lat="-22.5083" lon="17.3882"/>
      <trkpt lat="-22.5086" lon="17.3867"/>
      <trkpt lat="-22.5094" lon="17.3827"/>
      <trkpt lat="-22.5103" lon="17.378"/>
      <trkpt lat="-22.5107" lon="17.3756"/>
      <trkpt lat="-22.5109" lon="17.375"/>
      <trkpt lat="-22.5111" lon="17.3744"/>
      <trkpt lat="-22.5113" lon="17.3739"/>
      <trkpt lat="-22.5115" lon="17.3734"/>
      <trkpt lat="-22.5118" lon="17.3728"/>
      <trkpt lat="-22.5121" lon="17.3722"/>
      <trkpt lat="-22.5131" lon="17.3708"/>
      <trkpt lat="-22.5164" lon="17.366"/>
      <trkpt lat="-22.519" lon="17.3622"/>
      <trkpt lat="-22.5202" lon="17.3604"/>
      <trkpt lat="-22.5214" lon="17.3586"/>
      <trkpt lat="-22.5239" lon="17.355"/>
      <trkpt lat="-22.5244" lon="17.3543"/>
      <trkpt lat="-22.5248" lon="17.3535"/>
      <trkpt lat="-22.525" lon="17.3531"/>
      <trkpt lat="-22.5252" lon="17.3527"/>
      <trkpt lat="-22.5256" lon="17.3518"/>
      <trkpt lat="-22.5263" lon="17.3502"/>
      <trkpt lat="-22.5264" lon="17.3498"/>
      <trkpt lat="-22.5281" lon="17.3455"/>
      <trkpt lat="-22.5295" lon="17.3422"/>
      <trkpt lat="-22.5311" lon="17.3383"/>
      <trkpt lat="-22.5325" lon="17.3347"/>
      <trkpt lat="-22.533" lon="17.3335"/>
      <trkpt lat="-22.5335" lon="17.3323"/>
      <trkpt lat="-22.5338" lon="17.3317"/>
      <trkpt lat="-22.5341" lon="17.3309"/>
      <trkpt lat="-22.5342" lon="17.3305"/>
      <trkpt lat="-22.5362" lon="17.3257"/>
      <trkpt lat="-22.5368" lon="17.3243"/>
      <trkpt lat="-22.5397" lon="17.3172"/>
      <trkpt lat="-22.5408" lon="17.3144"/>
      <trkpt lat="-22.5409" lon="17.3141"/>
      <trkpt lat="-22.5417" lon="17.3123"/>
      <trkpt lat="-22.5418" lon="17.312"/>
      <trkpt lat="-22.5441" lon="17.3063"/>
      <trkpt lat="-22.5453" lon="17.3032"/>
      <trkpt lat="-22.5455" lon="17.3027"/>
      <trkpt lat="-22.5456" lon="17.3023"/>
      <trkpt lat="-22.5458" lon="17.3018"/>
      <trkpt lat="-22.5459" lon="17.3013"/>
      <trkpt lat="-22.5459" lon="17.3006"/>
      <trkpt lat="-22.546" lon="17.2998"/>
      <trkpt lat="-22.5462" lon="17.2967"/>
      <trkpt lat="-22.5463" lon="17.2958"/>
      <trkpt lat="-22.5464" lon="17.2951"/>
      <trkpt lat="-22.5465" lon="17.2943"/>
      <trkpt lat="-22.5466" lon="17.294"/>
      <trkpt lat="-22.5469" lon="17.2931"/>
      <trkpt lat="-22.5472" lon="17.2921"/>
      <trkpt lat="-22.5472" lon="17.2917"/>
      <trkpt lat="-22.5476" lon="17.2905"/>
      <trkpt lat="-22.5481" lon="17.2888"/>
      <trkpt lat="-22.549" lon="17.2858"/>
      <trkpt lat="-22.5506" lon="17.2804"/>
      <trkpt lat="-22.5508" lon="17.2797"/>
      <trkpt lat="-22.551" lon="17.2792"/>
      <trkpt lat="-22.5515" lon="17.2777"/>
      <trkpt lat="-22.5518" lon="17.2767"/>
      <trkpt lat="-22.552" lon="17.276"/>
      <trkpt lat="-22.5521" lon="17.2756"/>
      <trkpt lat="-22.5521" lon="17.2751"/>
      <trkpt lat="-22.5522" lon="17.2745"/>
      <trkpt lat="-22.5522" lon="17.2739"/>
      <trkpt lat="-22.5521" lon="17.2733"/>
      <trkpt lat="-22.552" lon="17.2727"/>
      <trkpt lat="-22.5518" lon="17.2721"/>
      <trkpt lat="-22.5517" lon="17.2717"/>
      <trkpt lat="-22.5514" lon="17.2713"/>
      <trkpt lat="-22.5511" lon="17.2708"/>
      <trkpt lat="-22.5507" lon="17.2704"/>
      <trkpt lat="-22.5504" lon="17.27"/>
      <trkpt lat="-22.55" lon="17.2697"/>
      <trkpt lat="-22.5484" lon="17.2683"/>
      <trkpt lat="-22.5482" lon="17.2682"/>
      <trkpt lat="-22.5479" lon="17.2678"/>
      <trkpt lat="-22.5475" lon="17.2674"/>
      <trkpt lat="-22.5473" lon="17.2671"/>
      <trkpt lat="-22.5471" lon="17.2667"/>
      <trkpt lat="-22.5469" lon="17.2664"/>
      <trkpt lat="-22.5467" lon="17.2658"/>
      <trkpt lat="-22.5466" lon="17.2655"/>
      <trkpt lat="-22.5465" lon="17.2651"/>
      <trkpt lat="-22.5465" lon="17.2647"/>
      <trkpt lat="-22.5464" lon="17.2641"/>
      <trkpt lat="-22.5464" lon="17.2637"/>
      <trkpt lat="-22.5465" lon="17.2635"/>
      <trkpt lat="-22.5465" lon="17.2633"/>
      <trkpt lat="-22.5466" lon="17.2628"/>
      <trkpt lat="-22.5467" lon="17.2623"/>
      <trkpt lat="-22.5473" lon="17.2604"/>
      <trkpt lat="-22.5474" lon="17.2602"/>
      <trkpt lat="-22.5474" lon="17.2601"/>
      <trkpt lat="-22.5475" lon="17.26"/>
      <trkpt lat="-22.5475" lon="17.2599"/>
      <trkpt lat="-22.5476" lon="17.2594"/>
      <trkpt lat="-22.5476" lon="17.2593"/>
      <trkpt lat="-22.5476" lon="17.2591"/>
      <trkpt lat="-22.5477" lon="17.2588"/>
      <trkpt lat="-22.5477" lon="17.2582"/>
      <trkpt lat="-22.5477" lon="17.2581"/>
      <trkpt lat="-22.5477" lon="17.2581"/>
      <trkpt lat="-22.548" lon="17.2538"/>
      <trkpt lat="-22.5482" lon="17.2514"/>
      <trkpt lat="-22.5482" lon="17.2511"/>
      <trkpt lat="-22.5483" lon="17.2503"/>
      <trkpt lat="-22.5483" lon="17.2499"/>
      <trkpt lat="-22.5484" lon="17.2495"/>
      <trkpt lat="-22.5484" lon="17.2491"/>
      <trkpt lat="-22.5485" lon="17.2489"/>
      <trkpt lat="-22.5486" lon="17.2486"/>
      <trkpt lat="-22.5486" lon="17.2486"/>
      <trkpt lat="-22.5488" lon="17.2482"/>
      <trkpt lat="-22.549" lon="17.2477"/>
      <trkpt lat="-22.5495" lon="17.2468"/>
      <trkpt lat="-22.5498" lon="17.2464"/>
      <trkpt lat="-22.55" lon="17.2458"/>
      <trkpt lat="-22.5507" lon="17.244"/>
      <trkpt lat="-22.5512" lon="17.2427"/>
      <trkpt lat="-22.5513" lon="17.2424"/>
      <trkpt lat="-22.5515" lon="17.2414"/>
      <trkpt lat="-22.5516" lon="17.2411"/>
      <trkpt lat="-22.552" lon="17.2391"/>
      <trkpt lat="-22.5526" lon="17.2368"/>
      <trkpt lat="-22.5529" lon="17.2349"/>
      <trkpt lat="-22.553" lon="17.2346"/>
      <trkpt lat="-22.5531" lon="17.234"/>
      <trkpt lat="-22.5531" lon="17.2337"/>
      <trkpt lat="-22.5531" lon="17.2334"/>
      <trkpt lat="-22.5532" lon="17.2325"/>
      <trkpt lat="-22.5532" lon="17.2323"/>
      <trkpt lat="-22.5532" lon="17.232"/>
      <trkpt lat="-22.5534" lon="17.2314"/>
      <trkpt lat="-22.5535" lon="17.2311"/>
      <trkpt lat="-22.554" lon="17.2298"/>
      <trkpt lat="-22.5541" lon="17.2294"/>
      <trkpt lat="-22.5547" lon="17.2277"/>
      <trkpt lat="-22.5548" lon="17.2274"/>
      <trkpt lat="-22.5549" lon="17.227"/>
      <trkpt lat="-22.555" lon="17.2264"/>
      <trkpt lat="-22.5551" lon="17.226"/>
      <trkpt lat="-22.5551" lon="17.2254"/>
      <trkpt lat="-22.5551" lon="17.225"/>
      <trkpt lat="-22.5551" lon="17.223"/>
      <trkpt lat="-22.5551" lon="17.2229"/>
      <trkpt lat="-22.5552" lon="17.2206"/>
      <trkpt lat="-22.5552" lon="17.22"/>
      <trkpt lat="-22.5552" lon="17.2194"/>
      <trkpt lat="-22.5552" lon="17.2193"/>
      <trkpt lat="-22.5552" lon="17.2185"/>
      <trkpt lat="-22.5552" lon="17.2184"/>
      <trkpt lat="-22.5553" lon="17.2148"/>
      <trkpt lat="-22.5553" lon="17.2128"/>
      <trkpt lat="-22.5554" lon="17.2108"/>
      <trkpt lat="-22.5554" lon="17.2099"/>
      <trkpt lat="-22.5554" lon="17.2091"/>
      <trkpt lat="-22.5554" lon="17.2079"/>
      <trkpt lat="-22.5554" lon="17.2066"/>
      <trkpt lat="-22.5555" lon="17.2061"/>
      <trkpt lat="-22.5556" lon="17.2056"/>
      <trkpt lat="-22.5558" lon="17.205"/>
      <trkpt lat="-22.5564" lon="17.2036"/>
      <trkpt lat="-22.5566" lon="17.2031"/>
      <trkpt lat="-22.5569" lon="17.2027"/>
      <trkpt lat="-22.5592" lon="17.1999"/>
      <trkpt lat="-22.5596" lon="17.1991"/>
      <trkpt lat="-22.5601" lon="17.1984"/>
      <trkpt lat="-22.5603" lon="17.1977"/>
      <trkpt lat="-22.5605" lon="17.1971"/>
      <trkpt lat="-22.5607" lon="17.1964"/>
      <trkpt lat="-22.5608" lon="17.1957"/>
      <trkpt lat="-22.5611" lon="17.1944"/>
      <trkpt lat="-22.5614" lon="17.1929"/>
      <trkpt lat="-22.5615" lon="17.1925"/>
      <trkpt lat="-22.5616" lon="17.1921"/>
      <trkpt lat="-22.5618" lon="17.1918"/>
      <trkpt lat="-22.5621" lon="17.1914"/>
      <trkpt lat="-22.5623" lon="17.1912"/>
      <trkpt lat="-22.5627" lon="17.1908"/>
      <trkpt lat="-22.5631" lon="17.1905"/>
      <trkpt lat="-22.5631" lon="17.1905"/>
      <trkpt lat="-22.5654" lon="17.1891"/>
      <trkpt lat="-22.5657" lon="17.1888"/>
      <trkpt lat="-22.566" lon="17.1886"/>
      <trkpt lat="-22.5662" lon="17.1883"/>
      <trkpt lat="-22.5665" lon="17.188"/>
      <trkpt lat="-22.5667" lon="17.1876"/>
      <trkpt lat="-22.5668" lon="17.1872"/>
      <trkpt lat="-22.5669" lon="17.1867"/>
      <trkpt lat="-22.567" lon="17.186"/>
      <trkpt lat="-22.567" lon="17.1854"/>
      <trkpt lat="-22.5671" lon="17.184"/>
      <trkpt lat="-22.5671" lon="17.1836"/>
      <trkpt lat="-22.5671" lon="17.1832"/>
      <trkpt lat="-22.5673" lon="17.1828"/>
      <trkpt lat="-22.5674" lon="17.1824"/>
      <trkpt lat="-22.5677" lon="17.182"/>
      <trkpt lat="-22.5684" lon="17.181"/>
      <trkpt lat="-22.5689" lon="17.1802"/>
      <trkpt lat="-22.569" lon="17.1799"/>
      <trkpt lat="-22.5692" lon="17.1797"/>
      <trkpt lat="-22.5694" lon="17.1794"/>
      <trkpt lat="-22.5701" lon="17.1787"/>
      <trkpt lat="-22.5705" lon="17.1783"/>
      <trkpt lat="-22.5707" lon="17.178"/>
      <trkpt lat="-22.5709" lon="17.1777"/>
      <trkpt lat="-22.571" lon="17.1774"/>
      <trkpt lat="-22.5711" lon="17.1773"/>
      <trkpt lat="-22.5712" lon="17.177"/>
      <trkpt lat="-22.5712" lon="17.1766"/>
      <trkpt lat="-22.5713" lon="17.1761"/>
      <trkpt lat="-22.5713" lon="17.1752"/>
      <trkpt lat="-22.5713" lon="17.1746"/>
      <trkpt lat="-22.5713" lon="17.1743"/>
      <trkpt lat="-22.5713" lon="17.1741"/>
      <trkpt lat="-22.5714" lon="17.1738"/>
      <trkpt lat="-22.5715" lon="17.1734"/>
      <trkpt lat="-22.5717" lon="17.173"/>
      <trkpt lat="-22.5722" lon="17.1724"/>
      <trkpt lat="-22.5731" lon="17.171"/>
      <trkpt lat="-22.5737" lon="17.17"/>
      <trkpt lat="-22.5738" lon="17.1698"/>
      <trkpt lat="-22.5739" lon="17.1696"/>
      <trkpt lat="-22.574" lon="17.1693"/>
      <trkpt lat="-22.5741" lon="17.1688"/>
      <trkpt lat="-22.5742" lon="17.1682"/>
      <trkpt lat="-22.5743" lon="17.1679"/>
      <trkpt lat="-22.5744" lon="17.1675"/>
      <trkpt lat="-22.5746" lon="17.1672"/>
      <trkpt lat="-22.5756" lon="17.1654"/>
      <trkpt lat="-22.5758" lon="17.1651"/>
      <trkpt lat="-22.576" lon="17.1647"/>
      <trkpt lat="-22.5761" lon="17.1643"/>
      <trkpt lat="-22.5762" lon="17.1638"/>
      <trkpt lat="-22.5762" lon="17.1635"/>
      <trkpt lat="-22.5763" lon="17.1626"/>
      <trkpt lat="-22.5764" lon="17.1618"/>
      <trkpt lat="-22.5765" lon="17.1613"/>
      <trkpt lat="-22.5766" lon="17.1609"/>
      <trkpt lat="-22.5771" lon="17.1592"/>
      <trkpt lat="-22.5772" lon="17.1589"/>
      <trkpt lat="-22.5777" lon="17.1571"/>
      <trkpt lat="-22.5778" lon="17.1568"/>
      <trkpt lat="-22.5779" lon="17.1562"/>
      <trkpt lat="-22.578" lon="17.1558"/>
      <trkpt lat="-22.578" lon="17.1554"/>
      <trkpt lat="-22.578" lon="17.1545"/>
      <trkpt lat="-22.5781" lon="17.1541"/>
      <trkpt lat="-22.5781" lon="17.1536"/>
      <trkpt lat="-22.5782" lon="17.1531"/>
      <trkpt lat="-22.5785" lon="17.1525"/>
      <trkpt lat="-22.5793" lon="17.1508"/>
      <trkpt lat="-22.5795" lon="17.1504"/>
      <trkpt lat="-22.5798" lon="17.15"/>
      <trkpt lat="-22.58" lon="17.1497"/>
      <trkpt lat="-22.5804" lon="17.1493"/>
      <trkpt lat="-22.5807" lon="17.1491"/>
      <trkpt lat="-22.5812" lon="17.1488"/>
      <trkpt lat="-22.5815" lon="17.1487"/>
      <trkpt lat="-22.5821" lon="17.1485"/>
      <trkpt lat="-22.5824" lon="17.1484"/>
      <trkpt lat="-22.5827" lon="17.1482"/>
      <trkpt lat="-22.5829" lon="17.1482"/>
      <trkpt lat="-22.583" lon="17.1481"/>
      <trkpt lat="-22.5833" lon="17.1479"/>
      <trkpt lat="-22.5836" lon="17.1476"/>
      <trkpt lat="-22.5839" lon="17.1473"/>
      <trkpt lat="-22.5841" lon="17.1471"/>
      <trkpt lat="-22.5846" lon="17.1467"/>
      <trkpt lat="-22.585" lon="17.1463"/>
      <trkpt lat="-22.5853" lon="17.1461"/>
      <trkpt lat="-22.5855" lon="17.1459"/>
      <trkpt lat="-22.5857" lon="17.1457"/>
      <trkpt lat="-22.5858" lon="17.1456"/>
      <trkpt lat="-22.5858" lon="17.1455"/>
      <trkpt lat="-22.586" lon="17.1453"/>
      <trkpt lat="-22.5863" lon="17.1449"/>
      <trkpt lat="-22.5864" lon="17.1445"/>
      <trkpt lat="-22.5865" lon="17.1441"/>
      <trkpt lat="-22.5866" lon="17.1436"/>
      <trkpt lat="-22.5867" lon="17.1433"/>
      <trkpt lat="-22.5866" lon="17.1428"/>
      <trkpt lat="-22.5866" lon="17.1424"/>
      <trkpt lat="-22.5864" lon="17.142"/>
      <trkpt lat="-22.5863" lon="17.1417"/>
      <trkpt lat="-22.5861" lon="17.1413"/>
      <trkpt lat="-22.5859" lon="17.141"/>
      <trkpt lat="-22.5857" lon="17.1408"/>
      <trkpt lat="-22.5855" lon="17.1406"/>
      <trkpt lat="-22.5852" lon="17.1403"/>
      <trkpt lat="-22.5849" lon="17.1401"/>
      <trkpt lat="-22.5843" lon="17.1396"/>
      <trkpt lat="-22.584" lon="17.1393"/>
      <trkpt lat="-22.5837" lon="17.1391"/>
      <trkpt lat="-22.5835" lon="17.1389"/>
      <trkpt lat="-22.5832" lon="17.1386"/>
      <trkpt lat="-22.583" lon="17.1382"/>
      <trkpt lat="-22.5828" lon="17.1378"/>
      <trkpt lat="-22.5827" lon="17.1375"/>
      <trkpt lat="-22.5826" lon="17.1371"/>
      <trkpt lat="-22.5825" lon="17.1368"/>
      <trkpt lat="-22.5825" lon="17.1365"/>
      <trkpt lat="-22.5825" lon="17.1359"/>
      <trkpt lat="-22.5826" lon="17.1354"/>
      <trkpt lat="-22.5826" lon="17.1351"/>
      <trkpt lat="-22.5827" lon="17.1344"/>
      <trkpt lat="-22.5828" lon="17.1339"/>
      <trkpt lat="-22.5828" lon="17.1337"/>
      <trkpt lat="-22.5828" lon="17.133"/>
      <trkpt lat="-22.5828" lon="17.1328"/>
      <trkpt lat="-22.5827" lon="17.1319"/>
      <trkpt lat="-22.5826" lon="17.1314"/>
      <trkpt lat="-22.5825" lon="17.1311"/>
      <trkpt lat="-22.5824" lon="17.1306"/>
      <trkpt lat="-22.5822" lon="17.13"/>
      <trkpt lat="-22.582" lon="17.1295"/>
      <trkpt lat="-22.5816" lon="17.1288"/>
      <trkpt lat="-22.5809" lon="17.1274"/>
      <trkpt lat="-22.5808" lon="17.1272"/>
      <trkpt lat="-22.5808" lon="17.127"/>
      <trkpt lat="-22.5803" lon="17.126"/>
      <trkpt lat="-22.5802" lon="17.1259"/>
      <trkpt lat="-22.58" lon="17.1256"/>
      <trkpt lat="-22.58" lon="17.1255"/>
      <trkpt lat="-22.5799" lon="17.1255"/>
      <trkpt lat="-22.5798" lon="17.1253"/>
      <trkpt lat="-22.5796" lon="17.1249"/>
      <trkpt lat="-22.5796" lon="17.1248"/>
      <trkpt lat="-22.5794" lon="17.1246"/>
      <trkpt lat="-22.5793" lon="17.1243"/>
      <trkpt lat="-22.5791" lon="17.1239"/>
      <trkpt lat="-22.5791" lon="17.1239"/>
      <trkpt lat="-22.5791" lon="17.1236"/>
      <trkpt lat="-22.579" lon="17.1233"/>
      <trkpt lat="-22.5789" lon="17.1228"/>
      <trkpt lat="-22.5789" lon="17.1224"/>
      <trkpt lat="-22.5789" lon="17.1221"/>
      <trkpt lat="-22.5791" lon="17.1211"/>
      <trkpt lat="-22.5792" lon="17.1205"/>
      <trkpt lat="-22.5793" lon="17.1199"/>
      <trkpt lat="-22.5793" lon="17.1195"/>
      <trkpt lat="-22.5794" lon="17.1188"/>
      <trkpt lat="-22.5795" lon="17.1186"/>
      <trkpt lat="-22.5795" lon="17.1183"/>
      <trkpt lat="-22.5797" lon="17.118"/>
      <trkpt lat="-22.5799" lon="17.1174"/>
      <trkpt lat="-22.58" lon="17.1171"/>
      <trkpt lat="-22.58" lon="17.117"/>
      <trkpt lat="-22.5799" lon="17.1169"/>
      <trkpt lat="-22.5796" lon="17.1166"/>
      <trkpt lat="-22.5794" lon="17.1164"/>
      <trkpt lat="-22.5793" lon="17.1163"/>
      <trkpt lat="-22.5793" lon="17.1163"/>
      <trkpt lat="-22.5792" lon="17.1163"/>
      <trkpt lat="-22.5789" lon="17.116"/>
      <trkpt lat="-22.5786" lon="17.1158"/>
      <trkpt lat="-22.5783" lon="17.1156"/>
      <trkpt lat="-22.5781" lon="17.1154"/>
      <trkpt lat="-22.5779" lon="17.1153"/>
      <trkpt lat="-22.5774" lon="17.115"/>
      <trkpt lat="-22.5772" lon="17.1148"/>
      <trkpt lat="-22.5769" lon="17.1146"/>
      <trkpt lat="-22.5766" lon="17.1145"/>
      <trkpt lat="-22.5764" lon="17.1143"/>
      <trkpt lat="-22.5762" lon="17.1141"/>
      <trkpt lat="-22.5761" lon="17.114"/>
      <trkpt lat="-22.5759" lon="17.1138"/>
      <trkpt lat="-22.5757" lon="17.1135"/>
      <trkpt lat="-22.5756" lon="17.1133"/>
      <trkpt lat="-22.5755" lon="17.1131"/>
      <trkpt lat="-22.5753" lon="17.1129"/>
      <trkpt lat="-22.5751" lon="17.1125"/>
      <trkpt lat="-22.5745" lon="17.1113"/>
      <trkpt lat="-22.5743" lon="17.1109"/>
      <trkpt lat="-22.5743" lon="17.1108"/>
      <trkpt lat="-22.5738" lon="17.1098"/>
      <trkpt lat="-22.5736" lon="17.1093"/>
      <trkpt lat="-22.5734" lon="17.1088"/>
      <trkpt lat="-22.5732" lon="17.1083"/>
      <trkpt lat="-22.5732" lon="17.1082"/>
      <trkpt lat="-22.5728" lon="17.1073"/>
      <trkpt lat="-22.5726" lon="17.1071"/>
      <trkpt lat="-22.5723" lon="17.1063"/>
      <trkpt lat="-22.5722" lon="17.106"/>
      <trkpt lat="-22.5721" lon="17.1058"/>
      <trkpt lat="-22.5721" lon="17.1056"/>
      <trkpt lat="-22.5721" lon="17.1053"/>
      <trkpt lat="-22.5721" lon="17.1044"/>
      <trkpt lat="-22.5721" lon="17.1036"/>
      <trkpt lat="-22.5721" lon="17.1035"/>
      <trkpt lat="-22.5721" lon="17.1034"/>
      <trkpt lat="-22.5721" lon="17.1033"/>
      <trkpt lat="-22.5721" lon="17.1032"/>
      <trkpt lat="-22.5722" lon="17.1031"/>
      <trkpt lat="-22.5722" lon="17.103"/>
      <trkpt lat="-22.5723" lon="17.1027"/>
      <trkpt lat="-22.5726" lon="17.1019"/>
      <trkpt lat="-22.5728" lon="17.1016"/>
      <trkpt lat="-22.573" lon="17.1011"/>
      <trkpt lat="-22.5732" lon="17.1004"/>
      <trkpt lat="-22.5733" lon="17.1003"/>
      <trkpt lat="-22.5734" lon="17.0996"/>
      <trkpt lat="-22.5735" lon="17.0994"/>
      <trkpt lat="-22.5736" lon="17.0991"/>
      <trkpt lat="-22.5739" lon="17.0982"/>
      <trkpt lat="-22.574" lon="17.098"/>
      <trkpt lat="-22.5741" lon="17.0977"/>
      <trkpt lat="-22.5742" lon="17.0974"/>
      <trkpt lat="-22.5742" lon="17.0973"/>
      <trkpt lat="-22.5742" lon="17.0972"/>
      <trkpt lat="-22.5742" lon="17.0971"/>
      <trkpt lat="-22.5742" lon="17.097"/>
      <trkpt lat="-22.5741" lon="17.0968"/>
      <trkpt lat="-22.574" lon="17.0966"/>
      <trkpt lat="-22.5737" lon="17.0959"/>
      <trkpt lat="-22.5737" lon="17.0958"/>
      <trkpt lat="-22.5733" lon="17.0947"/>
      <trkpt lat="-22.573" lon="17.0939"/>
      <trkpt lat="-22.5728" lon="17.0934"/>
      <trkpt lat="-22.5728" lon="17.0933"/>
      <trkpt lat="-22.5723" lon="17.0922"/>
      <trkpt lat="-22.5721" lon="17.0918"/>
      <trkpt lat="-22.5718" lon="17.0912"/>
      <trkpt lat="-22.5718" lon="17.0912"/>
      <trkpt lat="-22.5716" lon="17.0907"/>
      <trkpt lat="-22.5715" lon="17.0903"/>
      <trkpt lat="-22.5712" lon="17.0894"/>
      <trkpt lat="-22.5712" lon="17.0892"/>
      <trkpt lat="-22.5711" lon="17.0891"/>
      <trkpt lat="-22.5711" lon="17.0889"/>
      <trkpt lat="-22.5711" lon="17.0888"/>
      <trkpt lat="-22.5712" lon="17.0885"/>
      <trkpt lat="-22.5712" lon="17.0883"/>
      <trkpt lat="-22.5713" lon="17.0882"/>
      <trkpt lat="-22.5713" lon="17.0881"/>
      <trkpt lat="-22.5713" lon="17.088"/>
      <trkpt lat="-22.5712" lon="17.0878"/>
      <trkpt lat="-22.5712" lon="17.0877"/>
      <trkpt lat="-22.5711" lon="17.0876"/>
      <trkpt lat="-22.571" lon="17.0875"/>
      <trkpt lat="-22.5709" lon="17.0873"/>
      <trkpt lat="-22.5709" lon="17.0873"/>
      <trkpt lat="-22.5709" lon="17.0872"/>
      <trkpt lat="-22.5708" lon="17.0871"/>
      <trkpt lat="-22.5707" lon="17.087"/>
      <trkpt lat="-22.5706" lon="17.0868"/>
      <trkpt lat="-22.5706" lon="17.0867"/>
      <trkpt lat="-22.5706" lon="17.0865"/>
      <trkpt lat="-22.5706" lon="17.0864"/>
      <trkpt lat="-22.5706" lon="17.0862"/>
      <trkpt lat="-22.5706" lon="17.0861"/>
      <trkpt lat="-22.5706" lon="17.0859"/>
      <trkpt lat="-22.5707" lon="17.0857"/>
      <trkpt lat="-22.5707" lon="17.0855"/>
      <trkpt lat="-22.5707" lon="17.0854"/>
      <trkpt lat="-22.5708" lon="17.0849"/>
      <trkpt lat="-22.5709" lon="17.0843"/>
      <trkpt lat="-22.5712" lon="17.0832"/>
      <trkpt lat="-22.5715" lon="17.0824"/>
      <trkpt lat="-22.5715" lon="17.0823"/>
      <trkpt lat="-22.5716" lon="17.0821"/>
      <trkpt lat="-22.5717" lon="17.082"/>
      <trkpt lat="-22.5717" lon="17.0819"/>
      <trkpt lat="-22.5719" lon="17.081"/>
      <trkpt lat="-22.572" lon="17.0809"/>
      <trkpt lat="-22.5718" lon="17.0807"/>
      <trkpt lat="-22.5714" lon="17.0797"/>
      <trkpt lat="-22.5713" lon="17.0792"/>
      <trkpt lat="-22.5711" lon="17.0788"/>
      <trkpt lat="-22.571" lon="17.0783"/>
      <trkpt lat="-22.5708" lon="17.0779"/>
      <trkpt lat="-22.5707" lon="17.0778"/>
      <trkpt lat="-22.5706" lon="17.0772"/>
      <trkpt lat="-22.5706" lon="17.0771"/>
      <trkpt lat="-22.5706" lon="17.077"/>
      <trkpt lat="-22.5706" lon="17.0769"/>
      <trkpt lat="-22.5707" lon="17.0768"/>
      <trkpt lat="-22.5708" lon="17.0766"/>
      <trkpt lat="-22.571" lon="17.0763"/>
      <trkpt lat="-22.5712" lon="17.0762"/>
      <trkpt lat="-22.5715" lon="17.0759"/>
      <trkpt lat="-22.5717" lon="17.0757"/>
      <trkpt lat="-22.5718" lon="17.0757"/>
      <trkpt lat="-22.572" lon="17.0756"/>
      <trkpt lat="-22.5722" lon="17.0755"/>
      <trkpt lat="-22.5724" lon="17.0754"/>
      <trkpt lat="-22.5726" lon="17.0753"/>
      <trkpt lat="-22.5729" lon="17.0752"/>
      <trkpt lat="-22.5733" lon="17.0751"/>
      <trkpt lat="-22.574" lon="17.075"/>
      <trkpt lat="-22.5749" lon="17.0748"/>
      <trkpt lat="-22.5752" lon="17.0747"/>
      <trkpt lat="-22.5755" lon="17.0746"/>
      <trkpt lat="-22.577" lon="17.0743"/>
      <trkpt lat="-22.5772" lon="17.0744"/>
      <trkpt lat="-22.5773" lon="17.0744"/>
      <trkpt lat="-22.5774" lon="17.0744"/>
      <trkpt lat="-22.5775" lon="17.0745"/>
      <trkpt lat="-22.5776" lon="17.0745"/>
      <trkpt lat="-22.5777" lon="17.0746"/>
      <trkpt lat="-22.5778" lon="17.0746"/>
      <trkpt lat="-22.5778" lon="17.0747"/>
      <trkpt lat="-22.5779" lon="17.0748"/>
      <trkpt lat="-22.578" lon="17.075"/>
      <trkpt lat="-22.5781" lon="17.0752"/>
      <trkpt lat="-22.5781" lon="17.0754"/>
      <trkpt lat="-22.5782" lon="17.0756"/>
      <trkpt lat="-22.5781" lon="17.0763"/>
      <trkpt lat="-22.5781" lon="17.0773"/>
    </trkseg>
  </trk>
  <trk>
    <name>D1 · Windhoek → paso de Spreetshoogte</name>
    <desc>1 nov · 205 km · ~2.6 h</desc>
    <trkseg>
      <trkpt lat="-22.5781" lon="17.0773"/>
      <trkpt lat="-22.5781" lon="17.0776"/>
      <trkpt lat="-22.578" lon="17.079"/>
      <trkpt lat="-22.5782" lon="17.079"/>
      <trkpt lat="-22.5787" lon="17.0791"/>
      <trkpt lat="-22.5789" lon="17.0791"/>
      <trkpt lat="-22.5791" lon="17.0791"/>
      <trkpt lat="-22.5795" lon="17.0788"/>
      <trkpt lat="-22.5798" lon="17.0787"/>
      <trkpt lat="-22.58" lon="17.0787"/>
      <trkpt lat="-22.58" lon="17.0787"/>
      <trkpt lat="-22.5806" lon="17.0786"/>
      <trkpt lat="-22.5811" lon="17.0786"/>
      <trkpt lat="-22.5816" lon="17.0786"/>
      <trkpt lat="-22.5817" lon="17.0786"/>
      <trkpt lat="-22.5818" lon="17.0786"/>
      <trkpt lat="-22.5832" lon="17.0785"/>
      <trkpt lat="-22.5832" lon="17.0794"/>
      <trkpt lat="-22.5832" lon="17.0796"/>
      <trkpt lat="-22.5832" lon="17.0801"/>
      <trkpt lat="-22.5833" lon="17.0805"/>
      <trkpt lat="-22.5833" lon="17.0807"/>
      <trkpt lat="-22.5836" lon="17.0806"/>
      <trkpt lat="-22.5841" lon="17.0806"/>
      <trkpt lat="-22.5846" lon="17.0805"/>
      <trkpt lat="-22.585" lon="17.0805"/>
      <trkpt lat="-22.5874" lon="17.0803"/>
      <trkpt lat="-22.5879" lon="17.0803"/>
      <trkpt lat="-22.5882" lon="17.0804"/>
      <trkpt lat="-22.5884" lon="17.0804"/>
      <trkpt lat="-22.589" lon="17.0805"/>
      <trkpt lat="-22.5891" lon="17.0805"/>
      <trkpt lat="-22.5894" lon="17.0805"/>
      <trkpt lat="-22.5895" lon="17.0806"/>
      <trkpt lat="-22.5896" lon="17.0806"/>
      <trkpt lat="-22.5896" lon="17.0806"/>
      <trkpt lat="-22.5898" lon="17.0806"/>
      <trkpt lat="-22.59" lon="17.0806"/>
      <trkpt lat="-22.5902" lon="17.0806"/>
      <trkpt lat="-22.5904" lon="17.0806"/>
      <trkpt lat="-22.5904" lon="17.0806"/>
      <trkpt lat="-22.5909" lon="17.0805"/>
      <trkpt lat="-22.5911" lon="17.0804"/>
      <trkpt lat="-22.5915" lon="17.0803"/>
      <trkpt lat="-22.5917" lon="17.0803"/>
      <trkpt lat="-22.5919" lon="17.0803"/>
      <trkpt lat="-22.592" lon="17.0803"/>
      <trkpt lat="-22.5921" lon="17.0804"/>
      <trkpt lat="-22.5922" lon="17.0804"/>
      <trkpt lat="-22.5923" lon="17.0805"/>
      <trkpt lat="-22.5925" lon="17.0806"/>
      <trkpt lat="-22.5929" lon="17.0811"/>
      <trkpt lat="-22.5931" lon="17.0814"/>
      <trkpt lat="-22.5932" lon="17.0814"/>
      <trkpt lat="-22.5932" lon="17.0815"/>
      <trkpt lat="-22.5933" lon="17.0815"/>
      <trkpt lat="-22.5936" lon="17.0819"/>
      <trkpt lat="-22.5937" lon="17.082"/>
      <trkpt lat="-22.5938" lon="17.0822"/>
      <trkpt lat="-22.594" lon="17.0823"/>
      <trkpt lat="-22.5941" lon="17.0824"/>
      <trkpt lat="-22.5943" lon="17.0825"/>
      <trkpt lat="-22.5944" lon="17.0827"/>
      <trkpt lat="-22.5946" lon="17.0828"/>
      <trkpt lat="-22.5947" lon="17.0829"/>
      <trkpt lat="-22.5949" lon="17.083"/>
      <trkpt lat="-22.595" lon="17.0831"/>
      <trkpt lat="-22.5951" lon="17.0831"/>
      <trkpt lat="-22.5953" lon="17.0832"/>
      <trkpt lat="-22.5955" lon="17.0832"/>
      <trkpt lat="-22.5956" lon="17.0833"/>
      <trkpt lat="-22.5958" lon="17.0834"/>
      <trkpt lat="-22.5959" lon="17.0834"/>
      <trkpt lat="-22.5961" lon="17.0835"/>
      <trkpt lat="-22.5962" lon="17.0835"/>
      <trkpt lat="-22.5966" lon="17.0836"/>
      <trkpt lat="-22.5972" lon="17.0838"/>
      <trkpt lat="-22.5973" lon="17.0839"/>
      <trkpt lat="-22.5975" lon="17.0839"/>
      <trkpt lat="-22.5976" lon="17.084"/>
      <trkpt lat="-22.5979" lon="17.0841"/>
      <trkpt lat="-22.5982" lon="17.0841"/>
      <trkpt lat="-22.5984" lon="17.0842"/>
      <trkpt lat="-22.5986" lon="17.0842"/>
      <trkpt lat="-22.5997" lon="17.0846"/>
      <trkpt lat="-22.5998" lon="17.0847"/>
      <trkpt lat="-22.6" lon="17.0847"/>
      <trkpt lat="-22.6005" lon="17.0849"/>
      <trkpt lat="-22.6012" lon="17.0851"/>
      <trkpt lat="-22.603" lon="17.0857"/>
      <trkpt lat="-22.6032" lon="17.0858"/>
      <trkpt lat="-22.6035" lon="17.0858"/>
      <trkpt lat="-22.6038" lon="17.0859"/>
      <trkpt lat="-22.6042" lon="17.086"/>
      <trkpt lat="-22.6045" lon="17.0861"/>
      <trkpt lat="-22.6049" lon="17.0861"/>
      <trkpt lat="-22.6068" lon="17.0864"/>
      <trkpt lat="-22.6073" lon="17.0865"/>
      <trkpt lat="-22.6079" lon="17.0866"/>
      <trkpt lat="-22.6088" lon="17.0867"/>
      <trkpt lat="-22.6091" lon="17.0867"/>
      <trkpt lat="-22.6094" lon="17.0868"/>
      <trkpt lat="-22.6094" lon="17.0868"/>
      <trkpt lat="-22.6097" lon="17.0868"/>
      <trkpt lat="-22.61" lon="17.0869"/>
      <trkpt lat="-22.6107" lon="17.087"/>
      <trkpt lat="-22.6108" lon="17.087"/>
      <trkpt lat="-22.6112" lon="17.087"/>
      <trkpt lat="-22.6117" lon="17.0871"/>
      <trkpt lat="-22.6118" lon="17.0871"/>
      <trkpt lat="-22.6123" lon="17.0872"/>
      <trkpt lat="-22.6129" lon="17.0872"/>
      <trkpt lat="-22.6158" lon="17.0876"/>
      <trkpt lat="-22.6165" lon="17.0877"/>
      <trkpt lat="-22.6166" lon="17.0877"/>
      <trkpt lat="-22.6175" lon="17.0879"/>
      <trkpt lat="-22.6185" lon="17.088"/>
      <trkpt lat="-22.6191" lon="17.0881"/>
      <trkpt lat="-22.6195" lon="17.0882"/>
      <trkpt lat="-22.6195" lon="17.0882"/>
      <trkpt lat="-22.6223" lon="17.0886"/>
      <trkpt lat="-22.6251" lon="17.089"/>
      <trkpt lat="-22.6255" lon="17.089"/>
      <trkpt lat="-22.6256" lon="17.089"/>
      <trkpt lat="-22.6259" lon="17.0891"/>
      <trkpt lat="-22.6262" lon="17.0891"/>
      <trkpt lat="-22.6268" lon="17.0892"/>
      <trkpt lat="-22.6272" lon="17.0892"/>
      <trkpt lat="-22.6274" lon="17.0892"/>
      <trkpt lat="-22.6279" lon="17.0891"/>
      <trkpt lat="-22.6286" lon="17.0891"/>
      <trkpt lat="-22.629" lon="17.089"/>
      <trkpt lat="-22.6292" lon="17.089"/>
      <trkpt lat="-22.6295" lon="17.0889"/>
      <trkpt lat="-22.6297" lon="17.0889"/>
      <trkpt lat="-22.6299" lon="17.0888"/>
      <trkpt lat="-22.6302" lon="17.0887"/>
      <trkpt lat="-22.6304" lon="17.0886"/>
      <trkpt lat="-22.6309" lon="17.0884"/>
      <trkpt lat="-22.631" lon="17.0884"/>
      <trkpt lat="-22.631" lon="17.0883"/>
      <trkpt lat="-22.6315" lon="17.0881"/>
      <trkpt lat="-22.6318" lon="17.088"/>
      <trkpt lat="-22.6321" lon="17.0878"/>
      <trkpt lat="-22.6325" lon="17.0876"/>
      <trkpt lat="-22.6328" lon="17.0875"/>
      <trkpt lat="-22.6331" lon="17.0873"/>
      <trkpt lat="-22.6333" lon="17.0872"/>
      <trkpt lat="-22.6339" lon="17.0869"/>
      <trkpt lat="-22.6353" lon="17.0862"/>
      <trkpt lat="-22.6356" lon="17.0861"/>
      <trkpt lat="-22.6358" lon="17.086"/>
      <trkpt lat="-22.6362" lon="17.0859"/>
      <trkpt lat="-22.6364" lon="17.0858"/>
      <trkpt lat="-22.6366" lon="17.0857"/>
      <trkpt lat="-22.637" lon="17.0856"/>
      <trkpt lat="-22.6374" lon="17.0855"/>
      <trkpt lat="-22.6376" lon="17.0855"/>
      <trkpt lat="-22.6379" lon="17.0855"/>
      <trkpt lat="-22.6382" lon="17.0854"/>
      <trkpt lat="-22.6387" lon="17.0854"/>
      <trkpt lat="-22.6388" lon="17.0854"/>
      <trkpt lat="-22.644" lon="17.0854"/>
      <trkpt lat="-22.6446" lon="17.0853"/>
      <trkpt lat="-22.6452" lon="17.0852"/>
      <trkpt lat="-22.6455" lon="17.0852"/>
      <trkpt lat="-22.6458" lon="17.0851"/>
      <trkpt lat="-22.6462" lon="17.085"/>
      <trkpt lat="-22.6469" lon="17.0847"/>
      <trkpt lat="-22.6475" lon="17.0844"/>
      <trkpt lat="-22.6479" lon="17.0842"/>
      <trkpt lat="-22.6483" lon="17.084"/>
      <trkpt lat="-22.6486" lon="17.0837"/>
      <trkpt lat="-22.649" lon="17.0834"/>
      <trkpt lat="-22.6491" lon="17.0834"/>
      <trkpt lat="-22.6507" lon="17.0821"/>
      <trkpt lat="-22.6508" lon="17.082"/>
      <trkpt lat="-22.652" lon="17.0811"/>
      <trkpt lat="-22.6522" lon="17.0808"/>
      <trkpt lat="-22.6529" lon="17.0803"/>
      <trkpt lat="-22.6532" lon="17.08"/>
      <trkpt lat="-22.6535" lon="17.0798"/>
      <trkpt lat="-22.6538" lon="17.0796"/>
      <trkpt lat="-22.6539" lon="17.0795"/>
      <trkpt lat="-22.6549" lon="17.0788"/>
      <trkpt lat="-22.6588" lon="17.0756"/>
      <trkpt lat="-22.6592" lon="17.0753"/>
      <trkpt lat="-22.6596" lon="17.0751"/>
      <trkpt lat="-22.6611" lon="17.0739"/>
      <trkpt lat="-22.6613" lon="17.0737"/>
      <trkpt lat="-22.6615" lon="17.0735"/>
      <trkpt lat="-22.6616" lon="17.0734"/>
      <trkpt lat="-22.662" lon="17.0731"/>
      <trkpt lat="-22.6625" lon="17.0727"/>
      <trkpt lat="-22.6634" lon="17.0722"/>
      <trkpt lat="-22.6638" lon="17.072"/>
      <trkpt lat="-22.664" lon="17.0718"/>
      <trkpt lat="-22.6645" lon="17.0716"/>
      <trkpt lat="-22.6649" lon="17.0713"/>
      <trkpt lat="-22.6655" lon="17.0709"/>
      <trkpt lat="-22.6658" lon="17.0708"/>
      <trkpt lat="-22.666" lon="17.0706"/>
      <trkpt lat="-22.6665" lon="17.0703"/>
      <trkpt lat="-22.6672" lon="17.0699"/>
      <trkpt lat="-22.6676" lon="17.0694"/>
      <trkpt lat="-22.6683" lon="17.0687"/>
      <trkpt lat="-22.6689" lon="17.0682"/>
      <trkpt lat="-22.6695" lon="17.0679"/>
      <trkpt lat="-22.6701" lon="17.0677"/>
      <trkpt lat="-22.6706" lon="17.0675"/>
      <trkpt lat="-22.6718" lon="17.067"/>
      <trkpt lat="-22.6724" lon="17.0668"/>
      <trkpt lat="-22.6729" lon="17.0667"/>
      <trkpt lat="-22.6734" lon="17.0665"/>
      <trkpt lat="-22.674" lon="17.0664"/>
      <trkpt lat="-22.6744" lon="17.0663"/>
      <trkpt lat="-22.6749" lon="17.0663"/>
      <trkpt lat="-22.6753" lon="17.0663"/>
      <trkpt lat="-22.6757" lon="17.0664"/>
      <trkpt lat="-22.676" lon="17.0665"/>
      <trkpt lat="-22.6771" lon="17.0669"/>
      <trkpt lat="-22.6773" lon="17.067"/>
      <trkpt lat="-22.6776" lon="17.067"/>
      <trkpt lat="-22.6778" lon="17.067"/>
      <trkpt lat="-22.6782" lon="17.0671"/>
      <trkpt lat="-22.6786" lon="17.0671"/>
      <trkpt lat="-22.6791" lon="17.067"/>
      <trkpt lat="-22.6793" lon="17.067"/>
      <trkpt lat="-22.68" lon="17.0669"/>
      <trkpt lat="-22.6805" lon="17.0669"/>
      <trkpt lat="-22.6809" lon="17.067"/>
      <trkpt lat="-22.6812" lon="17.0671"/>
      <trkpt lat="-22.6826" lon="17.0675"/>
      <trkpt lat="-22.683" lon="17.0676"/>
      <trkpt lat="-22.6833" lon="17.0677"/>
      <trkpt lat="-22.6838" lon="17.0678"/>
      <trkpt lat="-22.6839" lon="17.0678"/>
      <trkpt lat="-22.6844" lon="17.0678"/>
      <trkpt lat="-22.6848" lon="17.0678"/>
      <trkpt lat="-22.6852" lon="17.0679"/>
      <trkpt lat="-22.6855" lon="17.0679"/>
      <trkpt lat="-22.6858" lon="17.068"/>
      <trkpt lat="-22.6862" lon="17.0681"/>
      <trkpt lat="-22.6866" lon="17.0682"/>
      <trkpt lat="-22.6868" lon="17.0683"/>
      <trkpt lat="-22.6872" lon="17.0685"/>
      <trkpt lat="-22.6874" lon="17.0687"/>
      <trkpt lat="-22.6877" lon="17.0688"/>
      <trkpt lat="-22.6882" lon="17.0692"/>
      <trkpt lat="-22.6887" lon="17.0696"/>
      <trkpt lat="-22.6893" lon="17.0702"/>
      <trkpt lat="-22.6895" lon="17.0703"/>
      <trkpt lat="-22.6914" lon="17.0721"/>
      <trkpt lat="-22.6917" lon="17.0725"/>
      <trkpt lat="-22.6922" lon="17.073"/>
      <trkpt lat="-22.6927" lon="17.0736"/>
      <trkpt lat="-22.693" lon="17.0744"/>
      <trkpt lat="-22.6931" lon="17.0749"/>
      <trkpt lat="-22.6932" lon="17.0753"/>
      <trkpt lat="-22.6937" lon="17.0779"/>
      <trkpt lat="-22.6938" lon="17.0783"/>
      <trkpt lat="-22.694" lon="17.0788"/>
      <trkpt lat="-22.6942" lon="17.0792"/>
      <trkpt lat="-22.6945" lon="17.0796"/>
      <trkpt lat="-22.6948" lon="17.08"/>
      <trkpt lat="-22.6951" lon="17.0803"/>
      <trkpt lat="-22.6955" lon="17.0806"/>
      <trkpt lat="-22.6966" lon="17.0813"/>
      <trkpt lat="-22.697" lon="17.0815"/>
      <trkpt lat="-22.6974" lon="17.0818"/>
      <trkpt lat="-22.6976" lon="17.0819"/>
      <trkpt lat="-22.6983" lon="17.0823"/>
      <trkpt lat="-22.6986" lon="17.0825"/>
      <trkpt lat="-22.699" lon="17.0828"/>
      <trkpt lat="-22.6991" lon="17.0831"/>
      <trkpt lat="-22.6998" lon="17.0839"/>
      <trkpt lat="-22.7001" lon="17.0842"/>
      <trkpt lat="-22.7003" lon="17.0845"/>
      <trkpt lat="-22.7005" lon="17.0847"/>
      <trkpt lat="-22.701" lon="17.085"/>
      <trkpt lat="-22.7011" lon="17.085"/>
      <trkpt lat="-22.7014" lon="17.0852"/>
      <trkpt lat="-22.7016" lon="17.0853"/>
      <trkpt lat="-22.7018" lon="17.0853"/>
      <trkpt lat="-22.7032" lon="17.0858"/>
      <trkpt lat="-22.7036" lon="17.086"/>
      <trkpt lat="-22.7041" lon="17.0863"/>
      <trkpt lat="-22.7045" lon="17.0865"/>
      <trkpt lat="-22.706" lon="17.0876"/>
      <trkpt lat="-22.7062" lon="17.0878"/>
      <trkpt lat="-22.7065" lon="17.0879"/>
      <trkpt lat="-22.7068" lon="17.0881"/>
      <trkpt lat="-22.7072" lon="17.0883"/>
      <trkpt lat="-22.7079" lon="17.0886"/>
      <trkpt lat="-22.7084" lon="17.0888"/>
      <trkpt lat="-22.7088" lon="17.089"/>
      <trkpt lat="-22.7095" lon="17.0892"/>
      <trkpt lat="-22.71" lon="17.0895"/>
      <trkpt lat="-22.7105" lon="17.0898"/>
      <trkpt lat="-22.7108" lon="17.09"/>
      <trkpt lat="-22.7112" lon="17.0904"/>
      <trkpt lat="-22.7115" lon="17.0908"/>
      <trkpt lat="-22.7118" lon="17.0911"/>
      <trkpt lat="-22.712" lon="17.0916"/>
      <trkpt lat="-22.7123" lon="17.092"/>
      <trkpt lat="-22.7123" lon="17.0923"/>
      <trkpt lat="-22.7129" lon="17.0939"/>
      <trkpt lat="-22.713" lon="17.0942"/>
      <trkpt lat="-22.7134" lon="17.0952"/>
      <trkpt lat="-22.714" lon="17.0965"/>
      <trkpt lat="-22.7143" lon="17.0972"/>
      <trkpt lat="-22.7146" lon="17.0977"/>
      <trkpt lat="-22.7147" lon="17.0979"/>
      <trkpt lat="-22.715" lon="17.0982"/>
      <trkpt lat="-22.7167" lon="17.1004"/>
      <trkpt lat="-22.7169" lon="17.1007"/>
      <trkpt lat="-22.7173" lon="17.1012"/>
      <trkpt lat="-22.7174" lon="17.1014"/>
      <trkpt lat="-22.7175" lon="17.1015"/>
      <trkpt lat="-22.7178" lon="17.1019"/>
      <trkpt lat="-22.7184" lon="17.1026"/>
      <trkpt lat="-22.7185" lon="17.1028"/>
      <trkpt lat="-22.7194" lon="17.104"/>
      <trkpt lat="-22.7205" lon="17.1053"/>
      <trkpt lat="-22.7263" lon="17.1128"/>
      <trkpt lat="-22.7278" lon="17.1147"/>
      <trkpt lat="-22.7283" lon="17.1153"/>
      <trkpt lat="-22.7288" lon="17.1158"/>
      <trkpt lat="-22.7292" lon="17.1161"/>
      <trkpt lat="-22.7296" lon="17.1164"/>
      <trkpt lat="-22.73" lon="17.1166"/>
      <trkpt lat="-22.7304" lon="17.1167"/>
      <trkpt lat="-22.7309" lon="17.1169"/>
      <trkpt lat="-22.7313" lon="17.117"/>
      <trkpt lat="-22.7322" lon="17.1171"/>
      <trkpt lat="-22.7329" lon="17.1172"/>
      <trkpt lat="-22.7334" lon="17.1174"/>
      <trkpt lat="-22.7338" lon="17.1176"/>
      <trkpt lat="-22.7343" lon="17.1178"/>
      <trkpt lat="-22.7349" lon="17.1181"/>
      <trkpt lat="-22.7352" lon="17.1183"/>
      <trkpt lat="-22.7358" lon="17.1187"/>
      <trkpt lat="-22.7362" lon="17.1191"/>
      <trkpt lat="-22.7366" lon="17.1195"/>
      <trkpt lat="-22.737" lon="17.1201"/>
      <trkpt lat="-22.7375" lon="17.1208"/>
      <trkpt lat="-22.7376" lon="17.1209"/>
      <trkpt lat="-22.7378" lon="17.1213"/>
      <trkpt lat="-22.738" lon="17.1218"/>
      <trkpt lat="-22.7385" lon="17.1227"/>
      <trkpt lat="-22.7386" lon="17.1229"/>
      <trkpt lat="-22.739" lon="17.1238"/>
      <trkpt lat="-22.7396" lon="17.1246"/>
      <trkpt lat="-22.7405" lon="17.1258"/>
      <trkpt lat="-22.7419" lon="17.1272"/>
      <trkpt lat="-22.7431" lon="17.1284"/>
      <trkpt lat="-22.7442" lon="17.1294"/>
      <trkpt lat="-22.7446" lon="17.1297"/>
      <trkpt lat="-22.7449" lon="17.13"/>
      <trkpt lat="-22.7472" lon="17.1313"/>
      <trkpt lat="-22.7491" lon="17.1324"/>
      <trkpt lat="-22.7508" lon="17.1334"/>
      <trkpt lat="-22.7518" lon="17.134"/>
      <trkpt lat="-22.752" lon="17.1341"/>
      <trkpt lat="-22.7522" lon="17.1342"/>
      <trkpt lat="-22.7525" lon="17.1343"/>
      <trkpt lat="-22.7528" lon="17.1344"/>
      <trkpt lat="-22.7531" lon="17.1344"/>
      <trkpt lat="-22.7535" lon="17.1344"/>
      <trkpt lat="-22.7537" lon="17.1344"/>
      <trkpt lat="-22.7541" lon="17.1344"/>
      <trkpt lat="-22.7544" lon="17.1344"/>
      <trkpt lat="-22.755" lon="17.1342"/>
      <trkpt lat="-22.7554" lon="17.134"/>
      <trkpt lat="-22.7572" lon="17.1329"/>
      <trkpt lat="-22.7577" lon="17.1327"/>
      <trkpt lat="-22.7584" lon="17.1324"/>
      <trkpt lat="-22.7586" lon="17.1324"/>
      <trkpt lat="-22.759" lon="17.1323"/>
      <trkpt lat="-22.7592" lon="17.1322"/>
      <trkpt lat="-22.7593" lon="17.1322"/>
      <trkpt lat="-22.7596" lon="17.1322"/>
      <trkpt lat="-22.7601" lon="17.1321"/>
      <trkpt lat="-22.7603" lon="17.1321"/>
      <trkpt lat="-22.7613" lon="17.132"/>
      <trkpt lat="-22.7625" lon="17.132"/>
      <trkpt lat="-22.7637" lon="17.1319"/>
      <trkpt lat="-22.7648" lon="17.1319"/>
      <trkpt lat="-22.7658" lon="17.1319"/>
      <trkpt lat="-22.7664" lon="17.1319"/>
      <trkpt lat="-22.7692" lon="17.1318"/>
      <trkpt lat="-22.7694" lon="17.1318"/>
      <trkpt lat="-22.7696" lon="17.1318"/>
      <trkpt lat="-22.77" lon="17.1318"/>
      <trkpt lat="-22.7706" lon="17.1318"/>
      <trkpt lat="-22.7711" lon="17.1318"/>
      <trkpt lat="-22.7716" lon="17.1318"/>
      <trkpt lat="-22.7717" lon="17.1317"/>
      <trkpt lat="-22.7755" lon="17.1316"/>
      <trkpt lat="-22.776" lon="17.1316"/>
      <trkpt lat="-22.7835" lon="17.1313"/>
      <trkpt lat="-22.7847" lon="17.1313"/>
      <trkpt lat="-22.7852" lon="17.1312"/>
      <trkpt lat="-22.7908" lon="17.1301"/>
      <trkpt lat="-22.8" lon="17.1283"/>
      <trkpt lat="-22.8004" lon="17.1282"/>
      <trkpt lat="-22.8088" lon="17.1265"/>
      <trkpt lat="-22.8148" lon="17.1254"/>
      <trkpt lat="-22.8157" lon="17.1252"/>
      <trkpt lat="-22.8169" lon="17.1248"/>
      <trkpt lat="-22.8173" lon="17.1247"/>
      <trkpt lat="-22.8223" lon="17.1229"/>
      <trkpt lat="-22.8251" lon="17.1219"/>
      <trkpt lat="-22.8282" lon="17.1208"/>
      <trkpt lat="-22.8293" lon="17.1204"/>
      <trkpt lat="-22.8297" lon="17.1202"/>
      <trkpt lat="-22.8302" lon="17.1199"/>
      <trkpt lat="-22.8305" lon="17.1198"/>
      <trkpt lat="-22.8319" lon="17.1188"/>
      <trkpt lat="-22.8347" lon="17.1164"/>
      <trkpt lat="-22.8365" lon="17.1149"/>
      <trkpt lat="-22.837" lon="17.1145"/>
      <trkpt lat="-22.8376" lon="17.1141"/>
      <trkpt lat="-22.8383" lon="17.1137"/>
      <trkpt lat="-22.839" lon="17.1133"/>
      <trkpt lat="-22.8401" lon="17.1129"/>
      <trkpt lat="-22.8408" lon="17.1127"/>
      <trkpt lat="-22.8415" lon="17.1126"/>
      <trkpt lat="-22.8421" lon="17.1125"/>
      <trkpt lat="-22.8429" lon="17.1125"/>
      <trkpt lat="-22.8434" lon="17.1125"/>
      <trkpt lat="-22.844" lon="17.1126"/>
      <trkpt lat="-22.8461" lon="17.1129"/>
      <trkpt lat="-22.8464" lon="17.113"/>
      <trkpt lat="-22.8488" lon="17.1133"/>
      <trkpt lat="-22.8493" lon="17.1134"/>
      <trkpt lat="-22.8503" lon="17.1135"/>
      <trkpt lat="-22.8542" lon="17.1141"/>
      <trkpt lat="-22.8603" lon="17.115"/>
      <trkpt lat="-22.8603" lon="17.115"/>
      <trkpt lat="-22.8603" lon="17.115"/>
      <trkpt lat="-22.8833" lon="17.1183"/>
      <trkpt lat="-22.8942" lon="17.1199"/>
      <trkpt lat="-22.8948" lon="17.12"/>
      <trkpt lat="-22.9283" lon="17.1249"/>
      <trkpt lat="-22.929" lon="17.125"/>
      <trkpt lat="-22.9298" lon="17.1251"/>
      <trkpt lat="-22.9314" lon="17.1253"/>
      <trkpt lat="-22.9339" lon="17.1257"/>
      <trkpt lat="-22.9362" lon="17.126"/>
      <trkpt lat="-22.9367" lon="17.1261"/>
      <trkpt lat="-22.9371" lon="17.1262"/>
      <trkpt lat="-22.9377" lon="17.1264"/>
      <trkpt lat="-22.9381" lon="17.1266"/>
      <trkpt lat="-22.9386" lon="17.1268"/>
      <trkpt lat="-22.9398" lon="17.1275"/>
      <trkpt lat="-22.9417" lon="17.1286"/>
      <trkpt lat="-22.944" lon="17.13"/>
      <trkpt lat="-22.9458" lon="17.1311"/>
      <trkpt lat="-22.9487" lon="17.1329"/>
      <trkpt lat="-22.9492" lon="17.1332"/>
      <trkpt lat="-22.9497" lon="17.1334"/>
      <trkpt lat="-22.9504" lon="17.1336"/>
      <trkpt lat="-22.951" lon="17.1338"/>
      <trkpt lat="-22.9517" lon="17.1338"/>
      <trkpt lat="-22.9524" lon="17.1338"/>
      <trkpt lat="-22.9532" lon="17.1337"/>
      <trkpt lat="-22.954" lon="17.1335"/>
      <trkpt lat="-22.9556" lon="17.133"/>
      <trkpt lat="-22.9575" lon="17.1323"/>
      <trkpt lat="-22.9578" lon="17.1323"/>
      <trkpt lat="-22.9587" lon="17.132"/>
      <trkpt lat="-22.9589" lon="17.1319"/>
      <trkpt lat="-22.9599" lon="17.1316"/>
      <trkpt lat="-22.9604" lon="17.1315"/>
      <trkpt lat="-22.9609" lon="17.1314"/>
      <trkpt lat="-22.9612" lon="17.1313"/>
      <trkpt lat="-22.9615" lon="17.1313"/>
      <trkpt lat="-22.9619" lon="17.1312"/>
      <trkpt lat="-22.9654" lon="17.1309"/>
      <trkpt lat="-22.9677" lon="17.1308"/>
      <trkpt lat="-22.9689" lon="17.1307"/>
      <trkpt lat="-22.9702" lon="17.1306"/>
      <trkpt lat="-22.9705" lon="17.1305"/>
      <trkpt lat="-22.9725" lon="17.1304"/>
      <trkpt lat="-22.9739" lon="17.1303"/>
      <trkpt lat="-22.9749" lon="17.1301"/>
      <trkpt lat="-22.9756" lon="17.1299"/>
      <trkpt lat="-22.9761" lon="17.1297"/>
      <trkpt lat="-22.9766" lon="17.1295"/>
      <trkpt lat="-22.9782" lon="17.1288"/>
      <trkpt lat="-22.9821" lon="17.1272"/>
      <trkpt lat="-22.9847" lon="17.1261"/>
      <trkpt lat="-22.9867" lon="17.1252"/>
      <trkpt lat="-23.008" lon="17.116"/>
      <trkpt lat="-23.0098" lon="17.1152"/>
      <trkpt lat="-23.01" lon="17.1152"/>
      <trkpt lat="-23.0365" lon="17.1038"/>
      <trkpt lat="-23.037" lon="17.1036"/>
      <trkpt lat="-23.0375" lon="17.1035"/>
      <trkpt lat="-23.0381" lon="17.1034"/>
      <trkpt lat="-23.0386" lon="17.1033"/>
      <trkpt lat="-23.0396" lon="17.1033"/>
      <trkpt lat="-23.041" lon="17.1033"/>
      <trkpt lat="-23.0481" lon="17.1035"/>
      <trkpt lat="-23.0614" lon="17.1038"/>
      <trkpt lat="-23.0762" lon="17.1041"/>
      <trkpt lat="-23.0775" lon="17.1041"/>
      <trkpt lat="-23.088" lon="17.1043"/>
      <trkpt lat="-23.0904" lon="17.1044"/>
      <trkpt lat="-23.0928" lon="17.1044"/>
      <trkpt lat="-23.0934" lon="17.1044"/>
      <trkpt lat="-23.0939" lon="17.1044"/>
      <trkpt lat="-23.0944" lon="17.1044"/>
      <trkpt lat="-23.095" lon="17.1043"/>
      <trkpt lat="-23.0967" lon="17.1041"/>
      <trkpt lat="-23.0999" lon="17.1037"/>
      <trkpt lat="-23.1025" lon="17.1033"/>
      <trkpt lat="-23.1027" lon="17.1033"/>
      <trkpt lat="-23.1081" lon="17.1026"/>
      <trkpt lat="-23.1163" lon="17.1015"/>
      <trkpt lat="-23.1166" lon="17.1014"/>
      <trkpt lat="-23.1288" lon="17.0998"/>
      <trkpt lat="-23.1359" lon="17.0989"/>
      <trkpt lat="-23.1681" lon="17.0945"/>
      <trkpt lat="-23.1689" lon="17.0944"/>
      <trkpt lat="-23.1692" lon="17.0943"/>
      <trkpt lat="-23.1784" lon="17.0931"/>
      <trkpt lat="-23.1852" lon="17.0922"/>
      <trkpt lat="-23.1885" lon="17.0917"/>
      <trkpt lat="-23.1912" lon="17.0914"/>
      <trkpt lat="-23.1965" lon="17.0906"/>
      <trkpt lat="-23.1978" lon="17.0905"/>
      <trkpt lat="-23.1991" lon="17.0903"/>
      <trkpt lat="-23.2025" lon="17.0898"/>
      <trkpt lat="-23.205" lon="17.0895"/>
      <trkpt lat="-23.2073" lon="17.0892"/>
      <trkpt lat="-23.2088" lon="17.089"/>
      <trkpt lat="-23.2101" lon="17.0888"/>
      <trkpt lat="-23.2151" lon="17.0881"/>
      <trkpt lat="-23.2187" lon="17.0876"/>
      <trkpt lat="-23.219" lon="17.0876"/>
      <trkpt lat="-23.2251" lon="17.0868"/>
      <trkpt lat="-23.2262" lon="17.0866"/>
      <trkpt lat="-23.2266" lon="17.0866"/>
      <trkpt lat="-23.227" lon="17.0865"/>
      <trkpt lat="-23.2276" lon="17.0864"/>
      <trkpt lat="-23.2284" lon="17.0863"/>
      <trkpt lat="-23.2293" lon="17.0862"/>
      <trkpt lat="-23.2327" lon="17.0857"/>
      <trkpt lat="-23.2338" lon="17.0856"/>
      <trkpt lat="-23.235" lon="17.0854"/>
      <trkpt lat="-23.2384" lon="17.085"/>
      <trkpt lat="-23.2385" lon="17.0849"/>
      <trkpt lat="-23.2416" lon="17.0845"/>
      <trkpt lat="-23.2435" lon="17.0843"/>
      <trkpt lat="-23.2452" lon="17.0841"/>
      <trkpt lat="-23.2472" lon="17.0838"/>
      <trkpt lat="-23.249" lon="17.0835"/>
      <trkpt lat="-23.2553" lon="17.0827"/>
      <trkpt lat="-23.2554" lon="17.0827"/>
      <trkpt lat="-23.256" lon="17.0826"/>
      <trkpt lat="-23.2561" lon="17.0826"/>
      <trkpt lat="-23.2569" lon="17.0825"/>
      <trkpt lat="-23.26" lon="17.082"/>
      <trkpt lat="-23.2639" lon="17.0815"/>
      <trkpt lat="-23.2681" lon="17.0809"/>
      <trkpt lat="-23.2704" lon="17.0806"/>
      <trkpt lat="-23.2784" lon="17.0795"/>
      <trkpt lat="-23.2786" lon="17.0795"/>
      <trkpt lat="-23.2851" lon="17.0786"/>
      <trkpt lat="-23.286" lon="17.0785"/>
      <trkpt lat="-23.2862" lon="17.0802"/>
      <trkpt lat="-23.2864" lon="17.0815"/>
      <trkpt lat="-23.2864" lon="17.0818"/>
      <trkpt lat="-23.2865" lon="17.0822"/>
      <trkpt lat="-23.2865" lon="17.0825"/>
      <trkpt lat="-23.2866" lon="17.0829"/>
      <trkpt lat="-23.2868" lon="17.0836"/>
      <trkpt lat="-23.2869" lon="17.0839"/>
      <trkpt lat="-23.287" lon="17.0842"/>
      <trkpt lat="-23.2871" lon="17.0845"/>
      <trkpt lat="-23.2874" lon="17.0854"/>
      <trkpt lat="-23.2875" lon="17.0856"/>
      <trkpt lat="-23.2876" lon="17.0858"/>
      <trkpt lat="-23.2877" lon="17.0859"/>
      <trkpt lat="-23.2882" lon="17.087"/>
      <trkpt lat="-23.289" lon="17.0882"/>
      <trkpt lat="-23.2891" lon="17.0885"/>
      <trkpt lat="-23.2893" lon="17.0887"/>
      <trkpt lat="-23.2955" lon="17.0989"/>
      <trkpt lat="-23.2957" lon="17.0993"/>
      <trkpt lat="-23.2975" lon="17.098"/>
      <trkpt lat="-23.2987" lon="17.0972"/>
      <trkpt lat="-23.3007" lon="17.0958"/>
      <trkpt lat="-23.3014" lon="17.0953"/>
      <trkpt lat="-23.3019" lon="17.095"/>
      <trkpt lat="-23.3025" lon="17.0947"/>
      <trkpt lat="-23.3032" lon="17.0944"/>
      <trkpt lat="-23.3037" lon="17.0942"/>
      <trkpt lat="-23.3045" lon="17.094"/>
      <trkpt lat="-23.3056" lon="17.0937"/>
      <trkpt lat="-23.3062" lon="17.0935"/>
      <trkpt lat="-23.3066" lon="17.0934"/>
      <trkpt lat="-23.3067" lon="17.0934"/>
      <trkpt lat="-23.3081" lon="17.0931"/>
      <trkpt lat="-23.3086" lon="17.0929"/>
      <trkpt lat="-23.3097" lon="17.0927"/>
      <trkpt lat="-23.3112" lon="17.0923"/>
      <trkpt lat="-23.3116" lon="17.0922"/>
      <trkpt lat="-23.3121" lon="17.0921"/>
      <trkpt lat="-23.3131" lon="17.092"/>
      <trkpt lat="-23.3133" lon="17.092"/>
      <trkpt lat="-23.3134" lon="17.092"/>
      <trkpt lat="-23.3138" lon="17.092"/>
      <trkpt lat="-23.3141" lon="17.0921"/>
      <trkpt lat="-23.3141" lon="17.0915"/>
      <trkpt lat="-23.3141" lon="17.0913"/>
      <trkpt lat="-23.3142" lon="17.0911"/>
      <trkpt lat="-23.3142" lon="17.091"/>
      <trkpt lat="-23.3143" lon="17.0908"/>
      <trkpt lat="-23.3149" lon="17.0898"/>
      <trkpt lat="-23.3153" lon="17.0891"/>
      <trkpt lat="-23.3152" lon="17.089"/>
      <trkpt lat="-23.3152" lon="17.0889"/>
      <trkpt lat="-23.3151" lon="17.0888"/>
      <trkpt lat="-23.3151" lon="17.0883"/>
      <trkpt lat="-23.315" lon="17.0875"/>
      <trkpt lat="-23.315" lon="17.0869"/>
      <trkpt lat="-23.315" lon="17.0868"/>
      <trkpt lat="-23.3149" lon="17.086"/>
      <trkpt lat="-23.3149" lon="17.0853"/>
      <trkpt lat="-23.3149" lon="17.0846"/>
      <trkpt lat="-23.3148" lon="17.0839"/>
      <trkpt lat="-23.3148" lon="17.0831"/>
      <trkpt lat="-23.3147" lon="17.0824"/>
      <trkpt lat="-23.316" lon="17.0822"/>
      <trkpt lat="-23.3162" lon="17.0822"/>
      <trkpt lat="-23.316" lon="17.0814"/>
      <trkpt lat="-23.3154" lon="17.0816"/>
      <trkpt lat="-23.3154" lon="17.0816"/>
      <trkpt lat="-23.316" lon="17.0814"/>
      <trkpt lat="-23.3159" lon="17.0807"/>
      <trkpt lat="-23.3167" lon="17.0805"/>
      <trkpt lat="-23.3172" lon="17.0804"/>
      <trkpt lat="-23.318" lon="17.0802"/>
      <trkpt lat="-23.3184" lon="17.0801"/>
      <trkpt lat="-23.3195" lon="17.0799"/>
      <trkpt lat="-23.3195" lon="17.0797"/>
      <trkpt lat="-23.3202" lon="17.0795"/>
      <trkpt lat="-23.32" lon="17.0785"/>
      <trkpt lat="-23.3202" lon="17.0784"/>
      <trkpt lat="-23.3221" lon="17.0783"/>
      <trkpt lat="-23.323" lon="17.0783"/>
      <trkpt lat="-23.3231" lon="17.0782"/>
      <trkpt lat="-23.3241" lon="17.0781"/>
      <trkpt lat="-23.3244" lon="17.0781"/>
      <trkpt lat="-23.3248" lon="17.078"/>
      <trkpt lat="-23.3258" lon="17.0777"/>
      <trkpt lat="-23.3258" lon="17.0773"/>
      <trkpt lat="-23.3258" lon="17.0771"/>
      <trkpt lat="-23.3258" lon="17.0769"/>
      <trkpt lat="-23.3258" lon="17.0767"/>
      <trkpt lat="-23.3266" lon="17.0753"/>
      <trkpt lat="-23.327" lon="17.0744"/>
      <trkpt lat="-23.3271" lon="17.074"/>
      <trkpt lat="-23.3274" lon="17.0731"/>
      <trkpt lat="-23.3276" lon="17.0727"/>
      <trkpt lat="-23.3277" lon="17.0728"/>
      <trkpt lat="-23.3278" lon="17.0728"/>
      <trkpt lat="-23.3281" lon="17.0729"/>
      <trkpt lat="-23.3282" lon="17.073"/>
      <trkpt lat="-23.3284" lon="17.073"/>
      <trkpt lat="-23.3286" lon="17.0731"/>
      <trkpt lat="-23.3288" lon="17.0732"/>
      <trkpt lat="-23.329" lon="17.0732"/>
      <trkpt lat="-23.3292" lon="17.0732"/>
      <trkpt lat="-23.3295" lon="17.0733"/>
      <trkpt lat="-23.3298" lon="17.0733"/>
      <trkpt lat="-23.3309" lon="17.0735"/>
      <trkpt lat="-23.332" lon="17.0736"/>
      <trkpt lat="-23.3323" lon="17.0736"/>
      <trkpt lat="-23.3327" lon="17.0737"/>
      <trkpt lat="-23.3333" lon="17.0738"/>
      <trkpt lat="-23.3337" lon="17.0738"/>
      <trkpt lat="-23.334" lon="17.0738"/>
      <trkpt lat="-23.3364" lon="17.0742"/>
      <trkpt lat="-23.3374" lon="17.0743"/>
      <trkpt lat="-23.3386" lon="17.0745"/>
      <trkpt lat="-23.3388" lon="17.0745"/>
      <trkpt lat="-23.339" lon="17.0745"/>
      <trkpt lat="-23.3392" lon="17.0745"/>
      <trkpt lat="-23.3394" lon="17.0746"/>
      <trkpt lat="-23.3395" lon="17.0746"/>
      <trkpt lat="-23.3397" lon="17.0747"/>
      <trkpt lat="-23.3399" lon="17.0747"/>
      <trkpt lat="-23.34" lon="17.0748"/>
      <trkpt lat="-23.3402" lon="17.0749"/>
      <trkpt lat="-23.3403" lon="17.075"/>
      <trkpt lat="-23.3405" lon="17.0751"/>
      <trkpt lat="-23.3406" lon="17.0752"/>
      <trkpt lat="-23.3408" lon="17.0754"/>
      <trkpt lat="-23.3412" lon="17.0757"/>
      <trkpt lat="-23.3435" lon="17.0779"/>
      <trkpt lat="-23.3444" lon="17.0788"/>
      <trkpt lat="-23.3458" lon="17.0801"/>
      <trkpt lat="-23.346" lon="17.0803"/>
      <trkpt lat="-23.3468" lon="17.0811"/>
      <trkpt lat="-23.3484" lon="17.0825"/>
      <trkpt lat="-23.3485" lon="17.0826"/>
      <trkpt lat="-23.3487" lon="17.0828"/>
      <trkpt lat="-23.3488" lon="17.0829"/>
      <trkpt lat="-23.3489" lon="17.0831"/>
      <trkpt lat="-23.349" lon="17.0832"/>
      <trkpt lat="-23.3492" lon="17.0834"/>
      <trkpt lat="-23.3493" lon="17.0835"/>
      <trkpt lat="-23.3495" lon="17.0839"/>
      <trkpt lat="-23.35" lon="17.0846"/>
      <trkpt lat="-23.3512" lon="17.0866"/>
      <trkpt lat="-23.3529" lon="17.0893"/>
      <trkpt lat="-23.3541" lon="17.0883"/>
      <trkpt lat="-23.3551" lon="17.0874"/>
      <trkpt lat="-23.3554" lon="17.0872"/>
      <trkpt lat="-23.3558" lon="17.0869"/>
      <trkpt lat="-23.3562" lon="17.0865"/>
      <trkpt lat="-23.3567" lon="17.086"/>
      <trkpt lat="-23.357" lon="17.0856"/>
      <trkpt lat="-23.3573" lon="17.0852"/>
      <trkpt lat="-23.3576" lon="17.0847"/>
      <trkpt lat="-23.3579" lon="17.0841"/>
      <trkpt lat="-23.3582" lon="17.0833"/>
      <trkpt lat="-23.3586" lon="17.0822"/>
      <trkpt lat="-23.3589" lon="17.0814"/>
      <trkpt lat="-23.3591" lon="17.0805"/>
      <trkpt lat="-23.3593" lon="17.0796"/>
      <trkpt lat="-23.3594" lon="17.0792"/>
      <trkpt lat="-23.3594" lon="17.0789"/>
      <trkpt lat="-23.3594" lon="17.0785"/>
      <trkpt lat="-23.3594" lon="17.0779"/>
      <trkpt lat="-23.3594" lon="17.0774"/>
      <trkpt lat="-23.3593" lon="17.0768"/>
      <trkpt lat="-23.3591" lon="17.0761"/>
      <trkpt lat="-23.3589" lon="17.0756"/>
      <trkpt lat="-23.3586" lon="17.075"/>
      <trkpt lat="-23.3574" lon="17.0726"/>
      <trkpt lat="-23.3571" lon="17.0721"/>
      <trkpt lat="-23.3569" lon="17.0715"/>
      <trkpt lat="-23.3568" lon="17.071"/>
      <trkpt lat="-23.3567" lon="17.0707"/>
      <trkpt lat="-23.3566" lon="17.0701"/>
      <trkpt lat="-23.3565" lon="17.0694"/>
      <trkpt lat="-23.3564" lon="17.0685"/>
      <trkpt lat="-23.3561" lon="17.0646"/>
      <trkpt lat="-23.3561" lon="17.064"/>
      <trkpt lat="-23.3559" lon="17.0636"/>
      <trkpt lat="-23.3558" lon="17.0632"/>
      <trkpt lat="-23.3555" lon="17.0627"/>
      <trkpt lat="-23.3547" lon="17.0616"/>
      <trkpt lat="-23.3544" lon="17.061"/>
      <trkpt lat="-23.3541" lon="17.0603"/>
      <trkpt lat="-23.3539" lon="17.0598"/>
      <trkpt lat="-23.3536" lon="17.059"/>
      <trkpt lat="-23.3534" lon="17.0584"/>
      <trkpt lat="-23.3533" lon="17.0579"/>
      <trkpt lat="-23.3532" lon="17.0573"/>
      <trkpt lat="-23.3532" lon="17.0567"/>
      <trkpt lat="-23.3532" lon="17.0561"/>
      <trkpt lat="-23.3532" lon="17.0553"/>
      <trkpt lat="-23.3533" lon="17.054"/>
      <trkpt lat="-23.3535" lon="17.0515"/>
      <trkpt lat="-23.3537" lon="17.0489"/>
      <trkpt lat="-23.3538" lon="17.0482"/>
      <trkpt lat="-23.3539" lon="17.0476"/>
      <trkpt lat="-23.3539" lon="17.0472"/>
      <trkpt lat="-23.354" lon="17.0469"/>
      <trkpt lat="-23.3541" lon="17.0466"/>
      <trkpt lat="-23.3542" lon="17.0462"/>
      <trkpt lat="-23.3544" lon="17.0457"/>
      <trkpt lat="-23.3554" lon="17.0433"/>
      <trkpt lat="-23.3558" lon="17.0424"/>
      <trkpt lat="-23.356" lon="17.0418"/>
      <trkpt lat="-23.3562" lon="17.0412"/>
      <trkpt lat="-23.3562" lon="17.0411"/>
      <trkpt lat="-23.3562" lon="17.0409"/>
      <trkpt lat="-23.3563" lon="17.0405"/>
      <trkpt lat="-23.3564" lon="17.0401"/>
      <trkpt lat="-23.3564" lon="17.0401"/>
      <trkpt lat="-23.3565" lon="17.0395"/>
      <trkpt lat="-23.3565" lon="17.039"/>
      <trkpt lat="-23.3565" lon="17.0386"/>
      <trkpt lat="-23.3565" lon="17.038"/>
      <trkpt lat="-23.3564" lon="17.0372"/>
      <trkpt lat="-23.3564" lon="17.0367"/>
      <trkpt lat="-23.3562" lon="17.0361"/>
      <trkpt lat="-23.3561" lon="17.0356"/>
      <trkpt lat="-23.3559" lon="17.035"/>
      <trkpt lat="-23.3557" lon="17.0345"/>
      <trkpt lat="-23.3555" lon="17.034"/>
      <trkpt lat="-23.3547" lon="17.0324"/>
      <trkpt lat="-23.3522" lon="17.0273"/>
      <trkpt lat="-23.351" lon="17.0247"/>
      <trkpt lat="-23.3497" lon="17.0221"/>
      <trkpt lat="-23.3493" lon="17.0213"/>
      <trkpt lat="-23.3491" lon="17.0207"/>
      <trkpt lat="-23.349" lon="17.0203"/>
      <trkpt lat="-23.3489" lon="17.0198"/>
      <trkpt lat="-23.3489" lon="17.0194"/>
      <trkpt lat="-23.3489" lon="17.0189"/>
      <trkpt lat="-23.349" lon="17.0185"/>
      <trkpt lat="-23.3491" lon="17.018"/>
      <trkpt lat="-23.3492" lon="17.0176"/>
      <trkpt lat="-23.3494" lon="17.0172"/>
      <trkpt lat="-23.3496" lon="17.0168"/>
      <trkpt lat="-23.3499" lon="17.0164"/>
      <trkpt lat="-23.3502" lon="17.016"/>
      <trkpt lat="-23.3515" lon="17.0144"/>
      <trkpt lat="-23.3519" lon="17.0138"/>
      <trkpt lat="-23.3522" lon="17.0133"/>
      <trkpt lat="-23.3525" lon="17.0127"/>
      <trkpt lat="-23.3528" lon="17.0121"/>
      <trkpt lat="-23.353" lon="17.0114"/>
      <trkpt lat="-23.3531" lon="17.0109"/>
      <trkpt lat="-23.3531" lon="17.0105"/>
      <trkpt lat="-23.3532" lon="17.01"/>
      <trkpt lat="-23.3532" lon="17.0093"/>
      <trkpt lat="-23.3528" lon="17.0041"/>
      <trkpt lat="-23.3528" lon="17.0037"/>
      <trkpt lat="-23.3528" lon="17.0033"/>
      <trkpt lat="-23.3529" lon="17.0027"/>
      <trkpt lat="-23.353" lon="17.0021"/>
      <trkpt lat="-23.3531" lon="17.0012"/>
      <trkpt lat="-23.3533" lon="17.0002"/>
      <trkpt lat="-23.3535" lon="16.999"/>
      <trkpt lat="-23.3535" lon="16.9983"/>
      <trkpt lat="-23.3535" lon="16.9977"/>
      <trkpt lat="-23.3534" lon="16.997"/>
      <trkpt lat="-23.3534" lon="16.9967"/>
      <trkpt lat="-23.3533" lon="16.9962"/>
      <trkpt lat="-23.3531" lon="16.9958"/>
      <trkpt lat="-23.3529" lon="16.9953"/>
      <trkpt lat="-23.3527" lon="16.9948"/>
      <trkpt lat="-23.3524" lon="16.9943"/>
      <trkpt lat="-23.3522" lon="16.994"/>
      <trkpt lat="-23.3505" lon="16.9917"/>
      <trkpt lat="-23.35" lon="16.9911"/>
      <trkpt lat="-23.3497" lon="16.9906"/>
      <trkpt lat="-23.3495" lon="16.9902"/>
      <trkpt lat="-23.3493" lon="16.9897"/>
      <trkpt lat="-23.3491" lon="16.9893"/>
      <trkpt lat="-23.349" lon="16.989"/>
      <trkpt lat="-23.3489" lon="16.9885"/>
      <trkpt lat="-23.3489" lon="16.988"/>
      <trkpt lat="-23.3484" lon="16.9856"/>
      <trkpt lat="-23.348" lon="16.9831"/>
      <trkpt lat="-23.3478" lon="16.9815"/>
      <trkpt lat="-23.3477" lon="16.981"/>
      <trkpt lat="-23.3477" lon="16.9806"/>
      <trkpt lat="-23.3477" lon="16.98"/>
      <trkpt lat="-23.3478" lon="16.9787"/>
      <trkpt lat="-23.348" lon="16.9739"/>
      <trkpt lat="-23.3483" lon="16.9689"/>
      <trkpt lat="-23.3484" lon="16.9683"/>
      <trkpt lat="-23.3484" lon="16.9679"/>
      <trkpt lat="-23.3485" lon="16.9675"/>
      <trkpt lat="-23.3486" lon="16.9671"/>
      <trkpt lat="-23.3488" lon="16.9666"/>
      <trkpt lat="-23.349" lon="16.9659"/>
      <trkpt lat="-23.3494" lon="16.9644"/>
      <trkpt lat="-23.3495" lon="16.9638"/>
      <trkpt lat="-23.3496" lon="16.9634"/>
      <trkpt lat="-23.3496" lon="16.9629"/>
      <trkpt lat="-23.3496" lon="16.9621"/>
      <trkpt lat="-23.3496" lon="16.9613"/>
      <trkpt lat="-23.3494" lon="16.9588"/>
      <trkpt lat="-23.3492" lon="16.9562"/>
      <trkpt lat="-23.3491" lon="16.9556"/>
      <trkpt lat="-23.3492" lon="16.9551"/>
      <trkpt lat="-23.3493" lon="16.9545"/>
      <trkpt lat="-23.3493" lon="16.954"/>
      <trkpt lat="-23.3495" lon="16.9536"/>
      <trkpt lat="-23.3496" lon="16.9531"/>
      <trkpt lat="-23.3499" lon="16.9527"/>
      <trkpt lat="-23.3501" lon="16.9522"/>
      <trkpt lat="-23.3518" lon="16.9495"/>
      <trkpt lat="-23.3535" lon="16.9466"/>
      <trkpt lat="-23.3564" lon="16.9417"/>
      <trkpt lat="-23.3573" lon="16.9403"/>
      <trkpt lat="-23.3575" lon="16.9398"/>
      <trkpt lat="-23.3577" lon="16.9394"/>
      <trkpt lat="-23.3578" lon="16.9389"/>
      <trkpt lat="-23.358" lon="16.9384"/>
      <trkpt lat="-23.3595" lon="16.9331"/>
      <trkpt lat="-23.3603" lon="16.9306"/>
      <trkpt lat="-23.3625" lon="16.9228"/>
      <trkpt lat="-23.3634" lon="16.9199"/>
      <trkpt lat="-23.3641" lon="16.9176"/>
      <trkpt lat="-23.3645" lon="16.9164"/>
      <trkpt lat="-23.3645" lon="16.9161"/>
      <trkpt lat="-23.3647" lon="16.9156"/>
      <trkpt lat="-23.3647" lon="16.9152"/>
      <trkpt lat="-23.3648" lon="16.9149"/>
      <trkpt lat="-23.3648" lon="16.9146"/>
      <trkpt lat="-23.3648" lon="16.914"/>
      <trkpt lat="-23.3649" lon="16.9133"/>
      <trkpt lat="-23.3649" lon="16.9129"/>
      <trkpt lat="-23.3649" lon="16.9125"/>
      <trkpt lat="-23.365" lon="16.9122"/>
      <trkpt lat="-23.365" lon="16.9119"/>
      <trkpt lat="-23.3651" lon="16.9115"/>
      <trkpt lat="-23.3656" lon="16.9089"/>
      <trkpt lat="-23.366" lon="16.907"/>
      <trkpt lat="-23.3663" lon="16.9054"/>
      <trkpt lat="-23.3665" lon="16.9046"/>
      <trkpt lat="-23.3666" lon="16.9041"/>
      <trkpt lat="-23.3667" lon="16.9036"/>
      <trkpt lat="-23.3667" lon="16.9031"/>
      <trkpt lat="-23.3667" lon="16.9026"/>
      <trkpt lat="-23.3667" lon="16.9022"/>
      <trkpt lat="-23.3667" lon="16.9017"/>
      <trkpt lat="-23.3667" lon="16.9013"/>
      <trkpt lat="-23.3666" lon="16.901"/>
      <trkpt lat="-23.3665" lon="16.9005"/>
      <trkpt lat="-23.3665" lon="16.9003"/>
      <trkpt lat="-23.3664" lon="16.9"/>
      <trkpt lat="-23.3663" lon="16.8996"/>
      <trkpt lat="-23.3661" lon="16.899"/>
      <trkpt lat="-23.3647" lon="16.8944"/>
      <trkpt lat="-23.3646" lon="16.8939"/>
      <trkpt lat="-23.3645" lon="16.8934"/>
      <trkpt lat="-23.3644" lon="16.893"/>
      <trkpt lat="-23.3643" lon="16.8927"/>
      <trkpt lat="-23.3643" lon="16.8924"/>
      <trkpt lat="-23.3643" lon="16.8922"/>
      <trkpt lat="-23.3643" lon="16.8919"/>
      <trkpt lat="-23.3643" lon="16.8917"/>
      <trkpt lat="-23.3644" lon="16.8914"/>
      <trkpt lat="-23.3645" lon="16.8912"/>
      <trkpt lat="-23.3646" lon="16.8909"/>
      <trkpt lat="-23.3647" lon="16.8907"/>
      <trkpt lat="-23.3649" lon="16.8905"/>
      <trkpt lat="-23.365" lon="16.8902"/>
      <trkpt lat="-23.3653" lon="16.8899"/>
      <trkpt lat="-23.3657" lon="16.8894"/>
      <trkpt lat="-23.3659" lon="16.889"/>
      <trkpt lat="-23.3675" lon="16.8868"/>
      <trkpt lat="-23.3678" lon="16.8864"/>
      <trkpt lat="-23.3679" lon="16.8861"/>
      <trkpt lat="-23.3681" lon="16.8858"/>
      <trkpt lat="-23.3682" lon="16.8855"/>
      <trkpt lat="-23.3683" lon="16.8852"/>
      <trkpt lat="-23.3686" lon="16.8845"/>
      <trkpt lat="-23.3701" lon="16.8806"/>
      <trkpt lat="-23.373" lon="16.8726"/>
      <trkpt lat="-23.3739" lon="16.8704"/>
      <trkpt lat="-23.3747" lon="16.8681"/>
      <trkpt lat="-23.3762" lon="16.8643"/>
      <trkpt lat="-23.3797" lon="16.8556"/>
      <trkpt lat="-23.3817" lon="16.8505"/>
      <trkpt lat="-23.382" lon="16.8497"/>
      <trkpt lat="-23.3837" lon="16.8454"/>
      <trkpt lat="-23.3889" lon="16.8322"/>
      <trkpt lat="-23.3912" lon="16.8264"/>
      <trkpt lat="-23.3936" lon="16.8204"/>
      <trkpt lat="-23.394" lon="16.8193"/>
      <trkpt lat="-23.3943" lon="16.8187"/>
      <trkpt lat="-23.3944" lon="16.8183"/>
      <trkpt lat="-23.3946" lon="16.818"/>
      <trkpt lat="-23.3996" lon="16.8099"/>
      <trkpt lat="-23.3999" lon="16.8093"/>
      <trkpt lat="-23.4003" lon="16.8086"/>
      <trkpt lat="-23.4007" lon="16.8078"/>
      <trkpt lat="-23.4011" lon="16.8071"/>
      <trkpt lat="-23.4022" lon="16.8047"/>
      <trkpt lat="-23.4033" lon="16.8023"/>
      <trkpt lat="-23.4052" lon="16.7983"/>
      <trkpt lat="-23.4072" lon="16.794"/>
      <trkpt lat="-23.4075" lon="16.7934"/>
      <trkpt lat="-23.4078" lon="16.7929"/>
      <trkpt lat="-23.4081" lon="16.7925"/>
      <trkpt lat="-23.4083" lon="16.7922"/>
      <trkpt lat="-23.4086" lon="16.792"/>
      <trkpt lat="-23.409" lon="16.7918"/>
      <trkpt lat="-23.4094" lon="16.7916"/>
      <trkpt lat="-23.4099" lon="16.7914"/>
      <trkpt lat="-23.4111" lon="16.791"/>
      <trkpt lat="-23.4124" lon="16.7906"/>
      <trkpt lat="-23.413" lon="16.7904"/>
      <trkpt lat="-23.4135" lon="16.7902"/>
      <trkpt lat="-23.4139" lon="16.7899"/>
      <trkpt lat="-23.4145" lon="16.7896"/>
      <trkpt lat="-23.4151" lon="16.7892"/>
      <trkpt lat="-23.4164" lon="16.7883"/>
      <trkpt lat="-23.4189" lon="16.7865"/>
      <trkpt lat="-23.4266" lon="16.7808"/>
      <trkpt lat="-23.4344" lon="16.775"/>
      <trkpt lat="-23.435" lon="16.7747"/>
      <trkpt lat="-23.4354" lon="16.7744"/>
      <trkpt lat="-23.4359" lon="16.7742"/>
      <trkpt lat="-23.4364" lon="16.774"/>
      <trkpt lat="-23.444" lon="16.7709"/>
      <trkpt lat="-23.4445" lon="16.7708"/>
      <trkpt lat="-23.445" lon="16.7706"/>
      <trkpt lat="-23.4454" lon="16.7705"/>
      <trkpt lat="-23.446" lon="16.7703"/>
      <trkpt lat="-23.4497" lon="16.7694"/>
      <trkpt lat="-23.4534" lon="16.7685"/>
      <trkpt lat="-23.4531" lon="16.7675"/>
      <trkpt lat="-23.4529" lon="16.7666"/>
      <trkpt lat="-23.4528" lon="16.7661"/>
      <trkpt lat="-23.4527" lon="16.7656"/>
      <trkpt lat="-23.4526" lon="16.7649"/>
      <trkpt lat="-23.4526" lon="16.7643"/>
      <trkpt lat="-23.4527" lon="16.7637"/>
      <trkpt lat="-23.4528" lon="16.7629"/>
      <trkpt lat="-23.453" lon="16.7623"/>
      <trkpt lat="-23.4532" lon="16.7616"/>
      <trkpt lat="-23.4536" lon="16.7607"/>
      <trkpt lat="-23.4542" lon="16.7596"/>
      <trkpt lat="-23.4601" lon="16.7471"/>
      <trkpt lat="-23.4633" lon="16.7406"/>
      <trkpt lat="-23.4674" lon="16.7326"/>
      <trkpt lat="-23.4712" lon="16.7252"/>
      <trkpt lat="-23.4726" lon="16.7225"/>
      <trkpt lat="-23.473" lon="16.7218"/>
      <trkpt lat="-23.4732" lon="16.7214"/>
      <trkpt lat="-23.4733" lon="16.7211"/>
      <trkpt lat="-23.4734" lon="16.7209"/>
      <trkpt lat="-23.4735" lon="16.7205"/>
      <trkpt lat="-23.4737" lon="16.7199"/>
      <trkpt lat="-23.474" lon="16.719"/>
      <trkpt lat="-23.4749" lon="16.7157"/>
      <trkpt lat="-23.4759" lon="16.7122"/>
      <trkpt lat="-23.4769" lon="16.7081"/>
      <trkpt lat="-23.4775" lon="16.7056"/>
      <trkpt lat="-23.4777" lon="16.7048"/>
      <trkpt lat="-23.478" lon="16.7039"/>
      <trkpt lat="-23.4782" lon="16.7032"/>
      <trkpt lat="-23.4815" lon="16.6927"/>
      <trkpt lat="-23.4817" lon="16.6918"/>
      <trkpt lat="-23.4819" lon="16.6911"/>
      <trkpt lat="-23.4821" lon="16.6903"/>
      <trkpt lat="-23.4823" lon="16.6896"/>
      <trkpt lat="-23.4826" lon="16.6872"/>
      <trkpt lat="-23.483" lon="16.685"/>
      <trkpt lat="-23.4832" lon="16.6834"/>
      <trkpt lat="-23.4836" lon="16.6802"/>
      <trkpt lat="-23.4856" lon="16.6623"/>
      <trkpt lat="-23.4858" lon="16.6604"/>
      <trkpt lat="-23.486" lon="16.6575"/>
      <trkpt lat="-23.4861" lon="16.6565"/>
      <trkpt lat="-23.4861" lon="16.6558"/>
      <trkpt lat="-23.4862" lon="16.6552"/>
      <trkpt lat="-23.4863" lon="16.6546"/>
      <trkpt lat="-23.4865" lon="16.654"/>
      <trkpt lat="-23.4868" lon="16.653"/>
      <trkpt lat="-23.4872" lon="16.6517"/>
      <trkpt lat="-23.4876" lon="16.6505"/>
      <trkpt lat="-23.4898" lon="16.6442"/>
      <trkpt lat="-23.4902" lon="16.6431"/>
      <trkpt lat="-23.4904" lon="16.6425"/>
      <trkpt lat="-23.4905" lon="16.6418"/>
      <trkpt lat="-23.4906" lon="16.6413"/>
      <trkpt lat="-23.4907" lon="16.6408"/>
      <trkpt lat="-23.4908" lon="16.6402"/>
      <trkpt lat="-23.491" lon="16.6379"/>
      <trkpt lat="-23.4911" lon="16.6365"/>
      <trkpt lat="-23.4912" lon="16.6356"/>
      <trkpt lat="-23.4912" lon="16.6344"/>
      <trkpt lat="-23.4912" lon="16.6334"/>
      <trkpt lat="-23.4911" lon="16.6297"/>
      <trkpt lat="-23.491" lon="16.6284"/>
      <trkpt lat="-23.4908" lon="16.6253"/>
      <trkpt lat="-23.4907" lon="16.6242"/>
      <trkpt lat="-23.4907" lon="16.6232"/>
      <trkpt lat="-23.4906" lon="16.6225"/>
      <trkpt lat="-23.4906" lon="16.6219"/>
      <trkpt lat="-23.491" lon="16.6151"/>
      <trkpt lat="-23.4915" lon="16.6074"/>
      <trkpt lat="-23.4917" lon="16.6048"/>
      <trkpt lat="-23.4918" lon="16.6033"/>
      <trkpt lat="-23.4919" lon="16.6024"/>
      <trkpt lat="-23.492" lon="16.6016"/>
      <trkpt lat="-23.4922" lon="16.6006"/>
      <trkpt lat="-23.4924" lon="16.5994"/>
      <trkpt lat="-23.4925" lon="16.5985"/>
      <trkpt lat="-23.4927" lon="16.5977"/>
      <trkpt lat="-23.4928" lon="16.5969"/>
      <trkpt lat="-23.4931" lon="16.596"/>
      <trkpt lat="-23.4934" lon="16.5946"/>
      <trkpt lat="-23.4936" lon="16.5939"/>
      <trkpt lat="-23.4937" lon="16.5933"/>
      <trkpt lat="-23.4938" lon="16.5925"/>
      <trkpt lat="-23.4939" lon="16.5917"/>
      <trkpt lat="-23.4941" lon="16.59"/>
      <trkpt lat="-23.4943" lon="16.589"/>
      <trkpt lat="-23.4943" lon="16.5886"/>
      <trkpt lat="-23.4943" lon="16.5882"/>
      <trkpt lat="-23.4943" lon="16.5879"/>
      <trkpt lat="-23.4942" lon="16.5873"/>
      <trkpt lat="-23.4929" lon="16.582"/>
      <trkpt lat="-23.4927" lon="16.5813"/>
      <trkpt lat="-23.4927" lon="16.5809"/>
      <trkpt lat="-23.4927" lon="16.5805"/>
      <trkpt lat="-23.4927" lon="16.58"/>
      <trkpt lat="-23.4928" lon="16.5792"/>
      <trkpt lat="-23.493" lon="16.5776"/>
      <trkpt lat="-23.493" lon="16.577"/>
      <trkpt lat="-23.493" lon="16.5764"/>
      <trkpt lat="-23.4929" lon="16.5732"/>
      <trkpt lat="-23.4929" lon="16.5725"/>
      <trkpt lat="-23.493" lon="16.5718"/>
      <trkpt lat="-23.4943" lon="16.5644"/>
      <trkpt lat="-23.4947" lon="16.5623"/>
      <trkpt lat="-23.4947" lon="16.5621"/>
      <trkpt lat="-23.4948" lon="16.5618"/>
      <trkpt lat="-23.4948" lon="16.5615"/>
      <trkpt lat="-23.4949" lon="16.561"/>
      <trkpt lat="-23.4949" lon="16.5606"/>
      <trkpt lat="-23.4949" lon="16.5602"/>
      <trkpt lat="-23.495" lon="16.5598"/>
      <trkpt lat="-23.4953" lon="16.5581"/>
      <trkpt lat="-23.4957" lon="16.5563"/>
      <trkpt lat="-23.4958" lon="16.5559"/>
      <trkpt lat="-23.4958" lon="16.5556"/>
      <trkpt lat="-23.496" lon="16.5552"/>
      <trkpt lat="-23.4969" lon="16.553"/>
      <trkpt lat="-23.4971" lon="16.5524"/>
      <trkpt lat="-23.4974" lon="16.5517"/>
      <trkpt lat="-23.4976" lon="16.5513"/>
      <trkpt lat="-23.4984" lon="16.5485"/>
      <trkpt lat="-23.4985" lon="16.548"/>
      <trkpt lat="-23.4987" lon="16.5474"/>
      <trkpt lat="-23.4989" lon="16.547"/>
      <trkpt lat="-23.4991" lon="16.5463"/>
      <trkpt lat="-23.4994" lon="16.5456"/>
      <trkpt lat="-23.4997" lon="16.545"/>
      <trkpt lat="-23.5" lon="16.5444"/>
      <trkpt lat="-23.5005" lon="16.5435"/>
      <trkpt lat="-23.5012" lon="16.5423"/>
      <trkpt lat="-23.5017" lon="16.5413"/>
      <trkpt lat="-23.5022" lon="16.5402"/>
      <trkpt lat="-23.5027" lon="16.5393"/>
      <trkpt lat="-23.503" lon="16.5387"/>
      <trkpt lat="-23.5059" lon="16.5337"/>
      <trkpt lat="-23.5063" lon="16.5329"/>
      <trkpt lat="-23.5068" lon="16.5319"/>
      <trkpt lat="-23.5074" lon="16.5306"/>
      <trkpt lat="-23.5081" lon="16.5292"/>
      <trkpt lat="-23.5088" lon="16.5276"/>
      <trkpt lat="-23.509" lon="16.5272"/>
      <trkpt lat="-23.5091" lon="16.5269"/>
      <trkpt lat="-23.5093" lon="16.5265"/>
      <trkpt lat="-23.5095" lon="16.5258"/>
      <trkpt lat="-23.5097" lon="16.5251"/>
      <trkpt lat="-23.5098" lon="16.5243"/>
      <trkpt lat="-23.5099" lon="16.5234"/>
      <trkpt lat="-23.5101" lon="16.5223"/>
      <trkpt lat="-23.5104" lon="16.5189"/>
      <trkpt lat="-23.5106" lon="16.5177"/>
      <trkpt lat="-23.5106" lon="16.5168"/>
      <trkpt lat="-23.5106" lon="16.5162"/>
      <trkpt lat="-23.5107" lon="16.5157"/>
      <trkpt lat="-23.5108" lon="16.5153"/>
      <trkpt lat="-23.5109" lon="16.5147"/>
      <trkpt lat="-23.5113" lon="16.5133"/>
      <trkpt lat="-23.5115" lon="16.5126"/>
      <trkpt lat="-23.5117" lon="16.5119"/>
      <trkpt lat="-23.5119" lon="16.5112"/>
      <trkpt lat="-23.5122" lon="16.5106"/>
      <trkpt lat="-23.5147" lon="16.505"/>
      <trkpt lat="-23.5165" lon="16.5008"/>
      <trkpt lat="-23.5185" lon="16.4961"/>
      <trkpt lat="-23.5199" lon="16.4927"/>
      <trkpt lat="-23.5215" lon="16.4894"/>
      <trkpt lat="-23.5229" lon="16.4865"/>
      <trkpt lat="-23.5235" lon="16.4853"/>
      <trkpt lat="-23.5244" lon="16.483"/>
      <trkpt lat="-23.5255" lon="16.4809"/>
      <trkpt lat="-23.5259" lon="16.4802"/>
      <trkpt lat="-23.5265" lon="16.4796"/>
      <trkpt lat="-23.5307" lon="16.4745"/>
      <trkpt lat="-23.5357" lon="16.4685"/>
      <trkpt lat="-23.5364" lon="16.4674"/>
      <trkpt lat="-23.5366" lon="16.467"/>
      <trkpt lat="-23.5381" lon="16.4625"/>
      <trkpt lat="-23.5385" lon="16.4617"/>
      <trkpt lat="-23.5399" lon="16.4609"/>
      <trkpt lat="-23.5418" lon="16.4597"/>
      <trkpt lat="-23.5423" lon="16.4593"/>
      <trkpt lat="-23.5428" lon="16.4589"/>
      <trkpt lat="-23.5456" lon="16.4565"/>
      <trkpt lat="-23.5486" lon="16.4537"/>
      <trkpt lat="-23.5539" lon="16.4486"/>
      <trkpt lat="-23.555" lon="16.4474"/>
      <trkpt lat="-23.5555" lon="16.4469"/>
      <trkpt lat="-23.5561" lon="16.4463"/>
      <trkpt lat="-23.5567" lon="16.4455"/>
      <trkpt lat="-23.5569" lon="16.4452"/>
      <trkpt lat="-23.5574" lon="16.4446"/>
      <trkpt lat="-23.5586" lon="16.4434"/>
      <trkpt lat="-23.5617" lon="16.4411"/>
      <trkpt lat="-23.5718" lon="16.4346"/>
      <trkpt lat="-23.5741" lon="16.4331"/>
      <trkpt lat="-23.578" lon="16.4305"/>
      <trkpt lat="-23.5783" lon="16.4304"/>
      <trkpt lat="-23.5815" lon="16.4288"/>
      <trkpt lat="-23.5823" lon="16.4284"/>
      <trkpt lat="-23.5859" lon="16.4261"/>
      <trkpt lat="-23.5897" lon="16.4237"/>
      <trkpt lat="-23.5906" lon="16.4231"/>
      <trkpt lat="-23.5929" lon="16.4213"/>
      <trkpt lat="-23.5934" lon="16.4209"/>
      <trkpt lat="-23.5946" lon="16.4196"/>
      <trkpt lat="-23.5951" lon="16.4188"/>
      <trkpt lat="-23.5955" lon="16.418"/>
      <trkpt lat="-23.5963" lon="16.4157"/>
      <trkpt lat="-23.5965" lon="16.4151"/>
      <trkpt lat="-23.5972" lon="16.4115"/>
      <trkpt lat="-23.5973" lon="16.4107"/>
      <trkpt lat="-23.5975" lon="16.4099"/>
      <trkpt lat="-23.5988" lon="16.4065"/>
      <trkpt lat="-23.5989" lon="16.4059"/>
      <trkpt lat="-23.599" lon="16.4045"/>
      <trkpt lat="-23.5992" lon="16.4023"/>
      <trkpt lat="-23.5992" lon="16.4016"/>
      <trkpt lat="-23.5996" lon="16.3992"/>
      <trkpt lat="-23.5997" lon="16.3982"/>
      <trkpt lat="-23.6" lon="16.395"/>
      <trkpt lat="-23.6002" lon="16.3936"/>
      <trkpt lat="-23.6002" lon="16.393"/>
      <trkpt lat="-23.6001" lon="16.3925"/>
      <trkpt lat="-23.6" lon="16.3918"/>
      <trkpt lat="-23.5983" lon="16.3859"/>
      <trkpt lat="-23.5978" lon="16.384"/>
      <trkpt lat="-23.5977" lon="16.3832"/>
      <trkpt lat="-23.5977" lon="16.3826"/>
      <trkpt lat="-23.598" lon="16.3817"/>
      <trkpt lat="-23.5984" lon="16.3806"/>
      <trkpt lat="-23.5998" lon="16.3778"/>
      <trkpt lat="-23.6002" lon="16.3767"/>
      <trkpt lat="-23.6007" lon="16.3755"/>
      <trkpt lat="-23.6011" lon="16.3745"/>
      <trkpt lat="-23.6012" lon="16.3744"/>
      <trkpt lat="-23.6015" lon="16.3741"/>
      <trkpt lat="-23.6021" lon="16.3735"/>
      <trkpt lat="-23.6036" lon="16.3723"/>
      <trkpt lat="-23.6051" lon="16.3708"/>
      <trkpt lat="-23.6052" lon="16.3707"/>
      <trkpt lat="-23.6091" lon="16.3669"/>
      <trkpt lat="-23.6093" lon="16.3667"/>
      <trkpt lat="-23.6108" lon="16.3651"/>
      <trkpt lat="-23.6121" lon="16.3636"/>
      <trkpt lat="-23.6126" lon="16.3631"/>
      <trkpt lat="-23.6134" lon="16.3622"/>
      <trkpt lat="-23.6135" lon="16.362"/>
      <trkpt lat="-23.6144" lon="16.3615"/>
      <trkpt lat="-23.6151" lon="16.361"/>
      <trkpt lat="-23.6169" lon="16.3591"/>
      <trkpt lat="-23.62" lon="16.3564"/>
      <trkpt lat="-23.6202" lon="16.3561"/>
      <trkpt lat="-23.6204" lon="16.3559"/>
      <trkpt lat="-23.6251" lon="16.3471"/>
      <trkpt lat="-23.6262" lon="16.3448"/>
      <trkpt lat="-23.6263" lon="16.3446"/>
      <trkpt lat="-23.6263" lon="16.3445"/>
      <trkpt lat="-23.6277" lon="16.3419"/>
      <trkpt lat="-23.6282" lon="16.341"/>
      <trkpt lat="-23.6289" lon="16.3395"/>
      <trkpt lat="-23.6303" lon="16.3371"/>
      <trkpt lat="-23.6308" lon="16.3363"/>
      <trkpt lat="-23.6317" lon="16.3353"/>
      <trkpt lat="-23.6321" lon="16.3346"/>
      <trkpt lat="-23.6322" lon="16.3344"/>
      <trkpt lat="-23.6325" lon="16.3336"/>
      <trkpt lat="-23.6328" lon="16.3323"/>
      <trkpt lat="-23.633" lon="16.3321"/>
      <trkpt lat="-23.6336" lon="16.3315"/>
      <trkpt lat="-23.6342" lon="16.331"/>
      <trkpt lat="-23.635" lon="16.3302"/>
      <trkpt lat="-23.6363" lon="16.3285"/>
      <trkpt lat="-23.6367" lon="16.3279"/>
      <trkpt lat="-23.6376" lon="16.3266"/>
      <trkpt lat="-23.6379" lon="16.3261"/>
      <trkpt lat="-23.6399" lon="16.3232"/>
      <trkpt lat="-23.6408" lon="16.322"/>
      <trkpt lat="-23.6412" lon="16.3213"/>
      <trkpt lat="-23.6415" lon="16.3204"/>
      <trkpt lat="-23.6417" lon="16.3195"/>
      <trkpt lat="-23.6418" lon="16.3187"/>
      <trkpt lat="-23.6418" lon="16.3186"/>
      <trkpt lat="-23.6418" lon="16.3184"/>
      <trkpt lat="-23.642" lon="16.3176"/>
      <trkpt lat="-23.6423" lon="16.3167"/>
      <trkpt lat="-23.6426" lon="16.3157"/>
      <trkpt lat="-23.6427" lon="16.3154"/>
      <trkpt lat="-23.6433" lon="16.3146"/>
      <trkpt lat="-23.6442" lon="16.3134"/>
      <trkpt lat="-23.6452" lon="16.3121"/>
      <trkpt lat="-23.6454" lon="16.3118"/>
      <trkpt lat="-23.6457" lon="16.3113"/>
      <trkpt lat="-23.6458" lon="16.3105"/>
      <trkpt lat="-23.6459" lon="16.3092"/>
      <trkpt lat="-23.646" lon="16.3079"/>
      <trkpt lat="-23.646" lon="16.3073"/>
      <trkpt lat="-23.6462" lon="16.3066"/>
      <trkpt lat="-23.6466" lon="16.3052"/>
      <trkpt lat="-23.6468" lon="16.3047"/>
      <trkpt lat="-23.6476" lon="16.3029"/>
      <trkpt lat="-23.6478" lon="16.3024"/>
      <trkpt lat="-23.648" lon="16.3018"/>
      <trkpt lat="-23.6481" lon="16.3009"/>
      <trkpt lat="-23.6481" lon="16.3009"/>
      <trkpt lat="-23.6483" lon="16.3003"/>
      <trkpt lat="-23.6485" lon="16.2989"/>
      <trkpt lat="-23.6487" lon="16.298"/>
      <trkpt lat="-23.6487" lon="16.2977"/>
      <trkpt lat="-23.6489" lon="16.2974"/>
      <trkpt lat="-23.6492" lon="16.2967"/>
      <trkpt lat="-23.6493" lon="16.2965"/>
      <trkpt lat="-23.6495" lon="16.2959"/>
      <trkpt lat="-23.6496" lon="16.2955"/>
      <trkpt lat="-23.6497" lon="16.2955"/>
      <trkpt lat="-23.6498" lon="16.295"/>
      <trkpt lat="-23.6502" lon="16.2946"/>
      <trkpt lat="-23.6507" lon="16.2942"/>
      <trkpt lat="-23.6514" lon="16.2937"/>
      <trkpt lat="-23.6518" lon="16.2935"/>
      <trkpt lat="-23.6516" lon="16.2932"/>
      <trkpt lat="-23.6514" lon="16.2928"/>
      <trkpt lat="-23.6512" lon="16.2927"/>
      <trkpt lat="-23.651" lon="16.2927"/>
      <trkpt lat="-23.6507" lon="16.2927"/>
      <trkpt lat="-23.6499" lon="16.2929"/>
      <trkpt lat="-23.6496" lon="16.293"/>
      <trkpt lat="-23.6494" lon="16.293"/>
      <trkpt lat="-23.6493" lon="16.2929"/>
      <trkpt lat="-23.6489" lon="16.2928"/>
      <trkpt lat="-23.6488" lon="16.2928"/>
      <trkpt lat="-23.6481" lon="16.2925"/>
      <trkpt lat="-23.6468" lon="16.2917"/>
      <trkpt lat="-23.6438" lon="16.2898"/>
      <trkpt lat="-23.6435" lon="16.2896"/>
      <trkpt lat="-23.6411" lon="16.2882"/>
      <trkpt lat="-23.6388" lon="16.2868"/>
      <trkpt lat="-23.6364" lon="16.2855"/>
      <trkpt lat="-23.6364" lon="16.2855"/>
      <trkpt lat="-23.6327" lon="16.2835"/>
      <trkpt lat="-23.63" lon="16.282"/>
      <trkpt lat="-23.6294" lon="16.2817"/>
      <trkpt lat="-23.629" lon="16.2814"/>
      <trkpt lat="-23.6284" lon="16.2809"/>
      <trkpt lat="-23.6279" lon="16.2802"/>
      <trkpt lat="-23.6272" lon="16.2791"/>
      <trkpt lat="-23.6268" lon="16.2783"/>
      <trkpt lat="-23.6267" lon="16.2778"/>
      <trkpt lat="-23.6267" lon="16.2771"/>
      <trkpt lat="-23.6267" lon="16.2762"/>
      <trkpt lat="-23.6269" lon="16.2755"/>
      <trkpt lat="-23.6271" lon="16.2747"/>
      <trkpt lat="-23.627" lon="16.2742"/>
      <trkpt lat="-23.6269" lon="16.2735"/>
      <trkpt lat="-23.6264" lon="16.272"/>
      <trkpt lat="-23.6247" lon="16.268"/>
      <trkpt lat="-23.6227" lon="16.2628"/>
      <trkpt lat="-23.6226" lon="16.2623"/>
      <trkpt lat="-23.6225" lon="16.262"/>
      <trkpt lat="-23.6224" lon="16.2616"/>
      <trkpt lat="-23.6225" lon="16.2611"/>
      <trkpt lat="-23.6226" lon="16.2605"/>
      <trkpt lat="-23.6231" lon="16.2584"/>
      <trkpt lat="-23.6236" lon="16.2567"/>
      <trkpt lat="-23.6237" lon="16.2562"/>
      <trkpt lat="-23.6238" lon="16.2558"/>
      <trkpt lat="-23.6244" lon="16.2545"/>
      <trkpt lat="-23.6247" lon="16.2537"/>
      <trkpt lat="-23.6248" lon="16.2531"/>
      <trkpt lat="-23.6248" lon="16.2525"/>
      <trkpt lat="-23.6249" lon="16.251"/>
      <trkpt lat="-23.625" lon="16.2502"/>
      <trkpt lat="-23.6257" lon="16.2472"/>
      <trkpt lat="-23.626" lon="16.246"/>
      <trkpt lat="-23.6263" lon="16.2446"/>
      <trkpt lat="-23.6267" lon="16.2432"/>
      <trkpt lat="-23.6269" lon="16.2423"/>
      <trkpt lat="-23.6274" lon="16.2411"/>
      <trkpt lat="-23.6283" lon="16.2384"/>
      <trkpt lat="-23.6288" lon="16.2368"/>
      <trkpt lat="-23.6293" lon="16.2353"/>
      <trkpt lat="-23.6295" lon="16.2348"/>
      <trkpt lat="-23.6296" lon="16.2343"/>
      <trkpt lat="-23.6297" lon="16.2339"/>
      <trkpt lat="-23.6297" lon="16.2335"/>
      <trkpt lat="-23.6296" lon="16.232"/>
      <trkpt lat="-23.6296" lon="16.2318"/>
      <trkpt lat="-23.6293" lon="16.2263"/>
      <trkpt lat="-23.6293" lon="16.2255"/>
      <trkpt lat="-23.6293" lon="16.2251"/>
      <trkpt lat="-23.6295" lon="16.2248"/>
      <trkpt lat="-23.6302" lon="16.2232"/>
      <trkpt lat="-23.631" lon="16.2213"/>
      <trkpt lat="-23.6311" lon="16.2209"/>
      <trkpt lat="-23.6313" lon="16.2206"/>
      <trkpt lat="-23.6316" lon="16.2203"/>
      <trkpt lat="-23.6319" lon="16.2201"/>
      <trkpt lat="-23.634" lon="16.219"/>
      <trkpt lat="-23.6362" lon="16.2179"/>
      <trkpt lat="-23.6365" lon="16.2178"/>
      <trkpt lat="-23.6367" lon="16.2176"/>
      <trkpt lat="-23.6381" lon="16.2163"/>
      <trkpt lat="-23.6391" lon="16.2153"/>
      <trkpt lat="-23.6418" lon="16.2129"/>
      <trkpt lat="-23.6425" lon="16.2124"/>
      <trkpt lat="-23.6432" lon="16.2119"/>
      <trkpt lat="-23.6443" lon="16.2113"/>
      <trkpt lat="-23.6448" lon="16.211"/>
      <trkpt lat="-23.645" lon="16.2109"/>
      <trkpt lat="-23.6455" lon="16.2106"/>
      <trkpt lat="-23.646" lon="16.2102"/>
      <trkpt lat="-23.6465" lon="16.2098"/>
      <trkpt lat="-23.6467" lon="16.2095"/>
      <trkpt lat="-23.6468" lon="16.2093"/>
      <trkpt lat="-23.6469" lon="16.2091"/>
      <trkpt lat="-23.647" lon="16.2087"/>
      <trkpt lat="-23.6469" lon="16.2086"/>
      <trkpt lat="-23.6468" lon="16.2081"/>
      <trkpt lat="-23.6466" lon="16.2075"/>
      <trkpt lat="-23.6462" lon="16.2067"/>
      <trkpt lat="-23.6461" lon="16.2066"/>
      <trkpt lat="-23.6454" lon="16.2058"/>
      <trkpt lat="-23.645" lon="16.2053"/>
      <trkpt lat="-23.6449" lon="16.2051"/>
      <trkpt lat="-23.6448" lon="16.2049"/>
      <trkpt lat="-23.6449" lon="16.2046"/>
      <trkpt lat="-23.6449" lon="16.2035"/>
      <trkpt lat="-23.645" lon="16.2033"/>
      <trkpt lat="-23.645" lon="16.2031"/>
      <trkpt lat="-23.6451" lon="16.2031"/>
      <trkpt lat="-23.6456" lon="16.2025"/>
      <trkpt lat="-23.6464" lon="16.2014"/>
      <trkpt lat="-23.6468" lon="16.201"/>
      <trkpt lat="-23.6471" lon="16.2006"/>
      <trkpt lat="-23.6474" lon="16.2001"/>
      <trkpt lat="-23.6477" lon="16.1998"/>
      <trkpt lat="-23.6479" lon="16.1994"/>
      <trkpt lat="-23.6485" lon="16.199"/>
      <trkpt lat="-23.6491" lon="16.1986"/>
      <trkpt lat="-23.6494" lon="16.1983"/>
      <trkpt lat="-23.6496" lon="16.1979"/>
      <trkpt lat="-23.6499" lon="16.1972"/>
      <trkpt lat="-23.6501" lon="16.1967"/>
      <trkpt lat="-23.6503" lon="16.1962"/>
      <trkpt lat="-23.6504" lon="16.196"/>
      <trkpt lat="-23.6509" lon="16.1954"/>
      <trkpt lat="-23.6514" lon="16.1947"/>
      <trkpt lat="-23.652" lon="16.194"/>
      <trkpt lat="-23.6525" lon="16.1933"/>
      <trkpt lat="-23.6528" lon="16.193"/>
      <trkpt lat="-23.653" lon="16.1928"/>
      <trkpt lat="-23.6532" lon="16.1926"/>
      <trkpt lat="-23.6538" lon="16.1924"/>
      <trkpt lat="-23.6547" lon="16.1921"/>
      <trkpt lat="-23.6554" lon="16.1917"/>
      <trkpt lat="-23.6558" lon="16.1914"/>
      <trkpt lat="-23.656" lon="16.1913"/>
      <trkpt lat="-23.6562" lon="16.191"/>
      <trkpt lat="-23.6562" lon="16.1909"/>
      <trkpt lat="-23.6563" lon="16.1908"/>
      <trkpt lat="-23.6563" lon="16.1906"/>
      <trkpt lat="-23.6563" lon="16.19"/>
      <trkpt lat="-23.6564" lon="16.1898"/>
      <trkpt lat="-23.6565" lon="16.1896"/>
      <trkpt lat="-23.6568" lon="16.189"/>
      <trkpt lat="-23.6573" lon="16.1884"/>
      <trkpt lat="-23.6577" lon="16.1877"/>
      <trkpt lat="-23.6578" lon="16.1874"/>
      <trkpt lat="-23.6578" lon="16.1871"/>
      <trkpt lat="-23.6577" lon="16.1868"/>
      <trkpt lat="-23.6577" lon="16.1865"/>
      <trkpt lat="-23.6577" lon="16.1861"/>
      <trkpt lat="-23.6577" lon="16.1859"/>
      <trkpt lat="-23.6578" lon="16.1857"/>
      <trkpt lat="-23.6578" lon="16.1856"/>
      <trkpt lat="-23.6579" lon="16.1855"/>
      <trkpt lat="-23.6579" lon="16.1855"/>
    </trkseg>
  </trk>
  <trk>
    <name>D2 · Spreetshoogte → Solitaire → Sesriem</name>
    <desc>2 nov · 129 km · ~1.9 h</desc>
    <trkseg>
      <trkpt lat="-23.6579" lon="16.1855"/>
      <trkpt lat="-23.658" lon="16.1854"/>
      <trkpt lat="-23.6582" lon="16.1854"/>
      <trkpt lat="-23.6584" lon="16.1853"/>
      <trkpt lat="-23.6585" lon="16.1852"/>
      <trkpt lat="-23.6588" lon="16.1851"/>
      <trkpt lat="-23.659" lon="16.185"/>
      <trkpt lat="-23.6593" lon="16.1849"/>
      <trkpt lat="-23.6595" lon="16.1848"/>
      <trkpt lat="-23.6599" lon="16.1843"/>
      <trkpt lat="-23.6603" lon="16.1838"/>
      <trkpt lat="-23.6605" lon="16.1836"/>
      <trkpt lat="-23.6607" lon="16.1833"/>
      <trkpt lat="-23.6609" lon="16.1832"/>
      <trkpt lat="-23.6612" lon="16.183"/>
      <trkpt lat="-23.6614" lon="16.1829"/>
      <trkpt lat="-23.6615" lon="16.1827"/>
      <trkpt lat="-23.6616" lon="16.1826"/>
      <trkpt lat="-23.6617" lon="16.1825"/>
      <trkpt lat="-23.6618" lon="16.1823"/>
      <trkpt lat="-23.6618" lon="16.1821"/>
      <trkpt lat="-23.6618" lon="16.1819"/>
      <trkpt lat="-23.6618" lon="16.1816"/>
      <trkpt lat="-23.6617" lon="16.1813"/>
      <trkpt lat="-23.6617" lon="16.1811"/>
      <trkpt lat="-23.6616" lon="16.1806"/>
      <trkpt lat="-23.6615" lon="16.18"/>
      <trkpt lat="-23.6614" lon="16.1797"/>
      <trkpt lat="-23.6612" lon="16.1793"/>
      <trkpt lat="-23.661" lon="16.179"/>
      <trkpt lat="-23.6609" lon="16.1788"/>
      <trkpt lat="-23.6609" lon="16.1787"/>
      <trkpt lat="-23.6609" lon="16.1786"/>
      <trkpt lat="-23.6609" lon="16.1784"/>
      <trkpt lat="-23.661" lon="16.1782"/>
      <trkpt lat="-23.6613" lon="16.1779"/>
      <trkpt lat="-23.6615" lon="16.1775"/>
      <trkpt lat="-23.6618" lon="16.1771"/>
      <trkpt lat="-23.6621" lon="16.1766"/>
      <trkpt lat="-23.6623" lon="16.176"/>
      <trkpt lat="-23.6626" lon="16.1753"/>
      <trkpt lat="-23.663" lon="16.1747"/>
      <trkpt lat="-23.663" lon="16.1745"/>
      <trkpt lat="-23.663" lon="16.1743"/>
      <trkpt lat="-23.663" lon="16.174"/>
      <trkpt lat="-23.6629" lon="16.1737"/>
      <trkpt lat="-23.6629" lon="16.1736"/>
      <trkpt lat="-23.6628" lon="16.1735"/>
      <trkpt lat="-23.6626" lon="16.1735"/>
      <trkpt lat="-23.6624" lon="16.1734"/>
      <trkpt lat="-23.6622" lon="16.1733"/>
      <trkpt lat="-23.6615" lon="16.1727"/>
      <trkpt lat="-23.6614" lon="16.1726"/>
      <trkpt lat="-23.6613" lon="16.1725"/>
      <trkpt lat="-23.6613" lon="16.1723"/>
      <trkpt lat="-23.6613" lon="16.172"/>
      <trkpt lat="-23.6613" lon="16.1718"/>
      <trkpt lat="-23.6613" lon="16.1717"/>
      <trkpt lat="-23.6614" lon="16.1714"/>
      <trkpt lat="-23.6616" lon="16.1709"/>
      <trkpt lat="-23.6616" lon="16.1708"/>
      <trkpt lat="-23.6616" lon="16.1707"/>
      <trkpt lat="-23.6616" lon="16.1707"/>
      <trkpt lat="-23.6615" lon="16.1707"/>
      <trkpt lat="-23.6614" lon="16.1707"/>
      <trkpt lat="-23.6614" lon="16.1708"/>
      <trkpt lat="-23.6612" lon="16.1712"/>
      <trkpt lat="-23.661" lon="16.1715"/>
      <trkpt lat="-23.6608" lon="16.1718"/>
      <trkpt lat="-23.6607" lon="16.1719"/>
      <trkpt lat="-23.6606" lon="16.172"/>
      <trkpt lat="-23.6606" lon="16.172"/>
      <trkpt lat="-23.6606" lon="16.1719"/>
      <trkpt lat="-23.6606" lon="16.1719"/>
      <trkpt lat="-23.6607" lon="16.1716"/>
      <trkpt lat="-23.6607" lon="16.1714"/>
      <trkpt lat="-23.6608" lon="16.1713"/>
      <trkpt lat="-23.6608" lon="16.1711"/>
      <trkpt lat="-23.6608" lon="16.1709"/>
      <trkpt lat="-23.6608" lon="16.1707"/>
      <trkpt lat="-23.6608" lon="16.1706"/>
      <trkpt lat="-23.6608" lon="16.1703"/>
      <trkpt lat="-23.6608" lon="16.1701"/>
      <trkpt lat="-23.6609" lon="16.1695"/>
      <trkpt lat="-23.661" lon="16.1694"/>
      <trkpt lat="-23.661" lon="16.1692"/>
      <trkpt lat="-23.6612" lon="16.169"/>
      <trkpt lat="-23.6613" lon="16.1688"/>
      <trkpt lat="-23.6613" lon="16.1687"/>
      <trkpt lat="-23.6613" lon="16.1686"/>
      <trkpt lat="-23.6612" lon="16.1685"/>
      <trkpt lat="-23.661" lon="16.1684"/>
      <trkpt lat="-23.6608" lon="16.1683"/>
      <trkpt lat="-23.6606" lon="16.1681"/>
      <trkpt lat="-23.6603" lon="16.1677"/>
      <trkpt lat="-23.6601" lon="16.1674"/>
      <trkpt lat="-23.66" lon="16.1672"/>
      <trkpt lat="-23.6599" lon="16.167"/>
      <trkpt lat="-23.6598" lon="16.1668"/>
      <trkpt lat="-23.6597" lon="16.1667"/>
      <trkpt lat="-23.6594" lon="16.1663"/>
      <trkpt lat="-23.6592" lon="16.1661"/>
      <trkpt lat="-23.6586" lon="16.1656"/>
      <trkpt lat="-23.6585" lon="16.1655"/>
      <trkpt lat="-23.6585" lon="16.1654"/>
      <trkpt lat="-23.6585" lon="16.1653"/>
      <trkpt lat="-23.6585" lon="16.1652"/>
      <trkpt lat="-23.6586" lon="16.165"/>
      <trkpt lat="-23.6588" lon="16.1649"/>
      <trkpt lat="-23.6591" lon="16.1646"/>
      <trkpt lat="-23.6593" lon="16.1644"/>
      <trkpt lat="-23.6597" lon="16.1639"/>
      <trkpt lat="-23.6598" lon="16.1637"/>
      <trkpt lat="-23.6598" lon="16.1636"/>
      <trkpt lat="-23.6598" lon="16.1634"/>
      <trkpt lat="-23.6597" lon="16.1632"/>
      <trkpt lat="-23.6596" lon="16.1632"/>
      <trkpt lat="-23.6594" lon="16.1631"/>
      <trkpt lat="-23.6591" lon="16.163"/>
      <trkpt lat="-23.6589" lon="16.1628"/>
      <trkpt lat="-23.6586" lon="16.1627"/>
      <trkpt lat="-23.6582" lon="16.1626"/>
      <trkpt lat="-23.6582" lon="16.1625"/>
      <trkpt lat="-23.6581" lon="16.1624"/>
      <trkpt lat="-23.6581" lon="16.1623"/>
      <trkpt lat="-23.6581" lon="16.1622"/>
      <trkpt lat="-23.6582" lon="16.162"/>
      <trkpt lat="-23.6583" lon="16.1617"/>
      <trkpt lat="-23.6584" lon="16.1616"/>
      <trkpt lat="-23.6584" lon="16.1614"/>
      <trkpt lat="-23.6584" lon="16.1614"/>
      <trkpt lat="-23.6583" lon="16.1613"/>
      <trkpt lat="-23.6582" lon="16.1613"/>
      <trkpt lat="-23.6575" lon="16.1615"/>
      <trkpt lat="-23.6571" lon="16.1615"/>
      <trkpt lat="-23.6568" lon="16.1615"/>
      <trkpt lat="-23.6566" lon="16.1616"/>
      <trkpt lat="-23.6563" lon="16.1617"/>
      <trkpt lat="-23.6561" lon="16.1619"/>
      <trkpt lat="-23.656" lon="16.1621"/>
      <trkpt lat="-23.6558" lon="16.1623"/>
      <trkpt lat="-23.6556" lon="16.1625"/>
      <trkpt lat="-23.6554" lon="16.1628"/>
      <trkpt lat="-23.6553" lon="16.1629"/>
      <trkpt lat="-23.6552" lon="16.163"/>
      <trkpt lat="-23.6549" lon="16.163"/>
      <trkpt lat="-23.6546" lon="16.163"/>
      <trkpt lat="-23.6545" lon="16.163"/>
      <trkpt lat="-23.6539" lon="16.1628"/>
      <trkpt lat="-23.6537" lon="16.1627"/>
      <trkpt lat="-23.6535" lon="16.1625"/>
      <trkpt lat="-23.6534" lon="16.1623"/>
      <trkpt lat="-23.6533" lon="16.1621"/>
      <trkpt lat="-23.6532" lon="16.1618"/>
      <trkpt lat="-23.6532" lon="16.1611"/>
      <trkpt lat="-23.6532" lon="16.1604"/>
      <trkpt lat="-23.6534" lon="16.1589"/>
      <trkpt lat="-23.6534" lon="16.1584"/>
      <trkpt lat="-23.6535" lon="16.1578"/>
      <trkpt lat="-23.6536" lon="16.1572"/>
      <trkpt lat="-23.6538" lon="16.1566"/>
      <trkpt lat="-23.6547" lon="16.155"/>
      <trkpt lat="-23.655" lon="16.1544"/>
      <trkpt lat="-23.6553" lon="16.1538"/>
      <trkpt lat="-23.6561" lon="16.1523"/>
      <trkpt lat="-23.6567" lon="16.1513"/>
      <trkpt lat="-23.6568" lon="16.151"/>
      <trkpt lat="-23.6569" lon="16.1491"/>
      <trkpt lat="-23.6569" lon="16.1483"/>
      <trkpt lat="-23.6568" lon="16.1476"/>
      <trkpt lat="-23.6565" lon="16.1469"/>
      <trkpt lat="-23.656" lon="16.1459"/>
      <trkpt lat="-23.6543" lon="16.1419"/>
      <trkpt lat="-23.6541" lon="16.1413"/>
      <trkpt lat="-23.654" lon="16.1408"/>
      <trkpt lat="-23.654" lon="16.1402"/>
      <trkpt lat="-23.6542" lon="16.1373"/>
      <trkpt lat="-23.6543" lon="16.1365"/>
      <trkpt lat="-23.6543" lon="16.1361"/>
      <trkpt lat="-23.6547" lon="16.1349"/>
      <trkpt lat="-23.6551" lon="16.1338"/>
      <trkpt lat="-23.6557" lon="16.1315"/>
      <trkpt lat="-23.6561" lon="16.13"/>
      <trkpt lat="-23.6563" lon="16.1291"/>
      <trkpt lat="-23.6564" lon="16.1288"/>
      <trkpt lat="-23.6567" lon="16.1285"/>
      <trkpt lat="-23.6574" lon="16.1279"/>
      <trkpt lat="-23.6586" lon="16.1272"/>
      <trkpt lat="-23.6588" lon="16.127"/>
      <trkpt lat="-23.6597" lon="16.1262"/>
      <trkpt lat="-23.6605" lon="16.1252"/>
      <trkpt lat="-23.6614" lon="16.1241"/>
      <trkpt lat="-23.6622" lon="16.123"/>
      <trkpt lat="-23.6626" lon="16.1223"/>
      <trkpt lat="-23.6629" lon="16.1218"/>
      <trkpt lat="-23.6631" lon="16.1212"/>
      <trkpt lat="-23.6631" lon="16.1211"/>
      <trkpt lat="-23.6632" lon="16.121"/>
      <trkpt lat="-23.6633" lon="16.1203"/>
      <trkpt lat="-23.6634" lon="16.1197"/>
      <trkpt lat="-23.6636" lon="16.119"/>
      <trkpt lat="-23.6639" lon="16.1178"/>
      <trkpt lat="-23.6641" lon="16.1168"/>
      <trkpt lat="-23.6644" lon="16.116"/>
      <trkpt lat="-23.665" lon="16.1147"/>
      <trkpt lat="-23.6655" lon="16.1139"/>
      <trkpt lat="-23.6661" lon="16.1132"/>
      <trkpt lat="-23.6671" lon="16.1121"/>
      <trkpt lat="-23.6682" lon="16.111"/>
      <trkpt lat="-23.6695" lon="16.1096"/>
      <trkpt lat="-23.6697" lon="16.1095"/>
      <trkpt lat="-23.6708" lon="16.1082"/>
      <trkpt lat="-23.6729" lon="16.106"/>
      <trkpt lat="-23.6731" lon="16.1058"/>
      <trkpt lat="-23.6734" lon="16.1055"/>
      <trkpt lat="-23.6742" lon="16.1048"/>
      <trkpt lat="-23.6748" lon="16.1043"/>
      <trkpt lat="-23.6751" lon="16.1041"/>
      <trkpt lat="-23.6756" lon="16.1038"/>
      <trkpt lat="-23.6773" lon="16.103"/>
      <trkpt lat="-23.6801" lon="16.1014"/>
      <trkpt lat="-23.6817" lon="16.1004"/>
      <trkpt lat="-23.6825" lon="16.1"/>
      <trkpt lat="-23.6837" lon="16.0992"/>
      <trkpt lat="-23.6856" lon="16.0983"/>
      <trkpt lat="-23.6873" lon="16.0974"/>
      <trkpt lat="-23.6879" lon="16.0971"/>
      <trkpt lat="-23.688" lon="16.097"/>
      <trkpt lat="-23.6885" lon="16.0968"/>
      <trkpt lat="-23.6894" lon="16.0962"/>
      <trkpt lat="-23.6895" lon="16.0961"/>
      <trkpt lat="-23.6899" lon="16.0957"/>
      <trkpt lat="-23.6902" lon="16.0953"/>
      <trkpt lat="-23.691" lon="16.0941"/>
      <trkpt lat="-23.6918" lon="16.0929"/>
      <trkpt lat="-23.6925" lon="16.0921"/>
      <trkpt lat="-23.6933" lon="16.0915"/>
      <trkpt lat="-23.6952" lon="16.0903"/>
      <trkpt lat="-23.6975" lon="16.0889"/>
      <trkpt lat="-23.6991" lon="16.088"/>
      <trkpt lat="-23.6998" lon="16.0876"/>
      <trkpt lat="-23.7007" lon="16.0869"/>
      <trkpt lat="-23.705" lon="16.0838"/>
      <trkpt lat="-23.7092" lon="16.0806"/>
      <trkpt lat="-23.7105" lon="16.0797"/>
      <trkpt lat="-23.7135" lon="16.0776"/>
      <trkpt lat="-23.7147" lon="16.0768"/>
      <trkpt lat="-23.7151" lon="16.0765"/>
      <trkpt lat="-23.7153" lon="16.0764"/>
      <trkpt lat="-23.7232" lon="16.0709"/>
      <trkpt lat="-23.7236" lon="16.0705"/>
      <trkpt lat="-23.7263" lon="16.0683"/>
      <trkpt lat="-23.7289" lon="16.0658"/>
      <trkpt lat="-23.7347" lon="16.0609"/>
      <trkpt lat="-23.7366" lon="16.0589"/>
      <trkpt lat="-23.7383" lon="16.057"/>
      <trkpt lat="-23.7409" lon="16.0537"/>
      <trkpt lat="-23.742" lon="16.0521"/>
      <trkpt lat="-23.7428" lon="16.0507"/>
      <trkpt lat="-23.7434" lon="16.0494"/>
      <trkpt lat="-23.7439" lon="16.0481"/>
      <trkpt lat="-23.7444" lon="16.0465"/>
      <trkpt lat="-23.7446" lon="16.0456"/>
      <trkpt lat="-23.7447" lon="16.0446"/>
      <trkpt lat="-23.7448" lon="16.044"/>
      <trkpt lat="-23.7449" lon="16.0425"/>
      <trkpt lat="-23.7445" lon="16.0354"/>
      <trkpt lat="-23.7444" lon="16.0334"/>
      <trkpt lat="-23.7444" lon="16.0327"/>
      <trkpt lat="-23.7445" lon="16.0318"/>
      <trkpt lat="-23.7447" lon="16.0301"/>
      <trkpt lat="-23.7453" lon="16.0271"/>
      <trkpt lat="-23.7464" lon="16.022"/>
      <trkpt lat="-23.7468" lon="16.0196"/>
      <trkpt lat="-23.7472" lon="16.0169"/>
      <trkpt lat="-23.7478" lon="16.0145"/>
      <trkpt lat="-23.7489" lon="16.0118"/>
      <trkpt lat="-23.7502" lon="16.0089"/>
      <trkpt lat="-23.7515" lon="16.0067"/>
      <trkpt lat="-23.7524" lon="16.0053"/>
      <trkpt lat="-23.7534" lon="16.0039"/>
      <trkpt lat="-23.7546" lon="16.0025"/>
      <trkpt lat="-23.7555" lon="16.0015"/>
      <trkpt lat="-23.7557" lon="16.0013"/>
      <trkpt lat="-23.7559" lon="16.0012"/>
      <trkpt lat="-23.7561" lon="16.0011"/>
      <trkpt lat="-23.7567" lon="16.0009"/>
      <trkpt lat="-23.7618" lon="15.9997"/>
      <trkpt lat="-23.7649" lon="15.9991"/>
      <trkpt lat="-23.7654" lon="15.999"/>
      <trkpt lat="-23.7658" lon="15.9987"/>
      <trkpt lat="-23.7662" lon="15.9985"/>
      <trkpt lat="-23.7671" lon="15.9978"/>
      <trkpt lat="-23.7693" lon="15.9957"/>
      <trkpt lat="-23.7702" lon="15.9949"/>
      <trkpt lat="-23.7738" lon="15.9928"/>
      <trkpt lat="-23.7747" lon="15.9923"/>
      <trkpt lat="-23.7774" lon="15.9912"/>
      <trkpt lat="-23.7803" lon="15.9899"/>
      <trkpt lat="-23.7821" lon="15.9891"/>
      <trkpt lat="-23.784" lon="15.9884"/>
      <trkpt lat="-23.7852" lon="15.9879"/>
      <trkpt lat="-23.7861" lon="15.9875"/>
      <trkpt lat="-23.7868" lon="15.9869"/>
      <trkpt lat="-23.7881" lon="15.9854"/>
      <trkpt lat="-23.7892" lon="15.9839"/>
      <trkpt lat="-23.7932" lon="15.9786"/>
      <trkpt lat="-23.7939" lon="15.9775"/>
      <trkpt lat="-23.7963" lon="15.9731"/>
      <trkpt lat="-23.7975" lon="15.9709"/>
      <trkpt lat="-23.7979" lon="15.9703"/>
      <trkpt lat="-23.7983" lon="15.9698"/>
      <trkpt lat="-23.7994" lon="15.9687"/>
      <trkpt lat="-23.8006" lon="15.9674"/>
      <trkpt lat="-23.8014" lon="15.9667"/>
      <trkpt lat="-23.8019" lon="15.9661"/>
      <trkpt lat="-23.8022" lon="15.9658"/>
      <trkpt lat="-23.8027" lon="15.965"/>
      <trkpt lat="-23.8035" lon="15.9638"/>
      <trkpt lat="-23.8058" lon="15.9613"/>
      <trkpt lat="-23.8065" lon="15.9606"/>
      <trkpt lat="-23.8073" lon="15.96"/>
      <trkpt lat="-23.8081" lon="15.9596"/>
      <trkpt lat="-23.8118" lon="15.9583"/>
      <trkpt lat="-23.814" lon="15.9577"/>
      <trkpt lat="-23.8146" lon="15.9574"/>
      <trkpt lat="-23.8154" lon="15.957"/>
      <trkpt lat="-23.8186" lon="15.9551"/>
      <trkpt lat="-23.8206" lon="15.9541"/>
      <trkpt lat="-23.8225" lon="15.953"/>
      <trkpt lat="-23.8279" lon="15.9492"/>
      <trkpt lat="-23.833" lon="15.954"/>
      <trkpt lat="-23.8337" lon="15.9546"/>
      <trkpt lat="-23.8343" lon="15.9551"/>
      <trkpt lat="-23.8358" lon="15.9561"/>
      <trkpt lat="-23.8364" lon="15.9566"/>
      <trkpt lat="-23.8373" lon="15.9575"/>
      <trkpt lat="-23.8443" lon="15.9645"/>
      <trkpt lat="-23.8498" lon="15.9699"/>
      <trkpt lat="-23.854" lon="15.9741"/>
      <trkpt lat="-23.8594" lon="15.9792"/>
      <trkpt lat="-23.865" lon="15.9845"/>
      <trkpt lat="-23.8708" lon="15.9893"/>
      <trkpt lat="-23.8764" lon="15.9943"/>
      <trkpt lat="-23.8817" lon="15.9992"/>
      <trkpt lat="-23.8858" lon="16.0029"/>
      <trkpt lat="-23.8876" lon="16.0046"/>
      <trkpt lat="-23.8884" lon="16.0054"/>
      <trkpt lat="-23.8893" lon="16.0062"/>
      <trkpt lat="-23.8898" lon="16.0067"/>
      <trkpt lat="-23.8901" lon="16.0069"/>
      <trkpt lat="-23.8913" lon="16.0081"/>
      <trkpt lat="-23.8919" lon="16.0076"/>
      <trkpt lat="-23.8921" lon="16.0074"/>
      <trkpt lat="-23.8923" lon="16.0073"/>
      <trkpt lat="-23.8925" lon="16.0072"/>
      <trkpt lat="-23.8928" lon="16.007"/>
      <trkpt lat="-23.8931" lon="16.0069"/>
      <trkpt lat="-23.8934" lon="16.0068"/>
      <trkpt lat="-23.8933" lon="16.0066"/>
      <trkpt lat="-23.8932" lon="16.0064"/>
      <trkpt lat="-23.8931" lon="16.0063"/>
      <trkpt lat="-23.893" lon="16.0062"/>
      <trkpt lat="-23.893" lon="16.0062"/>
      <trkpt lat="-23.893" lon="16.0061"/>
      <trkpt lat="-23.8932" lon="16.0059"/>
      <trkpt lat="-23.8934" lon="16.0059"/>
      <trkpt lat="-23.8934" lon="16.0058"/>
      <trkpt lat="-23.8936" lon="16.0056"/>
      <trkpt lat="-23.8937" lon="16.0056"/>
      <trkpt lat="-23.8938" lon="16.0056"/>
      <trkpt lat="-23.8939" lon="16.0056"/>
      <trkpt lat="-23.8939" lon="16.0056"/>
      <trkpt lat="-23.8938" lon="16.0055"/>
      <trkpt lat="-23.8938" lon="16.0055"/>
      <trkpt lat="-23.8936" lon="16.0055"/>
      <trkpt lat="-23.8937" lon="16.0056"/>
      <trkpt lat="-23.8936" lon="16.0056"/>
      <trkpt lat="-23.8934" lon="16.0058"/>
      <trkpt lat="-23.8934" lon="16.0059"/>
      <trkpt lat="-23.8932" lon="16.0059"/>
      <trkpt lat="-23.893" lon="16.0061"/>
      <trkpt lat="-23.893" lon="16.0062"/>
      <trkpt lat="-23.893" lon="16.0062"/>
      <trkpt lat="-23.8931" lon="16.0063"/>
      <trkpt lat="-23.8932" lon="16.0064"/>
      <trkpt lat="-23.8933" lon="16.0066"/>
      <trkpt lat="-23.8934" lon="16.0068"/>
      <trkpt lat="-23.8938" lon="16.0067"/>
      <trkpt lat="-23.8957" lon="16.0064"/>
      <trkpt lat="-23.8993" lon="16.0058"/>
      <trkpt lat="-23.8997" lon="16.0057"/>
      <trkpt lat="-23.9001" lon="16.0057"/>
      <trkpt lat="-23.9063" lon="16.0059"/>
      <trkpt lat="-23.9096" lon="16.006"/>
      <trkpt lat="-23.9125" lon="16.0061"/>
      <trkpt lat="-23.9128" lon="16.0061"/>
      <trkpt lat="-23.913" lon="16.0061"/>
      <trkpt lat="-23.9131" lon="16.0061"/>
      <trkpt lat="-23.9148" lon="16.0061"/>
      <trkpt lat="-23.9206" lon="16.0064"/>
      <trkpt lat="-23.9231" lon="16.0064"/>
      <trkpt lat="-23.9252" lon="16.0064"/>
      <trkpt lat="-23.9289" lon="16.0062"/>
      <trkpt lat="-23.9297" lon="16.0062"/>
      <trkpt lat="-23.9325" lon="16.006"/>
      <trkpt lat="-23.934" lon="16.0058"/>
      <trkpt lat="-23.9345" lon="16.0058"/>
      <trkpt lat="-23.935" lon="16.0058"/>
      <trkpt lat="-23.9362" lon="16.0058"/>
      <trkpt lat="-23.9377" lon="16.0058"/>
      <trkpt lat="-23.9393" lon="16.0058"/>
      <trkpt lat="-23.9407" lon="16.0058"/>
      <trkpt lat="-23.9423" lon="16.0058"/>
      <trkpt lat="-23.9452" lon="16.0061"/>
      <trkpt lat="-23.9469" lon="16.0062"/>
      <trkpt lat="-23.9475" lon="16.0062"/>
      <trkpt lat="-23.948" lon="16.0062"/>
      <trkpt lat="-23.9488" lon="16.0063"/>
      <trkpt lat="-23.9504" lon="16.0062"/>
      <trkpt lat="-23.9537" lon="16.006"/>
      <trkpt lat="-23.9542" lon="16.006"/>
      <trkpt lat="-23.9548" lon="16.006"/>
      <trkpt lat="-23.9553" lon="16.006"/>
      <trkpt lat="-23.9565" lon="16.006"/>
      <trkpt lat="-23.9611" lon="16.0061"/>
      <trkpt lat="-23.9691" lon="16.0063"/>
      <trkpt lat="-23.9717" lon="16.0065"/>
      <trkpt lat="-23.9722" lon="16.0065"/>
      <trkpt lat="-23.9751" lon="16.0065"/>
      <trkpt lat="-23.9755" lon="16.0065"/>
      <trkpt lat="-23.9758" lon="16.0065"/>
      <trkpt lat="-23.9761" lon="16.0065"/>
      <trkpt lat="-23.9765" lon="16.0065"/>
      <trkpt lat="-23.9769" lon="16.0064"/>
      <trkpt lat="-23.9773" lon="16.0063"/>
      <trkpt lat="-23.9776" lon="16.0063"/>
      <trkpt lat="-23.9818" lon="16.0053"/>
      <trkpt lat="-23.9822" lon="16.0052"/>
      <trkpt lat="-23.9827" lon="16.005"/>
      <trkpt lat="-23.9832" lon="16.0049"/>
      <trkpt lat="-23.9835" lon="16.0047"/>
      <trkpt lat="-23.9838" lon="16.0046"/>
      <trkpt lat="-23.9842" lon="16.0044"/>
      <trkpt lat="-23.9845" lon="16.0042"/>
      <trkpt lat="-23.9847" lon="16.004"/>
      <trkpt lat="-23.9851" lon="16.0036"/>
      <trkpt lat="-23.9854" lon="16.0033"/>
      <trkpt lat="-23.9856" lon="16.003"/>
      <trkpt lat="-23.9858" lon="16.0028"/>
      <trkpt lat="-23.986" lon="16.0024"/>
      <trkpt lat="-23.9861" lon="16.002"/>
      <trkpt lat="-23.9862" lon="16.0016"/>
      <trkpt lat="-23.9863" lon="16.0011"/>
      <trkpt lat="-23.9864" lon="16.0007"/>
      <trkpt lat="-23.9864" lon="16.0002"/>
      <trkpt lat="-23.9862" lon="15.9986"/>
      <trkpt lat="-23.9862" lon="15.9982"/>
      <trkpt lat="-23.9863" lon="15.9979"/>
      <trkpt lat="-23.9863" lon="15.9976"/>
      <trkpt lat="-23.9865" lon="15.9972"/>
      <trkpt lat="-23.9895" lon="15.9901"/>
      <trkpt lat="-23.9935" lon="15.9804"/>
      <trkpt lat="-23.9988" lon="15.9675"/>
      <trkpt lat="-23.9998" lon="15.9652"/>
      <trkpt lat="-24.0001" lon="15.9643"/>
      <trkpt lat="-24.0004" lon="15.9636"/>
      <trkpt lat="-24.0008" lon="15.963"/>
      <trkpt lat="-24.0012" lon="15.9623"/>
      <trkpt lat="-24.002" lon="15.961"/>
      <trkpt lat="-24.0022" lon="15.9607"/>
      <trkpt lat="-24.0025" lon="15.9603"/>
      <trkpt lat="-24.0027" lon="15.9601"/>
      <trkpt lat="-24.003" lon="15.9598"/>
      <trkpt lat="-24.0034" lon="15.9596"/>
      <trkpt lat="-24.0039" lon="15.9594"/>
      <trkpt lat="-24.0044" lon="15.9592"/>
      <trkpt lat="-24.0065" lon="15.9584"/>
      <trkpt lat="-24.0075" lon="15.9581"/>
      <trkpt lat="-24.008" lon="15.9579"/>
      <trkpt lat="-24.0085" lon="15.9578"/>
      <trkpt lat="-24.009" lon="15.9577"/>
      <trkpt lat="-24.0098" lon="15.9575"/>
      <trkpt lat="-24.0104" lon="15.9574"/>
      <trkpt lat="-24.011" lon="15.9573"/>
      <trkpt lat="-24.0116" lon="15.9573"/>
      <trkpt lat="-24.0122" lon="15.9574"/>
      <trkpt lat="-24.013" lon="15.9575"/>
      <trkpt lat="-24.0138" lon="15.9577"/>
      <trkpt lat="-24.0142" lon="15.9578"/>
      <trkpt lat="-24.0146" lon="15.9579"/>
      <trkpt lat="-24.0153" lon="15.9582"/>
      <trkpt lat="-24.0157" lon="15.9584"/>
      <trkpt lat="-24.0179" lon="15.9594"/>
      <trkpt lat="-24.019" lon="15.96"/>
      <trkpt lat="-24.0203" lon="15.9605"/>
      <trkpt lat="-24.021" lon="15.9609"/>
      <trkpt lat="-24.0213" lon="15.961"/>
      <trkpt lat="-24.0216" lon="15.9612"/>
      <trkpt lat="-24.022" lon="15.9614"/>
      <trkpt lat="-24.0226" lon="15.9618"/>
      <trkpt lat="-24.0231" lon="15.9621"/>
      <trkpt lat="-24.0235" lon="15.9623"/>
      <trkpt lat="-24.0241" lon="15.9626"/>
      <trkpt lat="-24.0245" lon="15.9627"/>
      <trkpt lat="-24.025" lon="15.9629"/>
      <trkpt lat="-24.0252" lon="15.963"/>
      <trkpt lat="-24.0265" lon="15.9635"/>
      <trkpt lat="-24.027" lon="15.9637"/>
      <trkpt lat="-24.0277" lon="15.964"/>
      <trkpt lat="-24.0297" lon="15.9651"/>
      <trkpt lat="-24.03" lon="15.9652"/>
      <trkpt lat="-24.0303" lon="15.9654"/>
      <trkpt lat="-24.0307" lon="15.9655"/>
      <trkpt lat="-24.031" lon="15.9657"/>
      <trkpt lat="-24.0316" lon="15.9659"/>
      <trkpt lat="-24.0325" lon="15.9662"/>
      <trkpt lat="-24.0329" lon="15.9663"/>
      <trkpt lat="-24.0335" lon="15.9666"/>
      <trkpt lat="-24.0339" lon="15.9667"/>
      <trkpt lat="-24.0354" lon="15.9676"/>
      <trkpt lat="-24.0358" lon="15.9678"/>
      <trkpt lat="-24.0361" lon="15.968"/>
      <trkpt lat="-24.0364" lon="15.9682"/>
      <trkpt lat="-24.0366" lon="15.9684"/>
      <trkpt lat="-24.0369" lon="15.9687"/>
      <trkpt lat="-24.0378" lon="15.9696"/>
      <trkpt lat="-24.0388" lon="15.9705"/>
      <trkpt lat="-24.0391" lon="15.9708"/>
      <trkpt lat="-24.0395" lon="15.9712"/>
      <trkpt lat="-24.0399" lon="15.9715"/>
      <trkpt lat="-24.0404" lon="15.9718"/>
      <trkpt lat="-24.0409" lon="15.9721"/>
      <trkpt lat="-24.0414" lon="15.9724"/>
      <trkpt lat="-24.0418" lon="15.9726"/>
      <trkpt lat="-24.0423" lon="15.9729"/>
      <trkpt lat="-24.0427" lon="15.973"/>
      <trkpt lat="-24.0433" lon="15.9733"/>
      <trkpt lat="-24.0441" lon="15.9736"/>
      <trkpt lat="-24.0447" lon="15.9739"/>
      <trkpt lat="-24.0457" lon="15.9742"/>
      <trkpt lat="-24.0462" lon="15.9743"/>
      <trkpt lat="-24.0471" lon="15.9746"/>
      <trkpt lat="-24.0478" lon="15.9747"/>
      <trkpt lat="-24.0482" lon="15.9748"/>
      <trkpt lat="-24.0485" lon="15.9749"/>
      <trkpt lat="-24.0487" lon="15.9749"/>
      <trkpt lat="-24.0491" lon="15.9749"/>
      <trkpt lat="-24.0495" lon="15.9749"/>
      <trkpt lat="-24.0499" lon="15.9748"/>
      <trkpt lat="-24.0502" lon="15.9747"/>
      <trkpt lat="-24.0505" lon="15.9746"/>
      <trkpt lat="-24.0508" lon="15.9745"/>
      <trkpt lat="-24.0513" lon="15.9743"/>
      <trkpt lat="-24.0516" lon="15.9742"/>
      <trkpt lat="-24.0519" lon="15.9741"/>
      <trkpt lat="-24.0522" lon="15.9741"/>
      <trkpt lat="-24.0525" lon="15.974"/>
      <trkpt lat="-24.0528" lon="15.974"/>
      <trkpt lat="-24.0535" lon="15.974"/>
      <trkpt lat="-24.054" lon="15.974"/>
      <trkpt lat="-24.0543" lon="15.9739"/>
      <trkpt lat="-24.0546" lon="15.9739"/>
      <trkpt lat="-24.0548" lon="15.9739"/>
      <trkpt lat="-24.0551" lon="15.9738"/>
      <trkpt lat="-24.0554" lon="15.9737"/>
      <trkpt lat="-24.0556" lon="15.9735"/>
      <trkpt lat="-24.056" lon="15.9733"/>
      <trkpt lat="-24.0569" lon="15.9728"/>
      <trkpt lat="-24.0572" lon="15.9725"/>
      <trkpt lat="-24.0578" lon="15.9722"/>
      <trkpt lat="-24.0582" lon="15.972"/>
      <trkpt lat="-24.0586" lon="15.9718"/>
      <trkpt lat="-24.059" lon="15.9716"/>
      <trkpt lat="-24.0595" lon="15.9715"/>
      <trkpt lat="-24.0599" lon="15.9713"/>
      <trkpt lat="-24.0609" lon="15.971"/>
      <trkpt lat="-24.0615" lon="15.9708"/>
      <trkpt lat="-24.0619" lon="15.9707"/>
      <trkpt lat="-24.0623" lon="15.9705"/>
      <trkpt lat="-24.063" lon="15.9701"/>
      <trkpt lat="-24.0653" lon="15.9689"/>
      <trkpt lat="-24.0659" lon="15.9686"/>
      <trkpt lat="-24.0665" lon="15.9683"/>
      <trkpt lat="-24.0671" lon="15.968"/>
      <trkpt lat="-24.0676" lon="15.9677"/>
      <trkpt lat="-24.0691" lon="15.9671"/>
      <trkpt lat="-24.07" lon="15.9667"/>
      <trkpt lat="-24.0709" lon="15.9663"/>
      <trkpt lat="-24.0795" lon="15.9626"/>
      <trkpt lat="-24.0871" lon="15.9593"/>
      <trkpt lat="-24.0874" lon="15.9592"/>
      <trkpt lat="-24.0877" lon="15.9592"/>
      <trkpt lat="-24.0879" lon="15.9591"/>
      <trkpt lat="-24.0881" lon="15.959"/>
      <trkpt lat="-24.0884" lon="15.959"/>
      <trkpt lat="-24.0887" lon="15.959"/>
      <trkpt lat="-24.0893" lon="15.9589"/>
      <trkpt lat="-24.091" lon="15.9589"/>
      <trkpt lat="-24.0939" lon="15.9588"/>
      <trkpt lat="-24.0939" lon="15.9588"/>
      <trkpt lat="-24.1028" lon="15.9584"/>
      <trkpt lat="-24.1031" lon="15.9584"/>
      <trkpt lat="-24.1225" lon="15.9576"/>
      <trkpt lat="-24.1226" lon="15.9576"/>
      <trkpt lat="-24.1235" lon="15.9575"/>
      <trkpt lat="-24.1245" lon="15.9575"/>
      <trkpt lat="-24.1254" lon="15.9575"/>
      <trkpt lat="-24.1265" lon="15.9574"/>
      <trkpt lat="-24.1317" lon="15.9572"/>
      <trkpt lat="-24.134" lon="15.9571"/>
      <trkpt lat="-24.1378" lon="15.9569"/>
      <trkpt lat="-24.1397" lon="15.9568"/>
      <trkpt lat="-24.1402" lon="15.9568"/>
      <trkpt lat="-24.1407" lon="15.9568"/>
      <trkpt lat="-24.1411" lon="15.9568"/>
      <trkpt lat="-24.1414" lon="15.9568"/>
      <trkpt lat="-24.1417" lon="15.9569"/>
      <trkpt lat="-24.1421" lon="15.9571"/>
      <trkpt lat="-24.1425" lon="15.9572"/>
      <trkpt lat="-24.1428" lon="15.9574"/>
      <trkpt lat="-24.1431" lon="15.9576"/>
      <trkpt lat="-24.1436" lon="15.9579"/>
      <trkpt lat="-24.1446" lon="15.959"/>
      <trkpt lat="-24.1449" lon="15.9592"/>
      <trkpt lat="-24.1451" lon="15.9594"/>
      <trkpt lat="-24.1455" lon="15.9595"/>
      <trkpt lat="-24.1459" lon="15.9597"/>
      <trkpt lat="-24.1464" lon="15.9598"/>
      <trkpt lat="-24.1466" lon="15.9599"/>
      <trkpt lat="-24.1612" lon="15.9624"/>
      <trkpt lat="-24.1632" lon="15.9628"/>
      <trkpt lat="-24.1714" lon="15.9643"/>
      <trkpt lat="-24.1797" lon="15.9658"/>
      <trkpt lat="-24.1798" lon="15.9658"/>
      <trkpt lat="-24.1882" lon="15.9673"/>
      <trkpt lat="-24.1885" lon="15.9673"/>
      <trkpt lat="-24.1889" lon="15.9674"/>
      <trkpt lat="-24.1893" lon="15.9674"/>
      <trkpt lat="-24.1896" lon="15.9674"/>
      <trkpt lat="-24.19" lon="15.9673"/>
      <trkpt lat="-24.1904" lon="15.9673"/>
      <trkpt lat="-24.1909" lon="15.9671"/>
      <trkpt lat="-24.1915" lon="15.9669"/>
      <trkpt lat="-24.1923" lon="15.9667"/>
      <trkpt lat="-24.1952" lon="15.9656"/>
      <trkpt lat="-24.1982" lon="15.9644"/>
      <trkpt lat="-24.2012" lon="15.9631"/>
      <trkpt lat="-24.2032" lon="15.9623"/>
      <trkpt lat="-24.2037" lon="15.9621"/>
      <trkpt lat="-24.204" lon="15.9619"/>
      <trkpt lat="-24.2043" lon="15.9618"/>
      <trkpt lat="-24.2046" lon="15.9615"/>
      <trkpt lat="-24.2048" lon="15.9612"/>
      <trkpt lat="-24.205" lon="15.961"/>
      <trkpt lat="-24.2053" lon="15.9605"/>
      <trkpt lat="-24.2055" lon="15.9601"/>
      <trkpt lat="-24.2101" lon="15.9509"/>
      <trkpt lat="-24.2116" lon="15.9481"/>
      <trkpt lat="-24.2161" lon="15.9393"/>
      <trkpt lat="-24.2164" lon="15.9388"/>
      <trkpt lat="-24.2164" lon="15.9386"/>
      <trkpt lat="-24.221" lon="15.9298"/>
      <trkpt lat="-24.2279" lon="15.9169"/>
      <trkpt lat="-24.2283" lon="15.9161"/>
      <trkpt lat="-24.2285" lon="15.9156"/>
      <trkpt lat="-24.2287" lon="15.9152"/>
      <trkpt lat="-24.2289" lon="15.9147"/>
      <trkpt lat="-24.2291" lon="15.9142"/>
      <trkpt lat="-24.2292" lon="15.9137"/>
      <trkpt lat="-24.2293" lon="15.9132"/>
      <trkpt lat="-24.2298" lon="15.9098"/>
      <trkpt lat="-24.2299" lon="15.9093"/>
      <trkpt lat="-24.23" lon="15.9091"/>
      <trkpt lat="-24.2301" lon="15.9088"/>
      <trkpt lat="-24.2302" lon="15.9086"/>
      <trkpt lat="-24.2303" lon="15.9084"/>
      <trkpt lat="-24.2305" lon="15.9082"/>
      <trkpt lat="-24.2307" lon="15.9081"/>
      <trkpt lat="-24.2309" lon="15.9079"/>
      <trkpt lat="-24.2311" lon="15.9077"/>
      <trkpt lat="-24.2315" lon="15.9075"/>
      <trkpt lat="-24.2438" lon="15.9005"/>
      <trkpt lat="-24.2561" lon="15.8935"/>
      <trkpt lat="-24.2622" lon="15.8899"/>
      <trkpt lat="-24.2723" lon="15.8839"/>
      <trkpt lat="-24.2741" lon="15.8828"/>
      <trkpt lat="-24.2745" lon="15.8826"/>
      <trkpt lat="-24.2749" lon="15.8824"/>
      <trkpt lat="-24.2753" lon="15.8822"/>
      <trkpt lat="-24.2758" lon="15.8821"/>
      <trkpt lat="-24.2766" lon="15.8818"/>
      <trkpt lat="-24.2788" lon="15.881"/>
      <trkpt lat="-24.2795" lon="15.8808"/>
      <trkpt lat="-24.28" lon="15.8807"/>
      <trkpt lat="-24.2804" lon="15.8806"/>
      <trkpt lat="-24.2808" lon="15.8805"/>
      <trkpt lat="-24.2812" lon="15.8804"/>
      <trkpt lat="-24.2817" lon="15.8804"/>
      <trkpt lat="-24.2821" lon="15.8804"/>
      <trkpt lat="-24.2825" lon="15.8805"/>
      <trkpt lat="-24.2828" lon="15.8806"/>
      <trkpt lat="-24.2831" lon="15.8806"/>
      <trkpt lat="-24.2836" lon="15.8808"/>
      <trkpt lat="-24.2903" lon="15.8828"/>
      <trkpt lat="-24.2923" lon="15.8834"/>
      <trkpt lat="-24.2927" lon="15.8835"/>
      <trkpt lat="-24.2931" lon="15.8837"/>
      <trkpt lat="-24.2936" lon="15.8839"/>
      <trkpt lat="-24.294" lon="15.8841"/>
      <trkpt lat="-24.2945" lon="15.8844"/>
      <trkpt lat="-24.304" lon="15.89"/>
      <trkpt lat="-24.3154" lon="15.8967"/>
      <trkpt lat="-24.318" lon="15.8983"/>
      <trkpt lat="-24.3288" lon="15.9046"/>
      <trkpt lat="-24.3294" lon="15.905"/>
      <trkpt lat="-24.3297" lon="15.9051"/>
      <trkpt lat="-24.3301" lon="15.9053"/>
      <trkpt lat="-24.3304" lon="15.9054"/>
      <trkpt lat="-24.3308" lon="15.9055"/>
      <trkpt lat="-24.3312" lon="15.9055"/>
      <trkpt lat="-24.3317" lon="15.9055"/>
      <trkpt lat="-24.3323" lon="15.9055"/>
      <trkpt lat="-24.3345" lon="15.9054"/>
      <trkpt lat="-24.3348" lon="15.9054"/>
      <trkpt lat="-24.3357" lon="15.9054"/>
      <trkpt lat="-24.337" lon="15.9053"/>
      <trkpt lat="-24.34" lon="15.9051"/>
      <trkpt lat="-24.3423" lon="15.905"/>
      <trkpt lat="-24.3446" lon="15.9049"/>
      <trkpt lat="-24.3486" lon="15.9047"/>
      <trkpt lat="-24.3489" lon="15.9047"/>
      <trkpt lat="-24.3502" lon="15.9047"/>
      <trkpt lat="-24.3561" lon="15.9043"/>
      <trkpt lat="-24.358" lon="15.9042"/>
      <trkpt lat="-24.3586" lon="15.9042"/>
      <trkpt lat="-24.3593" lon="15.9042"/>
      <trkpt lat="-24.36" lon="15.9041"/>
      <trkpt lat="-24.3611" lon="15.9039"/>
      <trkpt lat="-24.3626" lon="15.9036"/>
      <trkpt lat="-24.3633" lon="15.9035"/>
      <trkpt lat="-24.3638" lon="15.9034"/>
      <trkpt lat="-24.365" lon="15.903"/>
      <trkpt lat="-24.3736" lon="15.8999"/>
      <trkpt lat="-24.3739" lon="15.8998"/>
      <trkpt lat="-24.3767" lon="15.8988"/>
      <trkpt lat="-24.3775" lon="15.8985"/>
      <trkpt lat="-24.3781" lon="15.8983"/>
      <trkpt lat="-24.3786" lon="15.8981"/>
      <trkpt lat="-24.3793" lon="15.8979"/>
      <trkpt lat="-24.3799" lon="15.8977"/>
      <trkpt lat="-24.3804" lon="15.8977"/>
      <trkpt lat="-24.381" lon="15.8976"/>
      <trkpt lat="-24.3818" lon="15.8976"/>
      <trkpt lat="-24.3938" lon="15.8977"/>
      <trkpt lat="-24.395" lon="15.8978"/>
      <trkpt lat="-24.3954" lon="15.8978"/>
      <trkpt lat="-24.3958" lon="15.8979"/>
      <trkpt lat="-24.3963" lon="15.898"/>
      <trkpt lat="-24.3966" lon="15.8982"/>
      <trkpt lat="-24.3972" lon="15.8985"/>
      <trkpt lat="-24.3977" lon="15.8988"/>
      <trkpt lat="-24.4037" lon="15.9024"/>
      <trkpt lat="-24.4072" lon="15.9045"/>
      <trkpt lat="-24.4106" lon="15.9067"/>
      <trkpt lat="-24.411" lon="15.9069"/>
      <trkpt lat="-24.4113" lon="15.907"/>
      <trkpt lat="-24.4116" lon="15.9071"/>
      <trkpt lat="-24.4119" lon="15.9071"/>
      <trkpt lat="-24.4122" lon="15.9071"/>
      <trkpt lat="-24.4126" lon="15.9071"/>
      <trkpt lat="-24.4195" lon="15.9071"/>
      <trkpt lat="-24.4218" lon="15.9071"/>
      <trkpt lat="-24.4238" lon="15.907"/>
      <trkpt lat="-24.4279" lon="15.9066"/>
      <trkpt lat="-24.4337" lon="15.906"/>
      <trkpt lat="-24.4359" lon="15.9058"/>
      <trkpt lat="-24.4366" lon="15.9057"/>
      <trkpt lat="-24.437" lon="15.9057"/>
      <trkpt lat="-24.4375" lon="15.9058"/>
      <trkpt lat="-24.4379" lon="15.9058"/>
      <trkpt lat="-24.4383" lon="15.9059"/>
      <trkpt lat="-24.4408" lon="15.9068"/>
      <trkpt lat="-24.448" lon="15.9092"/>
      <trkpt lat="-24.4496" lon="15.9097"/>
      <trkpt lat="-24.4497" lon="15.9094"/>
      <trkpt lat="-24.4534" lon="15.8999"/>
      <trkpt lat="-24.4572" lon="15.8904"/>
      <trkpt lat="-24.4613" lon="15.8809"/>
      <trkpt lat="-24.4656" lon="15.8714"/>
      <trkpt lat="-24.474" lon="15.8525"/>
      <trkpt lat="-24.4827" lon="15.8339"/>
      <trkpt lat="-24.4843" lon="15.8304"/>
      <trkpt lat="-24.4851" lon="15.8287"/>
      <trkpt lat="-24.4854" lon="15.828"/>
      <trkpt lat="-24.4858" lon="15.8272"/>
      <trkpt lat="-24.4859" lon="15.8268"/>
      <trkpt lat="-24.486" lon="15.8264"/>
      <trkpt lat="-24.4862" lon="15.8259"/>
      <trkpt lat="-24.4862" lon="15.8254"/>
      <trkpt lat="-24.4863" lon="15.8248"/>
      <trkpt lat="-24.4863" lon="15.8242"/>
      <trkpt lat="-24.4864" lon="15.8228"/>
      <trkpt lat="-24.4865" lon="15.818"/>
      <trkpt lat="-24.4865" lon="15.8158"/>
      <trkpt lat="-24.4866" lon="15.8121"/>
      <trkpt lat="-24.4867" lon="15.8043"/>
      <trkpt lat="-24.4867" lon="15.8042"/>
      <trkpt lat="-24.4867" lon="15.8031"/>
      <trkpt lat="-24.4867" lon="15.8025"/>
      <trkpt lat="-24.4868" lon="15.8014"/>
      <trkpt lat="-24.4868" lon="15.8009"/>
      <trkpt lat="-24.4868" lon="15.8008"/>
      <trkpt lat="-24.4867" lon="15.7997"/>
      <trkpt lat="-24.4867" lon="15.7995"/>
      <trkpt lat="-24.4866" lon="15.7993"/>
      <trkpt lat="-24.4866" lon="15.7992"/>
      <trkpt lat="-24.4866" lon="15.7991"/>
      <trkpt lat="-24.4865" lon="15.799"/>
      <trkpt lat="-24.4865" lon="15.7989"/>
      <trkpt lat="-24.4864" lon="15.7988"/>
      <trkpt lat="-24.4863" lon="15.7985"/>
      <trkpt lat="-24.4863" lon="15.7984"/>
      <trkpt lat="-24.4862" lon="15.7983"/>
      <trkpt lat="-24.4862" lon="15.7982"/>
      <trkpt lat="-24.4862" lon="15.7981"/>
      <trkpt lat="-24.4862" lon="15.798"/>
      <trkpt lat="-24.4863" lon="15.798"/>
      <trkpt lat="-24.4863" lon="15.798"/>
      <trkpt lat="-24.4864" lon="15.798"/>
      <trkpt lat="-24.4865" lon="15.7981"/>
      <trkpt lat="-24.4867" lon="15.7982"/>
      <trkpt lat="-24.4869" lon="15.7983"/>
      <trkpt lat="-24.487" lon="15.7983"/>
      <trkpt lat="-24.487" lon="15.7983"/>
      <trkpt lat="-24.4871" lon="15.7984"/>
      <trkpt lat="-24.4872" lon="15.7984"/>
    </trkseg>
  </trk>
  <trk>
    <name>D3 · Sossusvlei, Deadvlei y Duna 45</name>
    <desc>3 nov · 122 km · ~2.6 h</desc>
    <trkseg>
      <trkpt lat="-24.4872" lon="15.7984"/>
      <trkpt lat="-24.4871" lon="15.7984"/>
      <trkpt lat="-24.487" lon="15.7983"/>
      <trkpt lat="-24.487" lon="15.7983"/>
      <trkpt lat="-24.4869" lon="15.7983"/>
      <trkpt lat="-24.4867" lon="15.7982"/>
      <trkpt lat="-24.4865" lon="15.7981"/>
      <trkpt lat="-24.4864" lon="15.798"/>
      <trkpt lat="-24.4863" lon="15.798"/>
      <trkpt lat="-24.4863" lon="15.798"/>
      <trkpt lat="-24.4864" lon="15.7975"/>
      <trkpt lat="-24.4865" lon="15.7972"/>
      <trkpt lat="-24.4865" lon="15.797"/>
      <trkpt lat="-24.4866" lon="15.7963"/>
      <trkpt lat="-24.4868" lon="15.7954"/>
      <trkpt lat="-24.4868" lon="15.7949"/>
      <trkpt lat="-24.4868" lon="15.7947"/>
      <trkpt lat="-24.4868" lon="15.7944"/>
      <trkpt lat="-24.4868" lon="15.7943"/>
      <trkpt lat="-24.4868" lon="15.7943"/>
      <trkpt lat="-24.4868" lon="15.794"/>
      <trkpt lat="-24.4867" lon="15.7934"/>
      <trkpt lat="-24.4867" lon="15.7931"/>
      <trkpt lat="-24.4867" lon="15.7928"/>
      <trkpt lat="-24.4866" lon="15.7917"/>
      <trkpt lat="-24.4865" lon="15.7903"/>
      <trkpt lat="-24.4865" lon="15.7899"/>
      <trkpt lat="-24.4865" lon="15.7895"/>
      <trkpt lat="-24.4865" lon="15.7891"/>
      <trkpt lat="-24.4865" lon="15.7887"/>
      <trkpt lat="-24.4866" lon="15.7883"/>
      <trkpt lat="-24.4866" lon="15.7878"/>
      <trkpt lat="-24.4867" lon="15.787"/>
      <trkpt lat="-24.4867" lon="15.7865"/>
      <trkpt lat="-24.4868" lon="15.7861"/>
      <trkpt lat="-24.4869" lon="15.7858"/>
      <trkpt lat="-24.487" lon="15.7854"/>
      <trkpt lat="-24.4872" lon="15.785"/>
      <trkpt lat="-24.4874" lon="15.7846"/>
      <trkpt lat="-24.4878" lon="15.7835"/>
      <trkpt lat="-24.4884" lon="15.7816"/>
      <trkpt lat="-24.4886" lon="15.7811"/>
      <trkpt lat="-24.4888" lon="15.7807"/>
      <trkpt lat="-24.489" lon="15.7802"/>
      <trkpt lat="-24.4892" lon="15.7797"/>
      <trkpt lat="-24.4897" lon="15.7789"/>
      <trkpt lat="-24.4903" lon="15.778"/>
      <trkpt lat="-24.4907" lon="15.7774"/>
      <trkpt lat="-24.4911" lon="15.7767"/>
      <trkpt lat="-24.4915" lon="15.7761"/>
      <trkpt lat="-24.4919" lon="15.7755"/>
      <trkpt lat="-24.4921" lon="15.7753"/>
      <trkpt lat="-24.4923" lon="15.7751"/>
      <trkpt lat="-24.4926" lon="15.7748"/>
      <trkpt lat="-24.4928" lon="15.7747"/>
      <trkpt lat="-24.4931" lon="15.7745"/>
      <trkpt lat="-24.4934" lon="15.7744"/>
      <trkpt lat="-24.4937" lon="15.7743"/>
      <trkpt lat="-24.4939" lon="15.7743"/>
      <trkpt lat="-24.4946" lon="15.7742"/>
      <trkpt lat="-24.4951" lon="15.7741"/>
      <trkpt lat="-24.4954" lon="15.774"/>
      <trkpt lat="-24.4956" lon="15.774"/>
      <trkpt lat="-24.4958" lon="15.7739"/>
      <trkpt lat="-24.4961" lon="15.7738"/>
      <trkpt lat="-24.4963" lon="15.7737"/>
      <trkpt lat="-24.4965" lon="15.7735"/>
      <trkpt lat="-24.4966" lon="15.7734"/>
      <trkpt lat="-24.4968" lon="15.7733"/>
      <trkpt lat="-24.4971" lon="15.773"/>
      <trkpt lat="-24.4977" lon="15.7724"/>
      <trkpt lat="-24.4979" lon="15.7721"/>
      <trkpt lat="-24.4982" lon="15.7718"/>
      <trkpt lat="-24.4994" lon="15.7708"/>
      <trkpt lat="-24.501" lon="15.7695"/>
      <trkpt lat="-24.5018" lon="15.7687"/>
      <trkpt lat="-24.5022" lon="15.7684"/>
      <trkpt lat="-24.5025" lon="15.7681"/>
      <trkpt lat="-24.5029" lon="15.7677"/>
      <trkpt lat="-24.5032" lon="15.7673"/>
      <trkpt lat="-24.5035" lon="15.7669"/>
      <trkpt lat="-24.5038" lon="15.7664"/>
      <trkpt lat="-24.505" lon="15.7644"/>
      <trkpt lat="-24.5061" lon="15.7623"/>
      <trkpt lat="-24.5084" lon="15.7583"/>
      <trkpt lat="-24.5087" lon="15.7577"/>
      <trkpt lat="-24.509" lon="15.7572"/>
      <trkpt lat="-24.5092" lon="15.7567"/>
      <trkpt lat="-24.5094" lon="15.7562"/>
      <trkpt lat="-24.5097" lon="15.7553"/>
      <trkpt lat="-24.5099" lon="15.7546"/>
      <trkpt lat="-24.5103" lon="15.753"/>
      <trkpt lat="-24.5105" lon="15.7524"/>
      <trkpt lat="-24.5107" lon="15.7518"/>
      <trkpt lat="-24.5109" lon="15.7513"/>
      <trkpt lat="-24.5112" lon="15.7508"/>
      <trkpt lat="-24.5117" lon="15.7498"/>
      <trkpt lat="-24.5119" lon="15.7494"/>
      <trkpt lat="-24.5122" lon="15.749"/>
      <trkpt lat="-24.5127" lon="15.7482"/>
      <trkpt lat="-24.5129" lon="15.7478"/>
      <trkpt lat="-24.5132" lon="15.7475"/>
      <trkpt lat="-24.5137" lon="15.7468"/>
      <trkpt lat="-24.5148" lon="15.7454"/>
      <trkpt lat="-24.5169" lon="15.7425"/>
      <trkpt lat="-24.5178" lon="15.7413"/>
      <trkpt lat="-24.5186" lon="15.7401"/>
      <trkpt lat="-24.5197" lon="15.7387"/>
      <trkpt lat="-24.5203" lon="15.7378"/>
      <trkpt lat="-24.5209" lon="15.737"/>
      <trkpt lat="-24.5212" lon="15.7366"/>
      <trkpt lat="-24.5215" lon="15.7362"/>
      <trkpt lat="-24.5217" lon="15.7358"/>
      <trkpt lat="-24.5219" lon="15.7354"/>
      <trkpt lat="-24.5222" lon="15.7347"/>
      <trkpt lat="-24.5231" lon="15.7327"/>
      <trkpt lat="-24.524" lon="15.7308"/>
      <trkpt lat="-24.5246" lon="15.7296"/>
      <trkpt lat="-24.5252" lon="15.7284"/>
      <trkpt lat="-24.5254" lon="15.728"/>
      <trkpt lat="-24.5256" lon="15.7277"/>
      <trkpt lat="-24.5257" lon="15.7275"/>
      <trkpt lat="-24.5259" lon="15.7273"/>
      <trkpt lat="-24.5262" lon="15.7269"/>
      <trkpt lat="-24.5266" lon="15.7265"/>
      <trkpt lat="-24.527" lon="15.7261"/>
      <trkpt lat="-24.5273" lon="15.7259"/>
      <trkpt lat="-24.5275" lon="15.7257"/>
      <trkpt lat="-24.5282" lon="15.7253"/>
      <trkpt lat="-24.5286" lon="15.7249"/>
      <trkpt lat="-24.5336" lon="15.7216"/>
      <trkpt lat="-24.5362" lon="15.7199"/>
      <trkpt lat="-24.5378" lon="15.7189"/>
      <trkpt lat="-24.5396" lon="15.7179"/>
      <trkpt lat="-24.5425" lon="15.7162"/>
      <trkpt lat="-24.5433" lon="15.7156"/>
      <trkpt lat="-24.544" lon="15.715"/>
      <trkpt lat="-24.5445" lon="15.7145"/>
      <trkpt lat="-24.545" lon="15.714"/>
      <trkpt lat="-24.5465" lon="15.7124"/>
      <trkpt lat="-24.5467" lon="15.7122"/>
      <trkpt lat="-24.547" lon="15.7119"/>
      <trkpt lat="-24.5473" lon="15.7117"/>
      <trkpt lat="-24.5477" lon="15.7114"/>
      <trkpt lat="-24.5493" lon="15.7103"/>
      <trkpt lat="-24.5508" lon="15.7092"/>
      <trkpt lat="-24.5509" lon="15.7092"/>
      <trkpt lat="-24.555" lon="15.7062"/>
      <trkpt lat="-24.5572" lon="15.7048"/>
      <trkpt lat="-24.5591" lon="15.7035"/>
      <trkpt lat="-24.5636" lon="15.7005"/>
      <trkpt lat="-24.5645" lon="15.6999"/>
      <trkpt lat="-24.565" lon="15.6996"/>
      <trkpt lat="-24.5655" lon="15.6993"/>
      <trkpt lat="-24.5658" lon="15.6992"/>
      <trkpt lat="-24.5661" lon="15.699"/>
      <trkpt lat="-24.5665" lon="15.6989"/>
      <trkpt lat="-24.5683" lon="15.6983"/>
      <trkpt lat="-24.5696" lon="15.6978"/>
      <trkpt lat="-24.5701" lon="15.6976"/>
      <trkpt lat="-24.5703" lon="15.6975"/>
      <trkpt lat="-24.5705" lon="15.6974"/>
      <trkpt lat="-24.5708" lon="15.6972"/>
      <trkpt lat="-24.5712" lon="15.697"/>
      <trkpt lat="-24.5727" lon="15.6957"/>
      <trkpt lat="-24.5743" lon="15.6946"/>
      <trkpt lat="-24.5769" lon="15.6928"/>
      <trkpt lat="-24.5774" lon="15.6925"/>
      <trkpt lat="-24.578" lon="15.6922"/>
      <trkpt lat="-24.5787" lon="15.6919"/>
      <trkpt lat="-24.5791" lon="15.6918"/>
      <trkpt lat="-24.5803" lon="15.6916"/>
      <trkpt lat="-24.5823" lon="15.6912"/>
      <trkpt lat="-24.5838" lon="15.6909"/>
      <trkpt lat="-24.5855" lon="15.6905"/>
      <trkpt lat="-24.5889" lon="15.6898"/>
      <trkpt lat="-24.5922" lon="15.6891"/>
      <trkpt lat="-24.5929" lon="15.6889"/>
      <trkpt lat="-24.5937" lon="15.6887"/>
      <trkpt lat="-24.5944" lon="15.6884"/>
      <trkpt lat="-24.5952" lon="15.688"/>
      <trkpt lat="-24.5957" lon="15.6877"/>
      <trkpt lat="-24.5958" lon="15.6877"/>
      <trkpt lat="-24.5962" lon="15.6874"/>
      <trkpt lat="-24.5967" lon="15.6871"/>
      <trkpt lat="-24.5972" lon="15.6867"/>
      <trkpt lat="-24.5998" lon="15.6846"/>
      <trkpt lat="-24.6023" lon="15.6825"/>
      <trkpt lat="-24.6042" lon="15.6809"/>
      <trkpt lat="-24.6051" lon="15.6799"/>
      <trkpt lat="-24.6061" lon="15.6789"/>
      <trkpt lat="-24.6077" lon="15.6769"/>
      <trkpt lat="-24.6113" lon="15.6726"/>
      <trkpt lat="-24.6119" lon="15.6718"/>
      <trkpt lat="-24.6126" lon="15.6711"/>
      <trkpt lat="-24.6139" lon="15.6697"/>
      <trkpt lat="-24.6168" lon="15.6665"/>
      <trkpt lat="-24.6189" lon="15.6642"/>
      <trkpt lat="-24.6216" lon="15.6613"/>
      <trkpt lat="-24.6236" lon="15.6594"/>
      <trkpt lat="-24.6255" lon="15.6575"/>
      <trkpt lat="-24.6275" lon="15.6556"/>
      <trkpt lat="-24.6301" lon="15.6532"/>
      <trkpt lat="-24.6326" lon="15.6507"/>
      <trkpt lat="-24.6329" lon="15.6505"/>
      <trkpt lat="-24.6331" lon="15.6504"/>
      <trkpt lat="-24.6333" lon="15.6502"/>
      <trkpt lat="-24.6336" lon="15.6501"/>
      <trkpt lat="-24.634" lon="15.6499"/>
      <trkpt lat="-24.6342" lon="15.6499"/>
      <trkpt lat="-24.6345" lon="15.6498"/>
      <trkpt lat="-24.635" lon="15.6497"/>
      <trkpt lat="-24.6354" lon="15.6497"/>
      <trkpt lat="-24.6358" lon="15.6497"/>
      <trkpt lat="-24.6361" lon="15.6498"/>
      <trkpt lat="-24.6366" lon="15.6499"/>
      <trkpt lat="-24.6392" lon="15.6506"/>
      <trkpt lat="-24.6398" lon="15.6508"/>
      <trkpt lat="-24.6404" lon="15.651"/>
      <trkpt lat="-24.6411" lon="15.6512"/>
      <trkpt lat="-24.6417" lon="15.6514"/>
      <trkpt lat="-24.6427" lon="15.6516"/>
      <trkpt lat="-24.6434" lon="15.6517"/>
      <trkpt lat="-24.645" lon="15.6519"/>
      <trkpt lat="-24.6452" lon="15.652"/>
      <trkpt lat="-24.6454" lon="15.652"/>
      <trkpt lat="-24.6463" lon="15.6522"/>
      <trkpt lat="-24.6469" lon="15.6523"/>
      <trkpt lat="-24.6474" lon="15.6524"/>
      <trkpt lat="-24.6479" lon="15.6525"/>
      <trkpt lat="-24.6488" lon="15.6527"/>
      <trkpt lat="-24.6504" lon="15.6532"/>
      <trkpt lat="-24.6506" lon="15.6532"/>
      <trkpt lat="-24.6508" lon="15.6532"/>
      <trkpt lat="-24.6511" lon="15.6533"/>
      <trkpt lat="-24.6513" lon="15.6533"/>
      <trkpt lat="-24.6515" lon="15.6533"/>
      <trkpt lat="-24.6518" lon="15.6533"/>
      <trkpt lat="-24.6522" lon="15.6532"/>
      <trkpt lat="-24.6523" lon="15.6532"/>
      <trkpt lat="-24.6526" lon="15.6531"/>
      <trkpt lat="-24.6528" lon="15.653"/>
      <trkpt lat="-24.653" lon="15.6529"/>
      <trkpt lat="-24.6532" lon="15.6528"/>
      <trkpt lat="-24.6536" lon="15.6526"/>
      <trkpt lat="-24.6544" lon="15.6521"/>
      <trkpt lat="-24.655" lon="15.6517"/>
      <trkpt lat="-24.6553" lon="15.6514"/>
      <trkpt lat="-24.6556" lon="15.6511"/>
      <trkpt lat="-24.6559" lon="15.6508"/>
      <trkpt lat="-24.6561" lon="15.6505"/>
      <trkpt lat="-24.6576" lon="15.6484"/>
      <trkpt lat="-24.6586" lon="15.6471"/>
      <trkpt lat="-24.6609" lon="15.6437"/>
      <trkpt lat="-24.6613" lon="15.6432"/>
      <trkpt lat="-24.6616" lon="15.6428"/>
      <trkpt lat="-24.6619" lon="15.6424"/>
      <trkpt lat="-24.6628" lon="15.6413"/>
      <trkpt lat="-24.6631" lon="15.6409"/>
      <trkpt lat="-24.6634" lon="15.6405"/>
      <trkpt lat="-24.6638" lon="15.6399"/>
      <trkpt lat="-24.6641" lon="15.6393"/>
      <trkpt lat="-24.6645" lon="15.6386"/>
      <trkpt lat="-24.6648" lon="15.638"/>
      <trkpt lat="-24.6651" lon="15.6374"/>
      <trkpt lat="-24.6661" lon="15.6355"/>
      <trkpt lat="-24.667" lon="15.6335"/>
      <trkpt lat="-24.668" lon="15.631"/>
      <trkpt lat="-24.6688" lon="15.6291"/>
      <trkpt lat="-24.669" lon="15.6286"/>
      <trkpt lat="-24.6694" lon="15.6279"/>
      <trkpt lat="-24.6697" lon="15.6272"/>
      <trkpt lat="-24.6707" lon="15.6254"/>
      <trkpt lat="-24.6709" lon="15.6248"/>
      <trkpt lat="-24.6712" lon="15.6243"/>
      <trkpt lat="-24.6715" lon="15.6238"/>
      <trkpt lat="-24.6718" lon="15.6234"/>
      <trkpt lat="-24.6723" lon="15.6225"/>
      <trkpt lat="-24.6727" lon="15.6218"/>
      <trkpt lat="-24.6732" lon="15.6211"/>
      <trkpt lat="-24.6736" lon="15.6204"/>
      <trkpt lat="-24.6742" lon="15.6195"/>
      <trkpt lat="-24.6745" lon="15.6191"/>
      <trkpt lat="-24.6748" lon="15.6186"/>
      <trkpt lat="-24.6751" lon="15.6179"/>
      <trkpt lat="-24.6754" lon="15.6173"/>
      <trkpt lat="-24.6757" lon="15.6166"/>
      <trkpt lat="-24.676" lon="15.6159"/>
      <trkpt lat="-24.6763" lon="15.6152"/>
      <trkpt lat="-24.6766" lon="15.6146"/>
      <trkpt lat="-24.6773" lon="15.6132"/>
      <trkpt lat="-24.6781" lon="15.6115"/>
      <trkpt lat="-24.6785" lon="15.6107"/>
      <trkpt lat="-24.6789" lon="15.6099"/>
      <trkpt lat="-24.6797" lon="15.6083"/>
      <trkpt lat="-24.6806" lon="15.6066"/>
      <trkpt lat="-24.6809" lon="15.606"/>
      <trkpt lat="-24.6812" lon="15.6055"/>
      <trkpt lat="-24.6814" lon="15.6053"/>
      <trkpt lat="-24.6816" lon="15.605"/>
      <trkpt lat="-24.6818" lon="15.6048"/>
      <trkpt lat="-24.6821" lon="15.6045"/>
      <trkpt lat="-24.6824" lon="15.6042"/>
      <trkpt lat="-24.6826" lon="15.604"/>
      <trkpt lat="-24.6831" lon="15.6034"/>
      <trkpt lat="-24.6838" lon="15.6023"/>
      <trkpt lat="-24.6841" lon="15.6019"/>
      <trkpt lat="-24.6849" lon="15.6008"/>
      <trkpt lat="-24.6859" lon="15.5994"/>
      <trkpt lat="-24.6863" lon="15.5987"/>
      <trkpt lat="-24.6867" lon="15.5981"/>
      <trkpt lat="-24.6871" lon="15.5976"/>
      <trkpt lat="-24.6873" lon="15.5971"/>
      <trkpt lat="-24.6879" lon="15.5961"/>
      <trkpt lat="-24.6884" lon="15.595"/>
      <trkpt lat="-24.6889" lon="15.5941"/>
      <trkpt lat="-24.6895" lon="15.593"/>
      <trkpt lat="-24.6901" lon="15.5921"/>
      <trkpt lat="-24.6912" lon="15.5901"/>
      <trkpt lat="-24.6916" lon="15.5893"/>
      <trkpt lat="-24.6921" lon="15.5886"/>
      <trkpt lat="-24.6928" lon="15.5876"/>
      <trkpt lat="-24.6935" lon="15.5866"/>
      <trkpt lat="-24.6942" lon="15.5856"/>
      <trkpt lat="-24.6949" lon="15.5847"/>
      <trkpt lat="-24.6953" lon="15.5841"/>
      <trkpt lat="-24.6957" lon="15.5835"/>
      <trkpt lat="-24.696" lon="15.5831"/>
      <trkpt lat="-24.6962" lon="15.5827"/>
      <trkpt lat="-24.6964" lon="15.5823"/>
      <trkpt lat="-24.6966" lon="15.5818"/>
      <trkpt lat="-24.6968" lon="15.5813"/>
      <trkpt lat="-24.6971" lon="15.5806"/>
      <trkpt lat="-24.6974" lon="15.5798"/>
      <trkpt lat="-24.6978" lon="15.5789"/>
      <trkpt lat="-24.6981" lon="15.578"/>
      <trkpt lat="-24.6989" lon="15.5762"/>
      <trkpt lat="-24.6996" lon="15.5742"/>
      <trkpt lat="-24.7" lon="15.5731"/>
      <trkpt lat="-24.7004" lon="15.5722"/>
      <trkpt lat="-24.701" lon="15.5701"/>
      <trkpt lat="-24.7017" lon="15.5681"/>
      <trkpt lat="-24.7019" lon="15.5673"/>
      <trkpt lat="-24.7023" lon="15.5664"/>
      <trkpt lat="-24.7029" lon="15.5647"/>
      <trkpt lat="-24.7032" lon="15.5641"/>
      <trkpt lat="-24.7034" lon="15.5636"/>
      <trkpt lat="-24.7039" lon="15.5624"/>
      <trkpt lat="-24.7042" lon="15.5615"/>
      <trkpt lat="-24.7044" lon="15.5609"/>
      <trkpt lat="-24.7046" lon="15.5598"/>
      <trkpt lat="-24.705" lon="15.5583"/>
      <trkpt lat="-24.7057" lon="15.5556"/>
      <trkpt lat="-24.7064" lon="15.553"/>
      <trkpt lat="-24.7068" lon="15.5516"/>
      <trkpt lat="-24.7071" lon="15.5503"/>
      <trkpt lat="-24.7078" lon="15.5474"/>
      <trkpt lat="-24.708" lon="15.5467"/>
      <trkpt lat="-24.7081" lon="15.5457"/>
      <trkpt lat="-24.7086" lon="15.5433"/>
      <trkpt lat="-24.709" lon="15.5409"/>
      <trkpt lat="-24.7094" lon="15.5384"/>
      <trkpt lat="-24.7098" lon="15.5361"/>
      <trkpt lat="-24.7102" lon="15.5335"/>
      <trkpt lat="-24.7106" lon="15.5309"/>
      <trkpt lat="-24.7111" lon="15.5283"/>
      <trkpt lat="-24.7113" lon="15.5271"/>
      <trkpt lat="-24.712" lon="15.5224"/>
      <trkpt lat="-24.7126" lon="15.519"/>
      <trkpt lat="-24.7128" lon="15.5179"/>
      <trkpt lat="-24.713" lon="15.5168"/>
      <trkpt lat="-24.7133" lon="15.515"/>
      <trkpt lat="-24.7136" lon="15.5132"/>
      <trkpt lat="-24.714" lon="15.5114"/>
      <trkpt lat="-24.7144" lon="15.5097"/>
      <trkpt lat="-24.715" lon="15.5061"/>
      <trkpt lat="-24.7154" lon="15.504"/>
      <trkpt lat="-24.7158" lon="15.5018"/>
      <trkpt lat="-24.7162" lon="15.4998"/>
      <trkpt lat="-24.7165" lon="15.4979"/>
      <trkpt lat="-24.717" lon="15.4955"/>
      <trkpt lat="-24.7174" lon="15.4932"/>
      <trkpt lat="-24.7178" lon="15.4908"/>
      <trkpt lat="-24.7182" lon="15.4884"/>
      <trkpt lat="-24.7185" lon="15.487"/>
      <trkpt lat="-24.7187" lon="15.4855"/>
      <trkpt lat="-24.7192" lon="15.4828"/>
      <trkpt lat="-24.7195" lon="15.4814"/>
      <trkpt lat="-24.7197" lon="15.48"/>
      <trkpt lat="-24.7203" lon="15.4772"/>
      <trkpt lat="-24.7205" lon="15.4757"/>
      <trkpt lat="-24.7208" lon="15.4742"/>
      <trkpt lat="-24.7211" lon="15.4727"/>
      <trkpt lat="-24.7213" lon="15.4713"/>
      <trkpt lat="-24.7215" lon="15.4702"/>
      <trkpt lat="-24.7217" lon="15.4691"/>
      <trkpt lat="-24.7221" lon="15.4666"/>
      <trkpt lat="-24.7226" lon="15.4641"/>
      <trkpt lat="-24.7227" lon="15.4629"/>
      <trkpt lat="-24.7229" lon="15.4618"/>
      <trkpt lat="-24.7231" lon="15.4607"/>
      <trkpt lat="-24.7232" lon="15.4594"/>
      <trkpt lat="-24.7234" lon="15.4578"/>
      <trkpt lat="-24.7235" lon="15.4558"/>
      <trkpt lat="-24.7237" lon="15.4538"/>
      <trkpt lat="-24.7238" lon="15.4532"/>
      <trkpt lat="-24.7239" lon="15.4521"/>
      <trkpt lat="-24.7239" lon="15.4515"/>
      <trkpt lat="-24.724" lon="15.451"/>
      <trkpt lat="-24.7241" lon="15.4501"/>
      <trkpt lat="-24.7241" lon="15.4497"/>
      <trkpt lat="-24.7242" lon="15.4493"/>
      <trkpt lat="-24.7243" lon="15.449"/>
      <trkpt lat="-24.7244" lon="15.4485"/>
      <trkpt lat="-24.7246" lon="15.4477"/>
      <trkpt lat="-24.7248" lon="15.4467"/>
      <trkpt lat="-24.7253" lon="15.4452"/>
      <trkpt lat="-24.7257" lon="15.4436"/>
      <trkpt lat="-24.7266" lon="15.4405"/>
      <trkpt lat="-24.7268" lon="15.4395"/>
      <trkpt lat="-24.727" lon="15.4389"/>
      <trkpt lat="-24.7273" lon="15.438"/>
      <trkpt lat="-24.7276" lon="15.4371"/>
      <trkpt lat="-24.7276" lon="15.4368"/>
      <trkpt lat="-24.7277" lon="15.4363"/>
      <trkpt lat="-24.7278" lon="15.4357"/>
      <trkpt lat="-24.7279" lon="15.435"/>
      <trkpt lat="-24.7282" lon="15.4329"/>
      <trkpt lat="-24.7284" lon="15.4307"/>
      <trkpt lat="-24.7286" lon="15.429"/>
      <trkpt lat="-24.7287" lon="15.4271"/>
      <trkpt lat="-24.729" lon="15.4241"/>
      <trkpt lat="-24.7291" lon="15.4224"/>
      <trkpt lat="-24.7293" lon="15.4208"/>
      <trkpt lat="-24.7294" lon="15.419"/>
      <trkpt lat="-24.7295" lon="15.4179"/>
      <trkpt lat="-24.7295" lon="15.4174"/>
      <trkpt lat="-24.7297" lon="15.4146"/>
      <trkpt lat="-24.7298" lon="15.4119"/>
      <trkpt lat="-24.73" lon="15.4094"/>
      <trkpt lat="-24.7301" lon="15.408"/>
      <trkpt lat="-24.7304" lon="15.404"/>
      <trkpt lat="-24.7304" lon="15.4038"/>
      <trkpt lat="-24.7306" lon="15.4007"/>
      <trkpt lat="-24.7308" lon="15.396"/>
      <trkpt lat="-24.7309" lon="15.3944"/>
      <trkpt lat="-24.731" lon="15.3927"/>
      <trkpt lat="-24.7312" lon="15.3896"/>
      <trkpt lat="-24.7313" lon="15.388"/>
      <trkpt lat="-24.7313" lon="15.3871"/>
      <trkpt lat="-24.7316" lon="15.3815"/>
      <trkpt lat="-24.7317" lon="15.3791"/>
      <trkpt lat="-24.7319" lon="15.3764"/>
      <trkpt lat="-24.7321" lon="15.372"/>
      <trkpt lat="-24.7321" lon="15.3713"/>
      <trkpt lat="-24.7321" lon="15.3708"/>
      <trkpt lat="-24.7321" lon="15.3703"/>
      <trkpt lat="-24.7321" lon="15.3697"/>
      <trkpt lat="-24.7321" lon="15.3692"/>
      <trkpt lat="-24.7321" lon="15.3687"/>
      <trkpt lat="-24.7319" lon="15.3669"/>
      <trkpt lat="-24.7316" lon="15.3645"/>
      <trkpt lat="-24.7313" lon="15.362"/>
      <trkpt lat="-24.7312" lon="15.3612"/>
      <trkpt lat="-24.7312" lon="15.3606"/>
      <trkpt lat="-24.7312" lon="15.36"/>
      <trkpt lat="-24.7311" lon="15.3591"/>
      <trkpt lat="-24.7311" lon="15.3583"/>
      <trkpt lat="-24.731" lon="15.3556"/>
      <trkpt lat="-24.7309" lon="15.355"/>
      <trkpt lat="-24.7309" lon="15.3544"/>
      <trkpt lat="-24.7307" lon="15.3531"/>
      <trkpt lat="-24.7305" lon="15.3513"/>
      <trkpt lat="-24.7304" lon="15.3506"/>
      <trkpt lat="-24.7304" lon="15.35"/>
      <trkpt lat="-24.7302" lon="15.3434"/>
      <trkpt lat="-24.7301" lon="15.3405"/>
      <trkpt lat="-24.73" lon="15.3372"/>
      <trkpt lat="-24.7299" lon="15.3334"/>
      <trkpt lat="-24.7298" lon="15.33"/>
      <trkpt lat="-24.7298" lon="15.3279"/>
      <trkpt lat="-24.7298" lon="15.3261"/>
      <trkpt lat="-24.7297" lon="15.3242"/>
      <trkpt lat="-24.7297" lon="15.3232"/>
      <trkpt lat="-24.7298" lon="15.3224"/>
      <trkpt lat="-24.7298" lon="15.3224"/>
      <trkpt lat="-24.7297" lon="15.3232"/>
      <trkpt lat="-24.7297" lon="15.3242"/>
      <trkpt lat="-24.7298" lon="15.3261"/>
      <trkpt lat="-24.7298" lon="15.3279"/>
      <trkpt lat="-24.7298" lon="15.33"/>
      <trkpt lat="-24.7299" lon="15.3334"/>
      <trkpt lat="-24.73" lon="15.3372"/>
      <trkpt lat="-24.7301" lon="15.3405"/>
      <trkpt lat="-24.7302" lon="15.3434"/>
      <trkpt lat="-24.7304" lon="15.35"/>
      <trkpt lat="-24.7304" lon="15.3506"/>
      <trkpt lat="-24.7305" lon="15.3513"/>
      <trkpt lat="-24.7307" lon="15.3531"/>
      <trkpt lat="-24.7309" lon="15.3544"/>
      <trkpt lat="-24.7309" lon="15.355"/>
      <trkpt lat="-24.731" lon="15.3556"/>
      <trkpt lat="-24.7311" lon="15.3583"/>
      <trkpt lat="-24.7311" lon="15.3591"/>
      <trkpt lat="-24.7312" lon="15.36"/>
      <trkpt lat="-24.7312" lon="15.3606"/>
      <trkpt lat="-24.7312" lon="15.3612"/>
      <trkpt lat="-24.7313" lon="15.362"/>
      <trkpt lat="-24.7316" lon="15.3645"/>
      <trkpt lat="-24.7319" lon="15.3669"/>
      <trkpt lat="-24.7321" lon="15.3687"/>
      <trkpt lat="-24.7321" lon="15.3692"/>
      <trkpt lat="-24.7321" lon="15.3697"/>
      <trkpt lat="-24.7321" lon="15.3703"/>
      <trkpt lat="-24.7321" lon="15.3708"/>
      <trkpt lat="-24.7321" lon="15.3713"/>
      <trkpt lat="-24.7321" lon="15.372"/>
      <trkpt lat="-24.7319" lon="15.3764"/>
      <trkpt lat="-24.7317" lon="15.3791"/>
      <trkpt lat="-24.7316" lon="15.3815"/>
      <trkpt lat="-24.7313" lon="15.3871"/>
      <trkpt lat="-24.7313" lon="15.388"/>
      <trkpt lat="-24.7312" lon="15.3896"/>
      <trkpt lat="-24.731" lon="15.3927"/>
      <trkpt lat="-24.7309" lon="15.3944"/>
      <trkpt lat="-24.7308" lon="15.396"/>
      <trkpt lat="-24.7306" lon="15.4007"/>
      <trkpt lat="-24.7304" lon="15.4038"/>
      <trkpt lat="-24.7304" lon="15.404"/>
      <trkpt lat="-24.7301" lon="15.408"/>
      <trkpt lat="-24.73" lon="15.4094"/>
      <trkpt lat="-24.7298" lon="15.4119"/>
      <trkpt lat="-24.7297" lon="15.4146"/>
      <trkpt lat="-24.7295" lon="15.4174"/>
      <trkpt lat="-24.7295" lon="15.4179"/>
      <trkpt lat="-24.7294" lon="15.419"/>
      <trkpt lat="-24.7293" lon="15.4208"/>
      <trkpt lat="-24.7291" lon="15.4224"/>
      <trkpt lat="-24.729" lon="15.4241"/>
      <trkpt lat="-24.7287" lon="15.4271"/>
      <trkpt lat="-24.7286" lon="15.429"/>
      <trkpt lat="-24.7284" lon="15.4307"/>
      <trkpt lat="-24.7282" lon="15.4329"/>
      <trkpt lat="-24.7279" lon="15.435"/>
      <trkpt lat="-24.7278" lon="15.4357"/>
      <trkpt lat="-24.7277" lon="15.4363"/>
      <trkpt lat="-24.7276" lon="15.4368"/>
      <trkpt lat="-24.7276" lon="15.4371"/>
      <trkpt lat="-24.7273" lon="15.438"/>
      <trkpt lat="-24.727" lon="15.4389"/>
      <trkpt lat="-24.7268" lon="15.4395"/>
      <trkpt lat="-24.7266" lon="15.4405"/>
      <trkpt lat="-24.7257" lon="15.4436"/>
      <trkpt lat="-24.7253" lon="15.4452"/>
      <trkpt lat="-24.7248" lon="15.4467"/>
      <trkpt lat="-24.7246" lon="15.4477"/>
      <trkpt lat="-24.7244" lon="15.4485"/>
      <trkpt lat="-24.7243" lon="15.449"/>
      <trkpt lat="-24.7242" lon="15.4493"/>
      <trkpt lat="-24.7241" lon="15.4497"/>
      <trkpt lat="-24.7241" lon="15.4501"/>
      <trkpt lat="-24.724" lon="15.451"/>
      <trkpt lat="-24.7239" lon="15.4515"/>
      <trkpt lat="-24.7239" lon="15.4521"/>
      <trkpt lat="-24.7238" lon="15.4532"/>
      <trkpt lat="-24.7237" lon="15.4538"/>
      <trkpt lat="-24.7235" lon="15.4558"/>
      <trkpt lat="-24.7234" lon="15.4578"/>
      <trkpt lat="-24.7232" lon="15.4594"/>
      <trkpt lat="-24.7231" lon="15.4607"/>
      <trkpt lat="-24.7229" lon="15.4618"/>
      <trkpt lat="-24.7227" lon="15.4629"/>
      <trkpt lat="-24.7226" lon="15.4641"/>
      <trkpt lat="-24.7221" lon="15.4666"/>
      <trkpt lat="-24.7217" lon="15.4691"/>
      <trkpt lat="-24.7215" lon="15.4701"/>
      <trkpt lat="-24.7215" lon="15.4702"/>
      <trkpt lat="-24.7213" lon="15.4713"/>
      <trkpt lat="-24.7211" lon="15.4727"/>
      <trkpt lat="-24.7208" lon="15.4742"/>
      <trkpt lat="-24.7205" lon="15.4757"/>
      <trkpt lat="-24.7203" lon="15.4772"/>
      <trkpt lat="-24.7197" lon="15.48"/>
      <trkpt lat="-24.7195" lon="15.4814"/>
      <trkpt lat="-24.7192" lon="15.4828"/>
      <trkpt lat="-24.7187" lon="15.4855"/>
      <trkpt lat="-24.7185" lon="15.487"/>
      <trkpt lat="-24.7182" lon="15.4884"/>
      <trkpt lat="-24.7178" lon="15.4908"/>
      <trkpt lat="-24.7174" lon="15.4932"/>
      <trkpt lat="-24.717" lon="15.4955"/>
      <trkpt lat="-24.7165" lon="15.4979"/>
      <trkpt lat="-24.7162" lon="15.4998"/>
      <trkpt lat="-24.7158" lon="15.5018"/>
      <trkpt lat="-24.7154" lon="15.504"/>
      <trkpt lat="-24.715" lon="15.5061"/>
      <trkpt lat="-24.7144" lon="15.5097"/>
      <trkpt lat="-24.714" lon="15.5114"/>
      <trkpt lat="-24.7136" lon="15.5132"/>
      <trkpt lat="-24.7133" lon="15.515"/>
      <trkpt lat="-24.713" lon="15.5168"/>
      <trkpt lat="-24.7128" lon="15.5179"/>
      <trkpt lat="-24.7126" lon="15.519"/>
      <trkpt lat="-24.712" lon="15.5224"/>
      <trkpt lat="-24.7113" lon="15.5271"/>
      <trkpt lat="-24.7111" lon="15.5283"/>
      <trkpt lat="-24.7106" lon="15.5309"/>
      <trkpt lat="-24.7102" lon="15.5335"/>
      <trkpt lat="-24.7098" lon="15.5361"/>
      <trkpt lat="-24.7094" lon="15.5384"/>
      <trkpt lat="-24.709" lon="15.5409"/>
      <trkpt lat="-24.7086" lon="15.5433"/>
      <trkpt lat="-24.7081" lon="15.5457"/>
      <trkpt lat="-24.708" lon="15.5467"/>
      <trkpt lat="-24.7078" lon="15.5474"/>
      <trkpt lat="-24.7071" lon="15.5503"/>
      <trkpt lat="-24.7068" lon="15.5516"/>
      <trkpt lat="-24.7064" lon="15.553"/>
      <trkpt lat="-24.7057" lon="15.5556"/>
      <trkpt lat="-24.705" lon="15.5583"/>
      <trkpt lat="-24.7046" lon="15.5598"/>
      <trkpt lat="-24.7044" lon="15.5609"/>
      <trkpt lat="-24.7042" lon="15.5615"/>
      <trkpt lat="-24.7039" lon="15.5624"/>
      <trkpt lat="-24.7034" lon="15.5636"/>
      <trkpt lat="-24.7032" lon="15.5641"/>
      <trkpt lat="-24.7029" lon="15.5647"/>
      <trkpt lat="-24.7023" lon="15.5664"/>
      <trkpt lat="-24.7019" lon="15.5673"/>
      <trkpt lat="-24.7017" lon="15.5681"/>
      <trkpt lat="-24.701" lon="15.5701"/>
      <trkpt lat="-24.7004" lon="15.5722"/>
      <trkpt lat="-24.7" lon="15.5731"/>
      <trkpt lat="-24.6996" lon="15.5742"/>
      <trkpt lat="-24.6989" lon="15.5762"/>
      <trkpt lat="-24.6981" lon="15.578"/>
      <trkpt lat="-24.6978" lon="15.5789"/>
      <trkpt lat="-24.6974" lon="15.5798"/>
      <trkpt lat="-24.6971" lon="15.5806"/>
      <trkpt lat="-24.6968" lon="15.5813"/>
      <trkpt lat="-24.6966" lon="15.5818"/>
      <trkpt lat="-24.6964" lon="15.5823"/>
      <trkpt lat="-24.6962" lon="15.5827"/>
      <trkpt lat="-24.696" lon="15.5831"/>
      <trkpt lat="-24.6957" lon="15.5835"/>
      <trkpt lat="-24.6953" lon="15.5841"/>
      <trkpt lat="-24.6949" lon="15.5847"/>
      <trkpt lat="-24.6942" lon="15.5856"/>
      <trkpt lat="-24.6935" lon="15.5866"/>
      <trkpt lat="-24.6928" lon="15.5876"/>
      <trkpt lat="-24.6921" lon="15.5886"/>
      <trkpt lat="-24.6916" lon="15.5893"/>
      <trkpt lat="-24.6912" lon="15.5901"/>
      <trkpt lat="-24.6901" lon="15.5921"/>
      <trkpt lat="-24.6895" lon="15.593"/>
      <trkpt lat="-24.6889" lon="15.5941"/>
      <trkpt lat="-24.6884" lon="15.595"/>
      <trkpt lat="-24.6879" lon="15.5961"/>
      <trkpt lat="-24.6873" lon="15.5971"/>
      <trkpt lat="-24.6871" lon="15.5976"/>
      <trkpt lat="-24.6867" lon="15.5981"/>
      <trkpt lat="-24.6863" lon="15.5987"/>
      <trkpt lat="-24.6859" lon="15.5994"/>
      <trkpt lat="-24.6849" lon="15.6008"/>
      <trkpt lat="-24.6841" lon="15.6019"/>
      <trkpt lat="-24.6838" lon="15.6023"/>
      <trkpt lat="-24.6831" lon="15.6034"/>
      <trkpt lat="-24.6826" lon="15.604"/>
      <trkpt lat="-24.6824" lon="15.6042"/>
      <trkpt lat="-24.6821" lon="15.6045"/>
      <trkpt lat="-24.6818" lon="15.6048"/>
      <trkpt lat="-24.6816" lon="15.605"/>
      <trkpt lat="-24.6814" lon="15.6053"/>
      <trkpt lat="-24.6812" lon="15.6055"/>
      <trkpt lat="-24.6809" lon="15.606"/>
      <trkpt lat="-24.6806" lon="15.6066"/>
      <trkpt lat="-24.6797" lon="15.6083"/>
      <trkpt lat="-24.6789" lon="15.6099"/>
      <trkpt lat="-24.6785" lon="15.6107"/>
      <trkpt lat="-24.6781" lon="15.6115"/>
      <trkpt lat="-24.6773" lon="15.6132"/>
      <trkpt lat="-24.6766" lon="15.6146"/>
      <trkpt lat="-24.6763" lon="15.6152"/>
      <trkpt lat="-24.676" lon="15.6159"/>
      <trkpt lat="-24.6757" lon="15.6166"/>
      <trkpt lat="-24.6754" lon="15.6173"/>
      <trkpt lat="-24.6751" lon="15.6179"/>
      <trkpt lat="-24.6748" lon="15.6186"/>
      <trkpt lat="-24.6745" lon="15.6191"/>
      <trkpt lat="-24.6742" lon="15.6195"/>
      <trkpt lat="-24.6736" lon="15.6204"/>
      <trkpt lat="-24.6732" lon="15.6211"/>
      <trkpt lat="-24.6727" lon="15.6218"/>
      <trkpt lat="-24.6723" lon="15.6225"/>
      <trkpt lat="-24.6718" lon="15.6234"/>
      <trkpt lat="-24.6715" lon="15.6238"/>
      <trkpt lat="-24.6712" lon="15.6243"/>
      <trkpt lat="-24.6709" lon="15.6248"/>
      <trkpt lat="-24.6707" lon="15.6254"/>
      <trkpt lat="-24.6697" lon="15.6272"/>
      <trkpt lat="-24.6694" lon="15.6279"/>
      <trkpt lat="-24.669" lon="15.6286"/>
      <trkpt lat="-24.6688" lon="15.6291"/>
      <trkpt lat="-24.668" lon="15.631"/>
      <trkpt lat="-24.667" lon="15.6335"/>
      <trkpt lat="-24.6661" lon="15.6355"/>
      <trkpt lat="-24.6651" lon="15.6374"/>
      <trkpt lat="-24.6648" lon="15.638"/>
      <trkpt lat="-24.6645" lon="15.6386"/>
      <trkpt lat="-24.6641" lon="15.6393"/>
      <trkpt lat="-24.6638" lon="15.6399"/>
      <trkpt lat="-24.6634" lon="15.6405"/>
      <trkpt lat="-24.6631" lon="15.6409"/>
      <trkpt lat="-24.6628" lon="15.6413"/>
      <trkpt lat="-24.6619" lon="15.6424"/>
      <trkpt lat="-24.6616" lon="15.6428"/>
      <trkpt lat="-24.6613" lon="15.6432"/>
      <trkpt lat="-24.6609" lon="15.6437"/>
      <trkpt lat="-24.6586" lon="15.6471"/>
      <trkpt lat="-24.6576" lon="15.6484"/>
      <trkpt lat="-24.6561" lon="15.6505"/>
      <trkpt lat="-24.6559" lon="15.6508"/>
      <trkpt lat="-24.6556" lon="15.6511"/>
      <trkpt lat="-24.6553" lon="15.6514"/>
      <trkpt lat="-24.655" lon="15.6517"/>
      <trkpt lat="-24.6544" lon="15.6521"/>
      <trkpt lat="-24.6536" lon="15.6526"/>
      <trkpt lat="-24.6532" lon="15.6528"/>
      <trkpt lat="-24.653" lon="15.6529"/>
      <trkpt lat="-24.6528" lon="15.653"/>
      <trkpt lat="-24.6526" lon="15.6531"/>
      <trkpt lat="-24.6523" lon="15.6532"/>
      <trkpt lat="-24.6522" lon="15.6532"/>
      <trkpt lat="-24.6518" lon="15.6533"/>
      <trkpt lat="-24.6515" lon="15.6533"/>
      <trkpt lat="-24.6513" lon="15.6533"/>
      <trkpt lat="-24.6511" lon="15.6533"/>
      <trkpt lat="-24.6508" lon="15.6532"/>
      <trkpt lat="-24.6506" lon="15.6532"/>
      <trkpt lat="-24.6504" lon="15.6532"/>
      <trkpt lat="-24.6488" lon="15.6527"/>
      <trkpt lat="-24.6479" lon="15.6525"/>
      <trkpt lat="-24.6474" lon="15.6524"/>
      <trkpt lat="-24.6469" lon="15.6523"/>
      <trkpt lat="-24.6463" lon="15.6522"/>
      <trkpt lat="-24.6454" lon="15.652"/>
      <trkpt lat="-24.6452" lon="15.652"/>
      <trkpt lat="-24.645" lon="15.6519"/>
      <trkpt lat="-24.6434" lon="15.6517"/>
      <trkpt lat="-24.6427" lon="15.6516"/>
      <trkpt lat="-24.6417" lon="15.6514"/>
      <trkpt lat="-24.6411" lon="15.6512"/>
      <trkpt lat="-24.6404" lon="15.651"/>
      <trkpt lat="-24.6398" lon="15.6508"/>
      <trkpt lat="-24.6392" lon="15.6506"/>
      <trkpt lat="-24.6366" lon="15.6499"/>
      <trkpt lat="-24.6361" lon="15.6498"/>
      <trkpt lat="-24.6358" lon="15.6497"/>
      <trkpt lat="-24.6354" lon="15.6497"/>
      <trkpt lat="-24.635" lon="15.6497"/>
      <trkpt lat="-24.6345" lon="15.6498"/>
      <trkpt lat="-24.6342" lon="15.6499"/>
      <trkpt lat="-24.634" lon="15.6499"/>
      <trkpt lat="-24.6336" lon="15.6501"/>
      <trkpt lat="-24.6333" lon="15.6502"/>
      <trkpt lat="-24.6331" lon="15.6504"/>
      <trkpt lat="-24.6329" lon="15.6505"/>
      <trkpt lat="-24.6326" lon="15.6507"/>
      <trkpt lat="-24.6301" lon="15.6532"/>
      <trkpt lat="-24.6275" lon="15.6556"/>
      <trkpt lat="-24.6255" lon="15.6575"/>
      <trkpt lat="-24.6236" lon="15.6594"/>
      <trkpt lat="-24.6216" lon="15.6613"/>
      <trkpt lat="-24.6189" lon="15.6642"/>
      <trkpt lat="-24.6168" lon="15.6665"/>
      <trkpt lat="-24.6139" lon="15.6697"/>
      <trkpt lat="-24.6126" lon="15.6711"/>
      <trkpt lat="-24.6119" lon="15.6718"/>
      <trkpt lat="-24.6113" lon="15.6726"/>
      <trkpt lat="-24.6077" lon="15.6769"/>
      <trkpt lat="-24.6061" lon="15.6789"/>
      <trkpt lat="-24.6051" lon="15.6799"/>
      <trkpt lat="-24.6042" lon="15.6809"/>
      <trkpt lat="-24.6023" lon="15.6825"/>
      <trkpt lat="-24.5998" lon="15.6846"/>
      <trkpt lat="-24.5972" lon="15.6867"/>
      <trkpt lat="-24.5967" lon="15.6871"/>
      <trkpt lat="-24.5962" lon="15.6874"/>
      <trkpt lat="-24.5958" lon="15.6877"/>
      <trkpt lat="-24.5957" lon="15.6877"/>
      <trkpt lat="-24.5952" lon="15.688"/>
      <trkpt lat="-24.5944" lon="15.6884"/>
      <trkpt lat="-24.5937" lon="15.6887"/>
      <trkpt lat="-24.5929" lon="15.6889"/>
      <trkpt lat="-24.5922" lon="15.6891"/>
      <trkpt lat="-24.5889" lon="15.6898"/>
      <trkpt lat="-24.5855" lon="15.6905"/>
      <trkpt lat="-24.5838" lon="15.6909"/>
      <trkpt lat="-24.5823" lon="15.6912"/>
      <trkpt lat="-24.5803" lon="15.6916"/>
      <trkpt lat="-24.5791" lon="15.6918"/>
      <trkpt lat="-24.5787" lon="15.6919"/>
      <trkpt lat="-24.578" lon="15.6922"/>
      <trkpt lat="-24.5774" lon="15.6925"/>
      <trkpt lat="-24.5769" lon="15.6928"/>
      <trkpt lat="-24.5743" lon="15.6946"/>
      <trkpt lat="-24.5727" lon="15.6957"/>
      <trkpt lat="-24.5712" lon="15.697"/>
      <trkpt lat="-24.5708" lon="15.6972"/>
      <trkpt lat="-24.5705" lon="15.6974"/>
      <trkpt lat="-24.5703" lon="15.6975"/>
      <trkpt lat="-24.5701" lon="15.6976"/>
      <trkpt lat="-24.5696" lon="15.6978"/>
      <trkpt lat="-24.5683" lon="15.6983"/>
      <trkpt lat="-24.5665" lon="15.6989"/>
      <trkpt lat="-24.5661" lon="15.699"/>
      <trkpt lat="-24.5658" lon="15.6992"/>
      <trkpt lat="-24.5655" lon="15.6993"/>
      <trkpt lat="-24.565" lon="15.6996"/>
      <trkpt lat="-24.5645" lon="15.6999"/>
      <trkpt lat="-24.5636" lon="15.7005"/>
      <trkpt lat="-24.5591" lon="15.7035"/>
      <trkpt lat="-24.5572" lon="15.7048"/>
      <trkpt lat="-24.555" lon="15.7062"/>
      <trkpt lat="-24.5509" lon="15.7092"/>
      <trkpt lat="-24.5508" lon="15.7092"/>
      <trkpt lat="-24.5493" lon="15.7103"/>
      <trkpt lat="-24.5477" lon="15.7114"/>
      <trkpt lat="-24.5473" lon="15.7117"/>
      <trkpt lat="-24.547" lon="15.7119"/>
      <trkpt lat="-24.5467" lon="15.7122"/>
      <trkpt lat="-24.5465" lon="15.7124"/>
      <trkpt lat="-24.545" lon="15.714"/>
      <trkpt lat="-24.5445" lon="15.7145"/>
      <trkpt lat="-24.544" lon="15.715"/>
      <trkpt lat="-24.5433" lon="15.7156"/>
      <trkpt lat="-24.5425" lon="15.7162"/>
      <trkpt lat="-24.5396" lon="15.7179"/>
      <trkpt lat="-24.5378" lon="15.7189"/>
      <trkpt lat="-24.5362" lon="15.7199"/>
      <trkpt lat="-24.5336" lon="15.7216"/>
      <trkpt lat="-24.5286" lon="15.7249"/>
      <trkpt lat="-24.5282" lon="15.7253"/>
      <trkpt lat="-24.5275" lon="15.7257"/>
      <trkpt lat="-24.5273" lon="15.7259"/>
      <trkpt lat="-24.527" lon="15.7261"/>
      <trkpt lat="-24.5266" lon="15.7265"/>
      <trkpt lat="-24.5262" lon="15.7269"/>
      <trkpt lat="-24.5259" lon="15.7273"/>
      <trkpt lat="-24.5257" lon="15.7275"/>
      <trkpt lat="-24.5256" lon="15.7277"/>
      <trkpt lat="-24.5254" lon="15.728"/>
      <trkpt lat="-24.5252" lon="15.7284"/>
      <trkpt lat="-24.5246" lon="15.7296"/>
      <trkpt lat="-24.524" lon="15.7308"/>
      <trkpt lat="-24.5231" lon="15.7327"/>
      <trkpt lat="-24.5222" lon="15.7347"/>
      <trkpt lat="-24.5219" lon="15.7354"/>
      <trkpt lat="-24.5217" lon="15.7358"/>
      <trkpt lat="-24.5215" lon="15.7362"/>
      <trkpt lat="-24.5212" lon="15.7366"/>
      <trkpt lat="-24.5209" lon="15.737"/>
      <trkpt lat="-24.5203" lon="15.7378"/>
      <trkpt lat="-24.5197" lon="15.7387"/>
      <trkpt lat="-24.5186" lon="15.7401"/>
      <trkpt lat="-24.5178" lon="15.7413"/>
      <trkpt lat="-24.5169" lon="15.7425"/>
      <trkpt lat="-24.5148" lon="15.7454"/>
      <trkpt lat="-24.5137" lon="15.7468"/>
      <trkpt lat="-24.5132" lon="15.7475"/>
      <trkpt lat="-24.5129" lon="15.7478"/>
      <trkpt lat="-24.5127" lon="15.7482"/>
      <trkpt lat="-24.5122" lon="15.749"/>
      <trkpt lat="-24.5119" lon="15.7494"/>
      <trkpt lat="-24.5117" lon="15.7498"/>
      <trkpt lat="-24.5112" lon="15.7508"/>
      <trkpt lat="-24.5109" lon="15.7513"/>
      <trkpt lat="-24.5107" lon="15.7518"/>
      <trkpt lat="-24.5105" lon="15.7524"/>
      <trkpt lat="-24.5103" lon="15.753"/>
      <trkpt lat="-24.5099" lon="15.7546"/>
      <trkpt lat="-24.5097" lon="15.7553"/>
      <trkpt lat="-24.5094" lon="15.7562"/>
      <trkpt lat="-24.5092" lon="15.7567"/>
      <trkpt lat="-24.509" lon="15.7572"/>
      <trkpt lat="-24.5087" lon="15.7577"/>
      <trkpt lat="-24.5084" lon="15.7583"/>
      <trkpt lat="-24.5061" lon="15.7623"/>
      <trkpt lat="-24.505" lon="15.7644"/>
      <trkpt lat="-24.5038" lon="15.7664"/>
      <trkpt lat="-24.5035" lon="15.7669"/>
      <trkpt lat="-24.5032" lon="15.7673"/>
      <trkpt lat="-24.5029" lon="15.7677"/>
      <trkpt lat="-24.5025" lon="15.7681"/>
      <trkpt lat="-24.5022" lon="15.7684"/>
      <trkpt lat="-24.5018" lon="15.7687"/>
      <trkpt lat="-24.501" lon="15.7695"/>
      <trkpt lat="-24.4994" lon="15.7708"/>
      <trkpt lat="-24.4982" lon="15.7718"/>
      <trkpt lat="-24.4979" lon="15.7721"/>
      <trkpt lat="-24.4977" lon="15.7724"/>
      <trkpt lat="-24.4971" lon="15.773"/>
      <trkpt lat="-24.4968" lon="15.7733"/>
      <trkpt lat="-24.4966" lon="15.7734"/>
      <trkpt lat="-24.4965" lon="15.7735"/>
      <trkpt lat="-24.4963" lon="15.7737"/>
      <trkpt lat="-24.4961" lon="15.7738"/>
      <trkpt lat="-24.4958" lon="15.7739"/>
      <trkpt lat="-24.4956" lon="15.774"/>
      <trkpt lat="-24.4954" lon="15.774"/>
      <trkpt lat="-24.4951" lon="15.7741"/>
      <trkpt lat="-24.4946" lon="15.7742"/>
      <trkpt lat="-24.4939" lon="15.7743"/>
      <trkpt lat="-24.4937" lon="15.7743"/>
      <trkpt lat="-24.4934" lon="15.7744"/>
      <trkpt lat="-24.4931" lon="15.7745"/>
      <trkpt lat="-24.4928" lon="15.7747"/>
      <trkpt lat="-24.4926" lon="15.7748"/>
      <trkpt lat="-24.4923" lon="15.7751"/>
      <trkpt lat="-24.4921" lon="15.7753"/>
      <trkpt lat="-24.4919" lon="15.7755"/>
      <trkpt lat="-24.4915" lon="15.7761"/>
      <trkpt lat="-24.4911" lon="15.7767"/>
      <trkpt lat="-24.4907" lon="15.7774"/>
      <trkpt lat="-24.4903" lon="15.778"/>
      <trkpt lat="-24.4897" lon="15.7789"/>
      <trkpt lat="-24.4892" lon="15.7797"/>
      <trkpt lat="-24.489" lon="15.7802"/>
      <trkpt lat="-24.4888" lon="15.7807"/>
      <trkpt lat="-24.4886" lon="15.7811"/>
      <trkpt lat="-24.4884" lon="15.7816"/>
      <trkpt lat="-24.4878" lon="15.7835"/>
      <trkpt lat="-24.4874" lon="15.7846"/>
      <trkpt lat="-24.4872" lon="15.785"/>
      <trkpt lat="-24.487" lon="15.7854"/>
      <trkpt lat="-24.4869" lon="15.7858"/>
      <trkpt lat="-24.4868" lon="15.7861"/>
      <trkpt lat="-24.4867" lon="15.7865"/>
      <trkpt lat="-24.4867" lon="15.787"/>
      <trkpt lat="-24.4866" lon="15.7878"/>
      <trkpt lat="-24.4866" lon="15.7883"/>
      <trkpt lat="-24.4865" lon="15.7887"/>
      <trkpt lat="-24.4865" lon="15.7891"/>
      <trkpt lat="-24.4865" lon="15.7895"/>
      <trkpt lat="-24.4865" lon="15.7899"/>
      <trkpt lat="-24.4865" lon="15.7903"/>
      <trkpt lat="-24.4866" lon="15.7917"/>
      <trkpt lat="-24.4867" lon="15.7928"/>
      <trkpt lat="-24.4867" lon="15.7931"/>
      <trkpt lat="-24.4867" lon="15.7934"/>
      <trkpt lat="-24.4868" lon="15.794"/>
      <trkpt lat="-24.4868" lon="15.7943"/>
      <trkpt lat="-24.4868" lon="15.7943"/>
      <trkpt lat="-24.4868" lon="15.7944"/>
      <trkpt lat="-24.4868" lon="15.7947"/>
      <trkpt lat="-24.4868" lon="15.7949"/>
      <trkpt lat="-24.4868" lon="15.7954"/>
      <trkpt lat="-24.4866" lon="15.7963"/>
      <trkpt lat="-24.4865" lon="15.797"/>
      <trkpt lat="-24.4865" lon="15.7972"/>
      <trkpt lat="-24.4864" lon="15.7975"/>
      <trkpt lat="-24.4863" lon="15.798"/>
      <trkpt lat="-24.4863" lon="15.798"/>
      <trkpt lat="-24.4864" lon="15.798"/>
      <trkpt lat="-24.4865" lon="15.7981"/>
      <trkpt lat="-24.4867" lon="15.7982"/>
      <trkpt lat="-24.4869" lon="15.7983"/>
      <trkpt lat="-24.487" lon="15.7983"/>
      <trkpt lat="-24.487" lon="15.7983"/>
      <trkpt lat="-24.4871" lon="15.7984"/>
      <trkpt lat="-24.4872" lon="15.7984"/>
    </trkseg>
  </trk>
  <trk>
    <name>D4 · Sesriem → Walvis Bay</name>
    <desc>4 nov · 316 km · ~4.0 h</desc>
    <trkseg>
      <trkpt lat="-24.4872" lon="15.7984"/>
      <trkpt lat="-24.4871" lon="15.7984"/>
      <trkpt lat="-24.487" lon="15.7983"/>
      <trkpt lat="-24.487" lon="15.7983"/>
      <trkpt lat="-24.4869" lon="15.7983"/>
      <trkpt lat="-24.4867" lon="15.7982"/>
      <trkpt lat="-24.4865" lon="15.7981"/>
      <trkpt lat="-24.4864" lon="15.798"/>
      <trkpt lat="-24.4863" lon="15.798"/>
      <trkpt lat="-24.4863" lon="15.798"/>
      <trkpt lat="-24.4862" lon="15.798"/>
      <trkpt lat="-24.4862" lon="15.7981"/>
      <trkpt lat="-24.4862" lon="15.7982"/>
      <trkpt lat="-24.4862" lon="15.7983"/>
      <trkpt lat="-24.4863" lon="15.7984"/>
      <trkpt lat="-24.4863" lon="15.7985"/>
      <trkpt lat="-24.4864" lon="15.7988"/>
      <trkpt lat="-24.4865" lon="15.7989"/>
      <trkpt lat="-24.4865" lon="15.799"/>
      <trkpt lat="-24.4866" lon="15.7991"/>
      <trkpt lat="-24.4866" lon="15.7992"/>
      <trkpt lat="-24.4866" lon="15.7993"/>
      <trkpt lat="-24.4867" lon="15.7995"/>
      <trkpt lat="-24.4867" lon="15.7997"/>
      <trkpt lat="-24.4868" lon="15.8008"/>
      <trkpt lat="-24.4868" lon="15.8009"/>
      <trkpt lat="-24.4868" lon="15.8014"/>
      <trkpt lat="-24.4867" lon="15.8025"/>
      <trkpt lat="-24.4867" lon="15.8031"/>
      <trkpt lat="-24.4867" lon="15.8042"/>
      <trkpt lat="-24.4867" lon="15.8043"/>
      <trkpt lat="-24.4866" lon="15.8121"/>
      <trkpt lat="-24.4865" lon="15.8158"/>
      <trkpt lat="-24.4865" lon="15.818"/>
      <trkpt lat="-24.4864" lon="15.8228"/>
      <trkpt lat="-24.4863" lon="15.8242"/>
      <trkpt lat="-24.4863" lon="15.8248"/>
      <trkpt lat="-24.4862" lon="15.8254"/>
      <trkpt lat="-24.4862" lon="15.8259"/>
      <trkpt lat="-24.486" lon="15.8264"/>
      <trkpt lat="-24.4859" lon="15.8268"/>
      <trkpt lat="-24.4858" lon="15.8272"/>
      <trkpt lat="-24.4854" lon="15.828"/>
      <trkpt lat="-24.4851" lon="15.8287"/>
      <trkpt lat="-24.4843" lon="15.8304"/>
      <trkpt lat="-24.4827" lon="15.8339"/>
      <trkpt lat="-24.474" lon="15.8525"/>
      <trkpt lat="-24.4656" lon="15.8714"/>
      <trkpt lat="-24.4613" lon="15.8809"/>
      <trkpt lat="-24.4572" lon="15.8904"/>
      <trkpt lat="-24.4534" lon="15.8999"/>
      <trkpt lat="-24.4497" lon="15.9094"/>
      <trkpt lat="-24.4496" lon="15.9097"/>
      <trkpt lat="-24.448" lon="15.9092"/>
      <trkpt lat="-24.4408" lon="15.9068"/>
      <trkpt lat="-24.4383" lon="15.9059"/>
      <trkpt lat="-24.4379" lon="15.9058"/>
      <trkpt lat="-24.4375" lon="15.9058"/>
      <trkpt lat="-24.437" lon="15.9057"/>
      <trkpt lat="-24.4366" lon="15.9057"/>
      <trkpt lat="-24.4359" lon="15.9058"/>
      <trkpt lat="-24.4337" lon="15.906"/>
      <trkpt lat="-24.4279" lon="15.9066"/>
      <trkpt lat="-24.4238" lon="15.907"/>
      <trkpt lat="-24.4218" lon="15.9071"/>
      <trkpt lat="-24.4195" lon="15.9071"/>
      <trkpt lat="-24.4126" lon="15.9071"/>
      <trkpt lat="-24.4122" lon="15.9071"/>
      <trkpt lat="-24.4119" lon="15.9071"/>
      <trkpt lat="-24.4116" lon="15.9071"/>
      <trkpt lat="-24.4113" lon="15.907"/>
      <trkpt lat="-24.411" lon="15.9069"/>
      <trkpt lat="-24.4106" lon="15.9067"/>
      <trkpt lat="-24.4072" lon="15.9045"/>
      <trkpt lat="-24.4037" lon="15.9024"/>
      <trkpt lat="-24.3977" lon="15.8988"/>
      <trkpt lat="-24.3972" lon="15.8985"/>
      <trkpt lat="-24.3966" lon="15.8982"/>
      <trkpt lat="-24.3963" lon="15.898"/>
      <trkpt lat="-24.3958" lon="15.8979"/>
      <trkpt lat="-24.3954" lon="15.8978"/>
      <trkpt lat="-24.395" lon="15.8978"/>
      <trkpt lat="-24.3938" lon="15.8977"/>
      <trkpt lat="-24.3818" lon="15.8976"/>
      <trkpt lat="-24.381" lon="15.8976"/>
      <trkpt lat="-24.3804" lon="15.8977"/>
      <trkpt lat="-24.3799" lon="15.8977"/>
      <trkpt lat="-24.3793" lon="15.8979"/>
      <trkpt lat="-24.3786" lon="15.8981"/>
      <trkpt lat="-24.3781" lon="15.8983"/>
      <trkpt lat="-24.3775" lon="15.8985"/>
      <trkpt lat="-24.3767" lon="15.8988"/>
      <trkpt lat="-24.3739" lon="15.8998"/>
      <trkpt lat="-24.3736" lon="15.8999"/>
      <trkpt lat="-24.365" lon="15.903"/>
      <trkpt lat="-24.3638" lon="15.9034"/>
      <trkpt lat="-24.3633" lon="15.9035"/>
      <trkpt lat="-24.3626" lon="15.9036"/>
      <trkpt lat="-24.3611" lon="15.9039"/>
      <trkpt lat="-24.36" lon="15.9041"/>
      <trkpt lat="-24.3593" lon="15.9042"/>
      <trkpt lat="-24.3586" lon="15.9042"/>
      <trkpt lat="-24.358" lon="15.9042"/>
      <trkpt lat="-24.3561" lon="15.9043"/>
      <trkpt lat="-24.3502" lon="15.9047"/>
      <trkpt lat="-24.3489" lon="15.9047"/>
      <trkpt lat="-24.3486" lon="15.9047"/>
      <trkpt lat="-24.3446" lon="15.9049"/>
      <trkpt lat="-24.3423" lon="15.905"/>
      <trkpt lat="-24.34" lon="15.9051"/>
      <trkpt lat="-24.337" lon="15.9053"/>
      <trkpt lat="-24.3357" lon="15.9054"/>
      <trkpt lat="-24.3348" lon="15.9054"/>
      <trkpt lat="-24.3345" lon="15.9054"/>
      <trkpt lat="-24.3323" lon="15.9055"/>
      <trkpt lat="-24.3317" lon="15.9055"/>
      <trkpt lat="-24.3312" lon="15.9055"/>
      <trkpt lat="-24.3308" lon="15.9055"/>
      <trkpt lat="-24.3304" lon="15.9054"/>
      <trkpt lat="-24.3301" lon="15.9053"/>
      <trkpt lat="-24.3297" lon="15.9051"/>
      <trkpt lat="-24.3294" lon="15.905"/>
      <trkpt lat="-24.3288" lon="15.9046"/>
      <trkpt lat="-24.318" lon="15.8983"/>
      <trkpt lat="-24.3154" lon="15.8967"/>
      <trkpt lat="-24.304" lon="15.89"/>
      <trkpt lat="-24.2945" lon="15.8844"/>
      <trkpt lat="-24.294" lon="15.8841"/>
      <trkpt lat="-24.2936" lon="15.8839"/>
      <trkpt lat="-24.2931" lon="15.8837"/>
      <trkpt lat="-24.2927" lon="15.8835"/>
      <trkpt lat="-24.2923" lon="15.8834"/>
      <trkpt lat="-24.2903" lon="15.8828"/>
      <trkpt lat="-24.2836" lon="15.8808"/>
      <trkpt lat="-24.2831" lon="15.8806"/>
      <trkpt lat="-24.2828" lon="15.8806"/>
      <trkpt lat="-24.2825" lon="15.8805"/>
      <trkpt lat="-24.2821" lon="15.8804"/>
      <trkpt lat="-24.2817" lon="15.8804"/>
      <trkpt lat="-24.2812" lon="15.8804"/>
      <trkpt lat="-24.2808" lon="15.8805"/>
      <trkpt lat="-24.2804" lon="15.8806"/>
      <trkpt lat="-24.28" lon="15.8807"/>
      <trkpt lat="-24.2795" lon="15.8808"/>
      <trkpt lat="-24.2788" lon="15.881"/>
      <trkpt lat="-24.2766" lon="15.8818"/>
      <trkpt lat="-24.2758" lon="15.8821"/>
      <trkpt lat="-24.2753" lon="15.8822"/>
      <trkpt lat="-24.2749" lon="15.8824"/>
      <trkpt lat="-24.2745" lon="15.8826"/>
      <trkpt lat="-24.2741" lon="15.8828"/>
      <trkpt lat="-24.2723" lon="15.8839"/>
      <trkpt lat="-24.2622" lon="15.8899"/>
      <trkpt lat="-24.2561" lon="15.8935"/>
      <trkpt lat="-24.2438" lon="15.9005"/>
      <trkpt lat="-24.2315" lon="15.9075"/>
      <trkpt lat="-24.2311" lon="15.9077"/>
      <trkpt lat="-24.2309" lon="15.9079"/>
      <trkpt lat="-24.2307" lon="15.9081"/>
      <trkpt lat="-24.2305" lon="15.9082"/>
      <trkpt lat="-24.2303" lon="15.9084"/>
      <trkpt lat="-24.2302" lon="15.9086"/>
      <trkpt lat="-24.2301" lon="15.9088"/>
      <trkpt lat="-24.23" lon="15.9091"/>
      <trkpt lat="-24.2299" lon="15.9093"/>
      <trkpt lat="-24.2298" lon="15.9098"/>
      <trkpt lat="-24.2293" lon="15.9132"/>
      <trkpt lat="-24.2292" lon="15.9137"/>
      <trkpt lat="-24.2291" lon="15.9142"/>
      <trkpt lat="-24.2289" lon="15.9147"/>
      <trkpt lat="-24.2287" lon="15.9152"/>
      <trkpt lat="-24.2285" lon="15.9156"/>
      <trkpt lat="-24.2283" lon="15.9161"/>
      <trkpt lat="-24.2279" lon="15.9169"/>
      <trkpt lat="-24.221" lon="15.9298"/>
      <trkpt lat="-24.2164" lon="15.9386"/>
      <trkpt lat="-24.2164" lon="15.9388"/>
      <trkpt lat="-24.2161" lon="15.9393"/>
      <trkpt lat="-24.2116" lon="15.9481"/>
      <trkpt lat="-24.2101" lon="15.9509"/>
      <trkpt lat="-24.2055" lon="15.9601"/>
      <trkpt lat="-24.2053" lon="15.9605"/>
      <trkpt lat="-24.205" lon="15.961"/>
      <trkpt lat="-24.2048" lon="15.9612"/>
      <trkpt lat="-24.2046" lon="15.9615"/>
      <trkpt lat="-24.2043" lon="15.9618"/>
      <trkpt lat="-24.204" lon="15.9619"/>
      <trkpt lat="-24.2037" lon="15.9621"/>
      <trkpt lat="-24.2032" lon="15.9623"/>
      <trkpt lat="-24.2012" lon="15.9631"/>
      <trkpt lat="-24.1982" lon="15.9644"/>
      <trkpt lat="-24.1952" lon="15.9656"/>
      <trkpt lat="-24.1923" lon="15.9667"/>
      <trkpt lat="-24.1915" lon="15.9669"/>
      <trkpt lat="-24.1909" lon="15.9671"/>
      <trkpt lat="-24.1904" lon="15.9673"/>
      <trkpt lat="-24.19" lon="15.9673"/>
      <trkpt lat="-24.1896" lon="15.9674"/>
      <trkpt lat="-24.1893" lon="15.9674"/>
      <trkpt lat="-24.1889" lon="15.9674"/>
      <trkpt lat="-24.1885" lon="15.9673"/>
      <trkpt lat="-24.1882" lon="15.9673"/>
      <trkpt lat="-24.1798" lon="15.9658"/>
      <trkpt lat="-24.1797" lon="15.9658"/>
      <trkpt lat="-24.1714" lon="15.9643"/>
      <trkpt lat="-24.1632" lon="15.9628"/>
      <trkpt lat="-24.1612" lon="15.9624"/>
      <trkpt lat="-24.1466" lon="15.9599"/>
      <trkpt lat="-24.1464" lon="15.9598"/>
      <trkpt lat="-24.1459" lon="15.9597"/>
      <trkpt lat="-24.1455" lon="15.9595"/>
      <trkpt lat="-24.1451" lon="15.9594"/>
      <trkpt lat="-24.1449" lon="15.9592"/>
      <trkpt lat="-24.1446" lon="15.959"/>
      <trkpt lat="-24.1436" lon="15.9579"/>
      <trkpt lat="-24.1431" lon="15.9576"/>
      <trkpt lat="-24.1428" lon="15.9574"/>
      <trkpt lat="-24.1425" lon="15.9572"/>
      <trkpt lat="-24.1421" lon="15.9571"/>
      <trkpt lat="-24.1417" lon="15.9569"/>
      <trkpt lat="-24.1414" lon="15.9568"/>
      <trkpt lat="-24.1411" lon="15.9568"/>
      <trkpt lat="-24.1407" lon="15.9568"/>
      <trkpt lat="-24.1402" lon="15.9568"/>
      <trkpt lat="-24.1397" lon="15.9568"/>
      <trkpt lat="-24.1378" lon="15.9569"/>
      <trkpt lat="-24.134" lon="15.9571"/>
      <trkpt lat="-24.1317" lon="15.9572"/>
      <trkpt lat="-24.1265" lon="15.9574"/>
      <trkpt lat="-24.1254" lon="15.9575"/>
      <trkpt lat="-24.1245" lon="15.9575"/>
      <trkpt lat="-24.1235" lon="15.9575"/>
      <trkpt lat="-24.1226" lon="15.9576"/>
      <trkpt lat="-24.1225" lon="15.9576"/>
      <trkpt lat="-24.1031" lon="15.9584"/>
      <trkpt lat="-24.1028" lon="15.9584"/>
      <trkpt lat="-24.0939" lon="15.9588"/>
      <trkpt lat="-24.0939" lon="15.9588"/>
      <trkpt lat="-24.091" lon="15.9589"/>
      <trkpt lat="-24.0893" lon="15.9589"/>
      <trkpt lat="-24.0887" lon="15.959"/>
      <trkpt lat="-24.0884" lon="15.959"/>
      <trkpt lat="-24.0881" lon="15.959"/>
      <trkpt lat="-24.0879" lon="15.9591"/>
      <trkpt lat="-24.0877" lon="15.9592"/>
      <trkpt lat="-24.0874" lon="15.9592"/>
      <trkpt lat="-24.0871" lon="15.9593"/>
      <trkpt lat="-24.0795" lon="15.9626"/>
      <trkpt lat="-24.0709" lon="15.9663"/>
      <trkpt lat="-24.07" lon="15.9667"/>
      <trkpt lat="-24.0691" lon="15.9671"/>
      <trkpt lat="-24.0676" lon="15.9677"/>
      <trkpt lat="-24.0671" lon="15.968"/>
      <trkpt lat="-24.0665" lon="15.9683"/>
      <trkpt lat="-24.0659" lon="15.9686"/>
      <trkpt lat="-24.0653" lon="15.9689"/>
      <trkpt lat="-24.063" lon="15.9701"/>
      <trkpt lat="-24.0623" lon="15.9705"/>
      <trkpt lat="-24.0619" lon="15.9707"/>
      <trkpt lat="-24.0615" lon="15.9708"/>
      <trkpt lat="-24.0609" lon="15.971"/>
      <trkpt lat="-24.0599" lon="15.9713"/>
      <trkpt lat="-24.0595" lon="15.9715"/>
      <trkpt lat="-24.059" lon="15.9716"/>
      <trkpt lat="-24.0586" lon="15.9718"/>
      <trkpt lat="-24.0582" lon="15.972"/>
      <trkpt lat="-24.0578" lon="15.9722"/>
      <trkpt lat="-24.0572" lon="15.9725"/>
      <trkpt lat="-24.0569" lon="15.9728"/>
      <trkpt lat="-24.056" lon="15.9733"/>
      <trkpt lat="-24.0556" lon="15.9735"/>
      <trkpt lat="-24.0554" lon="15.9737"/>
      <trkpt lat="-24.0551" lon="15.9738"/>
      <trkpt lat="-24.0548" lon="15.9739"/>
      <trkpt lat="-24.0546" lon="15.9739"/>
      <trkpt lat="-24.0543" lon="15.9739"/>
      <trkpt lat="-24.054" lon="15.974"/>
      <trkpt lat="-24.0535" lon="15.974"/>
      <trkpt lat="-24.0528" lon="15.974"/>
      <trkpt lat="-24.0525" lon="15.974"/>
      <trkpt lat="-24.0522" lon="15.9741"/>
      <trkpt lat="-24.0519" lon="15.9741"/>
      <trkpt lat="-24.0516" lon="15.9742"/>
      <trkpt lat="-24.0513" lon="15.9743"/>
      <trkpt lat="-24.0508" lon="15.9745"/>
      <trkpt lat="-24.0505" lon="15.9746"/>
      <trkpt lat="-24.0502" lon="15.9747"/>
      <trkpt lat="-24.0499" lon="15.9748"/>
      <trkpt lat="-24.0495" lon="15.9749"/>
      <trkpt lat="-24.0491" lon="15.9749"/>
      <trkpt lat="-24.0487" lon="15.9749"/>
      <trkpt lat="-24.0485" lon="15.9749"/>
      <trkpt lat="-24.0482" lon="15.9748"/>
      <trkpt lat="-24.0478" lon="15.9747"/>
      <trkpt lat="-24.0471" lon="15.9746"/>
      <trkpt lat="-24.0462" lon="15.9743"/>
      <trkpt lat="-24.0457" lon="15.9742"/>
      <trkpt lat="-24.0447" lon="15.9739"/>
      <trkpt lat="-24.0441" lon="15.9736"/>
      <trkpt lat="-24.0433" lon="15.9733"/>
      <trkpt lat="-24.0427" lon="15.973"/>
      <trkpt lat="-24.0423" lon="15.9729"/>
      <trkpt lat="-24.0418" lon="15.9726"/>
      <trkpt lat="-24.0414" lon="15.9724"/>
      <trkpt lat="-24.0409" lon="15.9721"/>
      <trkpt lat="-24.0404" lon="15.9718"/>
      <trkpt lat="-24.0399" lon="15.9715"/>
      <trkpt lat="-24.0395" lon="15.9712"/>
      <trkpt lat="-24.0391" lon="15.9708"/>
      <trkpt lat="-24.0388" lon="15.9705"/>
      <trkpt lat="-24.0378" lon="15.9696"/>
      <trkpt lat="-24.0369" lon="15.9687"/>
      <trkpt lat="-24.0366" lon="15.9684"/>
      <trkpt lat="-24.0364" lon="15.9682"/>
      <trkpt lat="-24.0361" lon="15.968"/>
      <trkpt lat="-24.0358" lon="15.9678"/>
      <trkpt lat="-24.0354" lon="15.9676"/>
      <trkpt lat="-24.0339" lon="15.9667"/>
      <trkpt lat="-24.0335" lon="15.9666"/>
      <trkpt lat="-24.0329" lon="15.9663"/>
      <trkpt lat="-24.0325" lon="15.9662"/>
      <trkpt lat="-24.0316" lon="15.9659"/>
      <trkpt lat="-24.031" lon="15.9657"/>
      <trkpt lat="-24.0307" lon="15.9655"/>
      <trkpt lat="-24.0303" lon="15.9654"/>
      <trkpt lat="-24.03" lon="15.9652"/>
      <trkpt lat="-24.0297" lon="15.9651"/>
      <trkpt lat="-24.0277" lon="15.964"/>
      <trkpt lat="-24.027" lon="15.9637"/>
      <trkpt lat="-24.0265" lon="15.9635"/>
      <trkpt lat="-24.0252" lon="15.963"/>
      <trkpt lat="-24.025" lon="15.9629"/>
      <trkpt lat="-24.0245" lon="15.9627"/>
      <trkpt lat="-24.0241" lon="15.9626"/>
      <trkpt lat="-24.0235" lon="15.9623"/>
      <trkpt lat="-24.0231" lon="15.9621"/>
      <trkpt lat="-24.0226" lon="15.9618"/>
      <trkpt lat="-24.022" lon="15.9614"/>
      <trkpt lat="-24.0216" lon="15.9612"/>
      <trkpt lat="-24.0213" lon="15.961"/>
      <trkpt lat="-24.021" lon="15.9609"/>
      <trkpt lat="-24.0203" lon="15.9605"/>
      <trkpt lat="-24.019" lon="15.96"/>
      <trkpt lat="-24.0179" lon="15.9594"/>
      <trkpt lat="-24.0157" lon="15.9584"/>
      <trkpt lat="-24.0153" lon="15.9582"/>
      <trkpt lat="-24.0146" lon="15.9579"/>
      <trkpt lat="-24.0142" lon="15.9578"/>
      <trkpt lat="-24.0138" lon="15.9577"/>
      <trkpt lat="-24.013" lon="15.9575"/>
      <trkpt lat="-24.0122" lon="15.9574"/>
      <trkpt lat="-24.0116" lon="15.9573"/>
      <trkpt lat="-24.011" lon="15.9573"/>
      <trkpt lat="-24.0104" lon="15.9574"/>
      <trkpt lat="-24.0098" lon="15.9575"/>
      <trkpt lat="-24.009" lon="15.9577"/>
      <trkpt lat="-24.0085" lon="15.9578"/>
      <trkpt lat="-24.008" lon="15.9579"/>
      <trkpt lat="-24.0075" lon="15.9581"/>
      <trkpt lat="-24.0065" lon="15.9584"/>
      <trkpt lat="-24.0044" lon="15.9592"/>
      <trkpt lat="-24.0039" lon="15.9594"/>
      <trkpt lat="-24.0034" lon="15.9596"/>
      <trkpt lat="-24.003" lon="15.9598"/>
      <trkpt lat="-24.0027" lon="15.9601"/>
      <trkpt lat="-24.0025" lon="15.9603"/>
      <trkpt lat="-24.0022" lon="15.9607"/>
      <trkpt lat="-24.002" lon="15.961"/>
      <trkpt lat="-24.0012" lon="15.9623"/>
      <trkpt lat="-24.0008" lon="15.963"/>
      <trkpt lat="-24.0004" lon="15.9636"/>
      <trkpt lat="-24.0001" lon="15.9643"/>
      <trkpt lat="-23.9998" lon="15.9652"/>
      <trkpt lat="-23.9988" lon="15.9675"/>
      <trkpt lat="-23.9935" lon="15.9804"/>
      <trkpt lat="-23.9895" lon="15.9901"/>
      <trkpt lat="-23.9865" lon="15.9972"/>
      <trkpt lat="-23.9863" lon="15.9976"/>
      <trkpt lat="-23.9863" lon="15.9979"/>
      <trkpt lat="-23.9862" lon="15.9982"/>
      <trkpt lat="-23.9862" lon="15.9986"/>
      <trkpt lat="-23.9864" lon="16.0002"/>
      <trkpt lat="-23.9864" lon="16.0007"/>
      <trkpt lat="-23.9863" lon="16.0011"/>
      <trkpt lat="-23.9862" lon="16.0016"/>
      <trkpt lat="-23.9861" lon="16.002"/>
      <trkpt lat="-23.986" lon="16.0024"/>
      <trkpt lat="-23.9858" lon="16.0028"/>
      <trkpt lat="-23.9856" lon="16.003"/>
      <trkpt lat="-23.9854" lon="16.0033"/>
      <trkpt lat="-23.9851" lon="16.0036"/>
      <trkpt lat="-23.9847" lon="16.004"/>
      <trkpt lat="-23.9845" lon="16.0042"/>
      <trkpt lat="-23.9842" lon="16.0044"/>
      <trkpt lat="-23.9838" lon="16.0046"/>
      <trkpt lat="-23.9835" lon="16.0047"/>
      <trkpt lat="-23.9832" lon="16.0049"/>
      <trkpt lat="-23.9827" lon="16.005"/>
      <trkpt lat="-23.9822" lon="16.0052"/>
      <trkpt lat="-23.9818" lon="16.0053"/>
      <trkpt lat="-23.9776" lon="16.0063"/>
      <trkpt lat="-23.9773" lon="16.0063"/>
      <trkpt lat="-23.9769" lon="16.0064"/>
      <trkpt lat="-23.9765" lon="16.0065"/>
      <trkpt lat="-23.9761" lon="16.0065"/>
      <trkpt lat="-23.9758" lon="16.0065"/>
      <trkpt lat="-23.9755" lon="16.0065"/>
      <trkpt lat="-23.9751" lon="16.0065"/>
      <trkpt lat="-23.9722" lon="16.0065"/>
      <trkpt lat="-23.9717" lon="16.0065"/>
      <trkpt lat="-23.9691" lon="16.0063"/>
      <trkpt lat="-23.9611" lon="16.0061"/>
      <trkpt lat="-23.9565" lon="16.006"/>
      <trkpt lat="-23.9553" lon="16.006"/>
      <trkpt lat="-23.9548" lon="16.006"/>
      <trkpt lat="-23.9542" lon="16.006"/>
      <trkpt lat="-23.9537" lon="16.006"/>
      <trkpt lat="-23.9504" lon="16.0062"/>
      <trkpt lat="-23.9488" lon="16.0063"/>
      <trkpt lat="-23.948" lon="16.0062"/>
      <trkpt lat="-23.9475" lon="16.0062"/>
      <trkpt lat="-23.9469" lon="16.0062"/>
      <trkpt lat="-23.9452" lon="16.0061"/>
      <trkpt lat="-23.9423" lon="16.0058"/>
      <trkpt lat="-23.9407" lon="16.0058"/>
      <trkpt lat="-23.9393" lon="16.0058"/>
      <trkpt lat="-23.9377" lon="16.0058"/>
      <trkpt lat="-23.9362" lon="16.0058"/>
      <trkpt lat="-23.935" lon="16.0058"/>
      <trkpt lat="-23.9345" lon="16.0058"/>
      <trkpt lat="-23.934" lon="16.0058"/>
      <trkpt lat="-23.9325" lon="16.006"/>
      <trkpt lat="-23.9297" lon="16.0062"/>
      <trkpt lat="-23.9289" lon="16.0062"/>
      <trkpt lat="-23.9252" lon="16.0064"/>
      <trkpt lat="-23.9231" lon="16.0064"/>
      <trkpt lat="-23.9206" lon="16.0064"/>
      <trkpt lat="-23.9148" lon="16.0061"/>
      <trkpt lat="-23.9131" lon="16.0061"/>
      <trkpt lat="-23.913" lon="16.0061"/>
      <trkpt lat="-23.9128" lon="16.0061"/>
      <trkpt lat="-23.9125" lon="16.0061"/>
      <trkpt lat="-23.9096" lon="16.006"/>
      <trkpt lat="-23.9063" lon="16.0059"/>
      <trkpt lat="-23.9001" lon="16.0057"/>
      <trkpt lat="-23.8997" lon="16.0057"/>
      <trkpt lat="-23.8993" lon="16.0058"/>
      <trkpt lat="-23.8957" lon="16.0064"/>
      <trkpt lat="-23.8938" lon="16.0067"/>
      <trkpt lat="-23.8934" lon="16.0068"/>
      <trkpt lat="-23.8933" lon="16.0066"/>
      <trkpt lat="-23.8932" lon="16.0064"/>
      <trkpt lat="-23.8931" lon="16.0063"/>
      <trkpt lat="-23.893" lon="16.0062"/>
      <trkpt lat="-23.893" lon="16.0062"/>
      <trkpt lat="-23.893" lon="16.0061"/>
      <trkpt lat="-23.8932" lon="16.0059"/>
      <trkpt lat="-23.8934" lon="16.0059"/>
      <trkpt lat="-23.8934" lon="16.0058"/>
      <trkpt lat="-23.8936" lon="16.0056"/>
      <trkpt lat="-23.8937" lon="16.0056"/>
      <trkpt lat="-23.8938" lon="16.0056"/>
      <trkpt lat="-23.8939" lon="16.0056"/>
      <trkpt lat="-23.8939" lon="16.0056"/>
      <trkpt lat="-23.8938" lon="16.0055"/>
      <trkpt lat="-23.8938" lon="16.0055"/>
      <trkpt lat="-23.8936" lon="16.0055"/>
      <trkpt lat="-23.8937" lon="16.0056"/>
      <trkpt lat="-23.8936" lon="16.0056"/>
      <trkpt lat="-23.8934" lon="16.0058"/>
      <trkpt lat="-23.8934" lon="16.0059"/>
      <trkpt lat="-23.8932" lon="16.0059"/>
      <trkpt lat="-23.893" lon="16.0061"/>
      <trkpt lat="-23.893" lon="16.0062"/>
      <trkpt lat="-23.893" lon="16.0062"/>
      <trkpt lat="-23.8931" lon="16.0063"/>
      <trkpt lat="-23.8932" lon="16.0064"/>
      <trkpt lat="-23.8933" lon="16.0066"/>
      <trkpt lat="-23.8934" lon="16.0068"/>
      <trkpt lat="-23.8931" lon="16.0069"/>
      <trkpt lat="-23.8928" lon="16.007"/>
      <trkpt lat="-23.8925" lon="16.0072"/>
      <trkpt lat="-23.8923" lon="16.0073"/>
      <trkpt lat="-23.8921" lon="16.0074"/>
      <trkpt lat="-23.8919" lon="16.0076"/>
      <trkpt lat="-23.8913" lon="16.0081"/>
      <trkpt lat="-23.8901" lon="16.0069"/>
      <trkpt lat="-23.8898" lon="16.0067"/>
      <trkpt lat="-23.8893" lon="16.0062"/>
      <trkpt lat="-23.8884" lon="16.0054"/>
      <trkpt lat="-23.8876" lon="16.0046"/>
      <trkpt lat="-23.8858" lon="16.0029"/>
      <trkpt lat="-23.8817" lon="15.9992"/>
      <trkpt lat="-23.8764" lon="15.9943"/>
      <trkpt lat="-23.8708" lon="15.9893"/>
      <trkpt lat="-23.865" lon="15.9845"/>
      <trkpt lat="-23.8594" lon="15.9792"/>
      <trkpt lat="-23.854" lon="15.9741"/>
      <trkpt lat="-23.8498" lon="15.9699"/>
      <trkpt lat="-23.8443" lon="15.9645"/>
      <trkpt lat="-23.8373" lon="15.9575"/>
      <trkpt lat="-23.8364" lon="15.9566"/>
      <trkpt lat="-23.8358" lon="15.9561"/>
      <trkpt lat="-23.8343" lon="15.9551"/>
      <trkpt lat="-23.8337" lon="15.9546"/>
      <trkpt lat="-23.833" lon="15.954"/>
      <trkpt lat="-23.8279" lon="15.9492"/>
      <trkpt lat="-23.8236" lon="15.9449"/>
      <trkpt lat="-23.8225" lon="15.9438"/>
      <trkpt lat="-23.8215" lon="15.943"/>
      <trkpt lat="-23.8129" lon="15.9364"/>
      <trkpt lat="-23.8045" lon="15.9298"/>
      <trkpt lat="-23.7933" lon="15.921"/>
      <trkpt lat="-23.7928" lon="15.9207"/>
      <trkpt lat="-23.7767" lon="15.9089"/>
      <trkpt lat="-23.7746" lon="15.9072"/>
      <trkpt lat="-23.7725" lon="15.9056"/>
      <trkpt lat="-23.7717" lon="15.905"/>
      <trkpt lat="-23.761" lon="15.8972"/>
      <trkpt lat="-23.7528" lon="15.8911"/>
      <trkpt lat="-23.7517" lon="15.8904"/>
      <trkpt lat="-23.751" lon="15.89"/>
      <trkpt lat="-23.7501" lon="15.8896"/>
      <trkpt lat="-23.7462" lon="15.8878"/>
      <trkpt lat="-23.7381" lon="15.8839"/>
      <trkpt lat="-23.7299" lon="15.88"/>
      <trkpt lat="-23.7289" lon="15.8797"/>
      <trkpt lat="-23.728" lon="15.8794"/>
      <trkpt lat="-23.728" lon="15.8793"/>
      <trkpt lat="-23.7275" lon="15.8792"/>
      <trkpt lat="-23.7202" lon="15.8777"/>
      <trkpt lat="-23.714" lon="15.8764"/>
      <trkpt lat="-23.696" lon="15.8725"/>
      <trkpt lat="-23.6861" lon="15.8704"/>
      <trkpt lat="-23.6838" lon="15.8699"/>
      <trkpt lat="-23.6803" lon="15.8692"/>
      <trkpt lat="-23.6764" lon="15.8684"/>
      <trkpt lat="-23.6752" lon="15.8681"/>
      <trkpt lat="-23.6746" lon="15.8679"/>
      <trkpt lat="-23.6741" lon="15.8677"/>
      <trkpt lat="-23.6731" lon="15.8671"/>
      <trkpt lat="-23.6712" lon="15.8659"/>
      <trkpt lat="-23.6681" lon="15.8639"/>
      <trkpt lat="-23.6551" lon="15.8555"/>
      <trkpt lat="-23.6542" lon="15.855"/>
      <trkpt lat="-23.6529" lon="15.8543"/>
      <trkpt lat="-23.6518" lon="15.8537"/>
      <trkpt lat="-23.6463" lon="15.8508"/>
      <trkpt lat="-23.6407" lon="15.8478"/>
      <trkpt lat="-23.6356" lon="15.8451"/>
      <trkpt lat="-23.6355" lon="15.845"/>
      <trkpt lat="-23.632" lon="15.8432"/>
      <trkpt lat="-23.6298" lon="15.842"/>
      <trkpt lat="-23.6275" lon="15.8408"/>
      <trkpt lat="-23.6268" lon="15.8404"/>
      <trkpt lat="-23.6234" lon="15.8388"/>
      <trkpt lat="-23.6191" lon="15.8367"/>
      <trkpt lat="-23.618" lon="15.8362"/>
      <trkpt lat="-23.6107" lon="15.8326"/>
      <trkpt lat="-23.6025" lon="15.8286"/>
      <trkpt lat="-23.598" lon="15.8263"/>
      <trkpt lat="-23.5942" lon="15.8244"/>
      <trkpt lat="-23.5875" lon="15.8209"/>
      <trkpt lat="-23.5841" lon="15.8191"/>
      <trkpt lat="-23.581" lon="15.8175"/>
      <trkpt lat="-23.5743" lon="15.8141"/>
      <trkpt lat="-23.572" lon="15.813"/>
      <trkpt lat="-23.5708" lon="15.8122"/>
      <trkpt lat="-23.5692" lon="15.8112"/>
      <trkpt lat="-23.5598" lon="15.8048"/>
      <trkpt lat="-23.558" lon="15.8036"/>
      <trkpt lat="-23.5571" lon="15.8031"/>
      <trkpt lat="-23.5563" lon="15.8027"/>
      <trkpt lat="-23.5555" lon="15.8024"/>
      <trkpt lat="-23.5537" lon="15.8017"/>
      <trkpt lat="-23.5523" lon="15.801"/>
      <trkpt lat="-23.551" lon="15.8002"/>
      <trkpt lat="-23.5483" lon="15.7986"/>
      <trkpt lat="-23.5441" lon="15.796"/>
      <trkpt lat="-23.5415" lon="15.7945"/>
      <trkpt lat="-23.5368" lon="15.7916"/>
      <trkpt lat="-23.5364" lon="15.7913"/>
      <trkpt lat="-23.5347" lon="15.7903"/>
      <trkpt lat="-23.5337" lon="15.7896"/>
      <trkpt lat="-23.5313" lon="15.7881"/>
      <trkpt lat="-23.5309" lon="15.7879"/>
      <trkpt lat="-23.5295" lon="15.7871"/>
      <trkpt lat="-23.5194" lon="15.7817"/>
      <trkpt lat="-23.5186" lon="15.7813"/>
      <trkpt lat="-23.5181" lon="15.781"/>
      <trkpt lat="-23.5167" lon="15.78"/>
      <trkpt lat="-23.5153" lon="15.779"/>
      <trkpt lat="-23.5139" lon="15.7783"/>
      <trkpt lat="-23.5125" lon="15.7776"/>
      <trkpt lat="-23.5003" lon="15.772"/>
      <trkpt lat="-23.4992" lon="15.7715"/>
      <trkpt lat="-23.4984" lon="15.7711"/>
      <trkpt lat="-23.4978" lon="15.7709"/>
      <trkpt lat="-23.4972" lon="15.7708"/>
      <trkpt lat="-23.4959" lon="15.7705"/>
      <trkpt lat="-23.4954" lon="15.7702"/>
      <trkpt lat="-23.495" lon="15.77"/>
      <trkpt lat="-23.4946" lon="15.7698"/>
      <trkpt lat="-23.4942" lon="15.7695"/>
      <trkpt lat="-23.4939" lon="15.7692"/>
      <trkpt lat="-23.4937" lon="15.7689"/>
      <trkpt lat="-23.4935" lon="15.7685"/>
      <trkpt lat="-23.4932" lon="15.768"/>
      <trkpt lat="-23.4918" lon="15.7648"/>
      <trkpt lat="-23.4915" lon="15.7643"/>
      <trkpt lat="-23.4911" lon="15.7638"/>
      <trkpt lat="-23.4905" lon="15.7632"/>
      <trkpt lat="-23.4901" lon="15.7629"/>
      <trkpt lat="-23.4899" lon="15.7627"/>
      <trkpt lat="-23.4897" lon="15.7626"/>
      <trkpt lat="-23.4892" lon="15.7624"/>
      <trkpt lat="-23.4886" lon="15.7622"/>
      <trkpt lat="-23.4881" lon="15.7621"/>
      <trkpt lat="-23.4879" lon="15.7621"/>
      <trkpt lat="-23.4876" lon="15.7621"/>
      <trkpt lat="-23.487" lon="15.7622"/>
      <trkpt lat="-23.4866" lon="15.7622"/>
      <trkpt lat="-23.4864" lon="15.7622"/>
      <trkpt lat="-23.4861" lon="15.7622"/>
      <trkpt lat="-23.4857" lon="15.7621"/>
      <trkpt lat="-23.4855" lon="15.7621"/>
      <trkpt lat="-23.4853" lon="15.7622"/>
      <trkpt lat="-23.4851" lon="15.7623"/>
      <trkpt lat="-23.4849" lon="15.7624"/>
      <trkpt lat="-23.4845" lon="15.7626"/>
      <trkpt lat="-23.4838" lon="15.7631"/>
      <trkpt lat="-23.4837" lon="15.7632"/>
      <trkpt lat="-23.4836" lon="15.7632"/>
      <trkpt lat="-23.4834" lon="15.7632"/>
      <trkpt lat="-23.4833" lon="15.7632"/>
      <trkpt lat="-23.4832" lon="15.7631"/>
      <trkpt lat="-23.483" lon="15.763"/>
      <trkpt lat="-23.4829" lon="15.7629"/>
      <trkpt lat="-23.4828" lon="15.7627"/>
      <trkpt lat="-23.4828" lon="15.7626"/>
      <trkpt lat="-23.4828" lon="15.7624"/>
      <trkpt lat="-23.483" lon="15.7616"/>
      <trkpt lat="-23.483" lon="15.7614"/>
      <trkpt lat="-23.483" lon="15.7613"/>
      <trkpt lat="-23.4829" lon="15.7611"/>
      <trkpt lat="-23.4829" lon="15.761"/>
      <trkpt lat="-23.4827" lon="15.761"/>
      <trkpt lat="-23.4826" lon="15.7609"/>
      <trkpt lat="-23.4826" lon="15.7609"/>
      <trkpt lat="-23.4825" lon="15.7609"/>
      <trkpt lat="-23.4824" lon="15.7609"/>
      <trkpt lat="-23.4823" lon="15.7609"/>
      <trkpt lat="-23.4821" lon="15.761"/>
      <trkpt lat="-23.4821" lon="15.761"/>
      <trkpt lat="-23.482" lon="15.7611"/>
      <trkpt lat="-23.4818" lon="15.7613"/>
      <trkpt lat="-23.4817" lon="15.7614"/>
      <trkpt lat="-23.4817" lon="15.7616"/>
      <trkpt lat="-23.4816" lon="15.7618"/>
      <trkpt lat="-23.4816" lon="15.762"/>
      <trkpt lat="-23.4815" lon="15.7622"/>
      <trkpt lat="-23.4814" lon="15.7628"/>
      <trkpt lat="-23.4814" lon="15.763"/>
      <trkpt lat="-23.4813" lon="15.7631"/>
      <trkpt lat="-23.4812" lon="15.7633"/>
      <trkpt lat="-23.4811" lon="15.7636"/>
      <trkpt lat="-23.4809" lon="15.7639"/>
      <trkpt lat="-23.4805" lon="15.7643"/>
      <trkpt lat="-23.4805" lon="15.7644"/>
      <trkpt lat="-23.4804" lon="15.7645"/>
      <trkpt lat="-23.4804" lon="15.7646"/>
      <trkpt lat="-23.4804" lon="15.7648"/>
      <trkpt lat="-23.4804" lon="15.765"/>
      <trkpt lat="-23.4804" lon="15.7653"/>
      <trkpt lat="-23.4805" lon="15.7655"/>
      <trkpt lat="-23.4804" lon="15.7657"/>
      <trkpt lat="-23.4804" lon="15.7658"/>
      <trkpt lat="-23.4803" lon="15.7659"/>
      <trkpt lat="-23.4802" lon="15.766"/>
      <trkpt lat="-23.4801" lon="15.7661"/>
      <trkpt lat="-23.4799" lon="15.7661"/>
      <trkpt lat="-23.4798" lon="15.7661"/>
      <trkpt lat="-23.4795" lon="15.7662"/>
      <trkpt lat="-23.4794" lon="15.7662"/>
      <trkpt lat="-23.4793" lon="15.7663"/>
      <trkpt lat="-23.4792" lon="15.7664"/>
      <trkpt lat="-23.4791" lon="15.7666"/>
      <trkpt lat="-23.4789" lon="15.767"/>
      <trkpt lat="-23.4788" lon="15.7673"/>
      <trkpt lat="-23.4788" lon="15.7675"/>
      <trkpt lat="-23.4787" lon="15.7684"/>
      <trkpt lat="-23.4787" lon="15.7686"/>
      <trkpt lat="-23.4786" lon="15.7688"/>
      <trkpt lat="-23.4785" lon="15.769"/>
      <trkpt lat="-23.4783" lon="15.7692"/>
      <trkpt lat="-23.4782" lon="15.7694"/>
      <trkpt lat="-23.4781" lon="15.7694"/>
      <trkpt lat="-23.4778" lon="15.7696"/>
      <trkpt lat="-23.4777" lon="15.7697"/>
      <trkpt lat="-23.4776" lon="15.7699"/>
      <trkpt lat="-23.4775" lon="15.77"/>
      <trkpt lat="-23.4774" lon="15.7701"/>
      <trkpt lat="-23.4773" lon="15.7705"/>
      <trkpt lat="-23.4772" lon="15.7706"/>
      <trkpt lat="-23.4772" lon="15.7707"/>
      <trkpt lat="-23.4771" lon="15.7707"/>
      <trkpt lat="-23.4767" lon="15.7709"/>
      <trkpt lat="-23.4764" lon="15.7711"/>
      <trkpt lat="-23.4762" lon="15.7711"/>
      <trkpt lat="-23.4761" lon="15.7712"/>
      <trkpt lat="-23.476" lon="15.7712"/>
      <trkpt lat="-23.4757" lon="15.7712"/>
      <trkpt lat="-23.4753" lon="15.7713"/>
      <trkpt lat="-23.4751" lon="15.7713"/>
      <trkpt lat="-23.475" lon="15.7714"/>
      <trkpt lat="-23.4749" lon="15.7715"/>
      <trkpt lat="-23.4748" lon="15.7716"/>
      <trkpt lat="-23.4747" lon="15.7717"/>
      <trkpt lat="-23.4746" lon="15.7719"/>
      <trkpt lat="-23.4745" lon="15.7721"/>
      <trkpt lat="-23.4742" lon="15.7723"/>
      <trkpt lat="-23.474" lon="15.7725"/>
      <trkpt lat="-23.4737" lon="15.7726"/>
      <trkpt lat="-23.4735" lon="15.7727"/>
      <trkpt lat="-23.4734" lon="15.7727"/>
      <trkpt lat="-23.4731" lon="15.7727"/>
      <trkpt lat="-23.473" lon="15.7727"/>
      <trkpt lat="-23.4724" lon="15.7725"/>
      <trkpt lat="-23.4718" lon="15.7723"/>
      <trkpt lat="-23.4711" lon="15.7719"/>
      <trkpt lat="-23.4688" lon="15.7704"/>
      <trkpt lat="-23.4655" lon="15.7682"/>
      <trkpt lat="-23.4621" lon="15.766"/>
      <trkpt lat="-23.4617" lon="15.7658"/>
      <trkpt lat="-23.4614" lon="15.7657"/>
      <trkpt lat="-23.4612" lon="15.7656"/>
      <trkpt lat="-23.4608" lon="15.7656"/>
      <trkpt lat="-23.4604" lon="15.7656"/>
      <trkpt lat="-23.46" lon="15.7656"/>
      <trkpt lat="-23.4595" lon="15.7657"/>
      <trkpt lat="-23.4587" lon="15.7658"/>
      <trkpt lat="-23.4581" lon="15.766"/>
      <trkpt lat="-23.4578" lon="15.7661"/>
      <trkpt lat="-23.4572" lon="15.7664"/>
      <trkpt lat="-23.4568" lon="15.7666"/>
      <trkpt lat="-23.4564" lon="15.7669"/>
      <trkpt lat="-23.4553" lon="15.7678"/>
      <trkpt lat="-23.4543" lon="15.7687"/>
      <trkpt lat="-23.454" lon="15.769"/>
      <trkpt lat="-23.4537" lon="15.7695"/>
      <trkpt lat="-23.4533" lon="15.7702"/>
      <trkpt lat="-23.452" lon="15.773"/>
      <trkpt lat="-23.4502" lon="15.7769"/>
      <trkpt lat="-23.4497" lon="15.7779"/>
      <trkpt lat="-23.4494" lon="15.7785"/>
      <trkpt lat="-23.4493" lon="15.7788"/>
      <trkpt lat="-23.4493" lon="15.779"/>
      <trkpt lat="-23.4493" lon="15.7792"/>
      <trkpt lat="-23.4493" lon="15.7795"/>
      <trkpt lat="-23.4494" lon="15.7797"/>
      <trkpt lat="-23.4495" lon="15.7799"/>
      <trkpt lat="-23.4497" lon="15.7802"/>
      <trkpt lat="-23.4499" lon="15.7805"/>
      <trkpt lat="-23.45" lon="15.7807"/>
      <trkpt lat="-23.4502" lon="15.7809"/>
      <trkpt lat="-23.4504" lon="15.7812"/>
      <trkpt lat="-23.451" lon="15.782"/>
      <trkpt lat="-23.4515" lon="15.7829"/>
      <trkpt lat="-23.4518" lon="15.7834"/>
      <trkpt lat="-23.452" lon="15.7838"/>
      <trkpt lat="-23.4521" lon="15.784"/>
      <trkpt lat="-23.4521" lon="15.7843"/>
      <trkpt lat="-23.4522" lon="15.7846"/>
      <trkpt lat="-23.4522" lon="15.7849"/>
      <trkpt lat="-23.4522" lon="15.7853"/>
      <trkpt lat="-23.4521" lon="15.7857"/>
      <trkpt lat="-23.452" lon="15.7862"/>
      <trkpt lat="-23.4519" lon="15.7867"/>
      <trkpt lat="-23.451" lon="15.79"/>
      <trkpt lat="-23.4503" lon="15.7928"/>
      <trkpt lat="-23.4501" lon="15.7934"/>
      <trkpt lat="-23.4499" lon="15.7941"/>
      <trkpt lat="-23.4497" lon="15.7947"/>
      <trkpt lat="-23.4495" lon="15.7952"/>
      <trkpt lat="-23.4493" lon="15.7958"/>
      <trkpt lat="-23.4491" lon="15.7962"/>
      <trkpt lat="-23.4487" lon="15.7969"/>
      <trkpt lat="-23.4484" lon="15.7974"/>
      <trkpt lat="-23.4482" lon="15.7977"/>
      <trkpt lat="-23.4472" lon="15.7987"/>
      <trkpt lat="-23.4466" lon="15.7994"/>
      <trkpt lat="-23.442" lon="15.8046"/>
      <trkpt lat="-23.4395" lon="15.8073"/>
      <trkpt lat="-23.4394" lon="15.8074"/>
      <trkpt lat="-23.4386" lon="15.8083"/>
      <trkpt lat="-23.4312" lon="15.8166"/>
      <trkpt lat="-23.4296" lon="15.8184"/>
      <trkpt lat="-23.4279" lon="15.8202"/>
      <trkpt lat="-23.4242" lon="15.8239"/>
      <trkpt lat="-23.4237" lon="15.8244"/>
      <trkpt lat="-23.4235" lon="15.8245"/>
      <trkpt lat="-23.4233" lon="15.8247"/>
      <trkpt lat="-23.4229" lon="15.825"/>
      <trkpt lat="-23.4223" lon="15.8253"/>
      <trkpt lat="-23.4217" lon="15.8256"/>
      <trkpt lat="-23.4213" lon="15.8259"/>
      <trkpt lat="-23.4209" lon="15.8262"/>
      <trkpt lat="-23.4206" lon="15.8264"/>
      <trkpt lat="-23.4204" lon="15.8266"/>
      <trkpt lat="-23.42" lon="15.827"/>
      <trkpt lat="-23.4194" lon="15.8277"/>
      <trkpt lat="-23.4187" lon="15.8288"/>
      <trkpt lat="-23.4154" lon="15.8336"/>
      <trkpt lat="-23.4149" lon="15.8344"/>
      <trkpt lat="-23.4145" lon="15.8349"/>
      <trkpt lat="-23.4142" lon="15.8353"/>
      <trkpt lat="-23.414" lon="15.8355"/>
      <trkpt lat="-23.4137" lon="15.8357"/>
      <trkpt lat="-23.4135" lon="15.8358"/>
      <trkpt lat="-23.413" lon="15.836"/>
      <trkpt lat="-23.4115" lon="15.8367"/>
      <trkpt lat="-23.4108" lon="15.8369"/>
      <trkpt lat="-23.4058" lon="15.8391"/>
      <trkpt lat="-23.4039" lon="15.84"/>
      <trkpt lat="-23.4033" lon="15.8403"/>
      <trkpt lat="-23.3992" lon="15.8421"/>
      <trkpt lat="-23.3988" lon="15.8423"/>
      <trkpt lat="-23.3954" lon="15.8437"/>
      <trkpt lat="-23.3885" lon="15.8467"/>
      <trkpt lat="-23.3816" lon="15.8498"/>
      <trkpt lat="-23.3803" lon="15.8504"/>
      <trkpt lat="-23.3797" lon="15.8507"/>
      <trkpt lat="-23.3795" lon="15.8508"/>
      <trkpt lat="-23.378" lon="15.8514"/>
      <trkpt lat="-23.3776" lon="15.8515"/>
      <trkpt lat="-23.3769" lon="15.8517"/>
      <trkpt lat="-23.3708" lon="15.8532"/>
      <trkpt lat="-23.3627" lon="15.8551"/>
      <trkpt lat="-23.3609" lon="15.8554"/>
      <trkpt lat="-23.3604" lon="15.8555"/>
      <trkpt lat="-23.3596" lon="15.8556"/>
      <trkpt lat="-23.3528" lon="15.8561"/>
      <trkpt lat="-23.3472" lon="15.8565"/>
      <trkpt lat="-23.346" lon="15.8566"/>
      <trkpt lat="-23.3454" lon="15.8567"/>
      <trkpt lat="-23.3449" lon="15.8569"/>
      <trkpt lat="-23.3444" lon="15.857"/>
      <trkpt lat="-23.3425" lon="15.8578"/>
      <trkpt lat="-23.342" lon="15.858"/>
      <trkpt lat="-23.3417" lon="15.858"/>
      <trkpt lat="-23.3412" lon="15.858"/>
      <trkpt lat="-23.3388" lon="15.8578"/>
      <trkpt lat="-23.3377" lon="15.8577"/>
      <trkpt lat="-23.3357" lon="15.8575"/>
      <trkpt lat="-23.3353" lon="15.8575"/>
      <trkpt lat="-23.3349" lon="15.8575"/>
      <trkpt lat="-23.3303" lon="15.8592"/>
      <trkpt lat="-23.3246" lon="15.8612"/>
      <trkpt lat="-23.3224" lon="15.862"/>
      <trkpt lat="-23.3221" lon="15.8621"/>
      <trkpt lat="-23.3218" lon="15.8621"/>
      <trkpt lat="-23.3189" lon="15.8624"/>
      <trkpt lat="-23.3184" lon="15.8624"/>
      <trkpt lat="-23.318" lon="15.8623"/>
      <trkpt lat="-23.3175" lon="15.8621"/>
      <trkpt lat="-23.3172" lon="15.862"/>
      <trkpt lat="-23.3169" lon="15.8617"/>
      <trkpt lat="-23.3165" lon="15.8612"/>
      <trkpt lat="-23.3162" lon="15.8606"/>
      <trkpt lat="-23.3159" lon="15.8597"/>
      <trkpt lat="-23.3158" lon="15.8594"/>
      <trkpt lat="-23.3156" lon="15.8592"/>
      <trkpt lat="-23.3153" lon="15.859"/>
      <trkpt lat="-23.3151" lon="15.8588"/>
      <trkpt lat="-23.3149" lon="15.8585"/>
      <trkpt lat="-23.3147" lon="15.858"/>
      <trkpt lat="-23.3146" lon="15.8578"/>
      <trkpt lat="-23.3145" lon="15.8577"/>
      <trkpt lat="-23.3144" lon="15.8575"/>
      <trkpt lat="-23.3123" lon="15.8561"/>
      <trkpt lat="-23.3122" lon="15.856"/>
      <trkpt lat="-23.312" lon="15.856"/>
      <trkpt lat="-23.3111" lon="15.8558"/>
      <trkpt lat="-23.311" lon="15.8557"/>
      <trkpt lat="-23.3108" lon="15.8556"/>
      <trkpt lat="-23.3103" lon="15.855"/>
      <trkpt lat="-23.3101" lon="15.8549"/>
      <trkpt lat="-23.3098" lon="15.8548"/>
      <trkpt lat="-23.3096" lon="15.8548"/>
      <trkpt lat="-23.3086" lon="15.8545"/>
      <trkpt lat="-23.3084" lon="15.8543"/>
      <trkpt lat="-23.3082" lon="15.8541"/>
      <trkpt lat="-23.3081" lon="15.8539"/>
      <trkpt lat="-23.3076" lon="15.8529"/>
      <trkpt lat="-23.3075" lon="15.8526"/>
      <trkpt lat="-23.3072" lon="15.8522"/>
      <trkpt lat="-23.3068" lon="15.8517"/>
      <trkpt lat="-23.3066" lon="15.8515"/>
      <trkpt lat="-23.3065" lon="15.8514"/>
      <trkpt lat="-23.3064" lon="15.8513"/>
      <trkpt lat="-23.3063" lon="15.8512"/>
      <trkpt lat="-23.3062" lon="15.8512"/>
      <trkpt lat="-23.3061" lon="15.8511"/>
      <trkpt lat="-23.306" lon="15.8511"/>
      <trkpt lat="-23.3058" lon="15.8511"/>
      <trkpt lat="-23.3048" lon="15.851"/>
      <trkpt lat="-23.3047" lon="15.851"/>
      <trkpt lat="-23.3045" lon="15.851"/>
      <trkpt lat="-23.3044" lon="15.851"/>
      <trkpt lat="-23.3043" lon="15.8509"/>
      <trkpt lat="-23.3042" lon="15.8509"/>
      <trkpt lat="-23.3041" lon="15.8508"/>
      <trkpt lat="-23.3037" lon="15.8505"/>
      <trkpt lat="-23.3034" lon="15.8502"/>
      <trkpt lat="-23.3033" lon="15.8501"/>
      <trkpt lat="-23.3032" lon="15.8501"/>
      <trkpt lat="-23.3031" lon="15.85"/>
      <trkpt lat="-23.3029" lon="15.85"/>
      <trkpt lat="-23.3027" lon="15.8499"/>
      <trkpt lat="-23.3" lon="15.8497"/>
      <trkpt lat="-23.2996" lon="15.8496"/>
      <trkpt lat="-23.2993" lon="15.8495"/>
      <trkpt lat="-23.2991" lon="15.8494"/>
      <trkpt lat="-23.2987" lon="15.8492"/>
      <trkpt lat="-23.2983" lon="15.8489"/>
      <trkpt lat="-23.2979" lon="15.8487"/>
      <trkpt lat="-23.2976" lon="15.8484"/>
      <trkpt lat="-23.2974" lon="15.8482"/>
      <trkpt lat="-23.2972" lon="15.8479"/>
      <trkpt lat="-23.2971" lon="15.8477"/>
      <trkpt lat="-23.297" lon="15.8475"/>
      <trkpt lat="-23.2968" lon="15.8468"/>
      <trkpt lat="-23.2967" lon="15.8466"/>
      <trkpt lat="-23.2966" lon="15.8464"/>
      <trkpt lat="-23.2964" lon="15.8461"/>
      <trkpt lat="-23.2962" lon="15.8459"/>
      <trkpt lat="-23.2955" lon="15.845"/>
      <trkpt lat="-23.2954" lon="15.8447"/>
      <trkpt lat="-23.2953" lon="15.8445"/>
      <trkpt lat="-23.2952" lon="15.8442"/>
      <trkpt lat="-23.295" lon="15.8431"/>
      <trkpt lat="-23.2949" lon="15.8429"/>
      <trkpt lat="-23.2948" lon="15.8426"/>
      <trkpt lat="-23.2947" lon="15.8424"/>
      <trkpt lat="-23.2938" lon="15.841"/>
      <trkpt lat="-23.2935" lon="15.8406"/>
      <trkpt lat="-23.2928" lon="15.8397"/>
      <trkpt lat="-23.2909" lon="15.8374"/>
      <trkpt lat="-23.2896" lon="15.8358"/>
      <trkpt lat="-23.2893" lon="15.8353"/>
      <trkpt lat="-23.289" lon="15.8348"/>
      <trkpt lat="-23.2888" lon="15.8344"/>
      <trkpt lat="-23.2887" lon="15.834"/>
      <trkpt lat="-23.2885" lon="15.8333"/>
      <trkpt lat="-23.288" lon="15.8308"/>
      <trkpt lat="-23.288" lon="15.8305"/>
      <trkpt lat="-23.2881" lon="15.83"/>
      <trkpt lat="-23.2881" lon="15.8296"/>
      <trkpt lat="-23.2883" lon="15.8292"/>
      <trkpt lat="-23.2885" lon="15.8286"/>
      <trkpt lat="-23.29" lon="15.8261"/>
      <trkpt lat="-23.2912" lon="15.8242"/>
      <trkpt lat="-23.2922" lon="15.8229"/>
      <trkpt lat="-23.2928" lon="15.822"/>
      <trkpt lat="-23.2953" lon="15.8171"/>
      <trkpt lat="-23.2955" lon="15.8166"/>
      <trkpt lat="-23.2955" lon="15.8161"/>
      <trkpt lat="-23.2955" lon="15.8157"/>
      <trkpt lat="-23.2955" lon="15.8153"/>
      <trkpt lat="-23.2951" lon="15.8145"/>
      <trkpt lat="-23.2948" lon="15.8138"/>
      <trkpt lat="-23.2945" lon="15.8131"/>
      <trkpt lat="-23.2944" lon="15.8127"/>
      <trkpt lat="-23.2944" lon="15.8125"/>
      <trkpt lat="-23.2944" lon="15.8122"/>
      <trkpt lat="-23.2944" lon="15.812"/>
      <trkpt lat="-23.2944" lon="15.8118"/>
      <trkpt lat="-23.2944" lon="15.8117"/>
      <trkpt lat="-23.2945" lon="15.8115"/>
      <trkpt lat="-23.2946" lon="15.8113"/>
      <trkpt lat="-23.2946" lon="15.8112"/>
      <trkpt lat="-23.2947" lon="15.811"/>
      <trkpt lat="-23.2949" lon="15.8108"/>
      <trkpt lat="-23.2953" lon="15.8103"/>
      <trkpt lat="-23.2967" lon="15.8088"/>
      <trkpt lat="-23.2986" lon="15.8069"/>
      <trkpt lat="-23.299" lon="15.8064"/>
      <trkpt lat="-23.2991" lon="15.8062"/>
      <trkpt lat="-23.2992" lon="15.806"/>
      <trkpt lat="-23.2994" lon="15.8056"/>
      <trkpt lat="-23.3" lon="15.8037"/>
      <trkpt lat="-23.3002" lon="15.8032"/>
      <trkpt lat="-23.3003" lon="15.8029"/>
      <trkpt lat="-23.3006" lon="15.8025"/>
      <trkpt lat="-23.3017" lon="15.8012"/>
      <trkpt lat="-23.3018" lon="15.8011"/>
      <trkpt lat="-23.3019" lon="15.8009"/>
      <trkpt lat="-23.302" lon="15.8008"/>
      <trkpt lat="-23.302" lon="15.8006"/>
      <trkpt lat="-23.3021" lon="15.8004"/>
      <trkpt lat="-23.3022" lon="15.8"/>
      <trkpt lat="-23.3023" lon="15.7993"/>
      <trkpt lat="-23.3023" lon="15.7988"/>
      <trkpt lat="-23.3024" lon="15.7985"/>
      <trkpt lat="-23.3024" lon="15.7983"/>
      <trkpt lat="-23.3025" lon="15.798"/>
      <trkpt lat="-23.3026" lon="15.7979"/>
      <trkpt lat="-23.3027" lon="15.7977"/>
      <trkpt lat="-23.303" lon="15.7974"/>
      <trkpt lat="-23.3031" lon="15.7971"/>
      <trkpt lat="-23.3032" lon="15.7968"/>
      <trkpt lat="-23.3032" lon="15.7966"/>
      <trkpt lat="-23.3032" lon="15.7963"/>
      <trkpt lat="-23.3032" lon="15.7961"/>
      <trkpt lat="-23.3031" lon="15.7959"/>
      <trkpt lat="-23.303" lon="15.7957"/>
      <trkpt lat="-23.3029" lon="15.7955"/>
      <trkpt lat="-23.3027" lon="15.7953"/>
      <trkpt lat="-23.3023" lon="15.7949"/>
      <trkpt lat="-23.3022" lon="15.7947"/>
      <trkpt lat="-23.3021" lon="15.7946"/>
      <trkpt lat="-23.302" lon="15.7944"/>
      <trkpt lat="-23.302" lon="15.794"/>
      <trkpt lat="-23.3019" lon="15.7935"/>
      <trkpt lat="-23.3019" lon="15.7929"/>
      <trkpt lat="-23.3019" lon="15.7927"/>
      <trkpt lat="-23.3019" lon="15.7925"/>
      <trkpt lat="-23.3019" lon="15.7922"/>
      <trkpt lat="-23.3021" lon="15.7916"/>
      <trkpt lat="-23.3024" lon="15.7901"/>
      <trkpt lat="-23.3025" lon="15.7897"/>
      <trkpt lat="-23.3025" lon="15.7896"/>
      <trkpt lat="-23.3025" lon="15.7894"/>
      <trkpt lat="-23.3025" lon="15.7892"/>
      <trkpt lat="-23.3025" lon="15.789"/>
      <trkpt lat="-23.3024" lon="15.7888"/>
      <trkpt lat="-23.3023" lon="15.7887"/>
      <trkpt lat="-23.3022" lon="15.7887"/>
      <trkpt lat="-23.3021" lon="15.7886"/>
      <trkpt lat="-23.3019" lon="15.7885"/>
      <trkpt lat="-23.3016" lon="15.7884"/>
      <trkpt lat="-23.3015" lon="15.7883"/>
      <trkpt lat="-23.3014" lon="15.7882"/>
      <trkpt lat="-23.3014" lon="15.7881"/>
      <trkpt lat="-23.3013" lon="15.7879"/>
      <trkpt lat="-23.3013" lon="15.7876"/>
      <trkpt lat="-23.3013" lon="15.7874"/>
      <trkpt lat="-23.3013" lon="15.7873"/>
      <trkpt lat="-23.3014" lon="15.7872"/>
      <trkpt lat="-23.3014" lon="15.7871"/>
      <trkpt lat="-23.3017" lon="15.7868"/>
      <trkpt lat="-23.3018" lon="15.7867"/>
      <trkpt lat="-23.3018" lon="15.7865"/>
      <trkpt lat="-23.3018" lon="15.7864"/>
      <trkpt lat="-23.3018" lon="15.7861"/>
      <trkpt lat="-23.3017" lon="15.7859"/>
      <trkpt lat="-23.3016" lon="15.7856"/>
      <trkpt lat="-23.3016" lon="15.7854"/>
      <trkpt lat="-23.3017" lon="15.7853"/>
      <trkpt lat="-23.3018" lon="15.7847"/>
      <trkpt lat="-23.3018" lon="15.7844"/>
      <trkpt lat="-23.3018" lon="15.7841"/>
      <trkpt lat="-23.3018" lon="15.7839"/>
      <trkpt lat="-23.3016" lon="15.7835"/>
      <trkpt lat="-23.3016" lon="15.7832"/>
      <trkpt lat="-23.3016" lon="15.7829"/>
      <trkpt lat="-23.3016" lon="15.7826"/>
      <trkpt lat="-23.3017" lon="15.7822"/>
      <trkpt lat="-23.3018" lon="15.782"/>
      <trkpt lat="-23.3021" lon="15.7814"/>
      <trkpt lat="-23.3023" lon="15.7807"/>
      <trkpt lat="-23.3024" lon="15.7804"/>
      <trkpt lat="-23.3025" lon="15.7801"/>
      <trkpt lat="-23.3025" lon="15.7798"/>
      <trkpt lat="-23.3024" lon="15.7795"/>
      <trkpt lat="-23.3024" lon="15.7791"/>
      <trkpt lat="-23.3024" lon="15.779"/>
      <trkpt lat="-23.3024" lon="15.7787"/>
      <trkpt lat="-23.3025" lon="15.7786"/>
      <trkpt lat="-23.3025" lon="15.7784"/>
      <trkpt lat="-23.3025" lon="15.7783"/>
      <trkpt lat="-23.3025" lon="15.7782"/>
      <trkpt lat="-23.3025" lon="15.778"/>
      <trkpt lat="-23.3025" lon="15.7779"/>
      <trkpt lat="-23.3026" lon="15.7778"/>
      <trkpt lat="-23.3027" lon="15.7775"/>
      <trkpt lat="-23.3027" lon="15.7773"/>
      <trkpt lat="-23.3027" lon="15.7771"/>
      <trkpt lat="-23.3027" lon="15.777"/>
      <trkpt lat="-23.3027" lon="15.7769"/>
      <trkpt lat="-23.3026" lon="15.7768"/>
      <trkpt lat="-23.3025" lon="15.7767"/>
      <trkpt lat="-23.3024" lon="15.7767"/>
      <trkpt lat="-23.3023" lon="15.7766"/>
      <trkpt lat="-23.3022" lon="15.7766"/>
      <trkpt lat="-23.3018" lon="15.7766"/>
      <trkpt lat="-23.3016" lon="15.7767"/>
      <trkpt lat="-23.3015" lon="15.7766"/>
      <trkpt lat="-23.3014" lon="15.7766"/>
      <trkpt lat="-23.3014" lon="15.7765"/>
      <trkpt lat="-23.3013" lon="15.7764"/>
      <trkpt lat="-23.3012" lon="15.7763"/>
      <trkpt lat="-23.3012" lon="15.7762"/>
      <trkpt lat="-23.3013" lon="15.776"/>
      <trkpt lat="-23.3013" lon="15.776"/>
      <trkpt lat="-23.3019" lon="15.7756"/>
      <trkpt lat="-23.302" lon="15.7755"/>
      <trkpt lat="-23.3021" lon="15.7754"/>
      <trkpt lat="-23.303" lon="15.7744"/>
      <trkpt lat="-23.3031" lon="15.7743"/>
      <trkpt lat="-23.3031" lon="15.7742"/>
      <trkpt lat="-23.3032" lon="15.7741"/>
      <trkpt lat="-23.3032" lon="15.7739"/>
      <trkpt lat="-23.3033" lon="15.7738"/>
      <trkpt lat="-23.3033" lon="15.7736"/>
      <trkpt lat="-23.3034" lon="15.7736"/>
      <trkpt lat="-23.3038" lon="15.7733"/>
      <trkpt lat="-23.3039" lon="15.7732"/>
      <trkpt lat="-23.3039" lon="15.7732"/>
      <trkpt lat="-23.304" lon="15.773"/>
      <trkpt lat="-23.304" lon="15.773"/>
      <trkpt lat="-23.304" lon="15.7729"/>
      <trkpt lat="-23.304" lon="15.7727"/>
      <trkpt lat="-23.3041" lon="15.772"/>
      <trkpt lat="-23.3041" lon="15.7717"/>
      <trkpt lat="-23.3041" lon="15.7715"/>
      <trkpt lat="-23.3041" lon="15.7711"/>
      <trkpt lat="-23.3041" lon="15.7702"/>
      <trkpt lat="-23.3041" lon="15.7699"/>
      <trkpt lat="-23.3041" lon="15.7697"/>
      <trkpt lat="-23.3042" lon="15.7694"/>
      <trkpt lat="-23.3043" lon="15.7688"/>
      <trkpt lat="-23.3043" lon="15.7686"/>
      <trkpt lat="-23.3043" lon="15.7683"/>
      <trkpt lat="-23.3043" lon="15.7681"/>
      <trkpt lat="-23.3043" lon="15.7679"/>
      <trkpt lat="-23.3042" lon="15.7676"/>
      <trkpt lat="-23.3042" lon="15.7674"/>
      <trkpt lat="-23.304" lon="15.767"/>
      <trkpt lat="-23.304" lon="15.7669"/>
      <trkpt lat="-23.3032" lon="15.765"/>
      <trkpt lat="-23.303" lon="15.7647"/>
      <trkpt lat="-23.3029" lon="15.7645"/>
      <trkpt lat="-23.3025" lon="15.7639"/>
      <trkpt lat="-23.3022" lon="15.7634"/>
      <trkpt lat="-23.302" lon="15.7632"/>
      <trkpt lat="-23.3017" lon="15.7629"/>
      <trkpt lat="-23.301" lon="15.7623"/>
      <trkpt lat="-23.3008" lon="15.7621"/>
      <trkpt lat="-23.3005" lon="15.7617"/>
      <trkpt lat="-23.3004" lon="15.7612"/>
      <trkpt lat="-23.3002" lon="15.7607"/>
      <trkpt lat="-23.2999" lon="15.7601"/>
      <trkpt lat="-23.2999" lon="15.76"/>
      <trkpt lat="-23.2997" lon="15.7594"/>
      <trkpt lat="-23.2996" lon="15.7593"/>
      <trkpt lat="-23.2996" lon="15.7592"/>
      <trkpt lat="-23.2996" lon="15.7591"/>
      <trkpt lat="-23.2997" lon="15.759"/>
      <trkpt lat="-23.2997" lon="15.7589"/>
      <trkpt lat="-23.2997" lon="15.7588"/>
      <trkpt lat="-23.2998" lon="15.7588"/>
      <trkpt lat="-23.2999" lon="15.7587"/>
      <trkpt lat="-23.3" lon="15.7586"/>
      <trkpt lat="-23.3001" lon="15.7585"/>
      <trkpt lat="-23.3003" lon="15.7585"/>
      <trkpt lat="-23.3005" lon="15.7585"/>
      <trkpt lat="-23.301" lon="15.7586"/>
      <trkpt lat="-23.3012" lon="15.7586"/>
      <trkpt lat="-23.3013" lon="15.7586"/>
      <trkpt lat="-23.3015" lon="15.7585"/>
      <trkpt lat="-23.302" lon="15.7583"/>
      <trkpt lat="-23.3025" lon="15.7581"/>
      <trkpt lat="-23.3027" lon="15.7579"/>
      <trkpt lat="-23.3029" lon="15.7578"/>
      <trkpt lat="-23.303" lon="15.7577"/>
      <trkpt lat="-23.3031" lon="15.7575"/>
      <trkpt lat="-23.3033" lon="15.7571"/>
      <trkpt lat="-23.3035" lon="15.7569"/>
      <trkpt lat="-23.3037" lon="15.7568"/>
      <trkpt lat="-23.3037" lon="15.7567"/>
      <trkpt lat="-23.3039" lon="15.7567"/>
      <trkpt lat="-23.304" lon="15.7567"/>
      <trkpt lat="-23.3042" lon="15.7567"/>
      <trkpt lat="-23.3044" lon="15.7567"/>
      <trkpt lat="-23.3047" lon="15.7566"/>
      <trkpt lat="-23.3048" lon="15.7566"/>
      <trkpt lat="-23.3049" lon="15.7565"/>
      <trkpt lat="-23.3052" lon="15.7563"/>
      <trkpt lat="-23.3054" lon="15.756"/>
      <trkpt lat="-23.3055" lon="15.7558"/>
      <trkpt lat="-23.3056" lon="15.7556"/>
      <trkpt lat="-23.3056" lon="15.7554"/>
      <trkpt lat="-23.3056" lon="15.7552"/>
      <trkpt lat="-23.3056" lon="15.755"/>
      <trkpt lat="-23.3055" lon="15.7547"/>
      <trkpt lat="-23.3055" lon="15.7545"/>
      <trkpt lat="-23.3054" lon="15.7543"/>
      <trkpt lat="-23.3053" lon="15.7541"/>
      <trkpt lat="-23.3052" lon="15.754"/>
      <trkpt lat="-23.3047" lon="15.7536"/>
      <trkpt lat="-23.3046" lon="15.7535"/>
      <trkpt lat="-23.3045" lon="15.7533"/>
      <trkpt lat="-23.3045" lon="15.7531"/>
      <trkpt lat="-23.3044" lon="15.7527"/>
      <trkpt lat="-23.3044" lon="15.7521"/>
      <trkpt lat="-23.3043" lon="15.7519"/>
      <trkpt lat="-23.3043" lon="15.7517"/>
      <trkpt lat="-23.3044" lon="15.7515"/>
      <trkpt lat="-23.3044" lon="15.7513"/>
      <trkpt lat="-23.3046" lon="15.751"/>
      <trkpt lat="-23.3048" lon="15.7505"/>
      <trkpt lat="-23.3052" lon="15.7497"/>
      <trkpt lat="-23.3053" lon="15.7495"/>
      <trkpt lat="-23.3053" lon="15.7494"/>
      <trkpt lat="-23.3053" lon="15.7492"/>
      <trkpt lat="-23.3053" lon="15.749"/>
      <trkpt lat="-23.3052" lon="15.7483"/>
      <trkpt lat="-23.3052" lon="15.7482"/>
      <trkpt lat="-23.3052" lon="15.7481"/>
      <trkpt lat="-23.3053" lon="15.7479"/>
      <trkpt lat="-23.3053" lon="15.7479"/>
      <trkpt lat="-23.3056" lon="15.7476"/>
      <trkpt lat="-23.3056" lon="15.7475"/>
      <trkpt lat="-23.3057" lon="15.7474"/>
      <trkpt lat="-23.3059" lon="15.747"/>
      <trkpt lat="-23.3062" lon="15.7465"/>
      <trkpt lat="-23.3063" lon="15.7463"/>
      <trkpt lat="-23.3069" lon="15.7456"/>
      <trkpt lat="-23.307" lon="15.7455"/>
      <trkpt lat="-23.3073" lon="15.7451"/>
      <trkpt lat="-23.3077" lon="15.7448"/>
      <trkpt lat="-23.3085" lon="15.7441"/>
      <trkpt lat="-23.3092" lon="15.7435"/>
      <trkpt lat="-23.3094" lon="15.7432"/>
      <trkpt lat="-23.3098" lon="15.743"/>
      <trkpt lat="-23.3101" lon="15.7428"/>
      <trkpt lat="-23.3107" lon="15.7424"/>
      <trkpt lat="-23.311" lon="15.7422"/>
      <trkpt lat="-23.3112" lon="15.742"/>
      <trkpt lat="-23.3114" lon="15.7418"/>
      <trkpt lat="-23.3117" lon="15.7414"/>
      <trkpt lat="-23.312" lon="15.7409"/>
      <trkpt lat="-23.3121" lon="15.7408"/>
      <trkpt lat="-23.3121" lon="15.7406"/>
      <trkpt lat="-23.3121" lon="15.7402"/>
      <trkpt lat="-23.3122" lon="15.7399"/>
      <trkpt lat="-23.3122" lon="15.7397"/>
      <trkpt lat="-23.3122" lon="15.7395"/>
      <trkpt lat="-23.3123" lon="15.7394"/>
      <trkpt lat="-23.3125" lon="15.7391"/>
      <trkpt lat="-23.313" lon="15.7387"/>
      <trkpt lat="-23.3133" lon="15.7385"/>
      <trkpt lat="-23.3135" lon="15.7382"/>
      <trkpt lat="-23.3139" lon="15.7378"/>
      <trkpt lat="-23.3141" lon="15.7374"/>
      <trkpt lat="-23.3148" lon="15.7363"/>
      <trkpt lat="-23.3152" lon="15.7359"/>
      <trkpt lat="-23.316" lon="15.735"/>
      <trkpt lat="-23.3165" lon="15.7345"/>
      <trkpt lat="-23.3166" lon="15.7342"/>
      <trkpt lat="-23.3169" lon="15.7338"/>
      <trkpt lat="-23.317" lon="15.7335"/>
      <trkpt lat="-23.3174" lon="15.7326"/>
      <trkpt lat="-23.3176" lon="15.7324"/>
      <trkpt lat="-23.318" lon="15.7317"/>
      <trkpt lat="-23.3184" lon="15.7309"/>
      <trkpt lat="-23.3185" lon="15.7306"/>
      <trkpt lat="-23.3186" lon="15.7304"/>
      <trkpt lat="-23.3189" lon="15.729"/>
      <trkpt lat="-23.3191" lon="15.7284"/>
      <trkpt lat="-23.3194" lon="15.7275"/>
      <trkpt lat="-23.3202" lon="15.7255"/>
      <trkpt lat="-23.3209" lon="15.724"/>
      <trkpt lat="-23.3214" lon="15.723"/>
      <trkpt lat="-23.3237" lon="15.7193"/>
      <trkpt lat="-23.3243" lon="15.7181"/>
      <trkpt lat="-23.3245" lon="15.7176"/>
      <trkpt lat="-23.3247" lon="15.717"/>
      <trkpt lat="-23.325" lon="15.716"/>
      <trkpt lat="-23.3259" lon="15.7116"/>
      <trkpt lat="-23.326" lon="15.7111"/>
      <trkpt lat="-23.3261" lon="15.7107"/>
      <trkpt lat="-23.3261" lon="15.7098"/>
      <trkpt lat="-23.3261" lon="15.709"/>
      <trkpt lat="-23.326" lon="15.7049"/>
      <trkpt lat="-23.3252" lon="15.6795"/>
      <trkpt lat="-23.3252" lon="15.6783"/>
      <trkpt lat="-23.3252" lon="15.6777"/>
      <trkpt lat="-23.3253" lon="15.6769"/>
      <trkpt lat="-23.3255" lon="15.6763"/>
      <trkpt lat="-23.3286" lon="15.6657"/>
      <trkpt lat="-23.3302" lon="15.6606"/>
      <trkpt lat="-23.3311" lon="15.6575"/>
      <trkpt lat="-23.3312" lon="15.6568"/>
      <trkpt lat="-23.3312" lon="15.656"/>
      <trkpt lat="-23.3312" lon="15.6551"/>
      <trkpt lat="-23.3301" lon="15.6478"/>
      <trkpt lat="-23.3299" lon="15.6467"/>
      <trkpt lat="-23.3298" lon="15.6459"/>
      <trkpt lat="-23.3296" lon="15.6453"/>
      <trkpt lat="-23.329" lon="15.6434"/>
      <trkpt lat="-23.3253" lon="15.6321"/>
      <trkpt lat="-23.3249" lon="15.6309"/>
      <trkpt lat="-23.3245" lon="15.6299"/>
      <trkpt lat="-23.324" lon="15.6288"/>
      <trkpt lat="-23.3235" lon="15.6278"/>
      <trkpt lat="-23.3209" lon="15.623"/>
      <trkpt lat="-23.3167" lon="15.6152"/>
      <trkpt lat="-23.3149" lon="15.6117"/>
      <trkpt lat="-23.3146" lon="15.6111"/>
      <trkpt lat="-23.3144" lon="15.6106"/>
      <trkpt lat="-23.3142" lon="15.6099"/>
      <trkpt lat="-23.313" lon="15.6056"/>
      <trkpt lat="-23.3125" lon="15.6039"/>
      <trkpt lat="-23.3121" lon="15.6022"/>
      <trkpt lat="-23.312" lon="15.6017"/>
      <trkpt lat="-23.3119" lon="15.6007"/>
      <trkpt lat="-23.3119" lon="15.5994"/>
      <trkpt lat="-23.3114" lon="15.5812"/>
      <trkpt lat="-23.3112" lon="15.5738"/>
      <trkpt lat="-23.3108" lon="15.5587"/>
      <trkpt lat="-23.3106" lon="15.5528"/>
      <trkpt lat="-23.3106" lon="15.5489"/>
      <trkpt lat="-23.3106" lon="15.5469"/>
      <trkpt lat="-23.3115" lon="15.5205"/>
      <trkpt lat="-23.3118" lon="15.5137"/>
      <trkpt lat="-23.3119" lon="15.5113"/>
      <trkpt lat="-23.3119" lon="15.5108"/>
      <trkpt lat="-23.3119" lon="15.5105"/>
      <trkpt lat="-23.3118" lon="15.5102"/>
      <trkpt lat="-23.3117" lon="15.5098"/>
      <trkpt lat="-23.3114" lon="15.5093"/>
      <trkpt lat="-23.3111" lon="15.5089"/>
      <trkpt lat="-23.3105" lon="15.5082"/>
      <trkpt lat="-23.3103" lon="15.5079"/>
      <trkpt lat="-23.3102" lon="15.5075"/>
      <trkpt lat="-23.3101" lon="15.5071"/>
      <trkpt lat="-23.31" lon="15.5066"/>
      <trkpt lat="-23.3099" lon="15.5061"/>
      <trkpt lat="-23.3097" lon="15.5042"/>
      <trkpt lat="-23.3084" lon="15.4916"/>
      <trkpt lat="-23.3066" lon="15.4752"/>
      <trkpt lat="-23.3064" lon="15.4738"/>
      <trkpt lat="-23.3061" lon="15.4729"/>
      <trkpt lat="-23.3057" lon="15.4719"/>
      <trkpt lat="-23.3051" lon="15.4707"/>
      <trkpt lat="-23.3007" lon="15.4614"/>
      <trkpt lat="-23.2971" lon="15.4539"/>
      <trkpt lat="-23.2967" lon="15.4532"/>
      <trkpt lat="-23.2868" lon="15.4325"/>
      <trkpt lat="-23.286" lon="15.431"/>
      <trkpt lat="-23.2852" lon="15.4295"/>
      <trkpt lat="-23.2804" lon="15.421"/>
      <trkpt lat="-23.2479" lon="15.3631"/>
      <trkpt lat="-23.2159" lon="15.3062"/>
      <trkpt lat="-23.2153" lon="15.3052"/>
      <trkpt lat="-23.2148" lon="15.3043"/>
      <trkpt lat="-23.2141" lon="15.3033"/>
      <trkpt lat="-23.2136" lon="15.3026"/>
      <trkpt lat="-23.2121" lon="15.3007"/>
      <trkpt lat="-23.1877" lon="15.2708"/>
      <trkpt lat="-23.1867" lon="15.2696"/>
      <trkpt lat="-23.1865" lon="15.2693"/>
      <trkpt lat="-23.1863" lon="15.269"/>
      <trkpt lat="-23.1859" lon="15.2684"/>
      <trkpt lat="-23.1857" lon="15.2679"/>
      <trkpt lat="-23.1855" lon="15.2674"/>
      <trkpt lat="-23.185" lon="15.2663"/>
      <trkpt lat="-23.1844" lon="15.2644"/>
      <trkpt lat="-23.1776" lon="15.2458"/>
      <trkpt lat="-23.1772" lon="15.2447"/>
      <trkpt lat="-23.177" lon="15.2442"/>
      <trkpt lat="-23.1767" lon="15.2437"/>
      <trkpt lat="-23.1766" lon="15.2434"/>
      <trkpt lat="-23.1761" lon="15.2428"/>
      <trkpt lat="-23.1745" lon="15.2406"/>
      <trkpt lat="-23.1684" lon="15.232"/>
      <trkpt lat="-23.1646" lon="15.2268"/>
      <trkpt lat="-23.1614" lon="15.2223"/>
      <trkpt lat="-23.1604" lon="15.2208"/>
      <trkpt lat="-23.1599" lon="15.2203"/>
      <trkpt lat="-23.1595" lon="15.2198"/>
      <trkpt lat="-23.1586" lon="15.2187"/>
      <trkpt lat="-23.1577" lon="15.2177"/>
      <trkpt lat="-23.1564" lon="15.2162"/>
      <trkpt lat="-23.1555" lon="15.2153"/>
      <trkpt lat="-23.155" lon="15.2148"/>
      <trkpt lat="-23.1546" lon="15.2143"/>
      <trkpt lat="-23.1543" lon="15.214"/>
      <trkpt lat="-23.1524" lon="15.2123"/>
      <trkpt lat="-23.151" lon="15.2111"/>
      <trkpt lat="-23.1505" lon="15.2107"/>
      <trkpt lat="-23.1502" lon="15.2105"/>
      <trkpt lat="-23.1499" lon="15.2103"/>
      <trkpt lat="-23.1493" lon="15.21"/>
      <trkpt lat="-23.1488" lon="15.2098"/>
      <trkpt lat="-23.1483" lon="15.2097"/>
      <trkpt lat="-23.1461" lon="15.2093"/>
      <trkpt lat="-23.1447" lon="15.2089"/>
      <trkpt lat="-23.1436" lon="15.2086"/>
      <trkpt lat="-23.1426" lon="15.2082"/>
      <trkpt lat="-23.1421" lon="15.2081"/>
      <trkpt lat="-23.1398" lon="15.2072"/>
      <trkpt lat="-23.1393" lon="15.207"/>
      <trkpt lat="-23.139" lon="15.2069"/>
      <trkpt lat="-23.1387" lon="15.2067"/>
      <trkpt lat="-23.1382" lon="15.2064"/>
      <trkpt lat="-23.1376" lon="15.2059"/>
      <trkpt lat="-23.1368" lon="15.2053"/>
      <trkpt lat="-23.1359" lon="15.2044"/>
      <trkpt lat="-23.1343" lon="15.203"/>
      <trkpt lat="-23.1338" lon="15.2025"/>
      <trkpt lat="-23.1334" lon="15.2022"/>
      <trkpt lat="-23.133" lon="15.2016"/>
      <trkpt lat="-23.1327" lon="15.2011"/>
      <trkpt lat="-23.1324" lon="15.2005"/>
      <trkpt lat="-23.1323" lon="15.2"/>
      <trkpt lat="-23.1322" lon="15.1996"/>
      <trkpt lat="-23.132" lon="15.1989"/>
      <trkpt lat="-23.1296" lon="15.1868"/>
      <trkpt lat="-23.1293" lon="15.1857"/>
      <trkpt lat="-23.1291" lon="15.1849"/>
      <trkpt lat="-23.129" lon="15.1843"/>
      <trkpt lat="-23.1287" lon="15.1837"/>
      <trkpt lat="-23.1284" lon="15.183"/>
      <trkpt lat="-23.1279" lon="15.1822"/>
      <trkpt lat="-23.1277" lon="15.1819"/>
      <trkpt lat="-23.1263" lon="15.1802"/>
      <trkpt lat="-23.12" lon="15.1723"/>
      <trkpt lat="-23.1194" lon="15.1715"/>
      <trkpt lat="-23.1189" lon="15.1709"/>
      <trkpt lat="-23.1184" lon="15.1701"/>
      <trkpt lat="-23.1182" lon="15.1698"/>
      <trkpt lat="-23.118" lon="15.1694"/>
      <trkpt lat="-23.1179" lon="15.1691"/>
      <trkpt lat="-23.1148" lon="15.163"/>
      <trkpt lat="-23.1141" lon="15.1616"/>
      <trkpt lat="-23.1138" lon="15.161"/>
      <trkpt lat="-23.1119" lon="15.1572"/>
      <trkpt lat="-23.1099" lon="15.1533"/>
      <trkpt lat="-23.109" lon="15.1512"/>
      <trkpt lat="-23.1087" lon="15.1505"/>
      <trkpt lat="-23.1083" lon="15.1496"/>
      <trkpt lat="-23.1001" lon="15.128"/>
      <trkpt lat="-23.0984" lon="15.1236"/>
      <trkpt lat="-23.0935" lon="15.1106"/>
      <trkpt lat="-23.0802" lon="15.0758"/>
      <trkpt lat="-23.0697" lon="15.0484"/>
      <trkpt lat="-23.0536" lon="15.0061"/>
      <trkpt lat="-23.0525" lon="15.0032"/>
      <trkpt lat="-23.0523" lon="15.0027"/>
      <trkpt lat="-23.0521" lon="15.0022"/>
      <trkpt lat="-23.0519" lon="15.0014"/>
      <trkpt lat="-23.0517" lon="15.001"/>
      <trkpt lat="-23.0517" lon="15.0006"/>
      <trkpt lat="-23.0516" lon="15.0001"/>
      <trkpt lat="-23.0515" lon="14.9995"/>
      <trkpt lat="-23.0515" lon="14.9989"/>
      <trkpt lat="-23.0515" lon="14.9968"/>
      <trkpt lat="-23.0517" lon="14.99"/>
      <trkpt lat="-23.0518" lon="14.9871"/>
      <trkpt lat="-23.0518" lon="14.9861"/>
      <trkpt lat="-23.0517" lon="14.9854"/>
      <trkpt lat="-23.0517" lon="14.9848"/>
      <trkpt lat="-23.0516" lon="14.9844"/>
      <trkpt lat="-23.0515" lon="14.9837"/>
      <trkpt lat="-23.0511" lon="14.9826"/>
      <trkpt lat="-23.0509" lon="14.9819"/>
      <trkpt lat="-23.0506" lon="14.9812"/>
      <trkpt lat="-23.049" lon="14.978"/>
      <trkpt lat="-23.045" lon="14.9694"/>
      <trkpt lat="-23.0431" lon="14.9656"/>
      <trkpt lat="-23.0404" lon="14.9597"/>
      <trkpt lat="-23.0295" lon="14.9366"/>
      <trkpt lat="-23.0265" lon="14.9303"/>
      <trkpt lat="-23.0249" lon="14.9271"/>
      <trkpt lat="-23.0233" lon="14.9236"/>
      <trkpt lat="-23.0229" lon="14.9228"/>
      <trkpt lat="-23.0225" lon="14.9218"/>
      <trkpt lat="-23.0222" lon="14.9209"/>
      <trkpt lat="-23.0218" lon="14.9198"/>
      <trkpt lat="-23.0194" lon="14.9128"/>
      <trkpt lat="-23.0175" lon="14.9071"/>
      <trkpt lat="-23.0136" lon="14.8954"/>
      <trkpt lat="-23.0131" lon="14.8939"/>
      <trkpt lat="-23.0128" lon="14.8928"/>
      <trkpt lat="-23.0128" lon="14.8921"/>
      <trkpt lat="-23.0128" lon="14.8915"/>
      <trkpt lat="-23.0128" lon="14.8907"/>
      <trkpt lat="-23.0129" lon="14.8895"/>
      <trkpt lat="-23.013" lon="14.8889"/>
      <trkpt lat="-23.013" lon="14.8884"/>
      <trkpt lat="-23.0169" lon="14.8653"/>
      <trkpt lat="-23.0173" lon="14.8634"/>
      <trkpt lat="-23.0176" lon="14.8617"/>
      <trkpt lat="-23.018" lon="14.86"/>
      <trkpt lat="-23.0211" lon="14.8475"/>
      <trkpt lat="-23.0243" lon="14.8342"/>
      <trkpt lat="-23.0246" lon="14.8332"/>
      <trkpt lat="-23.0247" lon="14.8327"/>
      <trkpt lat="-23.0248" lon="14.8321"/>
      <trkpt lat="-23.0249" lon="14.8314"/>
      <trkpt lat="-23.025" lon="14.8307"/>
      <trkpt lat="-23.025" lon="14.8299"/>
      <trkpt lat="-23.0249" lon="14.8291"/>
      <trkpt lat="-23.0248" lon="14.8276"/>
      <trkpt lat="-23.0245" lon="14.8228"/>
      <trkpt lat="-23.0245" lon="14.8221"/>
      <trkpt lat="-23.0244" lon="14.8214"/>
      <trkpt lat="-23.0243" lon="14.8205"/>
      <trkpt lat="-23.0241" lon="14.819"/>
      <trkpt lat="-23.0228" lon="14.8116"/>
      <trkpt lat="-23.0186" lon="14.7867"/>
      <trkpt lat="-23.0149" lon="14.7648"/>
      <trkpt lat="-23.0129" lon="14.7528"/>
      <trkpt lat="-23.012" lon="14.7474"/>
      <trkpt lat="-23.0111" lon="14.7415"/>
      <trkpt lat="-23.0107" lon="14.7387"/>
      <trkpt lat="-23.0093" lon="14.7289"/>
      <trkpt lat="-23.0083" lon="14.7216"/>
      <trkpt lat="-23.0077" lon="14.7174"/>
      <trkpt lat="-23.0045" lon="14.6952"/>
      <trkpt lat="-23.0039" lon="14.6908"/>
      <trkpt lat="-22.9997" lon="14.6614"/>
      <trkpt lat="-22.9988" lon="14.6554"/>
      <trkpt lat="-22.9985" lon="14.6534"/>
      <trkpt lat="-22.9985" lon="14.653"/>
      <trkpt lat="-22.9984" lon="14.6523"/>
      <trkpt lat="-22.9982" lon="14.6514"/>
      <trkpt lat="-22.9981" lon="14.6509"/>
      <trkpt lat="-22.9981" lon="14.6506"/>
      <trkpt lat="-22.998" lon="14.6503"/>
      <trkpt lat="-22.9978" lon="14.6496"/>
      <trkpt lat="-22.9978" lon="14.6494"/>
      <trkpt lat="-22.9975" lon="14.6482"/>
      <trkpt lat="-22.9974" lon="14.6481"/>
      <trkpt lat="-22.9974" lon="14.648"/>
      <trkpt lat="-22.9968" lon="14.6459"/>
      <trkpt lat="-22.9959" lon="14.6425"/>
      <trkpt lat="-22.9955" lon="14.6413"/>
      <trkpt lat="-22.9942" lon="14.6362"/>
      <trkpt lat="-22.9938" lon="14.6349"/>
      <trkpt lat="-22.9923" lon="14.6294"/>
      <trkpt lat="-22.9916" lon="14.6268"/>
      <trkpt lat="-22.9915" lon="14.6267"/>
      <trkpt lat="-22.9915" lon="14.6266"/>
      <trkpt lat="-22.99" lon="14.6209"/>
      <trkpt lat="-22.9898" lon="14.6203"/>
      <trkpt lat="-22.9874" lon="14.6121"/>
      <trkpt lat="-22.9873" lon="14.6116"/>
      <trkpt lat="-22.9873" lon="14.6111"/>
      <trkpt lat="-22.9872" lon="14.6106"/>
      <trkpt lat="-22.9864" lon="14.6074"/>
      <trkpt lat="-22.9861" lon="14.6065"/>
      <trkpt lat="-22.986" lon="14.6061"/>
      <trkpt lat="-22.9842" lon="14.5993"/>
      <trkpt lat="-22.9831" lon="14.5953"/>
      <trkpt lat="-22.9824" lon="14.5927"/>
      <trkpt lat="-22.9821" lon="14.5916"/>
      <trkpt lat="-22.9816" lon="14.5906"/>
      <trkpt lat="-22.9794" lon="14.5823"/>
      <trkpt lat="-22.9793" lon="14.5821"/>
      <trkpt lat="-22.9788" lon="14.5801"/>
      <trkpt lat="-22.9781" lon="14.5772"/>
      <trkpt lat="-22.9764" lon="14.5697"/>
      <trkpt lat="-22.9754" lon="14.5661"/>
      <trkpt lat="-22.975" lon="14.5641"/>
      <trkpt lat="-22.9745" lon="14.5626"/>
      <trkpt lat="-22.9733" lon="14.5594"/>
      <trkpt lat="-22.9714" lon="14.5545"/>
      <trkpt lat="-22.9696" lon="14.5497"/>
      <trkpt lat="-22.969" lon="14.5482"/>
      <trkpt lat="-22.9685" lon="14.5469"/>
      <trkpt lat="-22.9664" lon="14.5414"/>
      <trkpt lat="-22.9652" lon="14.5381"/>
      <trkpt lat="-22.9633" lon="14.5331"/>
      <trkpt lat="-22.9631" lon="14.5327"/>
      <trkpt lat="-22.9614" lon="14.5283"/>
      <trkpt lat="-22.9612" lon="14.5278"/>
      <trkpt lat="-22.9611" lon="14.5274"/>
      <trkpt lat="-22.9608" lon="14.5268"/>
      <trkpt lat="-22.9605" lon="14.5263"/>
      <trkpt lat="-22.9604" lon="14.526"/>
      <trkpt lat="-22.9601" lon="14.5256"/>
      <trkpt lat="-22.9598" lon="14.5251"/>
      <trkpt lat="-22.9595" lon="14.5247"/>
      <trkpt lat="-22.9592" lon="14.5243"/>
      <trkpt lat="-22.959" lon="14.524"/>
      <trkpt lat="-22.9587" lon="14.5238"/>
      <trkpt lat="-22.9586" lon="14.5236"/>
      <trkpt lat="-22.9585" lon="14.5235"/>
      <trkpt lat="-22.9583" lon="14.5233"/>
      <trkpt lat="-22.958" lon="14.523"/>
      <trkpt lat="-22.9575" lon="14.5225"/>
      <trkpt lat="-22.9575" lon="14.5225"/>
      <trkpt lat="-22.9565" lon="14.5216"/>
      <trkpt lat="-22.9564" lon="14.5214"/>
      <trkpt lat="-22.9562" lon="14.5212"/>
      <trkpt lat="-22.9561" lon="14.521"/>
      <trkpt lat="-22.9561" lon="14.5209"/>
      <trkpt lat="-22.956" lon="14.5207"/>
      <trkpt lat="-22.956" lon="14.5204"/>
      <trkpt lat="-22.956" lon="14.5202"/>
      <trkpt lat="-22.9561" lon="14.5196"/>
      <trkpt lat="-22.9562" lon="14.5193"/>
      <trkpt lat="-22.9562" lon="14.5191"/>
      <trkpt lat="-22.9565" lon="14.5188"/>
      <trkpt lat="-22.9579" lon="14.5166"/>
      <trkpt lat="-22.9593" lon="14.5144"/>
      <trkpt lat="-22.9598" lon="14.5136"/>
      <trkpt lat="-22.9603" lon="14.5129"/>
      <trkpt lat="-22.9609" lon="14.5119"/>
      <trkpt lat="-22.961" lon="14.5118"/>
      <trkpt lat="-22.9609" lon="14.5118"/>
      <trkpt lat="-22.9605" lon="14.5114"/>
      <trkpt lat="-22.9597" lon="14.5106"/>
      <trkpt lat="-22.9589" lon="14.5098"/>
      <trkpt lat="-22.9578" lon="14.5088"/>
      <trkpt lat="-22.9567" lon="14.5078"/>
      <trkpt lat="-22.9562" lon="14.5074"/>
      <trkpt lat="-22.956" lon="14.5072"/>
      <trkpt lat="-22.9559" lon="14.5071"/>
      <trkpt lat="-22.9559" lon="14.5071"/>
      <trkpt lat="-22.9558" lon="14.507"/>
      <trkpt lat="-22.9551" lon="14.5063"/>
      <trkpt lat="-22.955" lon="14.5063"/>
      <trkpt lat="-22.955" lon="14.5063"/>
      <trkpt lat="-22.955" lon="14.5064"/>
      <trkpt lat="-22.9557" lon="14.507"/>
      <trkpt lat="-22.9558" lon="14.5071"/>
    </trkseg>
  </trk>
  <trk>
    <name>D6 · Cape Cross → Terrace Bay</name>
    <desc>6 nov · 412 km · ~5.1 h</desc>
    <trkseg>
      <trkpt lat="-22.9558" lon="14.5071"/>
      <trkpt lat="-22.9558" lon="14.5071"/>
      <trkpt lat="-22.9559" lon="14.5072"/>
      <trkpt lat="-22.9567" lon="14.5079"/>
      <trkpt lat="-22.9578" lon="14.5089"/>
      <trkpt lat="-22.9588" lon="14.5099"/>
      <trkpt lat="-22.9597" lon="14.5107"/>
      <trkpt lat="-22.9605" lon="14.5115"/>
      <trkpt lat="-22.9606" lon="14.5116"/>
      <trkpt lat="-22.9606" lon="14.5117"/>
      <trkpt lat="-22.9606" lon="14.5119"/>
      <trkpt lat="-22.9606" lon="14.5119"/>
      <trkpt lat="-22.9606" lon="14.5121"/>
      <trkpt lat="-22.9605" lon="14.5123"/>
      <trkpt lat="-22.9601" lon="14.5128"/>
      <trkpt lat="-22.9596" lon="14.5135"/>
      <trkpt lat="-22.9592" lon="14.5142"/>
      <trkpt lat="-22.9577" lon="14.5165"/>
      <trkpt lat="-22.9563" lon="14.5186"/>
      <trkpt lat="-22.9561" lon="14.5188"/>
      <trkpt lat="-22.9559" lon="14.519"/>
      <trkpt lat="-22.9557" lon="14.5191"/>
      <trkpt lat="-22.9555" lon="14.5192"/>
      <trkpt lat="-22.9552" lon="14.5193"/>
      <trkpt lat="-22.955" lon="14.5194"/>
      <trkpt lat="-22.9547" lon="14.5196"/>
      <trkpt lat="-22.9546" lon="14.5197"/>
      <trkpt lat="-22.9545" lon="14.5198"/>
      <trkpt lat="-22.9543" lon="14.5201"/>
      <trkpt lat="-22.9542" lon="14.5203"/>
      <trkpt lat="-22.9542" lon="14.5204"/>
      <trkpt lat="-22.9541" lon="14.5207"/>
      <trkpt lat="-22.9539" lon="14.5214"/>
      <trkpt lat="-22.9537" lon="14.5217"/>
      <trkpt lat="-22.9536" lon="14.5219"/>
      <trkpt lat="-22.9535" lon="14.5221"/>
      <trkpt lat="-22.9512" lon="14.5247"/>
      <trkpt lat="-22.951" lon="14.5249"/>
      <trkpt lat="-22.9501" lon="14.5259"/>
      <trkpt lat="-22.9498" lon="14.5263"/>
      <trkpt lat="-22.9497" lon="14.5264"/>
      <trkpt lat="-22.9493" lon="14.5268"/>
      <trkpt lat="-22.949" lon="14.5272"/>
      <trkpt lat="-22.9481" lon="14.5281"/>
      <trkpt lat="-22.948" lon="14.5282"/>
      <trkpt lat="-22.9479" lon="14.5282"/>
      <trkpt lat="-22.9479" lon="14.5282"/>
      <trkpt lat="-22.9478" lon="14.5283"/>
      <trkpt lat="-22.9478" lon="14.5283"/>
      <trkpt lat="-22.9419" lon="14.5344"/>
      <trkpt lat="-22.9389" lon="14.5375"/>
      <trkpt lat="-22.9381" lon="14.5383"/>
      <trkpt lat="-22.936" lon="14.5405"/>
      <trkpt lat="-22.9355" lon="14.5409"/>
      <trkpt lat="-22.9351" lon="14.5413"/>
      <trkpt lat="-22.9349" lon="14.5414"/>
      <trkpt lat="-22.9348" lon="14.5415"/>
      <trkpt lat="-22.9347" lon="14.5416"/>
      <trkpt lat="-22.9346" lon="14.5417"/>
      <trkpt lat="-22.9343" lon="14.5419"/>
      <trkpt lat="-22.9339" lon="14.5422"/>
      <trkpt lat="-22.9337" lon="14.5423"/>
      <trkpt lat="-22.9334" lon="14.5425"/>
      <trkpt lat="-22.933" lon="14.5427"/>
      <trkpt lat="-22.9326" lon="14.5429"/>
      <trkpt lat="-22.9322" lon="14.5431"/>
      <trkpt lat="-22.9317" lon="14.5433"/>
      <trkpt lat="-22.9312" lon="14.5435"/>
      <trkpt lat="-22.9306" lon="14.5437"/>
      <trkpt lat="-22.9301" lon="14.5439"/>
      <trkpt lat="-22.9295" lon="14.544"/>
      <trkpt lat="-22.9287" lon="14.5442"/>
      <trkpt lat="-22.9282" lon="14.5442"/>
      <trkpt lat="-22.9277" lon="14.5443"/>
      <trkpt lat="-22.9267" lon="14.5443"/>
      <trkpt lat="-22.9265" lon="14.5443"/>
      <trkpt lat="-22.9251" lon="14.5443"/>
      <trkpt lat="-22.9244" lon="14.5443"/>
      <trkpt lat="-22.9241" lon="14.5443"/>
      <trkpt lat="-22.9236" lon="14.5443"/>
      <trkpt lat="-22.9233" lon="14.5443"/>
      <trkpt lat="-22.9226" lon="14.5443"/>
      <trkpt lat="-22.9221" lon="14.5443"/>
      <trkpt lat="-22.9199" lon="14.5443"/>
      <trkpt lat="-22.9197" lon="14.5444"/>
      <trkpt lat="-22.9191" lon="14.5444"/>
      <trkpt lat="-22.9184" lon="14.5443"/>
      <trkpt lat="-22.9182" lon="14.5443"/>
      <trkpt lat="-22.9181" lon="14.5443"/>
      <trkpt lat="-22.9175" lon="14.5444"/>
      <trkpt lat="-22.9167" lon="14.5444"/>
      <trkpt lat="-22.916" lon="14.5444"/>
      <trkpt lat="-22.9157" lon="14.5444"/>
      <trkpt lat="-22.9153" lon="14.5444"/>
      <trkpt lat="-22.915" lon="14.5444"/>
      <trkpt lat="-22.9145" lon="14.5444"/>
      <trkpt lat="-22.9116" lon="14.5444"/>
      <trkpt lat="-22.9102" lon="14.5444"/>
      <trkpt lat="-22.9089" lon="14.5444"/>
      <trkpt lat="-22.9083" lon="14.5444"/>
      <trkpt lat="-22.9077" lon="14.5444"/>
      <trkpt lat="-22.9073" lon="14.5444"/>
      <trkpt lat="-22.9065" lon="14.5444"/>
      <trkpt lat="-22.9052" lon="14.5444"/>
      <trkpt lat="-22.9048" lon="14.5444"/>
      <trkpt lat="-22.9044" lon="14.5444"/>
      <trkpt lat="-22.9041" lon="14.5443"/>
      <trkpt lat="-22.9038" lon="14.5443"/>
      <trkpt lat="-22.9033" lon="14.5444"/>
      <trkpt lat="-22.9025" lon="14.5444"/>
      <trkpt lat="-22.9022" lon="14.5444"/>
      <trkpt lat="-22.9019" lon="14.5444"/>
      <trkpt lat="-22.9014" lon="14.5444"/>
      <trkpt lat="-22.9009" lon="14.5444"/>
      <trkpt lat="-22.9002" lon="14.5444"/>
      <trkpt lat="-22.8998" lon="14.5444"/>
      <trkpt lat="-22.8994" lon="14.5443"/>
      <trkpt lat="-22.8992" lon="14.5443"/>
      <trkpt lat="-22.8989" lon="14.5443"/>
      <trkpt lat="-22.8987" lon="14.5443"/>
      <trkpt lat="-22.8985" lon="14.5444"/>
      <trkpt lat="-22.8984" lon="14.5444"/>
      <trkpt lat="-22.8978" lon="14.5443"/>
      <trkpt lat="-22.8972" lon="14.5443"/>
      <trkpt lat="-22.896" lon="14.5442"/>
      <trkpt lat="-22.8954" lon="14.5442"/>
      <trkpt lat="-22.8943" lon="14.5442"/>
      <trkpt lat="-22.8926" lon="14.5441"/>
      <trkpt lat="-22.8914" lon="14.544"/>
      <trkpt lat="-22.8902" lon="14.544"/>
      <trkpt lat="-22.8892" lon="14.544"/>
      <trkpt lat="-22.8886" lon="14.5439"/>
      <trkpt lat="-22.8876" lon="14.5439"/>
      <trkpt lat="-22.8866" lon="14.5438"/>
      <trkpt lat="-22.8857" lon="14.5438"/>
      <trkpt lat="-22.8847" lon="14.5437"/>
      <trkpt lat="-22.8825" lon="14.5436"/>
      <trkpt lat="-22.8818" lon="14.5436"/>
      <trkpt lat="-22.8811" lon="14.5436"/>
      <trkpt lat="-22.8789" lon="14.5434"/>
      <trkpt lat="-22.8786" lon="14.5434"/>
      <trkpt lat="-22.8781" lon="14.5434"/>
      <trkpt lat="-22.8775" lon="14.5434"/>
      <trkpt lat="-22.8767" lon="14.5434"/>
      <trkpt lat="-22.8759" lon="14.5433"/>
      <trkpt lat="-22.8752" lon="14.5433"/>
      <trkpt lat="-22.874" lon="14.5432"/>
      <trkpt lat="-22.8729" lon="14.5431"/>
      <trkpt lat="-22.8712" lon="14.5431"/>
      <trkpt lat="-22.8698" lon="14.543"/>
      <trkpt lat="-22.8681" lon="14.5429"/>
      <trkpt lat="-22.866" lon="14.5428"/>
      <trkpt lat="-22.8632" lon="14.5427"/>
      <trkpt lat="-22.86" lon="14.5425"/>
      <trkpt lat="-22.8574" lon="14.5424"/>
      <trkpt lat="-22.8559" lon="14.5423"/>
      <trkpt lat="-22.8543" lon="14.5422"/>
      <trkpt lat="-22.8538" lon="14.5422"/>
      <trkpt lat="-22.8529" lon="14.5422"/>
      <trkpt lat="-22.8514" lon="14.5421"/>
      <trkpt lat="-22.8502" lon="14.542"/>
      <trkpt lat="-22.8483" lon="14.5419"/>
      <trkpt lat="-22.8474" lon="14.5419"/>
      <trkpt lat="-22.8465" lon="14.5419"/>
      <trkpt lat="-22.8462" lon="14.5419"/>
      <trkpt lat="-22.8459" lon="14.5419"/>
      <trkpt lat="-22.8455" lon="14.5419"/>
      <trkpt lat="-22.8446" lon="14.5421"/>
      <trkpt lat="-22.8433" lon="14.5422"/>
      <trkpt lat="-22.8407" lon="14.5425"/>
      <trkpt lat="-22.8401" lon="14.5426"/>
      <trkpt lat="-22.8393" lon="14.5428"/>
      <trkpt lat="-22.8387" lon="14.5428"/>
      <trkpt lat="-22.8369" lon="14.5431"/>
      <trkpt lat="-22.8354" lon="14.5433"/>
      <trkpt lat="-22.8331" lon="14.5436"/>
      <trkpt lat="-22.8318" lon="14.5437"/>
      <trkpt lat="-22.8291" lon="14.5441"/>
      <trkpt lat="-22.8276" lon="14.5443"/>
      <trkpt lat="-22.8261" lon="14.5445"/>
      <trkpt lat="-22.8253" lon="14.5446"/>
      <trkpt lat="-22.8203" lon="14.5453"/>
      <trkpt lat="-22.8187" lon="14.5455"/>
      <trkpt lat="-22.8175" lon="14.5456"/>
      <trkpt lat="-22.8155" lon="14.5459"/>
      <trkpt lat="-22.8146" lon="14.546"/>
      <trkpt lat="-22.814" lon="14.5461"/>
      <trkpt lat="-22.8135" lon="14.5462"/>
      <trkpt lat="-22.8131" lon="14.5462"/>
      <trkpt lat="-22.8127" lon="14.5463"/>
      <trkpt lat="-22.8123" lon="14.5463"/>
      <trkpt lat="-22.812" lon="14.5463"/>
      <trkpt lat="-22.8116" lon="14.5463"/>
      <trkpt lat="-22.8113" lon="14.5463"/>
      <trkpt lat="-22.8109" lon="14.5463"/>
      <trkpt lat="-22.8102" lon="14.5463"/>
      <trkpt lat="-22.8097" lon="14.5462"/>
      <trkpt lat="-22.8081" lon="14.546"/>
      <trkpt lat="-22.8064" lon="14.5457"/>
      <trkpt lat="-22.8053" lon="14.5454"/>
      <trkpt lat="-22.8033" lon="14.545"/>
      <trkpt lat="-22.8019" lon="14.5448"/>
      <trkpt lat="-22.8005" lon="14.5445"/>
      <trkpt lat="-22.7978" lon="14.544"/>
      <trkpt lat="-22.7964" lon="14.5438"/>
      <trkpt lat="-22.7894" lon="14.5425"/>
      <trkpt lat="-22.7842" lon="14.5415"/>
      <trkpt lat="-22.7806" lon="14.5408"/>
      <trkpt lat="-22.7779" lon="14.5403"/>
      <trkpt lat="-22.7722" lon="14.5393"/>
      <trkpt lat="-22.7691" lon="14.5387"/>
      <trkpt lat="-22.7683" lon="14.5385"/>
      <trkpt lat="-22.7663" lon="14.5382"/>
      <trkpt lat="-22.7642" lon="14.5378"/>
      <trkpt lat="-22.7631" lon="14.5376"/>
      <trkpt lat="-22.7602" lon="14.5371"/>
      <trkpt lat="-22.7589" lon="14.5369"/>
      <trkpt lat="-22.7577" lon="14.5367"/>
      <trkpt lat="-22.7558" lon="14.5364"/>
      <trkpt lat="-22.7531" lon="14.5358"/>
      <trkpt lat="-22.7521" lon="14.5357"/>
      <trkpt lat="-22.7514" lon="14.5355"/>
      <trkpt lat="-22.75" lon="14.5352"/>
      <trkpt lat="-22.7493" lon="14.5351"/>
      <trkpt lat="-22.7489" lon="14.535"/>
      <trkpt lat="-22.7481" lon="14.5349"/>
      <trkpt lat="-22.7476" lon="14.5348"/>
      <trkpt lat="-22.747" lon="14.5346"/>
      <trkpt lat="-22.7466" lon="14.5346"/>
      <trkpt lat="-22.7459" lon="14.5345"/>
      <trkpt lat="-22.7446" lon="14.5342"/>
      <trkpt lat="-22.7439" lon="14.534"/>
      <trkpt lat="-22.7423" lon="14.5337"/>
      <trkpt lat="-22.7399" lon="14.5333"/>
      <trkpt lat="-22.739" lon="14.5331"/>
      <trkpt lat="-22.7369" lon="14.5327"/>
      <trkpt lat="-22.7362" lon="14.5326"/>
      <trkpt lat="-22.7351" lon="14.5324"/>
      <trkpt lat="-22.7346" lon="14.5323"/>
      <trkpt lat="-22.7335" lon="14.5321"/>
      <trkpt lat="-22.7266" lon="14.5307"/>
      <trkpt lat="-22.7261" lon="14.5306"/>
      <trkpt lat="-22.7252" lon="14.5305"/>
      <trkpt lat="-22.7228" lon="14.53"/>
      <trkpt lat="-22.7205" lon="14.5295"/>
      <trkpt lat="-22.7192" lon="14.5292"/>
      <trkpt lat="-22.718" lon="14.5289"/>
      <trkpt lat="-22.717" lon="14.5287"/>
      <trkpt lat="-22.7164" lon="14.5285"/>
      <trkpt lat="-22.7157" lon="14.5283"/>
      <trkpt lat="-22.7147" lon="14.528"/>
      <trkpt lat="-22.7139" lon="14.5276"/>
      <trkpt lat="-22.7133" lon="14.5274"/>
      <trkpt lat="-22.7128" lon="14.5271"/>
      <trkpt lat="-22.7121" lon="14.5267"/>
      <trkpt lat="-22.7115" lon="14.5264"/>
      <trkpt lat="-22.7105" lon="14.5257"/>
      <trkpt lat="-22.709" lon="14.5247"/>
      <trkpt lat="-22.7081" lon="14.5242"/>
      <trkpt lat="-22.7072" lon="14.5236"/>
      <trkpt lat="-22.7058" lon="14.5227"/>
      <trkpt lat="-22.7055" lon="14.5226"/>
      <trkpt lat="-22.7053" lon="14.5225"/>
      <trkpt lat="-22.705" lon="14.5224"/>
      <trkpt lat="-22.7045" lon="14.5222"/>
      <trkpt lat="-22.7042" lon="14.5221"/>
      <trkpt lat="-22.7038" lon="14.5221"/>
      <trkpt lat="-22.7034" lon="14.522"/>
      <trkpt lat="-22.7031" lon="14.522"/>
      <trkpt lat="-22.7026" lon="14.5221"/>
      <trkpt lat="-22.7021" lon="14.5222"/>
      <trkpt lat="-22.7017" lon="14.5223"/>
      <trkpt lat="-22.7014" lon="14.5224"/>
      <trkpt lat="-22.701" lon="14.5226"/>
      <trkpt lat="-22.7006" lon="14.5227"/>
      <trkpt lat="-22.7001" lon="14.5231"/>
      <trkpt lat="-22.6997" lon="14.5234"/>
      <trkpt lat="-22.6992" lon="14.5239"/>
      <trkpt lat="-22.6989" lon="14.5243"/>
      <trkpt lat="-22.6986" lon="14.5247"/>
      <trkpt lat="-22.6978" lon="14.5262"/>
      <trkpt lat="-22.6972" lon="14.5271"/>
      <trkpt lat="-22.6969" lon="14.5276"/>
      <trkpt lat="-22.6967" lon="14.5279"/>
      <trkpt lat="-22.6966" lon="14.5281"/>
      <trkpt lat="-22.6965" lon="14.5284"/>
      <trkpt lat="-22.6963" lon="14.5287"/>
      <trkpt lat="-22.696" lon="14.5292"/>
      <trkpt lat="-22.6954" lon="14.53"/>
      <trkpt lat="-22.6953" lon="14.5302"/>
      <trkpt lat="-22.6951" lon="14.5304"/>
      <trkpt lat="-22.6947" lon="14.5307"/>
      <trkpt lat="-22.6942" lon="14.5309"/>
      <trkpt lat="-22.6937" lon="14.5309"/>
      <trkpt lat="-22.6928" lon="14.5309"/>
      <trkpt lat="-22.6908" lon="14.5307"/>
      <trkpt lat="-22.6901" lon="14.5306"/>
      <trkpt lat="-22.6898" lon="14.5305"/>
      <trkpt lat="-22.6889" lon="14.5304"/>
      <trkpt lat="-22.6887" lon="14.5304"/>
      <trkpt lat="-22.6883" lon="14.5303"/>
      <trkpt lat="-22.6875" lon="14.5302"/>
      <trkpt lat="-22.6874" lon="14.5301"/>
      <trkpt lat="-22.6871" lon="14.5301"/>
      <trkpt lat="-22.6867" lon="14.53"/>
      <trkpt lat="-22.6866" lon="14.53"/>
      <trkpt lat="-22.6862" lon="14.5298"/>
      <trkpt lat="-22.686" lon="14.5297"/>
      <trkpt lat="-22.6857" lon="14.5295"/>
      <trkpt lat="-22.6854" lon="14.5293"/>
      <trkpt lat="-22.6851" lon="14.5291"/>
      <trkpt lat="-22.6851" lon="14.5291"/>
      <trkpt lat="-22.685" lon="14.529"/>
      <trkpt lat="-22.6849" lon="14.529"/>
      <trkpt lat="-22.6848" lon="14.5289"/>
      <trkpt lat="-22.6848" lon="14.5288"/>
      <trkpt lat="-22.6849" lon="14.5288"/>
      <trkpt lat="-22.6849" lon="14.5287"/>
      <trkpt lat="-22.6844" lon="14.5287"/>
      <trkpt lat="-22.6832" lon="14.5284"/>
      <trkpt lat="-22.6823" lon="14.5283"/>
      <trkpt lat="-22.6812" lon="14.5281"/>
      <trkpt lat="-22.6809" lon="14.5281"/>
      <trkpt lat="-22.6808" lon="14.5281"/>
      <trkpt lat="-22.6801" lon="14.5279"/>
      <trkpt lat="-22.68" lon="14.5279"/>
      <trkpt lat="-22.6799" lon="14.5279"/>
      <trkpt lat="-22.6792" lon="14.5278"/>
      <trkpt lat="-22.6783" lon="14.5276"/>
      <trkpt lat="-22.6782" lon="14.5276"/>
      <trkpt lat="-22.677" lon="14.5275"/>
      <trkpt lat="-22.6768" lon="14.5275"/>
      <trkpt lat="-22.6768" lon="14.5276"/>
      <trkpt lat="-22.6768" lon="14.5283"/>
      <trkpt lat="-22.6768" lon="14.5286"/>
      <trkpt lat="-22.6768" lon="14.5289"/>
      <trkpt lat="-22.6768" lon="14.529"/>
      <trkpt lat="-22.6769" lon="14.529"/>
      <trkpt lat="-22.6769" lon="14.529"/>
      <trkpt lat="-22.6769" lon="14.5289"/>
      <trkpt lat="-22.6768" lon="14.5289"/>
      <trkpt lat="-22.6768" lon="14.529"/>
      <trkpt lat="-22.6766" lon="14.5298"/>
      <trkpt lat="-22.6766" lon="14.5304"/>
      <trkpt lat="-22.6765" lon="14.5305"/>
      <trkpt lat="-22.6764" lon="14.5313"/>
      <trkpt lat="-22.6764" lon="14.5318"/>
      <trkpt lat="-22.6764" lon="14.5319"/>
      <trkpt lat="-22.6762" lon="14.5332"/>
      <trkpt lat="-22.6762" lon="14.5334"/>
      <trkpt lat="-22.6772" lon="14.5336"/>
      <trkpt lat="-22.6773" lon="14.5337"/>
      <trkpt lat="-22.6774" lon="14.5339"/>
      <trkpt lat="-22.6774" lon="14.534"/>
      <trkpt lat="-22.6773" lon="14.5347"/>
      <trkpt lat="-22.6772" lon="14.5355"/>
      <trkpt lat="-22.677" lon="14.5378"/>
      <trkpt lat="-22.6768" lon="14.5386"/>
      <trkpt lat="-22.6767" lon="14.5394"/>
      <trkpt lat="-22.6766" lon="14.5403"/>
      <trkpt lat="-22.6765" lon="14.5411"/>
      <trkpt lat="-22.6764" lon="14.542"/>
      <trkpt lat="-22.6763" lon="14.5424"/>
      <trkpt lat="-22.6762" lon="14.5427"/>
      <trkpt lat="-22.6762" lon="14.543"/>
      <trkpt lat="-22.6761" lon="14.5432"/>
      <trkpt lat="-22.676" lon="14.5436"/>
      <trkpt lat="-22.6758" lon="14.5439"/>
      <trkpt lat="-22.6757" lon="14.5442"/>
      <trkpt lat="-22.6755" lon="14.5446"/>
      <trkpt lat="-22.6748" lon="14.5455"/>
      <trkpt lat="-22.6746" lon="14.5457"/>
      <trkpt lat="-22.673" lon="14.5481"/>
      <trkpt lat="-22.6729" lon="14.5482"/>
      <trkpt lat="-22.6728" lon="14.5482"/>
      <trkpt lat="-22.6727" lon="14.5483"/>
      <trkpt lat="-22.6727" lon="14.5483"/>
      <trkpt lat="-22.6727" lon="14.5483"/>
      <trkpt lat="-22.6726" lon="14.5483"/>
      <trkpt lat="-22.6726" lon="14.5483"/>
      <trkpt lat="-22.6726" lon="14.5484"/>
      <trkpt lat="-22.6725" lon="14.5484"/>
      <trkpt lat="-22.6725" lon="14.5485"/>
      <trkpt lat="-22.6725" lon="14.5485"/>
      <trkpt lat="-22.6725" lon="14.5486"/>
      <trkpt lat="-22.6725" lon="14.5487"/>
      <trkpt lat="-22.6725" lon="14.5488"/>
      <trkpt lat="-22.6722" lon="14.5495"/>
      <trkpt lat="-22.672" lon="14.5498"/>
      <trkpt lat="-22.6719" lon="14.5502"/>
      <trkpt lat="-22.6718" lon="14.5506"/>
      <trkpt lat="-22.6718" lon="14.5509"/>
      <trkpt lat="-22.6716" lon="14.5517"/>
      <trkpt lat="-22.6714" lon="14.5527"/>
      <trkpt lat="-22.6709" lon="14.5551"/>
      <trkpt lat="-22.6707" lon="14.5562"/>
      <trkpt lat="-22.6704" lon="14.5577"/>
      <trkpt lat="-22.67" lon="14.5595"/>
      <trkpt lat="-22.6695" lon="14.5622"/>
      <trkpt lat="-22.6694" lon="14.5622"/>
      <trkpt lat="-22.6694" lon="14.5622"/>
      <trkpt lat="-22.6693" lon="14.5623"/>
      <trkpt lat="-22.6693" lon="14.5623"/>
      <trkpt lat="-22.6692" lon="14.5624"/>
      <trkpt lat="-22.6692" lon="14.5625"/>
      <trkpt lat="-22.6693" lon="14.5625"/>
      <trkpt lat="-22.6693" lon="14.5626"/>
      <trkpt lat="-22.6694" lon="14.5626"/>
      <trkpt lat="-22.6692" lon="14.5636"/>
      <trkpt lat="-22.6685" lon="14.5661"/>
      <trkpt lat="-22.6681" lon="14.5681"/>
      <trkpt lat="-22.6681" lon="14.5685"/>
      <trkpt lat="-22.668" lon="14.5688"/>
      <trkpt lat="-22.668" lon="14.5689"/>
      <trkpt lat="-22.6679" lon="14.5696"/>
      <trkpt lat="-22.6673" lon="14.5724"/>
      <trkpt lat="-22.6671" lon="14.573"/>
      <trkpt lat="-22.6665" lon="14.5743"/>
      <trkpt lat="-22.6657" lon="14.5759"/>
      <trkpt lat="-22.6654" lon="14.5764"/>
      <trkpt lat="-22.6652" lon="14.5767"/>
      <trkpt lat="-22.665" lon="14.577"/>
      <trkpt lat="-22.6647" lon="14.5772"/>
      <trkpt lat="-22.6599" lon="14.5801"/>
      <trkpt lat="-22.6596" lon="14.5803"/>
      <trkpt lat="-22.6593" lon="14.5804"/>
      <trkpt lat="-22.6588" lon="14.5805"/>
      <trkpt lat="-22.6563" lon="14.5807"/>
      <trkpt lat="-22.6551" lon="14.5808"/>
      <trkpt lat="-22.6543" lon="14.5807"/>
      <trkpt lat="-22.6537" lon="14.5807"/>
      <trkpt lat="-22.6529" lon="14.5806"/>
      <trkpt lat="-22.6521" lon="14.5804"/>
      <trkpt lat="-22.6517" lon="14.5803"/>
      <trkpt lat="-22.6506" lon="14.5801"/>
      <trkpt lat="-22.6501" lon="14.58"/>
      <trkpt lat="-22.6486" lon="14.5796"/>
      <trkpt lat="-22.6481" lon="14.5795"/>
      <trkpt lat="-22.6472" lon="14.5792"/>
      <trkpt lat="-22.6466" lon="14.579"/>
      <trkpt lat="-22.646" lon="14.5788"/>
      <trkpt lat="-22.6456" lon="14.5786"/>
      <trkpt lat="-22.6452" lon="14.5784"/>
      <trkpt lat="-22.6446" lon="14.578"/>
      <trkpt lat="-22.6438" lon="14.5775"/>
      <trkpt lat="-22.6431" lon="14.5771"/>
      <trkpt lat="-22.6424" lon="14.5766"/>
      <trkpt lat="-22.6419" lon="14.5763"/>
      <trkpt lat="-22.6414" lon="14.5759"/>
      <trkpt lat="-22.6408" lon="14.5754"/>
      <trkpt lat="-22.6403" lon="14.575"/>
      <trkpt lat="-22.6401" lon="14.5749"/>
      <trkpt lat="-22.6337" lon="14.5698"/>
      <trkpt lat="-22.6323" lon="14.5688"/>
      <trkpt lat="-22.6318" lon="14.5684"/>
      <trkpt lat="-22.6313" lon="14.568"/>
      <trkpt lat="-22.6308" lon="14.5676"/>
      <trkpt lat="-22.6305" lon="14.5674"/>
      <trkpt lat="-22.6303" lon="14.5672"/>
      <trkpt lat="-22.63" lon="14.567"/>
      <trkpt lat="-22.6295" lon="14.5666"/>
      <trkpt lat="-22.6275" lon="14.5649"/>
      <trkpt lat="-22.6267" lon="14.5643"/>
      <trkpt lat="-22.6264" lon="14.5641"/>
      <trkpt lat="-22.626" lon="14.5639"/>
      <trkpt lat="-22.6216" lon="14.5603"/>
      <trkpt lat="-22.6168" lon="14.5566"/>
      <trkpt lat="-22.6147" lon="14.5549"/>
      <trkpt lat="-22.6121" lon="14.5529"/>
      <trkpt lat="-22.6088" lon="14.5503"/>
      <trkpt lat="-22.6051" lon="14.5474"/>
      <trkpt lat="-22.6022" lon="14.5451"/>
      <trkpt lat="-22.6021" lon="14.545"/>
      <trkpt lat="-22.6014" lon="14.5446"/>
      <trkpt lat="-22.6" lon="14.5436"/>
      <trkpt lat="-22.599" lon="14.5428"/>
      <trkpt lat="-22.5983" lon="14.5423"/>
      <trkpt lat="-22.5974" lon="14.5416"/>
      <trkpt lat="-22.5967" lon="14.5412"/>
      <trkpt lat="-22.5946" lon="14.5397"/>
      <trkpt lat="-22.5935" lon="14.539"/>
      <trkpt lat="-22.593" lon="14.5386"/>
      <trkpt lat="-22.5928" lon="14.5385"/>
      <trkpt lat="-22.5898" lon="14.5365"/>
      <trkpt lat="-22.5865" lon="14.5345"/>
      <trkpt lat="-22.5853" lon="14.5337"/>
      <trkpt lat="-22.5804" lon="14.5308"/>
      <trkpt lat="-22.5716" lon="14.5255"/>
      <trkpt lat="-22.5611" lon="14.5192"/>
      <trkpt lat="-22.5607" lon="14.5189"/>
      <trkpt lat="-22.5584" lon="14.5176"/>
      <trkpt lat="-22.5557" lon="14.5159"/>
      <trkpt lat="-22.5529" lon="14.5142"/>
      <trkpt lat="-22.5492" lon="14.512"/>
      <trkpt lat="-22.5458" lon="14.51"/>
      <trkpt lat="-22.5426" lon="14.5081"/>
      <trkpt lat="-22.5394" lon="14.5061"/>
      <trkpt lat="-22.5386" lon="14.5057"/>
      <trkpt lat="-22.5379" lon="14.5053"/>
      <trkpt lat="-22.5373" lon="14.505"/>
      <trkpt lat="-22.5367" lon="14.5047"/>
      <trkpt lat="-22.5358" lon="14.5044"/>
      <trkpt lat="-22.5353" lon="14.5042"/>
      <trkpt lat="-22.5349" lon="14.5041"/>
      <trkpt lat="-22.5311" lon="14.5034"/>
      <trkpt lat="-22.5301" lon="14.5031"/>
      <trkpt lat="-22.5291" lon="14.5028"/>
      <trkpt lat="-22.5279" lon="14.5023"/>
      <trkpt lat="-22.5274" lon="14.5021"/>
      <trkpt lat="-22.5268" lon="14.5017"/>
      <trkpt lat="-22.5247" lon="14.5007"/>
      <trkpt lat="-22.5237" lon="14.5002"/>
      <trkpt lat="-22.5218" lon="14.4992"/>
      <trkpt lat="-22.5205" lon="14.4986"/>
      <trkpt lat="-22.5193" lon="14.4979"/>
      <trkpt lat="-22.518" lon="14.4972"/>
      <trkpt lat="-22.5173" lon="14.4969"/>
      <trkpt lat="-22.5163" lon="14.4964"/>
      <trkpt lat="-22.5146" lon="14.4955"/>
      <trkpt lat="-22.5125" lon="14.4945"/>
      <trkpt lat="-22.5114" lon="14.4939"/>
      <trkpt lat="-22.5095" lon="14.4929"/>
      <trkpt lat="-22.5086" lon="14.4925"/>
      <trkpt lat="-22.5063" lon="14.4913"/>
      <trkpt lat="-22.5005" lon="14.4883"/>
      <trkpt lat="-22.5001" lon="14.4881"/>
      <trkpt lat="-22.4996" lon="14.4879"/>
      <trkpt lat="-22.4992" lon="14.4877"/>
      <trkpt lat="-22.4985" lon="14.4873"/>
      <trkpt lat="-22.4981" lon="14.487"/>
      <trkpt lat="-22.4979" lon="14.4868"/>
      <trkpt lat="-22.4969" lon="14.4859"/>
      <trkpt lat="-22.4963" lon="14.4854"/>
      <trkpt lat="-22.4955" lon="14.4847"/>
      <trkpt lat="-22.4942" lon="14.4835"/>
      <trkpt lat="-22.4928" lon="14.4822"/>
      <trkpt lat="-22.491" lon="14.4806"/>
      <trkpt lat="-22.4901" lon="14.4798"/>
      <trkpt lat="-22.4892" lon="14.479"/>
      <trkpt lat="-22.4885" lon="14.4786"/>
      <trkpt lat="-22.488" lon="14.4782"/>
      <trkpt lat="-22.4875" lon="14.4779"/>
      <trkpt lat="-22.4869" lon="14.4776"/>
      <trkpt lat="-22.4863" lon="14.4773"/>
      <trkpt lat="-22.4857" lon="14.477"/>
      <trkpt lat="-22.4851" lon="14.4768"/>
      <trkpt lat="-22.4831" lon="14.476"/>
      <trkpt lat="-22.4801" lon="14.4748"/>
      <trkpt lat="-22.4724" lon="14.4718"/>
      <trkpt lat="-22.4719" lon="14.4716"/>
      <trkpt lat="-22.4709" lon="14.4712"/>
      <trkpt lat="-22.4701" lon="14.4709"/>
      <trkpt lat="-22.4697" lon="14.4707"/>
      <trkpt lat="-22.4689" lon="14.4705"/>
      <trkpt lat="-22.468" lon="14.4702"/>
      <trkpt lat="-22.4668" lon="14.4699"/>
      <trkpt lat="-22.4655" lon="14.4695"/>
      <trkpt lat="-22.4644" lon="14.4692"/>
      <trkpt lat="-22.4638" lon="14.469"/>
      <trkpt lat="-22.4635" lon="14.4689"/>
      <trkpt lat="-22.4632" lon="14.4688"/>
      <trkpt lat="-22.4625" lon="14.4687"/>
      <trkpt lat="-22.4617" lon="14.4684"/>
      <trkpt lat="-22.4607" lon="14.4682"/>
      <trkpt lat="-22.4598" lon="14.468"/>
      <trkpt lat="-22.4585" lon="14.4676"/>
      <trkpt lat="-22.4564" lon="14.4671"/>
      <trkpt lat="-22.4551" lon="14.4667"/>
      <trkpt lat="-22.4539" lon="14.4664"/>
      <trkpt lat="-22.4532" lon="14.4663"/>
      <trkpt lat="-22.4525" lon="14.4661"/>
      <trkpt lat="-22.4517" lon="14.4659"/>
      <trkpt lat="-22.4508" lon="14.4657"/>
      <trkpt lat="-22.4497" lon="14.4654"/>
      <trkpt lat="-22.4477" lon="14.465"/>
      <trkpt lat="-22.4468" lon="14.4648"/>
      <trkpt lat="-22.4464" lon="14.4646"/>
      <trkpt lat="-22.4453" lon="14.4644"/>
      <trkpt lat="-22.4446" lon="14.4642"/>
      <trkpt lat="-22.4437" lon="14.464"/>
      <trkpt lat="-22.4428" lon="14.4638"/>
      <trkpt lat="-22.4426" lon="14.4637"/>
      <trkpt lat="-22.442" lon="14.4636"/>
      <trkpt lat="-22.4411" lon="14.4634"/>
      <trkpt lat="-22.4407" lon="14.4633"/>
      <trkpt lat="-22.44" lon="14.4633"/>
      <trkpt lat="-22.4394" lon="14.4632"/>
      <trkpt lat="-22.4385" lon="14.463"/>
      <trkpt lat="-22.4375" lon="14.4629"/>
      <trkpt lat="-22.437" lon="14.4628"/>
      <trkpt lat="-22.4367" lon="14.4628"/>
      <trkpt lat="-22.4359" lon="14.4626"/>
      <trkpt lat="-22.4353" lon="14.4624"/>
      <trkpt lat="-22.4348" lon="14.4623"/>
      <trkpt lat="-22.4341" lon="14.4621"/>
      <trkpt lat="-22.4334" lon="14.462"/>
      <trkpt lat="-22.4323" lon="14.4617"/>
      <trkpt lat="-22.4315" lon="14.4615"/>
      <trkpt lat="-22.4295" lon="14.461"/>
      <trkpt lat="-22.4267" lon="14.4603"/>
      <trkpt lat="-22.4242" lon="14.4597"/>
      <trkpt lat="-22.4227" lon="14.4593"/>
      <trkpt lat="-22.4207" lon="14.4588"/>
      <trkpt lat="-22.4196" lon="14.4585"/>
      <trkpt lat="-22.4185" lon="14.4582"/>
      <trkpt lat="-22.4178" lon="14.458"/>
      <trkpt lat="-22.4171" lon="14.4577"/>
      <trkpt lat="-22.4167" lon="14.4575"/>
      <trkpt lat="-22.4154" lon="14.4569"/>
      <trkpt lat="-22.4145" lon="14.4565"/>
      <trkpt lat="-22.4141" lon="14.4562"/>
      <trkpt lat="-22.4136" lon="14.456"/>
      <trkpt lat="-22.4121" lon="14.4553"/>
      <trkpt lat="-22.4092" lon="14.4539"/>
      <trkpt lat="-22.4083" lon="14.4534"/>
      <trkpt lat="-22.4073" lon="14.4529"/>
      <trkpt lat="-22.4062" lon="14.4524"/>
      <trkpt lat="-22.4055" lon="14.452"/>
      <trkpt lat="-22.4048" lon="14.4517"/>
      <trkpt lat="-22.4043" lon="14.4515"/>
      <trkpt lat="-22.4024" lon="14.4505"/>
      <trkpt lat="-22.4015" lon="14.4501"/>
      <trkpt lat="-22.4006" lon="14.4496"/>
      <trkpt lat="-22.3989" lon="14.4488"/>
      <trkpt lat="-22.3981" lon="14.4484"/>
      <trkpt lat="-22.3964" lon="14.4476"/>
      <trkpt lat="-22.3938" lon="14.4463"/>
      <trkpt lat="-22.3933" lon="14.446"/>
      <trkpt lat="-22.3901" lon="14.4444"/>
      <trkpt lat="-22.3869" lon="14.4429"/>
      <trkpt lat="-22.3859" lon="14.4424"/>
      <trkpt lat="-22.3854" lon="14.4421"/>
      <trkpt lat="-22.3849" lon="14.4419"/>
      <trkpt lat="-22.3843" lon="14.4417"/>
      <trkpt lat="-22.3834" lon="14.4414"/>
      <trkpt lat="-22.3828" lon="14.4413"/>
      <trkpt lat="-22.3816" lon="14.4411"/>
      <trkpt lat="-22.3792" lon="14.4407"/>
      <trkpt lat="-22.3778" lon="14.4405"/>
      <trkpt lat="-22.3757" lon="14.4402"/>
      <trkpt lat="-22.3739" lon="14.4399"/>
      <trkpt lat="-22.3736" lon="14.4399"/>
      <trkpt lat="-22.3733" lon="14.4398"/>
      <trkpt lat="-22.3729" lon="14.4398"/>
      <trkpt lat="-22.3725" lon="14.4397"/>
      <trkpt lat="-22.372" lon="14.4396"/>
      <trkpt lat="-22.3717" lon="14.4395"/>
      <trkpt lat="-22.3713" lon="14.4394"/>
      <trkpt lat="-22.3696" lon="14.4389"/>
      <trkpt lat="-22.366" lon="14.4378"/>
      <trkpt lat="-22.3629" lon="14.4368"/>
      <trkpt lat="-22.3602" lon="14.436"/>
      <trkpt lat="-22.3592" lon="14.4358"/>
      <trkpt lat="-22.357" lon="14.4351"/>
      <trkpt lat="-22.3544" lon="14.4343"/>
      <trkpt lat="-22.353" lon="14.4339"/>
      <trkpt lat="-22.3524" lon="14.4337"/>
      <trkpt lat="-22.3521" lon="14.4336"/>
      <trkpt lat="-22.3519" lon="14.4335"/>
      <trkpt lat="-22.3513" lon="14.4333"/>
      <trkpt lat="-22.3508" lon="14.4331"/>
      <trkpt lat="-22.3503" lon="14.4329"/>
      <trkpt lat="-22.3499" lon="14.4327"/>
      <trkpt lat="-22.3498" lon="14.4326"/>
      <trkpt lat="-22.3493" lon="14.4324"/>
      <trkpt lat="-22.3487" lon="14.4321"/>
      <trkpt lat="-22.3478" lon="14.4315"/>
      <trkpt lat="-22.3472" lon="14.4312"/>
      <trkpt lat="-22.3462" lon="14.4305"/>
      <trkpt lat="-22.343" lon="14.4285"/>
      <trkpt lat="-22.3413" lon="14.4274"/>
      <trkpt lat="-22.3396" lon="14.4264"/>
      <trkpt lat="-22.3377" lon="14.4252"/>
      <trkpt lat="-22.3361" lon="14.4242"/>
      <trkpt lat="-22.3282" lon="14.4192"/>
      <trkpt lat="-22.3261" lon="14.4179"/>
      <trkpt lat="-22.3247" lon="14.417"/>
      <trkpt lat="-22.3239" lon="14.4166"/>
      <trkpt lat="-22.3232" lon="14.4161"/>
      <trkpt lat="-22.3223" lon="14.4156"/>
      <trkpt lat="-22.3219" lon="14.4154"/>
      <trkpt lat="-22.3205" lon="14.4148"/>
      <trkpt lat="-22.3192" lon="14.4142"/>
      <trkpt lat="-22.3182" lon="14.4138"/>
      <trkpt lat="-22.3157" lon="14.4128"/>
      <trkpt lat="-22.3124" lon="14.4114"/>
      <trkpt lat="-22.3105" lon="14.4107"/>
      <trkpt lat="-22.3097" lon="14.4104"/>
      <trkpt lat="-22.3057" lon="14.4086"/>
      <trkpt lat="-22.3051" lon="14.4083"/>
      <trkpt lat="-22.2998" lon="14.4057"/>
      <trkpt lat="-22.2991" lon="14.4054"/>
      <trkpt lat="-22.2976" lon="14.4047"/>
      <trkpt lat="-22.2961" lon="14.404"/>
      <trkpt lat="-22.2934" lon="14.4027"/>
      <trkpt lat="-22.292" lon="14.402"/>
      <trkpt lat="-22.2913" lon="14.4016"/>
      <trkpt lat="-22.2905" lon="14.4012"/>
      <trkpt lat="-22.2901" lon="14.4009"/>
      <trkpt lat="-22.288" lon="14.3997"/>
      <trkpt lat="-22.2875" lon="14.3994"/>
      <trkpt lat="-22.2835" lon="14.397"/>
      <trkpt lat="-22.2807" lon="14.3953"/>
      <trkpt lat="-22.2797" lon="14.3947"/>
      <trkpt lat="-22.2779" lon="14.3936"/>
      <trkpt lat="-22.2769" lon="14.393"/>
      <trkpt lat="-22.2765" lon="14.3926"/>
      <trkpt lat="-22.2758" lon="14.3921"/>
      <trkpt lat="-22.2751" lon="14.3916"/>
      <trkpt lat="-22.2746" lon="14.3911"/>
      <trkpt lat="-22.2734" lon="14.3899"/>
      <trkpt lat="-22.2725" lon="14.3889"/>
      <trkpt lat="-22.2622" lon="14.3781"/>
      <trkpt lat="-22.2608" lon="14.3767"/>
      <trkpt lat="-22.2593" lon="14.3754"/>
      <trkpt lat="-22.2587" lon="14.375"/>
      <trkpt lat="-22.2555" lon="14.3724"/>
      <trkpt lat="-22.2549" lon="14.3719"/>
      <trkpt lat="-22.2537" lon="14.3709"/>
      <trkpt lat="-22.2518" lon="14.3694"/>
      <trkpt lat="-22.2478" lon="14.3661"/>
      <trkpt lat="-22.2459" lon="14.3645"/>
      <trkpt lat="-22.2457" lon="14.3644"/>
      <trkpt lat="-22.2455" lon="14.3642"/>
      <trkpt lat="-22.2453" lon="14.3639"/>
      <trkpt lat="-22.2444" lon="14.363"/>
      <trkpt lat="-22.2436" lon="14.3622"/>
      <trkpt lat="-22.2418" lon="14.3603"/>
      <trkpt lat="-22.2415" lon="14.36"/>
      <trkpt lat="-22.239" lon="14.3573"/>
      <trkpt lat="-22.2386" lon="14.3568"/>
      <trkpt lat="-22.2378" lon="14.3559"/>
      <trkpt lat="-22.2374" lon="14.3555"/>
      <trkpt lat="-22.2365" lon="14.3546"/>
      <trkpt lat="-22.2359" lon="14.354"/>
      <trkpt lat="-22.2353" lon="14.3535"/>
      <trkpt lat="-22.2346" lon="14.353"/>
      <trkpt lat="-22.2336" lon="14.3522"/>
      <trkpt lat="-22.2335" lon="14.3522"/>
      <trkpt lat="-22.2324" lon="14.3513"/>
      <trkpt lat="-22.2315" lon="14.3507"/>
      <trkpt lat="-22.2296" lon="14.3492"/>
      <trkpt lat="-22.2268" lon="14.3471"/>
      <trkpt lat="-22.2256" lon="14.3461"/>
      <trkpt lat="-22.2229" lon="14.3441"/>
      <trkpt lat="-22.2167" lon="14.3394"/>
      <trkpt lat="-22.2117" lon="14.3357"/>
      <trkpt lat="-22.2078" lon="14.3327"/>
      <trkpt lat="-22.2042" lon="14.33"/>
      <trkpt lat="-22.2022" lon="14.3285"/>
      <trkpt lat="-22.2009" lon="14.3275"/>
      <trkpt lat="-22.1992" lon="14.3262"/>
      <trkpt lat="-22.1977" lon="14.3253"/>
      <trkpt lat="-22.1967" lon="14.3248"/>
      <trkpt lat="-22.196" lon="14.3245"/>
      <trkpt lat="-22.1879" lon="14.3212"/>
      <trkpt lat="-22.1847" lon="14.3199"/>
      <trkpt lat="-22.1822" lon="14.3189"/>
      <trkpt lat="-22.1801" lon="14.3181"/>
      <trkpt lat="-22.1794" lon="14.3178"/>
      <trkpt lat="-22.1771" lon="14.3169"/>
      <trkpt lat="-22.1759" lon="14.3166"/>
      <trkpt lat="-22.1737" lon="14.3164"/>
      <trkpt lat="-22.1722" lon="14.3164"/>
      <trkpt lat="-22.1713" lon="14.3165"/>
      <trkpt lat="-22.17" lon="14.3168"/>
      <trkpt lat="-22.1666" lon="14.3179"/>
      <trkpt lat="-22.1662" lon="14.3179"/>
      <trkpt lat="-22.1661" lon="14.3179"/>
      <trkpt lat="-22.166" lon="14.3179"/>
      <trkpt lat="-22.1659" lon="14.3179"/>
      <trkpt lat="-22.1659" lon="14.3178"/>
      <trkpt lat="-22.1658" lon="14.3177"/>
      <trkpt lat="-22.1657" lon="14.3176"/>
      <trkpt lat="-22.1654" lon="14.3164"/>
      <trkpt lat="-22.1651" lon="14.3155"/>
      <trkpt lat="-22.1648" lon="14.3148"/>
      <trkpt lat="-22.1645" lon="14.3143"/>
      <trkpt lat="-22.1641" lon="14.3136"/>
      <trkpt lat="-22.1637" lon="14.3131"/>
      <trkpt lat="-22.1633" lon="14.3125"/>
      <trkpt lat="-22.1628" lon="14.312"/>
      <trkpt lat="-22.1623" lon="14.3116"/>
      <trkpt lat="-22.1617" lon="14.3111"/>
      <trkpt lat="-22.1611" lon="14.3107"/>
      <trkpt lat="-22.1604" lon="14.3103"/>
      <trkpt lat="-22.159" lon="14.3097"/>
      <trkpt lat="-22.155" lon="14.3082"/>
      <trkpt lat="-22.1522" lon="14.3071"/>
      <trkpt lat="-22.1366" lon="14.3008"/>
      <trkpt lat="-22.1363" lon="14.3007"/>
      <trkpt lat="-22.1331" lon="14.2994"/>
      <trkpt lat="-22.1329" lon="14.2994"/>
      <trkpt lat="-22.1325" lon="14.2992"/>
      <trkpt lat="-22.1311" lon="14.2986"/>
      <trkpt lat="-22.1304" lon="14.2984"/>
      <trkpt lat="-22.1297" lon="14.2982"/>
      <trkpt lat="-22.1291" lon="14.298"/>
      <trkpt lat="-22.1287" lon="14.298"/>
      <trkpt lat="-22.1282" lon="14.2979"/>
      <trkpt lat="-22.128" lon="14.2979"/>
      <trkpt lat="-22.1277" lon="14.2979"/>
      <trkpt lat="-22.1271" lon="14.2979"/>
      <trkpt lat="-22.1266" lon="14.2979"/>
      <trkpt lat="-22.1264" lon="14.298"/>
      <trkpt lat="-22.126" lon="14.298"/>
      <trkpt lat="-22.125" lon="14.2981"/>
      <trkpt lat="-22.1241" lon="14.2982"/>
      <trkpt lat="-22.1237" lon="14.2982"/>
      <trkpt lat="-22.1227" lon="14.2983"/>
      <trkpt lat="-22.1215" lon="14.2985"/>
      <trkpt lat="-22.1211" lon="14.2985"/>
      <trkpt lat="-22.121" lon="14.2985"/>
      <trkpt lat="-22.1205" lon="14.2985"/>
      <trkpt lat="-22.1201" lon="14.2985"/>
      <trkpt lat="-22.1197" lon="14.2985"/>
      <trkpt lat="-22.1197" lon="14.2985"/>
      <trkpt lat="-22.1193" lon="14.2985"/>
      <trkpt lat="-22.1189" lon="14.2985"/>
      <trkpt lat="-22.1184" lon="14.2984"/>
      <trkpt lat="-22.118" lon="14.2983"/>
      <trkpt lat="-22.1176" lon="14.2982"/>
      <trkpt lat="-22.1168" lon="14.2979"/>
      <trkpt lat="-22.1163" lon="14.2977"/>
      <trkpt lat="-22.1161" lon="14.2976"/>
      <trkpt lat="-22.1155" lon="14.2973"/>
      <trkpt lat="-22.1151" lon="14.2971"/>
      <trkpt lat="-22.1148" lon="14.2968"/>
      <trkpt lat="-22.1145" lon="14.2965"/>
      <trkpt lat="-22.1142" lon="14.2963"/>
      <trkpt lat="-22.1138" lon="14.2959"/>
      <trkpt lat="-22.1133" lon="14.2953"/>
      <trkpt lat="-22.1122" lon="14.2942"/>
      <trkpt lat="-22.1116" lon="14.2935"/>
      <trkpt lat="-22.111" lon="14.2929"/>
      <trkpt lat="-22.1107" lon="14.2925"/>
      <trkpt lat="-22.1114" lon="14.2898"/>
      <trkpt lat="-22.1117" lon="14.289"/>
      <trkpt lat="-22.112" lon="14.2883"/>
      <trkpt lat="-22.1122" lon="14.288"/>
      <trkpt lat="-22.1124" lon="14.2876"/>
      <trkpt lat="-22.1126" lon="14.2872"/>
      <trkpt lat="-22.113" lon="14.2868"/>
      <trkpt lat="-22.1134" lon="14.2863"/>
      <trkpt lat="-22.1141" lon="14.2856"/>
      <trkpt lat="-22.115" lon="14.2845"/>
      <trkpt lat="-22.115" lon="14.2845"/>
      <trkpt lat="-22.1163" lon="14.2829"/>
      <trkpt lat="-22.1165" lon="14.2826"/>
      <trkpt lat="-22.116" lon="14.282"/>
      <trkpt lat="-22.1148" lon="14.2833"/>
      <trkpt lat="-22.1145" lon="14.2837"/>
      <trkpt lat="-22.1144" lon="14.2838"/>
      <trkpt lat="-22.1143" lon="14.2837"/>
      <trkpt lat="-22.1139" lon="14.2833"/>
      <trkpt lat="-22.1126" lon="14.2842"/>
      <trkpt lat="-22.1125" lon="14.2843"/>
      <trkpt lat="-22.1118" lon="14.2848"/>
      <trkpt lat="-22.1109" lon="14.2854"/>
      <trkpt lat="-22.1099" lon="14.2862"/>
      <trkpt lat="-22.1095" lon="14.2865"/>
      <trkpt lat="-22.109" lon="14.2869"/>
      <trkpt lat="-22.1086" lon="14.2871"/>
      <trkpt lat="-22.1083" lon="14.2873"/>
      <trkpt lat="-22.1068" lon="14.2883"/>
      <trkpt lat="-22.1063" lon="14.2877"/>
      <trkpt lat="-22.1051" lon="14.2865"/>
      <trkpt lat="-22.105" lon="14.2863"/>
      <trkpt lat="-22.104" lon="14.2852"/>
      <trkpt lat="-22.1031" lon="14.2842"/>
      <trkpt lat="-22.1022" lon="14.2833"/>
      <trkpt lat="-22.1011" lon="14.2821"/>
      <trkpt lat="-22.0995" lon="14.2803"/>
      <trkpt lat="-22.0984" lon="14.2815"/>
      <trkpt lat="-22.0978" lon="14.282"/>
      <trkpt lat="-22.0976" lon="14.2822"/>
      <trkpt lat="-22.0973" lon="14.2824"/>
      <trkpt lat="-22.097" lon="14.2825"/>
      <trkpt lat="-22.0968" lon="14.2826"/>
      <trkpt lat="-22.0965" lon="14.2827"/>
      <trkpt lat="-22.0962" lon="14.2827"/>
      <trkpt lat="-22.0958" lon="14.2827"/>
      <trkpt lat="-22.095" lon="14.2828"/>
      <trkpt lat="-22.0947" lon="14.2828"/>
      <trkpt lat="-22.0947" lon="14.28"/>
      <trkpt lat="-22.0946" lon="14.2793"/>
      <trkpt lat="-22.0946" lon="14.2787"/>
      <trkpt lat="-22.0944" lon="14.278"/>
      <trkpt lat="-22.0942" lon="14.2771"/>
      <trkpt lat="-22.0939" lon="14.2763"/>
      <trkpt lat="-22.0936" lon="14.2756"/>
      <trkpt lat="-22.0933" lon="14.275"/>
      <trkpt lat="-22.0926" lon="14.274"/>
      <trkpt lat="-22.092" lon="14.2733"/>
      <trkpt lat="-22.0915" lon="14.2728"/>
      <trkpt lat="-22.0908" lon="14.2723"/>
      <trkpt lat="-22.0902" lon="14.2718"/>
      <trkpt lat="-22.0897" lon="14.2716"/>
      <trkpt lat="-22.0891" lon="14.2713"/>
      <trkpt lat="-22.0884" lon="14.271"/>
      <trkpt lat="-22.0878" lon="14.2708"/>
      <trkpt lat="-22.0868" lon="14.2704"/>
      <trkpt lat="-22.0857" lon="14.2701"/>
      <trkpt lat="-22.0844" lon="14.2696"/>
      <trkpt lat="-22.0828" lon="14.269"/>
      <trkpt lat="-22.0811" lon="14.2684"/>
      <trkpt lat="-22.0792" lon="14.2677"/>
      <trkpt lat="-22.0786" lon="14.2674"/>
      <trkpt lat="-22.0781" lon="14.2671"/>
      <trkpt lat="-22.0776" lon="14.2668"/>
      <trkpt lat="-22.077" lon="14.2663"/>
      <trkpt lat="-22.0756" lon="14.2651"/>
      <trkpt lat="-22.0751" lon="14.2646"/>
      <trkpt lat="-22.0712" lon="14.2611"/>
      <trkpt lat="-22.0687" lon="14.2588"/>
      <trkpt lat="-22.0668" lon="14.2571"/>
      <trkpt lat="-22.0585" lon="14.2496"/>
      <trkpt lat="-22.0537" lon="14.2452"/>
      <trkpt lat="-22.0511" lon="14.2429"/>
      <trkpt lat="-22.0505" lon="14.2423"/>
      <trkpt lat="-22.0487" lon="14.2407"/>
      <trkpt lat="-22.0469" lon="14.239"/>
      <trkpt lat="-22.045" lon="14.2373"/>
      <trkpt lat="-22.0433" lon="14.2358"/>
      <trkpt lat="-22.042" lon="14.2346"/>
      <trkpt lat="-22.0408" lon="14.2335"/>
      <trkpt lat="-22.0397" lon="14.2325"/>
      <trkpt lat="-22.0386" lon="14.2316"/>
      <trkpt lat="-22.0376" lon="14.2306"/>
      <trkpt lat="-22.0361" lon="14.2293"/>
      <trkpt lat="-22.0318" lon="14.2254"/>
      <trkpt lat="-22.0301" lon="14.2238"/>
      <trkpt lat="-22.0276" lon="14.2216"/>
      <trkpt lat="-22.0263" lon="14.2203"/>
      <trkpt lat="-22.0245" lon="14.2187"/>
      <trkpt lat="-22.0239" lon="14.2182"/>
      <trkpt lat="-22.0194" lon="14.2141"/>
      <trkpt lat="-22.0187" lon="14.2135"/>
      <trkpt lat="-22.0139" lon="14.2091"/>
      <trkpt lat="-22.012" lon="14.2074"/>
      <trkpt lat="-22.0097" lon="14.2053"/>
      <trkpt lat="-22.0052" lon="14.2012"/>
      <trkpt lat="-22.0046" lon="14.2008"/>
      <trkpt lat="-21.9909" lon="14.1884"/>
      <trkpt lat="-21.9814" lon="14.1798"/>
      <trkpt lat="-21.9743" lon="14.1733"/>
      <trkpt lat="-21.9721" lon="14.1713"/>
      <trkpt lat="-21.971" lon="14.1703"/>
      <trkpt lat="-21.9687" lon="14.1682"/>
      <trkpt lat="-21.9671" lon="14.1668"/>
      <trkpt lat="-21.9638" lon="14.1637"/>
      <trkpt lat="-21.9634" lon="14.1634"/>
      <trkpt lat="-21.9565" lon="14.1571"/>
      <trkpt lat="-21.9545" lon="14.1554"/>
      <trkpt lat="-21.9534" lon="14.1547"/>
      <trkpt lat="-21.9508" lon="14.153"/>
      <trkpt lat="-21.9416" lon="14.147"/>
      <trkpt lat="-21.9324" lon="14.141"/>
      <trkpt lat="-21.9299" lon="14.1394"/>
      <trkpt lat="-21.9198" lon="14.1328"/>
      <trkpt lat="-21.9176" lon="14.1315"/>
      <trkpt lat="-21.9168" lon="14.1308"/>
      <trkpt lat="-21.916" lon="14.1302"/>
      <trkpt lat="-21.9155" lon="14.1297"/>
      <trkpt lat="-21.915" lon="14.129"/>
      <trkpt lat="-21.9144" lon="14.1282"/>
      <trkpt lat="-21.9133" lon="14.1262"/>
      <trkpt lat="-21.9127" lon="14.1252"/>
      <trkpt lat="-21.911" lon="14.1222"/>
      <trkpt lat="-21.9107" lon="14.1216"/>
      <trkpt lat="-21.9066" lon="14.1144"/>
      <trkpt lat="-21.9062" lon="14.1136"/>
      <trkpt lat="-21.905" lon="14.1115"/>
      <trkpt lat="-21.9034" lon="14.1087"/>
      <trkpt lat="-21.9029" lon="14.1079"/>
      <trkpt lat="-21.9028" lon="14.1077"/>
      <trkpt lat="-21.9025" lon="14.1074"/>
      <trkpt lat="-21.9023" lon="14.1072"/>
      <trkpt lat="-21.9021" lon="14.107"/>
      <trkpt lat="-21.9019" lon="14.1068"/>
      <trkpt lat="-21.9014" lon="14.1065"/>
      <trkpt lat="-21.9011" lon="14.1063"/>
      <trkpt lat="-21.9004" lon="14.1059"/>
      <trkpt lat="-21.8996" lon="14.1054"/>
      <trkpt lat="-21.899" lon="14.105"/>
      <trkpt lat="-21.8984" lon="14.1046"/>
      <trkpt lat="-21.8978" lon="14.1042"/>
      <trkpt lat="-21.8972" lon="14.1038"/>
      <trkpt lat="-21.8967" lon="14.1035"/>
      <trkpt lat="-21.8961" lon="14.1032"/>
      <trkpt lat="-21.8958" lon="14.103"/>
      <trkpt lat="-21.8951" lon="14.1028"/>
      <trkpt lat="-21.8939" lon="14.1024"/>
      <trkpt lat="-21.893" lon="14.1021"/>
      <trkpt lat="-21.8923" lon="14.1018"/>
      <trkpt lat="-21.8905" lon="14.1012"/>
      <trkpt lat="-21.888" lon="14.1004"/>
      <trkpt lat="-21.886" lon="14.0997"/>
      <trkpt lat="-21.8855" lon="14.0995"/>
      <trkpt lat="-21.884" lon="14.099"/>
      <trkpt lat="-21.8834" lon="14.0988"/>
      <trkpt lat="-21.8825" lon="14.0983"/>
      <trkpt lat="-21.8814" lon="14.0978"/>
      <trkpt lat="-21.8805" lon="14.0972"/>
      <trkpt lat="-21.8794" lon="14.0966"/>
      <trkpt lat="-21.8773" lon="14.0954"/>
      <trkpt lat="-21.877" lon="14.0952"/>
      <trkpt lat="-21.8747" lon="14.0937"/>
      <trkpt lat="-21.8715" lon="14.0913"/>
      <trkpt lat="-21.8705" lon="14.0905"/>
      <trkpt lat="-21.8695" lon="14.0897"/>
      <trkpt lat="-21.8682" lon="14.0886"/>
      <trkpt lat="-21.867" lon="14.0875"/>
      <trkpt lat="-21.8666" lon="14.0872"/>
      <trkpt lat="-21.8664" lon="14.087"/>
      <trkpt lat="-21.8662" lon="14.0869"/>
      <trkpt lat="-21.866" lon="14.0868"/>
      <trkpt lat="-21.8655" lon="14.0865"/>
      <trkpt lat="-21.8648" lon="14.0862"/>
      <trkpt lat="-21.864" lon="14.0858"/>
      <trkpt lat="-21.8636" lon="14.0857"/>
      <trkpt lat="-21.8632" lon="14.0854"/>
      <trkpt lat="-21.8617" lon="14.0846"/>
      <trkpt lat="-21.8615" lon="14.0845"/>
      <trkpt lat="-21.8597" lon="14.0834"/>
      <trkpt lat="-21.859" lon="14.0829"/>
      <trkpt lat="-21.8583" lon="14.0825"/>
      <trkpt lat="-21.8566" lon="14.0813"/>
      <trkpt lat="-21.8554" lon="14.0804"/>
      <trkpt lat="-21.8547" lon="14.0799"/>
      <trkpt lat="-21.8539" lon="14.0794"/>
      <trkpt lat="-21.8533" lon="14.0791"/>
      <trkpt lat="-21.8524" lon="14.0785"/>
      <trkpt lat="-21.8514" lon="14.078"/>
      <trkpt lat="-21.8507" lon="14.0777"/>
      <trkpt lat="-21.8504" lon="14.0775"/>
      <trkpt lat="-21.85" lon="14.0774"/>
      <trkpt lat="-21.8494" lon="14.0772"/>
      <trkpt lat="-21.8479" lon="14.0767"/>
      <trkpt lat="-21.8469" lon="14.0764"/>
      <trkpt lat="-21.8461" lon="14.0762"/>
      <trkpt lat="-21.8436" lon="14.0755"/>
      <trkpt lat="-21.8422" lon="14.075"/>
      <trkpt lat="-21.8412" lon="14.0747"/>
      <trkpt lat="-21.8404" lon="14.0744"/>
      <trkpt lat="-21.84" lon="14.0743"/>
      <trkpt lat="-21.8395" lon="14.074"/>
      <trkpt lat="-21.8391" lon="14.0738"/>
      <trkpt lat="-21.8387" lon="14.0735"/>
      <trkpt lat="-21.838" lon="14.0731"/>
      <trkpt lat="-21.8376" lon="14.0728"/>
      <trkpt lat="-21.8371" lon="14.0724"/>
      <trkpt lat="-21.8367" lon="14.0722"/>
      <trkpt lat="-21.8364" lon="14.0721"/>
      <trkpt lat="-21.8359" lon="14.0719"/>
      <trkpt lat="-21.8352" lon="14.0717"/>
      <trkpt lat="-21.8328" lon="14.071"/>
      <trkpt lat="-21.8317" lon="14.0707"/>
      <trkpt lat="-21.831" lon="14.0705"/>
      <trkpt lat="-21.8305" lon="14.0704"/>
      <trkpt lat="-21.83" lon="14.0703"/>
      <trkpt lat="-21.8295" lon="14.0703"/>
      <trkpt lat="-21.8292" lon="14.0703"/>
      <trkpt lat="-21.8282" lon="14.0704"/>
      <trkpt lat="-21.8269" lon="14.0705"/>
      <trkpt lat="-21.8265" lon="14.0705"/>
      <trkpt lat="-21.8262" lon="14.0705"/>
      <trkpt lat="-21.826" lon="14.0704"/>
      <trkpt lat="-21.8256" lon="14.0703"/>
      <trkpt lat="-21.8253" lon="14.0701"/>
      <trkpt lat="-21.825" lon="14.07"/>
      <trkpt lat="-21.8231" lon="14.0687"/>
      <trkpt lat="-21.8219" lon="14.0679"/>
      <trkpt lat="-21.8183" lon="14.0654"/>
      <trkpt lat="-21.8177" lon="14.0648"/>
      <trkpt lat="-21.8171" lon="14.0641"/>
      <trkpt lat="-21.8099" lon="14.0526"/>
      <trkpt lat="-21.8084" lon="14.0503"/>
      <trkpt lat="-21.8045" lon="14.0446"/>
      <trkpt lat="-21.8" lon="14.0378"/>
      <trkpt lat="-21.7971" lon="14.0334"/>
      <trkpt lat="-21.7954" lon="14.0309"/>
      <trkpt lat="-21.7942" lon="14.0291"/>
      <trkpt lat="-21.7932" lon="14.0277"/>
      <trkpt lat="-21.7922" lon="14.0262"/>
      <trkpt lat="-21.7913" lon="14.0247"/>
      <trkpt lat="-21.7906" lon="14.0237"/>
      <trkpt lat="-21.7895" lon="14.022"/>
      <trkpt lat="-21.7891" lon="14.0214"/>
      <trkpt lat="-21.7887" lon="14.0209"/>
      <trkpt lat="-21.7884" lon="14.0206"/>
      <trkpt lat="-21.7879" lon="14.0203"/>
      <trkpt lat="-21.7876" lon="14.02"/>
      <trkpt lat="-21.7862" lon="14.0192"/>
      <trkpt lat="-21.7828" lon="14.0172"/>
      <trkpt lat="-21.7812" lon="14.0163"/>
      <trkpt lat="-21.7801" lon="14.0157"/>
      <trkpt lat="-21.779" lon="14.0149"/>
      <trkpt lat="-21.7778" lon="14.0141"/>
      <trkpt lat="-21.7768" lon="14.0135"/>
      <trkpt lat="-21.7742" lon="14.0117"/>
      <trkpt lat="-21.7682" lon="14.0073"/>
      <trkpt lat="-21.7657" lon="14.0055"/>
      <trkpt lat="-21.7639" lon="14.0042"/>
      <trkpt lat="-21.7619" lon="14.0031"/>
      <trkpt lat="-21.7603" lon="14.0023"/>
      <trkpt lat="-21.7578" lon="14.0009"/>
      <trkpt lat="-21.7562" lon="14.0"/>
      <trkpt lat="-21.7544" lon="13.9991"/>
      <trkpt lat="-21.7516" lon="13.9975"/>
      <trkpt lat="-21.7509" lon="13.9971"/>
      <trkpt lat="-21.7512" lon="13.9965"/>
      <trkpt lat="-21.7513" lon="13.9965"/>
      <trkpt lat="-21.7514" lon="13.9964"/>
      <trkpt lat="-21.7515" lon="13.9963"/>
      <trkpt lat="-21.7516" lon="13.9962"/>
      <trkpt lat="-21.7518" lon="13.9962"/>
      <trkpt lat="-21.7535" lon="13.9958"/>
      <trkpt lat="-21.7547" lon="13.9953"/>
      <trkpt lat="-21.7572" lon="13.994"/>
      <trkpt lat="-21.7593" lon="13.9927"/>
      <trkpt lat="-21.7611" lon="13.9913"/>
      <trkpt lat="-21.7627" lon="13.9899"/>
      <trkpt lat="-21.7642" lon="13.9884"/>
      <trkpt lat="-21.7643" lon="13.9883"/>
      <trkpt lat="-21.7644" lon="13.9881"/>
      <trkpt lat="-21.7645" lon="13.9879"/>
      <trkpt lat="-21.7646" lon="13.9875"/>
      <trkpt lat="-21.7647" lon="13.987"/>
      <trkpt lat="-21.7647" lon="13.9866"/>
      <trkpt lat="-21.7648" lon="13.9861"/>
      <trkpt lat="-21.7648" lon="13.9856"/>
      <trkpt lat="-21.7647" lon="13.9847"/>
      <trkpt lat="-21.7644" lon="13.9837"/>
      <trkpt lat="-21.7638" lon="13.9822"/>
      <trkpt lat="-21.7631" lon="13.9806"/>
      <trkpt lat="-21.762" lon="13.9792"/>
      <trkpt lat="-21.7616" lon="13.9787"/>
      <trkpt lat="-21.7614" lon="13.9784"/>
      <trkpt lat="-21.7614" lon="13.9782"/>
      <trkpt lat="-21.7606" lon="13.9729"/>
      <trkpt lat="-21.7603" lon="13.9702"/>
      <trkpt lat="-21.7603" lon="13.97"/>
      <trkpt lat="-21.7598" lon="13.9678"/>
      <trkpt lat="-21.7598" lon="13.9674"/>
      <trkpt lat="-21.7599" lon="13.9673"/>
      <trkpt lat="-21.76" lon="13.9672"/>
      <trkpt lat="-21.7628" lon="13.9653"/>
      <trkpt lat="-21.7638" lon="13.9644"/>
      <trkpt lat="-21.7644" lon="13.9641"/>
      <trkpt lat="-21.7652" lon="13.9639"/>
      <trkpt lat="-21.766" lon="13.9639"/>
      <trkpt lat="-21.7668" lon="13.964"/>
      <trkpt lat="-21.7681" lon="13.9639"/>
      <trkpt lat="-21.7691" lon="13.9637"/>
      <trkpt lat="-21.7694" lon="13.9635"/>
      <trkpt lat="-21.7696" lon="13.9632"/>
      <trkpt lat="-21.7698" lon="13.9628"/>
      <trkpt lat="-21.77" lon="13.9623"/>
      <trkpt lat="-21.77" lon="13.9615"/>
      <trkpt lat="-21.77" lon="13.9608"/>
      <trkpt lat="-21.7698" lon="13.9594"/>
      <trkpt lat="-21.7697" lon="13.9589"/>
      <trkpt lat="-21.7697" lon="13.9583"/>
      <trkpt lat="-21.7701" lon="13.9573"/>
      <trkpt lat="-21.7704" lon="13.9565"/>
      <trkpt lat="-21.7706" lon="13.9556"/>
      <trkpt lat="-21.7706" lon="13.9548"/>
      <trkpt lat="-21.7707" lon="13.9544"/>
      <trkpt lat="-21.7708" lon="13.9541"/>
      <trkpt lat="-21.7715" lon="13.9531"/>
      <trkpt lat="-21.7718" lon="13.9525"/>
      <trkpt lat="-21.7718" lon="13.9525"/>
      <trkpt lat="-21.7715" lon="13.9531"/>
      <trkpt lat="-21.7708" lon="13.9541"/>
      <trkpt lat="-21.7707" lon="13.9544"/>
      <trkpt lat="-21.7706" lon="13.9548"/>
      <trkpt lat="-21.7706" lon="13.9556"/>
      <trkpt lat="-21.7704" lon="13.9565"/>
      <trkpt lat="-21.7701" lon="13.9573"/>
      <trkpt lat="-21.7697" lon="13.9583"/>
      <trkpt lat="-21.7697" lon="13.9589"/>
      <trkpt lat="-21.7698" lon="13.9594"/>
      <trkpt lat="-21.77" lon="13.9608"/>
      <trkpt lat="-21.77" lon="13.9615"/>
      <trkpt lat="-21.77" lon="13.9623"/>
      <trkpt lat="-21.7698" lon="13.9628"/>
      <trkpt lat="-21.7696" lon="13.9632"/>
      <trkpt lat="-21.7694" lon="13.9635"/>
      <trkpt lat="-21.7691" lon="13.9637"/>
      <trkpt lat="-21.7681" lon="13.9639"/>
      <trkpt lat="-21.7668" lon="13.964"/>
      <trkpt lat="-21.766" lon="13.9639"/>
      <trkpt lat="-21.7652" lon="13.9639"/>
      <trkpt lat="-21.7644" lon="13.9641"/>
      <trkpt lat="-21.7638" lon="13.9644"/>
      <trkpt lat="-21.7628" lon="13.9653"/>
      <trkpt lat="-21.76" lon="13.9672"/>
      <trkpt lat="-21.7599" lon="13.9673"/>
      <trkpt lat="-21.7598" lon="13.9674"/>
      <trkpt lat="-21.7598" lon="13.9678"/>
      <trkpt lat="-21.7603" lon="13.97"/>
      <trkpt lat="-21.7603" lon="13.9702"/>
      <trkpt lat="-21.7606" lon="13.9729"/>
      <trkpt lat="-21.7614" lon="13.9782"/>
      <trkpt lat="-21.7614" lon="13.9784"/>
      <trkpt lat="-21.7616" lon="13.9787"/>
      <trkpt lat="-21.762" lon="13.9792"/>
      <trkpt lat="-21.7631" lon="13.9806"/>
      <trkpt lat="-21.7638" lon="13.9822"/>
      <trkpt lat="-21.7644" lon="13.9837"/>
      <trkpt lat="-21.7647" lon="13.9847"/>
      <trkpt lat="-21.7648" lon="13.9856"/>
      <trkpt lat="-21.7648" lon="13.9861"/>
      <trkpt lat="-21.7647" lon="13.9866"/>
      <trkpt lat="-21.7647" lon="13.987"/>
      <trkpt lat="-21.7646" lon="13.9875"/>
      <trkpt lat="-21.7645" lon="13.9879"/>
      <trkpt lat="-21.7644" lon="13.9881"/>
      <trkpt lat="-21.7643" lon="13.9883"/>
      <trkpt lat="-21.7642" lon="13.9884"/>
      <trkpt lat="-21.7627" lon="13.9899"/>
      <trkpt lat="-21.7611" lon="13.9913"/>
      <trkpt lat="-21.7593" lon="13.9927"/>
      <trkpt lat="-21.7572" lon="13.994"/>
      <trkpt lat="-21.7547" lon="13.9953"/>
      <trkpt lat="-21.7535" lon="13.9958"/>
      <trkpt lat="-21.7518" lon="13.9962"/>
      <trkpt lat="-21.7516" lon="13.9962"/>
      <trkpt lat="-21.7515" lon="13.9963"/>
      <trkpt lat="-21.7514" lon="13.9964"/>
      <trkpt lat="-21.7513" lon="13.9965"/>
      <trkpt lat="-21.7512" lon="13.9965"/>
      <trkpt lat="-21.7509" lon="13.9971"/>
      <trkpt lat="-21.7453" lon="13.994"/>
      <trkpt lat="-21.7396" lon="13.9909"/>
      <trkpt lat="-21.7383" lon="13.9901"/>
      <trkpt lat="-21.7371" lon="13.9894"/>
      <trkpt lat="-21.7366" lon="13.9891"/>
      <trkpt lat="-21.736" lon="13.9888"/>
      <trkpt lat="-21.7352" lon="13.9884"/>
      <trkpt lat="-21.734" lon="13.9877"/>
      <trkpt lat="-21.7334" lon="13.9874"/>
      <trkpt lat="-21.7241" lon="13.9823"/>
      <trkpt lat="-21.7231" lon="13.9817"/>
      <trkpt lat="-21.7226" lon="13.9815"/>
      <trkpt lat="-21.7221" lon="13.9812"/>
      <trkpt lat="-21.7216" lon="13.9811"/>
      <trkpt lat="-21.7201" lon="13.9808"/>
      <trkpt lat="-21.7197" lon="13.9807"/>
      <trkpt lat="-21.718" lon="13.9803"/>
      <trkpt lat="-21.7149" lon="13.9797"/>
      <trkpt lat="-21.714" lon="13.9796"/>
      <trkpt lat="-21.7137" lon="13.9795"/>
      <trkpt lat="-21.7132" lon="13.9794"/>
      <trkpt lat="-21.7126" lon="13.9792"/>
      <trkpt lat="-21.7122" lon="13.9791"/>
      <trkpt lat="-21.7114" lon="13.9787"/>
      <trkpt lat="-21.7099" lon="13.9779"/>
      <trkpt lat="-21.7084" lon="13.9772"/>
      <trkpt lat="-21.7054" lon="13.9756"/>
      <trkpt lat="-21.6966" lon="13.9712"/>
      <trkpt lat="-21.6942" lon="13.9699"/>
      <trkpt lat="-21.6934" lon="13.9696"/>
      <trkpt lat="-21.693" lon="13.9693"/>
      <trkpt lat="-21.6924" lon="13.969"/>
      <trkpt lat="-21.6915" lon="13.9683"/>
      <trkpt lat="-21.6899" lon="13.9671"/>
      <trkpt lat="-21.6889" lon="13.9664"/>
      <trkpt lat="-21.6879" lon="13.9657"/>
      <trkpt lat="-21.6864" lon="13.9646"/>
      <trkpt lat="-21.6838" lon="13.9626"/>
      <trkpt lat="-21.6783" lon="13.9586"/>
      <trkpt lat="-21.674" lon="13.9554"/>
      <trkpt lat="-21.6734" lon="13.955"/>
      <trkpt lat="-21.673" lon="13.9547"/>
      <trkpt lat="-21.6724" lon="13.9543"/>
      <trkpt lat="-21.672" lon="13.954"/>
      <trkpt lat="-21.6713" lon="13.9534"/>
      <trkpt lat="-21.6705" lon="13.9528"/>
      <trkpt lat="-21.6703" lon="13.9527"/>
      <trkpt lat="-21.6701" lon="13.9525"/>
      <trkpt lat="-21.67" lon="13.9523"/>
      <trkpt lat="-21.6694" lon="13.9517"/>
      <trkpt lat="-21.6685" lon="13.9506"/>
      <trkpt lat="-21.6678" lon="13.9498"/>
      <trkpt lat="-21.6675" lon="13.9495"/>
      <trkpt lat="-21.667" lon="13.949"/>
      <trkpt lat="-21.6662" lon="13.948"/>
      <trkpt lat="-21.6637" lon="13.9451"/>
      <trkpt lat="-21.6592" lon="13.94"/>
      <trkpt lat="-21.6558" lon="13.936"/>
      <trkpt lat="-21.6545" lon="13.9345"/>
      <trkpt lat="-21.6531" lon="13.9329"/>
      <trkpt lat="-21.6508" lon="13.9302"/>
      <trkpt lat="-21.6502" lon="13.9295"/>
      <trkpt lat="-21.6484" lon="13.9274"/>
      <trkpt lat="-21.6481" lon="13.9271"/>
      <trkpt lat="-21.6473" lon="13.9262"/>
      <trkpt lat="-21.6467" lon="13.9255"/>
      <trkpt lat="-21.646" lon="13.9247"/>
      <trkpt lat="-21.6456" lon="13.9243"/>
      <trkpt lat="-21.6451" lon="13.9238"/>
      <trkpt lat="-21.6447" lon="13.9235"/>
      <trkpt lat="-21.6444" lon="13.9232"/>
      <trkpt lat="-21.6437" lon="13.9228"/>
      <trkpt lat="-21.6431" lon="13.9225"/>
      <trkpt lat="-21.6425" lon="13.9221"/>
      <trkpt lat="-21.6412" lon="13.9213"/>
      <trkpt lat="-21.6409" lon="13.9211"/>
      <trkpt lat="-21.6401" lon="13.9206"/>
      <trkpt lat="-21.6378" lon="13.9193"/>
      <trkpt lat="-21.6367" lon="13.9186"/>
      <trkpt lat="-21.6348" lon="13.9174"/>
      <trkpt lat="-21.6321" lon="13.9158"/>
      <trkpt lat="-21.6317" lon="13.9156"/>
      <trkpt lat="-21.6261" lon="13.9122"/>
      <trkpt lat="-21.6242" lon="13.911"/>
      <trkpt lat="-21.6215" lon="13.9094"/>
      <trkpt lat="-21.6194" lon="13.9081"/>
      <trkpt lat="-21.6175" lon="13.907"/>
      <trkpt lat="-21.6167" lon="13.9065"/>
      <trkpt lat="-21.6162" lon="13.9062"/>
      <trkpt lat="-21.6153" lon="13.9056"/>
      <trkpt lat="-21.6149" lon="13.9054"/>
      <trkpt lat="-21.6144" lon="13.9051"/>
      <trkpt lat="-21.6139" lon="13.9047"/>
      <trkpt lat="-21.6134" lon="13.9044"/>
      <trkpt lat="-21.6124" lon="13.9038"/>
      <trkpt lat="-21.612" lon="13.9035"/>
      <trkpt lat="-21.6117" lon="13.9033"/>
      <trkpt lat="-21.611" lon="13.9028"/>
      <trkpt lat="-21.6103" lon="13.9024"/>
      <trkpt lat="-21.6096" lon="13.9019"/>
      <trkpt lat="-21.6088" lon="13.9014"/>
      <trkpt lat="-21.6067" lon="13.9"/>
      <trkpt lat="-21.6055" lon="13.8992"/>
      <trkpt lat="-21.6039" lon="13.8981"/>
      <trkpt lat="-21.6022" lon="13.897"/>
      <trkpt lat="-21.6004" lon="13.8959"/>
      <trkpt lat="-21.5999" lon="13.8955"/>
      <trkpt lat="-21.5986" lon="13.8947"/>
      <trkpt lat="-21.5983" lon="13.8945"/>
      <trkpt lat="-21.5978" lon="13.8941"/>
      <trkpt lat="-21.5971" lon="13.8937"/>
      <trkpt lat="-21.5964" lon="13.8932"/>
      <trkpt lat="-21.5958" lon="13.8928"/>
      <trkpt lat="-21.5953" lon="13.8925"/>
      <trkpt lat="-21.5939" lon="13.8915"/>
      <trkpt lat="-21.5908" lon="13.8895"/>
      <trkpt lat="-21.5902" lon="13.8891"/>
      <trkpt lat="-21.5891" lon="13.8884"/>
      <trkpt lat="-21.588" lon="13.8877"/>
      <trkpt lat="-21.586" lon="13.8863"/>
      <trkpt lat="-21.585" lon="13.8858"/>
      <trkpt lat="-21.5822" lon="13.8839"/>
      <trkpt lat="-21.5815" lon="13.8834"/>
      <trkpt lat="-21.5814" lon="13.8833"/>
      <trkpt lat="-21.5807" lon="13.8829"/>
      <trkpt lat="-21.5805" lon="13.8828"/>
      <trkpt lat="-21.58" lon="13.8825"/>
      <trkpt lat="-21.5798" lon="13.8824"/>
      <trkpt lat="-21.5793" lon="13.8823"/>
      <trkpt lat="-21.5791" lon="13.8822"/>
      <trkpt lat="-21.5786" lon="13.882"/>
      <trkpt lat="-21.5782" lon="13.8819"/>
      <trkpt lat="-21.5777" lon="13.8818"/>
      <trkpt lat="-21.5755" lon="13.8814"/>
      <trkpt lat="-21.5736" lon="13.881"/>
      <trkpt lat="-21.572" lon="13.8807"/>
      <trkpt lat="-21.5706" lon="13.8804"/>
      <trkpt lat="-21.57" lon="13.8802"/>
      <trkpt lat="-21.5689" lon="13.88"/>
      <trkpt lat="-21.5675" lon="13.8797"/>
      <trkpt lat="-21.565" lon="13.8792"/>
      <trkpt lat="-21.5624" lon="13.8786"/>
      <trkpt lat="-21.5619" lon="13.8786"/>
      <trkpt lat="-21.5615" lon="13.8785"/>
      <trkpt lat="-21.5608" lon="13.8785"/>
      <trkpt lat="-21.5603" lon="13.8785"/>
      <trkpt lat="-21.56" lon="13.8785"/>
      <trkpt lat="-21.5596" lon="13.8786"/>
      <trkpt lat="-21.5592" lon="13.8786"/>
      <trkpt lat="-21.5588" lon="13.8788"/>
      <trkpt lat="-21.5579" lon="13.8791"/>
      <trkpt lat="-21.5573" lon="13.8793"/>
      <trkpt lat="-21.5537" lon="13.8804"/>
      <trkpt lat="-21.5535" lon="13.8805"/>
      <trkpt lat="-21.5532" lon="13.8805"/>
      <trkpt lat="-21.5529" lon="13.8806"/>
      <trkpt lat="-21.5526" lon="13.8806"/>
      <trkpt lat="-21.5521" lon="13.8806"/>
      <trkpt lat="-21.5519" lon="13.8806"/>
      <trkpt lat="-21.5518" lon="13.8805"/>
      <trkpt lat="-21.5514" lon="13.8805"/>
      <trkpt lat="-21.5511" lon="13.8803"/>
      <trkpt lat="-21.5505" lon="13.8801"/>
      <trkpt lat="-21.5502" lon="13.88"/>
      <trkpt lat="-21.5484" lon="13.8789"/>
      <trkpt lat="-21.5481" lon="13.8787"/>
      <trkpt lat="-21.546" lon="13.8773"/>
      <trkpt lat="-21.5456" lon="13.877"/>
      <trkpt lat="-21.5445" lon="13.8764"/>
      <trkpt lat="-21.5412" lon="13.8743"/>
      <trkpt lat="-21.5407" lon="13.874"/>
      <trkpt lat="-21.5402" lon="13.8738"/>
      <trkpt lat="-21.5395" lon="13.8735"/>
      <trkpt lat="-21.5387" lon="13.8733"/>
      <trkpt lat="-21.5339" lon="13.8723"/>
      <trkpt lat="-21.5335" lon="13.8722"/>
      <trkpt lat="-21.5307" lon="13.8716"/>
      <trkpt lat="-21.5296" lon="13.8714"/>
      <trkpt lat="-21.5284" lon="13.8711"/>
      <trkpt lat="-21.5269" lon="13.8708"/>
      <trkpt lat="-21.5258" lon="13.8705"/>
      <trkpt lat="-21.5249" lon="13.8704"/>
      <trkpt lat="-21.5237" lon="13.8701"/>
      <trkpt lat="-21.5224" lon="13.8698"/>
      <trkpt lat="-21.5212" lon="13.8695"/>
      <trkpt lat="-21.5205" lon="13.8694"/>
      <trkpt lat="-21.52" lon="13.8693"/>
      <trkpt lat="-21.5197" lon="13.8693"/>
      <trkpt lat="-21.5195" lon="13.8693"/>
      <trkpt lat="-21.5193" lon="13.8693"/>
      <trkpt lat="-21.5187" lon="13.8693"/>
      <trkpt lat="-21.5183" lon="13.8693"/>
      <trkpt lat="-21.5179" lon="13.8694"/>
      <trkpt lat="-21.5175" lon="13.8695"/>
      <trkpt lat="-21.5155" lon="13.87"/>
      <trkpt lat="-21.5148" lon="13.8702"/>
      <trkpt lat="-21.5143" lon="13.8703"/>
      <trkpt lat="-21.514" lon="13.8704"/>
      <trkpt lat="-21.5136" lon="13.8704"/>
      <trkpt lat="-21.5132" lon="13.8705"/>
      <trkpt lat="-21.513" lon="13.8705"/>
      <trkpt lat="-21.5125" lon="13.8705"/>
      <trkpt lat="-21.5122" lon="13.8704"/>
      <trkpt lat="-21.5117" lon="13.8704"/>
      <trkpt lat="-21.511" lon="13.8702"/>
      <trkpt lat="-21.5108" lon="13.8702"/>
      <trkpt lat="-21.5099" lon="13.8699"/>
      <trkpt lat="-21.5094" lon="13.8697"/>
      <trkpt lat="-21.5087" lon="13.8694"/>
      <trkpt lat="-21.5086" lon="13.8693"/>
      <trkpt lat="-21.5084" lon="13.8692"/>
      <trkpt lat="-21.508" lon="13.869"/>
      <trkpt lat="-21.5075" lon="13.8686"/>
      <trkpt lat="-21.5071" lon="13.8682"/>
      <trkpt lat="-21.5064" lon="13.8678"/>
      <trkpt lat="-21.5058" lon="13.8673"/>
      <trkpt lat="-21.505" lon="13.8667"/>
      <trkpt lat="-21.5045" lon="13.8663"/>
      <trkpt lat="-21.5041" lon="13.866"/>
      <trkpt lat="-21.5037" lon="13.8658"/>
      <trkpt lat="-21.5031" lon="13.8653"/>
      <trkpt lat="-21.5024" lon="13.8648"/>
      <trkpt lat="-21.5015" lon="13.864"/>
      <trkpt lat="-21.5009" lon="13.8636"/>
      <trkpt lat="-21.5001" lon="13.8631"/>
      <trkpt lat="-21.4998" lon="13.8628"/>
      <trkpt lat="-21.4997" lon="13.8627"/>
      <trkpt lat="-21.4987" lon="13.862"/>
      <trkpt lat="-21.4982" lon="13.8616"/>
      <trkpt lat="-21.4974" lon="13.861"/>
      <trkpt lat="-21.4962" lon="13.86"/>
      <trkpt lat="-21.4956" lon="13.8596"/>
      <trkpt lat="-21.4952" lon="13.8594"/>
      <trkpt lat="-21.4947" lon="13.859"/>
      <trkpt lat="-21.4943" lon="13.8587"/>
      <trkpt lat="-21.4938" lon="13.8584"/>
      <trkpt lat="-21.4933" lon="13.8583"/>
      <trkpt lat="-21.493" lon="13.8581"/>
      <trkpt lat="-21.4925" lon="13.8579"/>
      <trkpt lat="-21.4919" lon="13.8578"/>
      <trkpt lat="-21.4906" lon="13.8573"/>
      <trkpt lat="-21.489" lon="13.8568"/>
      <trkpt lat="-21.4864" lon="13.8559"/>
      <trkpt lat="-21.4839" lon="13.855"/>
      <trkpt lat="-21.4831" lon="13.8548"/>
      <trkpt lat="-21.4822" lon="13.8544"/>
      <trkpt lat="-21.4804" lon="13.8539"/>
      <trkpt lat="-21.4785" lon="13.8532"/>
      <trkpt lat="-21.4774" lon="13.8528"/>
      <trkpt lat="-21.477" lon="13.8527"/>
      <trkpt lat="-21.4766" lon="13.8525"/>
      <trkpt lat="-21.4764" lon="13.8523"/>
      <trkpt lat="-21.476" lon="13.8521"/>
      <trkpt lat="-21.4758" lon="13.8518"/>
      <trkpt lat="-21.4756" lon="13.8515"/>
      <trkpt lat="-21.4754" lon="13.8512"/>
      <trkpt lat="-21.4691" lon="13.841"/>
      <trkpt lat="-21.468" lon="13.8393"/>
      <trkpt lat="-21.4677" lon="13.8388"/>
      <trkpt lat="-21.4674" lon="13.8384"/>
      <trkpt lat="-21.4671" lon="13.8378"/>
      <trkpt lat="-21.4667" lon="13.8374"/>
      <trkpt lat="-21.4665" lon="13.8371"/>
      <trkpt lat="-21.4662" lon="13.8367"/>
      <trkpt lat="-21.466" lon="13.8365"/>
      <trkpt lat="-21.4657" lon="13.8363"/>
      <trkpt lat="-21.4654" lon="13.8361"/>
      <trkpt lat="-21.4648" lon="13.8357"/>
      <trkpt lat="-21.4643" lon="13.8354"/>
      <trkpt lat="-21.4637" lon="13.835"/>
      <trkpt lat="-21.4626" lon="13.8343"/>
      <trkpt lat="-21.4604" lon="13.833"/>
      <trkpt lat="-21.4581" lon="13.8315"/>
      <trkpt lat="-21.4551" lon="13.8296"/>
      <trkpt lat="-21.4506" lon="13.8268"/>
      <trkpt lat="-21.4494" lon="13.8261"/>
      <trkpt lat="-21.4473" lon="13.8247"/>
      <trkpt lat="-21.4467" lon="13.8244"/>
      <trkpt lat="-21.4464" lon="13.8241"/>
      <trkpt lat="-21.4453" lon="13.8235"/>
      <trkpt lat="-21.4445" lon="13.823"/>
      <trkpt lat="-21.443" lon="13.822"/>
      <trkpt lat="-21.4418" lon="13.8212"/>
      <trkpt lat="-21.4382" lon="13.819"/>
      <trkpt lat="-21.4381" lon="13.8189"/>
      <trkpt lat="-21.4349" lon="13.8169"/>
      <trkpt lat="-21.4323" lon="13.8152"/>
      <trkpt lat="-21.4317" lon="13.8149"/>
      <trkpt lat="-21.431" lon="13.8144"/>
      <trkpt lat="-21.4303" lon="13.814"/>
      <trkpt lat="-21.429" lon="13.8131"/>
      <trkpt lat="-21.4276" lon="13.8123"/>
      <trkpt lat="-21.425" lon="13.8106"/>
      <trkpt lat="-21.424" lon="13.8101"/>
      <trkpt lat="-21.4229" lon="13.8093"/>
      <trkpt lat="-21.4214" lon="13.8084"/>
      <trkpt lat="-21.4204" lon="13.8077"/>
      <trkpt lat="-21.4191" lon="13.807"/>
      <trkpt lat="-21.418" lon="13.8063"/>
      <trkpt lat="-21.4173" lon="13.8058"/>
      <trkpt lat="-21.4166" lon="13.8054"/>
      <trkpt lat="-21.4153" lon="13.8046"/>
      <trkpt lat="-21.4147" lon="13.8041"/>
      <trkpt lat="-21.414" lon="13.8038"/>
      <trkpt lat="-21.4136" lon="13.8036"/>
      <trkpt lat="-21.4131" lon="13.8034"/>
      <trkpt lat="-21.4128" lon="13.8033"/>
      <trkpt lat="-21.4125" lon="13.8033"/>
      <trkpt lat="-21.4116" lon="13.8031"/>
      <trkpt lat="-21.4103" lon="13.8029"/>
      <trkpt lat="-21.4091" lon="13.8027"/>
      <trkpt lat="-21.4085" lon="13.8026"/>
      <trkpt lat="-21.4035" lon="13.8017"/>
      <trkpt lat="-21.3917" lon="13.7997"/>
      <trkpt lat="-21.387" lon="13.7989"/>
      <trkpt lat="-21.3767" lon="13.7971"/>
      <trkpt lat="-21.3749" lon="13.7968"/>
      <trkpt lat="-21.3618" lon="13.7946"/>
      <trkpt lat="-21.3604" lon="13.7943"/>
      <trkpt lat="-21.3598" lon="13.7942"/>
      <trkpt lat="-21.3591" lon="13.794"/>
      <trkpt lat="-21.3586" lon="13.7938"/>
      <trkpt lat="-21.3583" lon="13.7937"/>
      <trkpt lat="-21.3579" lon="13.7934"/>
      <trkpt lat="-21.3577" lon="13.7933"/>
      <trkpt lat="-21.3573" lon="13.793"/>
      <trkpt lat="-21.3569" lon="13.7927"/>
      <trkpt lat="-21.3563" lon="13.7921"/>
      <trkpt lat="-21.3556" lon="13.7914"/>
      <trkpt lat="-21.3546" lon="13.7905"/>
      <trkpt lat="-21.3536" lon="13.7895"/>
      <trkpt lat="-21.3527" lon="13.7887"/>
      <trkpt lat="-21.3514" lon="13.7875"/>
      <trkpt lat="-21.3502" lon="13.7864"/>
      <trkpt lat="-21.3486" lon="13.7849"/>
      <trkpt lat="-21.3466" lon="13.783"/>
      <trkpt lat="-21.3422" lon="13.7789"/>
      <trkpt lat="-21.3378" lon="13.7748"/>
      <trkpt lat="-21.3348" lon="13.772"/>
      <trkpt lat="-21.332" lon="13.7694"/>
      <trkpt lat="-21.3304" lon="13.7679"/>
      <trkpt lat="-21.3287" lon="13.7663"/>
      <trkpt lat="-21.328" lon="13.7656"/>
      <trkpt lat="-21.3176" lon="13.756"/>
      <trkpt lat="-21.317" lon="13.7555"/>
      <trkpt lat="-21.3162" lon="13.7547"/>
      <trkpt lat="-21.315" lon="13.7536"/>
      <trkpt lat="-21.3146" lon="13.7532"/>
      <trkpt lat="-21.3139" lon="13.7526"/>
      <trkpt lat="-21.3132" lon="13.7519"/>
      <trkpt lat="-21.3126" lon="13.7513"/>
      <trkpt lat="-21.312" lon="13.7508"/>
      <trkpt lat="-21.3115" lon="13.7503"/>
      <trkpt lat="-21.311" lon="13.7498"/>
      <trkpt lat="-21.3105" lon="13.7494"/>
      <trkpt lat="-21.3094" lon="13.7483"/>
      <trkpt lat="-21.3088" lon="13.7478"/>
      <trkpt lat="-21.3082" lon="13.7472"/>
      <trkpt lat="-21.3076" lon="13.7467"/>
      <trkpt lat="-21.3071" lon="13.7462"/>
      <trkpt lat="-21.3057" lon="13.7449"/>
      <trkpt lat="-21.3038" lon="13.7431"/>
      <trkpt lat="-21.3021" lon="13.7415"/>
      <trkpt lat="-21.3015" lon="13.7409"/>
      <trkpt lat="-21.3009" lon="13.7404"/>
      <trkpt lat="-21.3007" lon="13.7403"/>
      <trkpt lat="-21.3005" lon="13.7401"/>
      <trkpt lat="-21.3" lon="13.7398"/>
      <trkpt lat="-21.2994" lon="13.7395"/>
      <trkpt lat="-21.2991" lon="13.7393"/>
      <trkpt lat="-21.2982" lon="13.7388"/>
      <trkpt lat="-21.2966" lon="13.7379"/>
      <trkpt lat="-21.2954" lon="13.7373"/>
      <trkpt lat="-21.2941" lon="13.7366"/>
      <trkpt lat="-21.2929" lon="13.736"/>
      <trkpt lat="-21.2917" lon="13.7353"/>
      <trkpt lat="-21.2905" lon="13.7347"/>
      <trkpt lat="-21.2895" lon="13.7341"/>
      <trkpt lat="-21.289" lon="13.7339"/>
      <trkpt lat="-21.2886" lon="13.7337"/>
      <trkpt lat="-21.2878" lon="13.7332"/>
      <trkpt lat="-21.2875" lon="13.7331"/>
      <trkpt lat="-21.2867" lon="13.7326"/>
      <trkpt lat="-21.2861" lon="13.7323"/>
      <trkpt lat="-21.2855" lon="13.732"/>
      <trkpt lat="-21.2851" lon="13.7318"/>
      <trkpt lat="-21.2846" lon="13.7315"/>
      <trkpt lat="-21.284" lon="13.7312"/>
      <trkpt lat="-21.2836" lon="13.7309"/>
      <trkpt lat="-21.2829" lon="13.7306"/>
      <trkpt lat="-21.2825" lon="13.7304"/>
      <trkpt lat="-21.282" lon="13.7301"/>
      <trkpt lat="-21.2815" lon="13.7299"/>
      <trkpt lat="-21.2803" lon="13.7292"/>
      <trkpt lat="-21.2796" lon="13.7289"/>
      <trkpt lat="-21.2792" lon="13.7286"/>
      <trkpt lat="-21.2783" lon="13.7281"/>
      <trkpt lat="-21.276" lon="13.7269"/>
      <trkpt lat="-21.2754" lon="13.7266"/>
      <trkpt lat="-21.2748" lon="13.7263"/>
      <trkpt lat="-21.2739" lon="13.7258"/>
      <trkpt lat="-21.2735" lon="13.7256"/>
      <trkpt lat="-21.2716" lon="13.7246"/>
      <trkpt lat="-21.2703" lon="13.7239"/>
      <trkpt lat="-21.2693" lon="13.7233"/>
      <trkpt lat="-21.2686" lon="13.723"/>
      <trkpt lat="-21.268" lon="13.7226"/>
      <trkpt lat="-21.2672" lon="13.7222"/>
      <trkpt lat="-21.2662" lon="13.7217"/>
      <trkpt lat="-21.2656" lon="13.7214"/>
      <trkpt lat="-21.2653" lon="13.7212"/>
      <trkpt lat="-21.2648" lon="13.7209"/>
      <trkpt lat="-21.263" lon="13.72"/>
      <trkpt lat="-21.2625" lon="13.7197"/>
      <trkpt lat="-21.2621" lon="13.7194"/>
      <trkpt lat="-21.2608" lon="13.7188"/>
      <trkpt lat="-21.2595" lon="13.7181"/>
      <trkpt lat="-21.2569" lon="13.7167"/>
      <trkpt lat="-21.256" lon="13.7162"/>
      <trkpt lat="-21.2559" lon="13.7162"/>
      <trkpt lat="-21.2548" lon="13.7156"/>
      <trkpt lat="-21.2537" lon="13.715"/>
      <trkpt lat="-21.253" lon="13.7146"/>
      <trkpt lat="-21.2522" lon="13.7142"/>
      <trkpt lat="-21.2517" lon="13.7139"/>
      <trkpt lat="-21.2512" lon="13.7136"/>
      <trkpt lat="-21.2509" lon="13.7135"/>
      <trkpt lat="-21.2507" lon="13.7133"/>
      <trkpt lat="-21.2503" lon="13.7131"/>
      <trkpt lat="-21.2501" lon="13.7129"/>
      <trkpt lat="-21.2498" lon="13.7127"/>
      <trkpt lat="-21.2495" lon="13.7125"/>
      <trkpt lat="-21.2493" lon="13.7124"/>
      <trkpt lat="-21.2491" lon="13.7122"/>
      <trkpt lat="-21.2485" lon="13.7117"/>
      <trkpt lat="-21.2483" lon="13.7115"/>
      <trkpt lat="-21.2481" lon="13.7113"/>
      <trkpt lat="-21.248" lon="13.7112"/>
      <trkpt lat="-21.2476" lon="13.711"/>
      <trkpt lat="-21.2467" lon="13.7102"/>
      <trkpt lat="-21.2462" lon="13.7098"/>
      <trkpt lat="-21.2453" lon="13.709"/>
      <trkpt lat="-21.2448" lon="13.7086"/>
      <trkpt lat="-21.2443" lon="13.7082"/>
      <trkpt lat="-21.2433" lon="13.7074"/>
      <trkpt lat="-21.2425" lon="13.7068"/>
      <trkpt lat="-21.2422" lon="13.7066"/>
      <trkpt lat="-21.2417" lon="13.7061"/>
      <trkpt lat="-21.2409" lon="13.7055"/>
      <trkpt lat="-21.2407" lon="13.7053"/>
      <trkpt lat="-21.2405" lon="13.7051"/>
      <trkpt lat="-21.2399" lon="13.7046"/>
      <trkpt lat="-21.2387" lon="13.7037"/>
      <trkpt lat="-21.2358" lon="13.7013"/>
      <trkpt lat="-21.2299" lon="13.6965"/>
      <trkpt lat="-21.2274" lon="13.6944"/>
      <trkpt lat="-21.2251" lon="13.6925"/>
      <trkpt lat="-21.2244" lon="13.692"/>
      <trkpt lat="-21.2225" lon="13.6904"/>
      <trkpt lat="-21.222" lon="13.6899"/>
      <trkpt lat="-21.221" lon="13.6892"/>
      <trkpt lat="-21.2202" lon="13.6885"/>
      <trkpt lat="-21.2184" lon="13.687"/>
      <trkpt lat="-21.2174" lon="13.6862"/>
      <trkpt lat="-21.2169" lon="13.6858"/>
      <trkpt lat="-21.2156" lon="13.6847"/>
      <trkpt lat="-21.2153" lon="13.6844"/>
      <trkpt lat="-21.215" lon="13.6842"/>
      <trkpt lat="-21.2148" lon="13.6841"/>
      <trkpt lat="-21.2146" lon="13.6839"/>
      <trkpt lat="-21.2142" lon="13.6836"/>
      <trkpt lat="-21.2139" lon="13.6833"/>
      <trkpt lat="-21.2129" lon="13.6825"/>
      <trkpt lat="-21.2114" lon="13.6813"/>
      <trkpt lat="-21.2101" lon="13.6802"/>
      <trkpt lat="-21.209" lon="13.6793"/>
      <trkpt lat="-21.2087" lon="13.6791"/>
      <trkpt lat="-21.2084" lon="13.679"/>
      <trkpt lat="-21.2081" lon="13.6787"/>
      <trkpt lat="-21.2076" lon="13.6786"/>
      <trkpt lat="-21.2074" lon="13.6785"/>
      <trkpt lat="-21.207" lon="13.6783"/>
      <trkpt lat="-21.2065" lon="13.6782"/>
      <trkpt lat="-21.2061" lon="13.6781"/>
      <trkpt lat="-21.2036" lon="13.6774"/>
      <trkpt lat="-21.2026" lon="13.6772"/>
      <trkpt lat="-21.202" lon="13.677"/>
      <trkpt lat="-21.1995" lon="13.6763"/>
      <trkpt lat="-21.1987" lon="13.676"/>
      <trkpt lat="-21.1982" lon="13.6759"/>
      <trkpt lat="-21.1978" lon="13.6758"/>
      <trkpt lat="-21.1959" lon="13.6753"/>
      <trkpt lat="-21.195" lon="13.675"/>
      <trkpt lat="-21.1941" lon="13.6748"/>
      <trkpt lat="-21.1924" lon="13.6743"/>
      <trkpt lat="-21.1889" lon="13.6733"/>
      <trkpt lat="-21.1878" lon="13.673"/>
      <trkpt lat="-21.1873" lon="13.6729"/>
      <trkpt lat="-21.1868" lon="13.6728"/>
      <trkpt lat="-21.1864" lon="13.6726"/>
      <trkpt lat="-21.1857" lon="13.6725"/>
      <trkpt lat="-21.1851" lon="13.6723"/>
      <trkpt lat="-21.1845" lon="13.6721"/>
      <trkpt lat="-21.1835" lon="13.6718"/>
      <trkpt lat="-21.1825" lon="13.6716"/>
      <trkpt lat="-21.182" lon="13.6714"/>
      <trkpt lat="-21.1814" lon="13.6712"/>
      <trkpt lat="-21.1797" lon="13.6707"/>
      <trkpt lat="-21.1785" lon="13.6704"/>
      <trkpt lat="-21.1776" lon="13.6702"/>
      <trkpt lat="-21.1772" lon="13.6701"/>
      <trkpt lat="-21.1767" lon="13.6699"/>
      <trkpt lat="-21.1763" lon="13.6698"/>
      <trkpt lat="-21.1759" lon="13.6697"/>
      <trkpt lat="-21.1751" lon="13.6695"/>
      <trkpt lat="-21.1745" lon="13.6694"/>
      <trkpt lat="-21.1745" lon="13.6694"/>
      <trkpt lat="-21.1743" lon="13.6694"/>
      <trkpt lat="-21.1741" lon="13.6693"/>
      <trkpt lat="-21.1739" lon="13.6694"/>
      <trkpt lat="-21.1733" lon="13.6695"/>
      <trkpt lat="-21.1728" lon="13.6695"/>
      <trkpt lat="-21.1727" lon="13.6695"/>
      <trkpt lat="-21.1727" lon="13.6695"/>
      <trkpt lat="-21.1725" lon="13.6695"/>
      <trkpt lat="-21.1723" lon="13.6694"/>
      <trkpt lat="-21.1713" lon="13.6688"/>
      <trkpt lat="-21.1703" lon="13.6682"/>
      <trkpt lat="-21.1694" lon="13.6677"/>
      <trkpt lat="-21.1688" lon="13.6675"/>
      <trkpt lat="-21.1681" lon="13.6673"/>
      <trkpt lat="-21.1675" lon="13.6671"/>
      <trkpt lat="-21.167" lon="13.6668"/>
      <trkpt lat="-21.1658" lon="13.6662"/>
      <trkpt lat="-21.1646" lon="13.6654"/>
      <trkpt lat="-21.164" lon="13.665"/>
      <trkpt lat="-21.163" lon="13.6644"/>
      <trkpt lat="-21.1623" lon="13.6637"/>
      <trkpt lat="-21.1602" lon="13.6617"/>
      <trkpt lat="-21.1593" lon="13.6607"/>
      <trkpt lat="-21.1592" lon="13.6605"/>
      <trkpt lat="-21.1588" lon="13.6601"/>
      <trkpt lat="-21.1587" lon="13.6597"/>
      <trkpt lat="-21.1584" lon="13.6592"/>
      <trkpt lat="-21.1575" lon="13.6549"/>
      <trkpt lat="-21.1565" lon="13.6502"/>
      <trkpt lat="-21.1558" lon="13.6472"/>
      <trkpt lat="-21.1544" lon="13.6405"/>
      <trkpt lat="-21.1541" lon="13.6396"/>
      <trkpt lat="-21.1536" lon="13.638"/>
      <trkpt lat="-21.1527" lon="13.636"/>
      <trkpt lat="-21.1517" lon="13.6338"/>
      <trkpt lat="-21.1478" lon="13.6254"/>
      <trkpt lat="-21.1443" lon="13.618"/>
      <trkpt lat="-21.1439" lon="13.617"/>
      <trkpt lat="-21.1437" lon="13.6165"/>
      <trkpt lat="-21.1436" lon="13.6161"/>
      <trkpt lat="-21.1436" lon="13.6156"/>
      <trkpt lat="-21.1436" lon="13.6153"/>
      <trkpt lat="-21.1436" lon="13.6147"/>
      <trkpt lat="-21.144" lon="13.6134"/>
      <trkpt lat="-21.1442" lon="13.6128"/>
      <trkpt lat="-21.1442" lon="13.6121"/>
      <trkpt lat="-21.1441" lon="13.6116"/>
      <trkpt lat="-21.1439" lon="13.6112"/>
      <trkpt lat="-21.1437" lon="13.6109"/>
      <trkpt lat="-21.1423" lon="13.609"/>
      <trkpt lat="-21.1304" lon="13.5946"/>
      <trkpt lat="-21.1268" lon="13.5902"/>
      <trkpt lat="-21.1207" lon="13.5826"/>
      <trkpt lat="-21.1176" lon="13.5789"/>
      <trkpt lat="-21.1099" lon="13.5694"/>
      <trkpt lat="-21.1092" lon="13.5685"/>
      <trkpt lat="-21.1083" lon="13.5677"/>
      <trkpt lat="-21.1065" lon="13.5661"/>
      <trkpt lat="-21.1029" lon="13.5632"/>
      <trkpt lat="-21.1016" lon="13.5621"/>
      <trkpt lat="-21.1011" lon="13.5618"/>
      <trkpt lat="-21.1006" lon="13.5616"/>
      <trkpt lat="-21.0998" lon="13.5613"/>
      <trkpt lat="-21.0988" lon="13.5611"/>
      <trkpt lat="-21.0845" lon="13.5588"/>
      <trkpt lat="-21.0841" lon="13.5587"/>
      <trkpt lat="-21.0824" lon="13.5585"/>
      <trkpt lat="-21.0806" lon="13.5582"/>
      <trkpt lat="-21.0641" lon="13.5555"/>
      <trkpt lat="-21.0524" lon="13.5536"/>
      <trkpt lat="-21.05" lon="13.5532"/>
      <trkpt lat="-21.0486" lon="13.553"/>
      <trkpt lat="-21.0478" lon="13.5527"/>
      <trkpt lat="-21.047" lon="13.5524"/>
      <trkpt lat="-21.0455" lon="13.5516"/>
      <trkpt lat="-21.045" lon="13.5514"/>
      <trkpt lat="-21.0434" lon="13.5504"/>
      <trkpt lat="-21.0417" lon="13.5493"/>
      <trkpt lat="-21.0415" lon="13.5492"/>
      <trkpt lat="-21.041" lon="13.5487"/>
      <trkpt lat="-21.0398" lon="13.5475"/>
      <trkpt lat="-21.0364" lon="13.5441"/>
      <trkpt lat="-21.0341" lon="13.5418"/>
      <trkpt lat="-21.0336" lon="13.5413"/>
      <trkpt lat="-21.0328" lon="13.5405"/>
      <trkpt lat="-21.0318" lon="13.5395"/>
      <trkpt lat="-21.0314" lon="13.5391"/>
      <trkpt lat="-21.031" lon="13.5389"/>
      <trkpt lat="-21.0301" lon="13.5384"/>
      <trkpt lat="-21.0268" lon="13.5368"/>
      <trkpt lat="-21.0256" lon="13.5363"/>
      <trkpt lat="-21.0244" lon="13.5358"/>
      <trkpt lat="-21.0239" lon="13.5356"/>
      <trkpt lat="-21.0233" lon="13.5354"/>
      <trkpt lat="-21.0226" lon="13.5352"/>
      <trkpt lat="-21.0206" lon="13.5348"/>
      <trkpt lat="-21.0165" lon="13.5339"/>
      <trkpt lat="-21.0123" lon="13.5329"/>
      <trkpt lat="-21.0083" lon="13.532"/>
      <trkpt lat="-21.0041" lon="13.5311"/>
      <trkpt lat="-21.0037" lon="13.531"/>
      <trkpt lat="-21.0034" lon="13.5309"/>
      <trkpt lat="-21.0025" lon="13.5306"/>
      <trkpt lat="-21.002" lon="13.5304"/>
      <trkpt lat="-21.0011" lon="13.5299"/>
      <trkpt lat="-21.0001" lon="13.5293"/>
      <trkpt lat="-20.9978" lon="13.5279"/>
      <trkpt lat="-20.9936" lon="13.5253"/>
      <trkpt lat="-20.993" lon="13.5249"/>
      <trkpt lat="-20.9924" lon="13.5245"/>
      <trkpt lat="-20.9911" lon="13.5236"/>
      <trkpt lat="-20.9798" lon="13.5155"/>
      <trkpt lat="-20.9746" lon="13.5118"/>
      <trkpt lat="-20.9742" lon="13.5115"/>
      <trkpt lat="-20.9732" lon="13.5109"/>
      <trkpt lat="-20.9724" lon="13.5105"/>
      <trkpt lat="-20.9712" lon="13.5099"/>
      <trkpt lat="-20.9705" lon="13.5095"/>
      <trkpt lat="-20.9685" lon="13.5085"/>
      <trkpt lat="-20.9643" lon="13.5064"/>
      <trkpt lat="-20.961" lon="13.5047"/>
      <trkpt lat="-20.9592" lon="13.5037"/>
      <trkpt lat="-20.9587" lon="13.5034"/>
      <trkpt lat="-20.9583" lon="13.5031"/>
      <trkpt lat="-20.9579" lon="13.5028"/>
      <trkpt lat="-20.9576" lon="13.5025"/>
      <trkpt lat="-20.9573" lon="13.5022"/>
      <trkpt lat="-20.9569" lon="13.5016"/>
      <trkpt lat="-20.9565" lon="13.5011"/>
      <trkpt lat="-20.9555" lon="13.4996"/>
      <trkpt lat="-20.9532" lon="13.496"/>
      <trkpt lat="-20.9512" lon="13.493"/>
      <trkpt lat="-20.951" lon="13.4927"/>
      <trkpt lat="-20.9508" lon="13.4925"/>
      <trkpt lat="-20.9503" lon="13.4919"/>
      <trkpt lat="-20.9464" lon="13.4879"/>
      <trkpt lat="-20.9455" lon="13.487"/>
      <trkpt lat="-20.9422" lon="13.4836"/>
      <trkpt lat="-20.9416" lon="13.483"/>
      <trkpt lat="-20.9413" lon="13.4826"/>
      <trkpt lat="-20.941" lon="13.4822"/>
      <trkpt lat="-20.9408" lon="13.4819"/>
      <trkpt lat="-20.9406" lon="13.4814"/>
      <trkpt lat="-20.9404" lon="13.4809"/>
      <trkpt lat="-20.9385" lon="13.4761"/>
      <trkpt lat="-20.9381" lon="13.4751"/>
      <trkpt lat="-20.938" lon="13.4746"/>
      <trkpt lat="-20.9378" lon="13.4743"/>
      <trkpt lat="-20.9377" lon="13.474"/>
      <trkpt lat="-20.9374" lon="13.4737"/>
      <trkpt lat="-20.9371" lon="13.4733"/>
      <trkpt lat="-20.9359" lon="13.4724"/>
      <trkpt lat="-20.9339" lon="13.4709"/>
      <trkpt lat="-20.9301" lon="13.468"/>
      <trkpt lat="-20.9264" lon="13.4652"/>
      <trkpt lat="-20.9247" lon="13.464"/>
      <trkpt lat="-20.9241" lon="13.4637"/>
      <trkpt lat="-20.9235" lon="13.4635"/>
      <trkpt lat="-20.9229" lon="13.4634"/>
      <trkpt lat="-20.9223" lon="13.4633"/>
      <trkpt lat="-20.9153" lon="13.4638"/>
      <trkpt lat="-20.9142" lon="13.4639"/>
      <trkpt lat="-20.9137" lon="13.4638"/>
      <trkpt lat="-20.9133" lon="13.4638"/>
      <trkpt lat="-20.9127" lon="13.4636"/>
      <trkpt lat="-20.9122" lon="13.4635"/>
      <trkpt lat="-20.9119" lon="13.4633"/>
      <trkpt lat="-20.9114" lon="13.4631"/>
      <trkpt lat="-20.911" lon="13.4628"/>
      <trkpt lat="-20.9103" lon="13.4623"/>
      <trkpt lat="-20.9096" lon="13.4617"/>
      <trkpt lat="-20.9077" lon="13.4601"/>
      <trkpt lat="-20.9057" lon="13.4584"/>
      <trkpt lat="-20.904" lon="13.4571"/>
      <trkpt lat="-20.9022" lon="13.4556"/>
      <trkpt lat="-20.9" lon="13.4538"/>
      <trkpt lat="-20.8972" lon="13.4514"/>
      <trkpt lat="-20.8961" lon="13.4505"/>
      <trkpt lat="-20.8949" lon="13.4495"/>
      <trkpt lat="-20.8944" lon="13.449"/>
      <trkpt lat="-20.894" lon="13.4484"/>
      <trkpt lat="-20.8936" lon="13.4475"/>
      <trkpt lat="-20.8928" lon="13.4459"/>
      <trkpt lat="-20.8927" lon="13.4457"/>
      <trkpt lat="-20.8918" lon="13.4436"/>
      <trkpt lat="-20.8909" lon="13.4416"/>
      <trkpt lat="-20.8889" lon="13.4372"/>
      <trkpt lat="-20.8886" lon="13.4364"/>
      <trkpt lat="-20.8882" lon="13.4358"/>
      <trkpt lat="-20.8879" lon="13.4352"/>
      <trkpt lat="-20.8875" lon="13.4347"/>
      <trkpt lat="-20.887" lon="13.4341"/>
      <trkpt lat="-20.8866" lon="13.4337"/>
      <trkpt lat="-20.8862" lon="13.4334"/>
      <trkpt lat="-20.8806" lon="13.4288"/>
      <trkpt lat="-20.8767" lon="13.4257"/>
      <trkpt lat="-20.8723" lon="13.422"/>
      <trkpt lat="-20.8674" lon="13.4181"/>
      <trkpt lat="-20.8665" lon="13.4174"/>
      <trkpt lat="-20.8657" lon="13.4169"/>
      <trkpt lat="-20.8645" lon="13.4162"/>
      <trkpt lat="-20.8621" lon="13.4149"/>
      <trkpt lat="-20.8588" lon="13.4132"/>
      <trkpt lat="-20.848" lon="13.4076"/>
      <trkpt lat="-20.8426" lon="13.4049"/>
      <trkpt lat="-20.8373" lon="13.4021"/>
      <trkpt lat="-20.8329" lon="13.3998"/>
      <trkpt lat="-20.8279" lon="13.3971"/>
      <trkpt lat="-20.8263" lon="13.3963"/>
      <trkpt lat="-20.8258" lon="13.396"/>
      <trkpt lat="-20.8255" lon="13.3959"/>
      <trkpt lat="-20.8251" lon="13.3958"/>
      <trkpt lat="-20.8246" lon="13.3957"/>
      <trkpt lat="-20.8241" lon="13.3957"/>
      <trkpt lat="-20.8233" lon="13.3957"/>
      <trkpt lat="-20.8223" lon="13.3957"/>
      <trkpt lat="-20.8209" lon="13.3958"/>
      <trkpt lat="-20.8202" lon="13.3959"/>
      <trkpt lat="-20.8194" lon="13.3959"/>
      <trkpt lat="-20.8187" lon="13.3961"/>
      <trkpt lat="-20.8183" lon="13.3962"/>
      <trkpt lat="-20.8179" lon="13.3963"/>
      <trkpt lat="-20.817" lon="13.3965"/>
      <trkpt lat="-20.8162" lon="13.3969"/>
      <trkpt lat="-20.815" lon="13.3974"/>
      <trkpt lat="-20.8145" lon="13.3977"/>
      <trkpt lat="-20.8139" lon="13.398"/>
      <trkpt lat="-20.813" lon="13.3984"/>
      <trkpt lat="-20.8125" lon="13.3984"/>
      <trkpt lat="-20.812" lon="13.3984"/>
      <trkpt lat="-20.8115" lon="13.3984"/>
      <trkpt lat="-20.811" lon="13.3983"/>
      <trkpt lat="-20.7979" lon="13.3957"/>
      <trkpt lat="-20.7957" lon="13.3952"/>
      <trkpt lat="-20.7947" lon="13.395"/>
      <trkpt lat="-20.7939" lon="13.3947"/>
      <trkpt lat="-20.7925" lon="13.3942"/>
      <trkpt lat="-20.7915" lon="13.3939"/>
      <trkpt lat="-20.7912" lon="13.3938"/>
      <trkpt lat="-20.7904" lon="13.3937"/>
      <trkpt lat="-20.7896" lon="13.3937"/>
      <trkpt lat="-20.7867" lon="13.3936"/>
      <trkpt lat="-20.7854" lon="13.3936"/>
      <trkpt lat="-20.7831" lon="13.3934"/>
      <trkpt lat="-20.7771" lon="13.3929"/>
      <trkpt lat="-20.7647" lon="13.3919"/>
      <trkpt lat="-20.7633" lon="13.3918"/>
      <trkpt lat="-20.7617" lon="13.3913"/>
      <trkpt lat="-20.7598" lon="13.3906"/>
      <trkpt lat="-20.7555" lon="13.3891"/>
      <trkpt lat="-20.7533" lon="13.3882"/>
      <trkpt lat="-20.7455" lon="13.3854"/>
      <trkpt lat="-20.7376" lon="13.3825"/>
      <trkpt lat="-20.7331" lon="13.381"/>
      <trkpt lat="-20.7312" lon="13.3804"/>
      <trkpt lat="-20.7306" lon="13.3803"/>
      <trkpt lat="-20.7298" lon="13.3802"/>
      <trkpt lat="-20.7237" lon="13.38"/>
      <trkpt lat="-20.7213" lon="13.3799"/>
      <trkpt lat="-20.7175" lon="13.3796"/>
      <trkpt lat="-20.7127" lon="13.3791"/>
      <trkpt lat="-20.707" lon="13.3786"/>
      <trkpt lat="-20.7052" lon="13.3784"/>
      <trkpt lat="-20.7043" lon="13.3782"/>
      <trkpt lat="-20.7031" lon="13.3779"/>
      <trkpt lat="-20.7007" lon="13.3772"/>
      <trkpt lat="-20.6978" lon="13.3764"/>
      <trkpt lat="-20.6973" lon="13.3763"/>
      <trkpt lat="-20.6962" lon="13.3761"/>
      <trkpt lat="-20.6953" lon="13.376"/>
      <trkpt lat="-20.6927" lon="13.3757"/>
      <trkpt lat="-20.6916" lon="13.3756"/>
      <trkpt lat="-20.6901" lon="13.3755"/>
      <trkpt lat="-20.6898" lon="13.3754"/>
      <trkpt lat="-20.6894" lon="13.3753"/>
      <trkpt lat="-20.6891" lon="13.3752"/>
      <trkpt lat="-20.6872" lon="13.3746"/>
      <trkpt lat="-20.6866" lon="13.3744"/>
      <trkpt lat="-20.6856" lon="13.3742"/>
      <trkpt lat="-20.6853" lon="13.3742"/>
      <trkpt lat="-20.6849" lon="13.3741"/>
      <trkpt lat="-20.6819" lon="13.3738"/>
      <trkpt lat="-20.68" lon="13.3736"/>
      <trkpt lat="-20.679" lon="13.3735"/>
      <trkpt lat="-20.678" lon="13.3733"/>
      <trkpt lat="-20.6759" lon="13.3728"/>
      <trkpt lat="-20.6739" lon="13.3723"/>
      <trkpt lat="-20.6736" lon="13.3722"/>
      <trkpt lat="-20.6732" lon="13.372"/>
      <trkpt lat="-20.6728" lon="13.3718"/>
      <trkpt lat="-20.672" lon="13.3715"/>
      <trkpt lat="-20.6692" lon="13.3701"/>
      <trkpt lat="-20.6683" lon="13.3697"/>
      <trkpt lat="-20.6679" lon="13.3695"/>
      <trkpt lat="-20.6673" lon="13.3693"/>
      <trkpt lat="-20.6665" lon="13.3691"/>
      <trkpt lat="-20.665" lon="13.3688"/>
      <trkpt lat="-20.6597" lon="13.3676"/>
      <trkpt lat="-20.6541" lon="13.3664"/>
      <trkpt lat="-20.6524" lon="13.3659"/>
      <trkpt lat="-20.6509" lon="13.3655"/>
      <trkpt lat="-20.6467" lon="13.3641"/>
      <trkpt lat="-20.6408" lon="13.3622"/>
      <trkpt lat="-20.6373" lon="13.3611"/>
      <trkpt lat="-20.6369" lon="13.361"/>
      <trkpt lat="-20.6365" lon="13.361"/>
      <trkpt lat="-20.634" lon="13.361"/>
      <trkpt lat="-20.6241" lon="13.3611"/>
      <trkpt lat="-20.6132" lon="13.3612"/>
      <trkpt lat="-20.6038" lon="13.3613"/>
      <trkpt lat="-20.5939" lon="13.3615"/>
      <trkpt lat="-20.5841" lon="13.3616"/>
      <trkpt lat="-20.5782" lon="13.3617"/>
      <trkpt lat="-20.5729" lon="13.3618"/>
      <trkpt lat="-20.5715" lon="13.3618"/>
      <trkpt lat="-20.567" lon="13.3618"/>
      <trkpt lat="-20.5666" lon="13.3618"/>
      <trkpt lat="-20.5658" lon="13.3617"/>
      <trkpt lat="-20.5654" lon="13.3616"/>
      <trkpt lat="-20.5649" lon="13.3615"/>
      <trkpt lat="-20.5624" lon="13.3604"/>
      <trkpt lat="-20.5579" lon="13.3585"/>
      <trkpt lat="-20.5499" lon="13.355"/>
      <trkpt lat="-20.5251" lon="13.3444"/>
      <trkpt lat="-20.5218" lon="13.343"/>
      <trkpt lat="-20.5202" lon="13.3423"/>
      <trkpt lat="-20.5159" lon="13.3404"/>
      <trkpt lat="-20.5057" lon="13.336"/>
      <trkpt lat="-20.4925" lon="13.3303"/>
      <trkpt lat="-20.4868" lon="13.3279"/>
      <trkpt lat="-20.4765" lon="13.3235"/>
      <trkpt lat="-20.4759" lon="13.3232"/>
      <trkpt lat="-20.4719" lon="13.3215"/>
      <trkpt lat="-20.469" lon="13.3203"/>
      <trkpt lat="-20.4609" lon="13.3167"/>
      <trkpt lat="-20.453" lon="13.3134"/>
      <trkpt lat="-20.4502" lon="13.3122"/>
      <trkpt lat="-20.446" lon="13.3103"/>
      <trkpt lat="-20.436" lon="13.306"/>
      <trkpt lat="-20.431" lon="13.3038"/>
      <trkpt lat="-20.4275" lon="13.3024"/>
      <trkpt lat="-20.4248" lon="13.3013"/>
      <trkpt lat="-20.4239" lon="13.301"/>
      <trkpt lat="-20.4232" lon="13.3008"/>
      <trkpt lat="-20.4223" lon="13.3008"/>
      <trkpt lat="-20.4216" lon="13.3008"/>
      <trkpt lat="-20.4205" lon="13.3008"/>
      <trkpt lat="-20.4191" lon="13.3009"/>
      <trkpt lat="-20.417" lon="13.301"/>
      <trkpt lat="-20.413" lon="13.3011"/>
      <trkpt lat="-20.4099" lon="13.3013"/>
      <trkpt lat="-20.4069" lon="13.3014"/>
      <trkpt lat="-20.403" lon="13.3015"/>
      <trkpt lat="-20.3977" lon="13.3018"/>
      <trkpt lat="-20.3933" lon="13.3018"/>
      <trkpt lat="-20.3924" lon="13.3019"/>
      <trkpt lat="-20.392" lon="13.3019"/>
      <trkpt lat="-20.3915" lon="13.302"/>
      <trkpt lat="-20.3883" lon="13.3025"/>
      <trkpt lat="-20.3849" lon="13.303"/>
      <trkpt lat="-20.3818" lon="13.3035"/>
      <trkpt lat="-20.3802" lon="13.3038"/>
      <trkpt lat="-20.3797" lon="13.3038"/>
      <trkpt lat="-20.3794" lon="13.3038"/>
      <trkpt lat="-20.3787" lon="13.3036"/>
      <trkpt lat="-20.3782" lon="13.3035"/>
      <trkpt lat="-20.3778" lon="13.3033"/>
      <trkpt lat="-20.3768" lon="13.3028"/>
      <trkpt lat="-20.3761" lon="13.3024"/>
      <trkpt lat="-20.375" lon="13.302"/>
      <trkpt lat="-20.3717" lon="13.3004"/>
      <trkpt lat="-20.3709" lon="13.3001"/>
      <trkpt lat="-20.3598" lon="13.2949"/>
      <trkpt lat="-20.3589" lon="13.2945"/>
      <trkpt lat="-20.343" lon="13.2871"/>
      <trkpt lat="-20.332" lon="13.282"/>
      <trkpt lat="-20.3313" lon="13.2816"/>
      <trkpt lat="-20.3308" lon="13.2813"/>
      <trkpt lat="-20.3304" lon="13.2811"/>
      <trkpt lat="-20.3301" lon="13.2808"/>
      <trkpt lat="-20.3297" lon="13.2805"/>
      <trkpt lat="-20.3294" lon="13.2801"/>
      <trkpt lat="-20.3289" lon="13.2792"/>
      <trkpt lat="-20.3251" lon="13.2724"/>
      <trkpt lat="-20.3195" lon="13.2625"/>
      <trkpt lat="-20.3192" lon="13.2619"/>
      <trkpt lat="-20.319" lon="13.2614"/>
      <trkpt lat="-20.3189" lon="13.2609"/>
      <trkpt lat="-20.3188" lon="13.2604"/>
      <trkpt lat="-20.3185" lon="13.256"/>
      <trkpt lat="-20.3184" lon="13.2543"/>
      <trkpt lat="-20.3184" lon="13.2535"/>
      <trkpt lat="-20.3194" lon="13.2473"/>
      <trkpt lat="-20.3195" lon="13.2463"/>
      <trkpt lat="-20.3195" lon="13.2459"/>
      <trkpt lat="-20.3195" lon="13.2456"/>
      <trkpt lat="-20.3195" lon="13.2454"/>
      <trkpt lat="-20.3194" lon="13.2451"/>
      <trkpt lat="-20.319" lon="13.2441"/>
      <trkpt lat="-20.3185" lon="13.243"/>
      <trkpt lat="-20.3184" lon="13.2425"/>
      <trkpt lat="-20.3179" lon="13.2412"/>
      <trkpt lat="-20.3178" lon="13.241"/>
      <trkpt lat="-20.3177" lon="13.2408"/>
      <trkpt lat="-20.3175" lon="13.2404"/>
      <trkpt lat="-20.3173" lon="13.2401"/>
      <trkpt lat="-20.3165" lon="13.2393"/>
      <trkpt lat="-20.3142" lon="13.2373"/>
      <trkpt lat="-20.3116" lon="13.2356"/>
      <trkpt lat="-20.3094" lon="13.2345"/>
      <trkpt lat="-20.3077" lon="13.2335"/>
      <trkpt lat="-20.3077" lon="13.2335"/>
      <trkpt lat="-20.3016" lon="13.2301"/>
      <trkpt lat="-20.2996" lon="13.229"/>
      <trkpt lat="-20.2975" lon="13.2278"/>
      <trkpt lat="-20.2932" lon="13.2253"/>
      <trkpt lat="-20.2929" lon="13.2252"/>
      <trkpt lat="-20.2909" lon="13.2246"/>
      <trkpt lat="-20.2863" lon="13.2233"/>
      <trkpt lat="-20.2749" lon="13.22"/>
      <trkpt lat="-20.2724" lon="13.2197"/>
      <trkpt lat="-20.27" lon="13.2199"/>
      <trkpt lat="-20.2648" lon="13.2205"/>
      <trkpt lat="-20.2608" lon="13.2209"/>
      <trkpt lat="-20.2585" lon="13.221"/>
      <trkpt lat="-20.2489" lon="13.2197"/>
      <trkpt lat="-20.2442" lon="13.2191"/>
      <trkpt lat="-20.242" lon="13.2184"/>
      <trkpt lat="-20.2398" lon="13.2173"/>
      <trkpt lat="-20.2356" lon="13.2152"/>
      <trkpt lat="-20.2335" lon="13.214"/>
      <trkpt lat="-20.2313" lon="13.2132"/>
      <trkpt lat="-20.229" lon="13.2126"/>
      <trkpt lat="-20.2268" lon="13.2122"/>
      <trkpt lat="-20.2245" lon="13.2115"/>
      <trkpt lat="-20.2199" lon="13.2099"/>
      <trkpt lat="-20.2189" lon="13.2096"/>
      <trkpt lat="-20.2186" lon="13.2096"/>
      <trkpt lat="-20.2185" lon="13.2095"/>
      <trkpt lat="-20.2184" lon="13.2095"/>
      <trkpt lat="-20.2183" lon="13.2095"/>
      <trkpt lat="-20.2183" lon="13.2095"/>
      <trkpt lat="-20.2182" lon="13.2095"/>
      <trkpt lat="-20.2182" lon="13.2095"/>
      <trkpt lat="-20.2181" lon="13.2096"/>
      <trkpt lat="-20.2177" lon="13.2097"/>
      <trkpt lat="-20.2168" lon="13.2101"/>
      <trkpt lat="-20.2154" lon="13.2098"/>
      <trkpt lat="-20.2133" lon="13.2088"/>
      <trkpt lat="-20.2004" lon="13.2021"/>
      <trkpt lat="-20.1994" lon="13.2016"/>
      <trkpt lat="-20.1981" lon="13.2016"/>
      <trkpt lat="-20.1957" lon="13.2016"/>
      <trkpt lat="-20.1933" lon="13.2015"/>
      <trkpt lat="-20.191" lon="13.201"/>
      <trkpt lat="-20.1899" lon="13.2008"/>
      <trkpt lat="-20.1889" lon="13.2003"/>
      <trkpt lat="-20.1887" lon="13.2001"/>
      <trkpt lat="-20.1878" lon="13.1993"/>
      <trkpt lat="-20.1861" lon="13.1976"/>
      <trkpt lat="-20.1835" lon="13.1943"/>
      <trkpt lat="-20.1829" lon="13.1937"/>
      <trkpt lat="-20.1824" lon="13.1934"/>
      <trkpt lat="-20.1815" lon="13.1932"/>
      <trkpt lat="-20.1746" lon="13.193"/>
      <trkpt lat="-20.1733" lon="13.1931"/>
      <trkpt lat="-20.171" lon="13.1933"/>
      <trkpt lat="-20.1687" lon="13.1937"/>
      <trkpt lat="-20.1665" lon="13.1944"/>
      <trkpt lat="-20.1594" lon="13.1957"/>
      <trkpt lat="-20.1571" lon="13.196"/>
      <trkpt lat="-20.1548" lon="13.1952"/>
      <trkpt lat="-20.1371" lon="13.1886"/>
      <trkpt lat="-20.135" lon="13.1877"/>
      <trkpt lat="-20.1344" lon="13.1875"/>
      <trkpt lat="-20.134" lon="13.1872"/>
      <trkpt lat="-20.1334" lon="13.1867"/>
      <trkpt lat="-20.133" lon="13.1863"/>
      <trkpt lat="-20.1327" lon="13.186"/>
      <trkpt lat="-20.1323" lon="13.1853"/>
      <trkpt lat="-20.1319" lon="13.1847"/>
      <trkpt lat="-20.1316" lon="13.1841"/>
      <trkpt lat="-20.1311" lon="13.1831"/>
      <trkpt lat="-20.1309" lon="13.1826"/>
      <trkpt lat="-20.1307" lon="13.182"/>
      <trkpt lat="-20.1278" lon="13.1725"/>
      <trkpt lat="-20.1188" lon="13.1433"/>
      <trkpt lat="-20.1186" lon="13.1426"/>
      <trkpt lat="-20.1185" lon="13.1421"/>
      <trkpt lat="-20.1184" lon="13.1418"/>
      <trkpt lat="-20.1184" lon="13.1415"/>
      <trkpt lat="-20.1183" lon="13.1412"/>
      <trkpt lat="-20.1183" lon="13.1408"/>
      <trkpt lat="-20.1186" lon="13.1383"/>
      <trkpt lat="-20.1204" lon="13.1234"/>
      <trkpt lat="-20.1205" lon="13.123"/>
      <trkpt lat="-20.1205" lon="13.1226"/>
      <trkpt lat="-20.1206" lon="13.1222"/>
      <trkpt lat="-20.1207" lon="13.1216"/>
      <trkpt lat="-20.1209" lon="13.1211"/>
      <trkpt lat="-20.1218" lon="13.1185"/>
      <trkpt lat="-20.1219" lon="13.1183"/>
      <trkpt lat="-20.1219" lon="13.1182"/>
      <trkpt lat="-20.1219" lon="13.1181"/>
      <trkpt lat="-20.1219" lon="13.118"/>
      <trkpt lat="-20.1219" lon="13.1179"/>
      <trkpt lat="-20.1219" lon="13.1178"/>
      <trkpt lat="-20.1219" lon="13.1177"/>
      <trkpt lat="-20.1219" lon="13.1176"/>
      <trkpt lat="-20.1219" lon="13.1175"/>
      <trkpt lat="-20.1217" lon="13.1172"/>
      <trkpt lat="-20.1216" lon="13.1169"/>
      <trkpt lat="-20.1214" lon="13.1164"/>
      <trkpt lat="-20.1202" lon="13.1143"/>
      <trkpt lat="-20.1128" lon="13.1013"/>
      <trkpt lat="-20.1116" lon="13.0991"/>
      <trkpt lat="-20.1108" lon="13.0967"/>
      <trkpt lat="-20.1095" lon="13.0945"/>
      <trkpt lat="-20.1041" lon="13.0864"/>
      <trkpt lat="-20.1025" lon="13.0845"/>
      <trkpt lat="-20.0915" lon="13.0747"/>
      <trkpt lat="-20.0906" lon="13.074"/>
      <trkpt lat="-20.0902" lon="13.0738"/>
      <trkpt lat="-20.0895" lon="13.0735"/>
      <trkpt lat="-20.0872" lon="13.0734"/>
      <trkpt lat="-20.0857" lon="13.0733"/>
      <trkpt lat="-20.0853" lon="13.0732"/>
      <trkpt lat="-20.0848" lon="13.073"/>
      <trkpt lat="-20.0827" lon="13.0716"/>
      <trkpt lat="-20.0728" lon="13.0645"/>
      <trkpt lat="-20.0722" lon="13.0638"/>
      <trkpt lat="-20.0716" lon="13.0628"/>
      <trkpt lat="-20.071" lon="13.0614"/>
      <trkpt lat="-20.0704" lon="13.0602"/>
      <trkpt lat="-20.07" lon="13.0591"/>
      <trkpt lat="-20.0697" lon="13.0584"/>
      <trkpt lat="-20.0694" lon="13.058"/>
      <trkpt lat="-20.0692" lon="13.0578"/>
      <trkpt lat="-20.069" lon="13.0576"/>
      <trkpt lat="-20.0686" lon="13.0572"/>
      <trkpt lat="-20.0673" lon="13.0567"/>
      <trkpt lat="-20.0604" lon="13.0545"/>
      <trkpt lat="-20.0581" lon="13.0539"/>
      <trkpt lat="-20.0558" lon="13.0538"/>
      <trkpt lat="-20.055" lon="13.0538"/>
      <trkpt lat="-20.053" lon="13.0538"/>
      <trkpt lat="-20.0441" lon="13.0535"/>
      <trkpt lat="-20.0417" lon="13.0534"/>
      <trkpt lat="-20.0371" lon="13.0538"/>
      <trkpt lat="-20.0276" lon="13.0547"/>
      <trkpt lat="-20.0254" lon="13.0542"/>
      <trkpt lat="-20.0231" lon="13.0533"/>
      <trkpt lat="-20.0214" lon="13.0526"/>
      <trkpt lat="-20.0209" lon="13.0527"/>
      <trkpt lat="-20.0182" lon="13.0531"/>
      <trkpt lat="-20.0174" lon="13.0531"/>
      <trkpt lat="-20.0162" lon="13.0528"/>
      <trkpt lat="-20.0137" lon="13.0519"/>
      <trkpt lat="-20.012" lon="13.0507"/>
      <trkpt lat="-20.0076" lon="13.0492"/>
      <trkpt lat="-20.0054" lon="13.0486"/>
      <trkpt lat="-20.003" lon="13.0479"/>
      <trkpt lat="-19.9987" lon="13.0462"/>
      <trkpt lat="-19.9964" lon="13.0453"/>
      <trkpt lat="-19.9961" lon="13.0451"/>
      <trkpt lat="-19.9959" lon="13.0449"/>
      <trkpt lat="-19.9955" lon="13.0444"/>
      <trkpt lat="-19.9948" lon="13.0431"/>
      <trkpt lat="-19.9946" lon="13.0425"/>
      <trkpt lat="-19.9945" lon="13.0418"/>
      <trkpt lat="-19.9944" lon="13.0402"/>
      <trkpt lat="-19.9943" lon="13.0392"/>
      <trkpt lat="-19.9942" lon="13.0386"/>
      <trkpt lat="-19.994" lon="13.0381"/>
      <trkpt lat="-19.9938" lon="13.0376"/>
      <trkpt lat="-19.9936" lon="13.0374"/>
      <trkpt lat="-19.9934" lon="13.0372"/>
      <trkpt lat="-19.9932" lon="13.037"/>
      <trkpt lat="-19.9929" lon="13.0368"/>
      <trkpt lat="-19.9928" lon="13.0367"/>
      <trkpt lat="-19.9925" lon="13.0367"/>
      <trkpt lat="-19.9923" lon="13.0368"/>
      <trkpt lat="-19.9922" lon="13.0369"/>
      <trkpt lat="-19.992" lon="13.0371"/>
      <trkpt lat="-19.9918" lon="13.0373"/>
      <trkpt lat="-19.9917" lon="13.0373"/>
      <trkpt lat="-19.9916" lon="13.0374"/>
      <trkpt lat="-19.9915" lon="13.0374"/>
      <trkpt lat="-19.9914" lon="13.0373"/>
      <trkpt lat="-19.9913" lon="13.0373"/>
      <trkpt lat="-19.9911" lon="13.0373"/>
      <trkpt lat="-19.991" lon="13.0372"/>
      <trkpt lat="-19.9908" lon="13.037"/>
      <trkpt lat="-19.9907" lon="13.0368"/>
      <trkpt lat="-19.9906" lon="13.0366"/>
      <trkpt lat="-19.9903" lon="13.0356"/>
      <trkpt lat="-19.9898" lon="13.0341"/>
    </trkseg>
  </trk>
  <trk>
    <name>D7 · Skeleton Coast → Twyfelfontein</name>
    <desc>7 nov · 212 km · ~2.9 h</desc>
    <trkseg>
      <trkpt lat="-19.9898" lon="13.0341"/>
      <trkpt lat="-19.9903" lon="13.0356"/>
      <trkpt lat="-19.9906" lon="13.0366"/>
      <trkpt lat="-19.9907" lon="13.0368"/>
      <trkpt lat="-19.9908" lon="13.037"/>
      <trkpt lat="-19.991" lon="13.0372"/>
      <trkpt lat="-19.9911" lon="13.0373"/>
      <trkpt lat="-19.9913" lon="13.0373"/>
      <trkpt lat="-19.9914" lon="13.0373"/>
      <trkpt lat="-19.9915" lon="13.0374"/>
      <trkpt lat="-19.9916" lon="13.0374"/>
      <trkpt lat="-19.9917" lon="13.0373"/>
      <trkpt lat="-19.9918" lon="13.0373"/>
      <trkpt lat="-19.992" lon="13.0371"/>
      <trkpt lat="-19.9922" lon="13.0369"/>
      <trkpt lat="-19.9923" lon="13.0368"/>
      <trkpt lat="-19.9925" lon="13.0367"/>
      <trkpt lat="-19.9928" lon="13.0367"/>
      <trkpt lat="-19.9929" lon="13.0368"/>
      <trkpt lat="-19.9932" lon="13.037"/>
      <trkpt lat="-19.9934" lon="13.0372"/>
      <trkpt lat="-19.9936" lon="13.0374"/>
      <trkpt lat="-19.9938" lon="13.0376"/>
      <trkpt lat="-19.994" lon="13.0381"/>
      <trkpt lat="-19.9942" lon="13.0386"/>
      <trkpt lat="-19.9943" lon="13.0392"/>
      <trkpt lat="-19.9944" lon="13.0402"/>
      <trkpt lat="-19.9945" lon="13.0418"/>
      <trkpt lat="-19.9946" lon="13.0425"/>
      <trkpt lat="-19.9948" lon="13.0431"/>
      <trkpt lat="-19.9955" lon="13.0444"/>
      <trkpt lat="-19.9959" lon="13.0449"/>
      <trkpt lat="-19.9961" lon="13.0451"/>
      <trkpt lat="-19.9964" lon="13.0453"/>
      <trkpt lat="-19.9987" lon="13.0462"/>
      <trkpt lat="-20.003" lon="13.0479"/>
      <trkpt lat="-20.0054" lon="13.0486"/>
      <trkpt lat="-20.0076" lon="13.0492"/>
      <trkpt lat="-20.012" lon="13.0507"/>
      <trkpt lat="-20.0137" lon="13.0519"/>
      <trkpt lat="-20.0162" lon="13.0528"/>
      <trkpt lat="-20.0174" lon="13.0531"/>
      <trkpt lat="-20.0182" lon="13.0531"/>
      <trkpt lat="-20.0209" lon="13.0527"/>
      <trkpt lat="-20.0214" lon="13.0526"/>
      <trkpt lat="-20.0231" lon="13.0533"/>
      <trkpt lat="-20.0254" lon="13.0542"/>
      <trkpt lat="-20.0276" lon="13.0547"/>
      <trkpt lat="-20.0371" lon="13.0538"/>
      <trkpt lat="-20.0417" lon="13.0534"/>
      <trkpt lat="-20.0441" lon="13.0535"/>
      <trkpt lat="-20.053" lon="13.0538"/>
      <trkpt lat="-20.055" lon="13.0538"/>
      <trkpt lat="-20.0558" lon="13.0538"/>
      <trkpt lat="-20.0581" lon="13.0539"/>
      <trkpt lat="-20.0604" lon="13.0545"/>
      <trkpt lat="-20.0673" lon="13.0567"/>
      <trkpt lat="-20.0686" lon="13.0572"/>
      <trkpt lat="-20.069" lon="13.0576"/>
      <trkpt lat="-20.0692" lon="13.0578"/>
      <trkpt lat="-20.0694" lon="13.058"/>
      <trkpt lat="-20.0697" lon="13.0584"/>
      <trkpt lat="-20.07" lon="13.0591"/>
      <trkpt lat="-20.0704" lon="13.0602"/>
      <trkpt lat="-20.071" lon="13.0614"/>
      <trkpt lat="-20.0716" lon="13.0628"/>
      <trkpt lat="-20.0722" lon="13.0638"/>
      <trkpt lat="-20.0728" lon="13.0645"/>
      <trkpt lat="-20.0827" lon="13.0716"/>
      <trkpt lat="-20.0848" lon="13.073"/>
      <trkpt lat="-20.0853" lon="13.0732"/>
      <trkpt lat="-20.0857" lon="13.0733"/>
      <trkpt lat="-20.0872" lon="13.0734"/>
      <trkpt lat="-20.0895" lon="13.0735"/>
      <trkpt lat="-20.0902" lon="13.0738"/>
      <trkpt lat="-20.0906" lon="13.074"/>
      <trkpt lat="-20.0915" lon="13.0747"/>
      <trkpt lat="-20.1025" lon="13.0845"/>
      <trkpt lat="-20.1041" lon="13.0864"/>
      <trkpt lat="-20.1095" lon="13.0945"/>
      <trkpt lat="-20.1108" lon="13.0967"/>
      <trkpt lat="-20.1116" lon="13.0991"/>
      <trkpt lat="-20.1128" lon="13.1013"/>
      <trkpt lat="-20.1202" lon="13.1143"/>
      <trkpt lat="-20.1214" lon="13.1164"/>
      <trkpt lat="-20.1216" lon="13.1169"/>
      <trkpt lat="-20.1217" lon="13.1172"/>
      <trkpt lat="-20.1219" lon="13.1175"/>
      <trkpt lat="-20.1219" lon="13.1176"/>
      <trkpt lat="-20.1219" lon="13.1177"/>
      <trkpt lat="-20.1219" lon="13.1178"/>
      <trkpt lat="-20.1219" lon="13.1179"/>
      <trkpt lat="-20.1219" lon="13.118"/>
      <trkpt lat="-20.1219" lon="13.1181"/>
      <trkpt lat="-20.1219" lon="13.1182"/>
      <trkpt lat="-20.1219" lon="13.1183"/>
      <trkpt lat="-20.1218" lon="13.1185"/>
      <trkpt lat="-20.1209" lon="13.1211"/>
      <trkpt lat="-20.1207" lon="13.1216"/>
      <trkpt lat="-20.1206" lon="13.1222"/>
      <trkpt lat="-20.1205" lon="13.1226"/>
      <trkpt lat="-20.1205" lon="13.123"/>
      <trkpt lat="-20.1204" lon="13.1234"/>
      <trkpt lat="-20.1186" lon="13.1383"/>
      <trkpt lat="-20.1183" lon="13.1408"/>
      <trkpt lat="-20.1183" lon="13.1412"/>
      <trkpt lat="-20.1184" lon="13.1415"/>
      <trkpt lat="-20.1184" lon="13.1418"/>
      <trkpt lat="-20.1185" lon="13.1421"/>
      <trkpt lat="-20.1186" lon="13.1426"/>
      <trkpt lat="-20.1188" lon="13.1433"/>
      <trkpt lat="-20.1278" lon="13.1725"/>
      <trkpt lat="-20.1307" lon="13.182"/>
      <trkpt lat="-20.1309" lon="13.1826"/>
      <trkpt lat="-20.1311" lon="13.1831"/>
      <trkpt lat="-20.1316" lon="13.1841"/>
      <trkpt lat="-20.1319" lon="13.1847"/>
      <trkpt lat="-20.1323" lon="13.1853"/>
      <trkpt lat="-20.1327" lon="13.186"/>
      <trkpt lat="-20.133" lon="13.1863"/>
      <trkpt lat="-20.1334" lon="13.1867"/>
      <trkpt lat="-20.134" lon="13.1872"/>
      <trkpt lat="-20.1344" lon="13.1875"/>
      <trkpt lat="-20.135" lon="13.1877"/>
      <trkpt lat="-20.1371" lon="13.1886"/>
      <trkpt lat="-20.1548" lon="13.1952"/>
      <trkpt lat="-20.1571" lon="13.196"/>
      <trkpt lat="-20.1594" lon="13.1957"/>
      <trkpt lat="-20.1665" lon="13.1944"/>
      <trkpt lat="-20.1687" lon="13.1937"/>
      <trkpt lat="-20.171" lon="13.1933"/>
      <trkpt lat="-20.1733" lon="13.1931"/>
      <trkpt lat="-20.1746" lon="13.193"/>
      <trkpt lat="-20.1815" lon="13.1932"/>
      <trkpt lat="-20.1824" lon="13.1934"/>
      <trkpt lat="-20.1829" lon="13.1937"/>
      <trkpt lat="-20.1835" lon="13.1943"/>
      <trkpt lat="-20.1861" lon="13.1976"/>
      <trkpt lat="-20.1878" lon="13.1993"/>
      <trkpt lat="-20.1887" lon="13.2001"/>
      <trkpt lat="-20.1889" lon="13.2003"/>
      <trkpt lat="-20.1899" lon="13.2008"/>
      <trkpt lat="-20.191" lon="13.201"/>
      <trkpt lat="-20.1933" lon="13.2015"/>
      <trkpt lat="-20.1957" lon="13.2016"/>
      <trkpt lat="-20.1981" lon="13.2016"/>
      <trkpt lat="-20.1994" lon="13.2016"/>
      <trkpt lat="-20.2004" lon="13.2021"/>
      <trkpt lat="-20.2133" lon="13.2088"/>
      <trkpt lat="-20.2154" lon="13.2098"/>
      <trkpt lat="-20.2168" lon="13.2101"/>
      <trkpt lat="-20.2177" lon="13.2097"/>
      <trkpt lat="-20.2181" lon="13.2096"/>
      <trkpt lat="-20.2182" lon="13.2095"/>
      <trkpt lat="-20.2182" lon="13.2095"/>
      <trkpt lat="-20.2183" lon="13.2095"/>
      <trkpt lat="-20.2183" lon="13.2095"/>
      <trkpt lat="-20.2184" lon="13.2095"/>
      <trkpt lat="-20.2185" lon="13.2095"/>
      <trkpt lat="-20.2186" lon="13.2096"/>
      <trkpt lat="-20.2189" lon="13.2096"/>
      <trkpt lat="-20.2199" lon="13.2099"/>
      <trkpt lat="-20.2245" lon="13.2115"/>
      <trkpt lat="-20.2268" lon="13.2122"/>
      <trkpt lat="-20.229" lon="13.2126"/>
      <trkpt lat="-20.2313" lon="13.2132"/>
      <trkpt lat="-20.2335" lon="13.214"/>
      <trkpt lat="-20.2356" lon="13.2152"/>
      <trkpt lat="-20.2398" lon="13.2173"/>
      <trkpt lat="-20.242" lon="13.2184"/>
      <trkpt lat="-20.2442" lon="13.2191"/>
      <trkpt lat="-20.2489" lon="13.2197"/>
      <trkpt lat="-20.2585" lon="13.221"/>
      <trkpt lat="-20.2608" lon="13.2209"/>
      <trkpt lat="-20.2648" lon="13.2205"/>
      <trkpt lat="-20.27" lon="13.2199"/>
      <trkpt lat="-20.2724" lon="13.2197"/>
      <trkpt lat="-20.2749" lon="13.22"/>
      <trkpt lat="-20.2863" lon="13.2233"/>
      <trkpt lat="-20.2909" lon="13.2246"/>
      <trkpt lat="-20.2929" lon="13.2252"/>
      <trkpt lat="-20.2932" lon="13.2253"/>
      <trkpt lat="-20.2975" lon="13.2278"/>
      <trkpt lat="-20.2996" lon="13.229"/>
      <trkpt lat="-20.3016" lon="13.2301"/>
      <trkpt lat="-20.3077" lon="13.2335"/>
      <trkpt lat="-20.3077" lon="13.2335"/>
      <trkpt lat="-20.3094" lon="13.2345"/>
      <trkpt lat="-20.3116" lon="13.2356"/>
      <trkpt lat="-20.3142" lon="13.2373"/>
      <trkpt lat="-20.3165" lon="13.2393"/>
      <trkpt lat="-20.3173" lon="13.2401"/>
      <trkpt lat="-20.3175" lon="13.2404"/>
      <trkpt lat="-20.3177" lon="13.2408"/>
      <trkpt lat="-20.3178" lon="13.241"/>
      <trkpt lat="-20.3179" lon="13.2412"/>
      <trkpt lat="-20.3184" lon="13.2425"/>
      <trkpt lat="-20.3185" lon="13.243"/>
      <trkpt lat="-20.319" lon="13.2441"/>
      <trkpt lat="-20.3194" lon="13.2451"/>
      <trkpt lat="-20.3195" lon="13.2454"/>
      <trkpt lat="-20.3195" lon="13.2456"/>
      <trkpt lat="-20.3195" lon="13.2459"/>
      <trkpt lat="-20.3195" lon="13.2463"/>
      <trkpt lat="-20.3194" lon="13.2473"/>
      <trkpt lat="-20.3184" lon="13.2535"/>
      <trkpt lat="-20.3184" lon="13.2543"/>
      <trkpt lat="-20.3185" lon="13.256"/>
      <trkpt lat="-20.3188" lon="13.2604"/>
      <trkpt lat="-20.3189" lon="13.2609"/>
      <trkpt lat="-20.319" lon="13.2614"/>
      <trkpt lat="-20.3192" lon="13.2619"/>
      <trkpt lat="-20.3195" lon="13.2625"/>
      <trkpt lat="-20.3251" lon="13.2724"/>
      <trkpt lat="-20.3289" lon="13.2792"/>
      <trkpt lat="-20.3294" lon="13.2801"/>
      <trkpt lat="-20.3297" lon="13.2805"/>
      <trkpt lat="-20.3301" lon="13.2808"/>
      <trkpt lat="-20.3304" lon="13.2811"/>
      <trkpt lat="-20.3308" lon="13.2813"/>
      <trkpt lat="-20.3313" lon="13.2816"/>
      <trkpt lat="-20.332" lon="13.282"/>
      <trkpt lat="-20.343" lon="13.2871"/>
      <trkpt lat="-20.3589" lon="13.2945"/>
      <trkpt lat="-20.3598" lon="13.2949"/>
      <trkpt lat="-20.3709" lon="13.3001"/>
      <trkpt lat="-20.3675" lon="13.3212"/>
      <trkpt lat="-20.3673" lon="13.3223"/>
      <trkpt lat="-20.3672" lon="13.3228"/>
      <trkpt lat="-20.3671" lon="13.3236"/>
      <trkpt lat="-20.3669" lon="13.3242"/>
      <trkpt lat="-20.3669" lon="13.3247"/>
      <trkpt lat="-20.3668" lon="13.3251"/>
      <trkpt lat="-20.3667" lon="13.3257"/>
      <trkpt lat="-20.3666" lon="13.3264"/>
      <trkpt lat="-20.3665" lon="13.3269"/>
      <trkpt lat="-20.3664" lon="13.3276"/>
      <trkpt lat="-20.3659" lon="13.3303"/>
      <trkpt lat="-20.3657" lon="13.3319"/>
      <trkpt lat="-20.3655" lon="13.333"/>
      <trkpt lat="-20.3655" lon="13.3335"/>
      <trkpt lat="-20.3655" lon="13.3339"/>
      <trkpt lat="-20.3655" lon="13.3343"/>
      <trkpt lat="-20.3655" lon="13.3348"/>
      <trkpt lat="-20.3657" lon="13.3355"/>
      <trkpt lat="-20.3658" lon="13.3363"/>
      <trkpt lat="-20.3677" lon="13.3445"/>
      <trkpt lat="-20.37" lon="13.3543"/>
      <trkpt lat="-20.3725" lon="13.3657"/>
      <trkpt lat="-20.3732" lon="13.3684"/>
      <trkpt lat="-20.3733" lon="13.369"/>
      <trkpt lat="-20.3733" lon="13.3694"/>
      <trkpt lat="-20.3734" lon="13.3698"/>
      <trkpt lat="-20.3734" lon="13.3702"/>
      <trkpt lat="-20.3733" lon="13.3705"/>
      <trkpt lat="-20.3732" lon="13.3711"/>
      <trkpt lat="-20.3731" lon="13.3716"/>
      <trkpt lat="-20.3722" lon="13.3753"/>
      <trkpt lat="-20.3713" lon="13.3787"/>
      <trkpt lat="-20.3711" lon="13.3793"/>
      <trkpt lat="-20.3711" lon="13.3798"/>
      <trkpt lat="-20.371" lon="13.3805"/>
      <trkpt lat="-20.3709" lon="13.381"/>
      <trkpt lat="-20.3709" lon="13.3817"/>
      <trkpt lat="-20.371" lon="13.3831"/>
      <trkpt lat="-20.3711" lon="13.3854"/>
      <trkpt lat="-20.3713" lon="13.3883"/>
      <trkpt lat="-20.3714" lon="13.3893"/>
      <trkpt lat="-20.3714" lon="13.3902"/>
      <trkpt lat="-20.3714" lon="13.3911"/>
      <trkpt lat="-20.3712" lon="13.396"/>
      <trkpt lat="-20.3711" lon="13.3984"/>
      <trkpt lat="-20.3711" lon="13.4"/>
      <trkpt lat="-20.3711" lon="13.4009"/>
      <trkpt lat="-20.3711" lon="13.4013"/>
      <trkpt lat="-20.371" lon="13.4017"/>
      <trkpt lat="-20.3702" lon="13.4049"/>
      <trkpt lat="-20.3694" lon="13.408"/>
      <trkpt lat="-20.3676" lon="13.4147"/>
      <trkpt lat="-20.366" lon="13.4208"/>
      <trkpt lat="-20.3644" lon="13.427"/>
      <trkpt lat="-20.3641" lon="13.4285"/>
      <trkpt lat="-20.3639" lon="13.4293"/>
      <trkpt lat="-20.3638" lon="13.4297"/>
      <trkpt lat="-20.3638" lon="13.4303"/>
      <trkpt lat="-20.3638" lon="13.4308"/>
      <trkpt lat="-20.3637" lon="13.4312"/>
      <trkpt lat="-20.3638" lon="13.4335"/>
      <trkpt lat="-20.364" lon="13.4385"/>
      <trkpt lat="-20.3639" lon="13.4393"/>
      <trkpt lat="-20.3639" lon="13.4398"/>
      <trkpt lat="-20.3638" lon="13.4408"/>
      <trkpt lat="-20.3632" lon="13.4454"/>
      <trkpt lat="-20.3629" lon="13.4489"/>
      <trkpt lat="-20.3627" lon="13.4504"/>
      <trkpt lat="-20.3626" lon="13.4513"/>
      <trkpt lat="-20.3624" lon="13.4528"/>
      <trkpt lat="-20.3622" lon="13.4554"/>
      <trkpt lat="-20.3618" lon="13.4581"/>
      <trkpt lat="-20.3616" lon="13.4599"/>
      <trkpt lat="-20.3614" lon="13.4612"/>
      <trkpt lat="-20.3612" lon="13.4627"/>
      <trkpt lat="-20.3611" lon="13.4634"/>
      <trkpt lat="-20.361" lon="13.464"/>
      <trkpt lat="-20.3608" lon="13.4645"/>
      <trkpt lat="-20.3606" lon="13.465"/>
      <trkpt lat="-20.3601" lon="13.4656"/>
      <trkpt lat="-20.3586" lon="13.4679"/>
      <trkpt lat="-20.3573" lon="13.4695"/>
      <trkpt lat="-20.355" lon="13.4729"/>
      <trkpt lat="-20.3537" lon="13.4747"/>
      <trkpt lat="-20.353" lon="13.4757"/>
      <trkpt lat="-20.3526" lon="13.4764"/>
      <trkpt lat="-20.3524" lon="13.4767"/>
      <trkpt lat="-20.3523" lon="13.4771"/>
      <trkpt lat="-20.3523" lon="13.4775"/>
      <trkpt lat="-20.3522" lon="13.4779"/>
      <trkpt lat="-20.3522" lon="13.4785"/>
      <trkpt lat="-20.3523" lon="13.4794"/>
      <trkpt lat="-20.3526" lon="13.4824"/>
      <trkpt lat="-20.3537" lon="13.4943"/>
      <trkpt lat="-20.3539" lon="13.4972"/>
      <trkpt lat="-20.3541" lon="13.4989"/>
      <trkpt lat="-20.3542" lon="13.4995"/>
      <trkpt lat="-20.3543" lon="13.5"/>
      <trkpt lat="-20.3545" lon="13.5006"/>
      <trkpt lat="-20.3548" lon="13.5015"/>
      <trkpt lat="-20.3555" lon="13.5035"/>
      <trkpt lat="-20.3567" lon="13.507"/>
      <trkpt lat="-20.3571" lon="13.5081"/>
      <trkpt lat="-20.3573" lon="13.5084"/>
      <trkpt lat="-20.3576" lon="13.5088"/>
      <trkpt lat="-20.3582" lon="13.5096"/>
      <trkpt lat="-20.3595" lon="13.511"/>
      <trkpt lat="-20.3631" lon="13.5147"/>
      <trkpt lat="-20.3646" lon="13.5162"/>
      <trkpt lat="-20.3649" lon="13.5167"/>
      <trkpt lat="-20.3652" lon="13.517"/>
      <trkpt lat="-20.3661" lon="13.5182"/>
      <trkpt lat="-20.3665" lon="13.5188"/>
      <trkpt lat="-20.3667" lon="13.5191"/>
      <trkpt lat="-20.3668" lon="13.5194"/>
      <trkpt lat="-20.367" lon="13.5198"/>
      <trkpt lat="-20.367" lon="13.52"/>
      <trkpt lat="-20.3671" lon="13.5204"/>
      <trkpt lat="-20.367" lon="13.5207"/>
      <trkpt lat="-20.367" lon="13.5211"/>
      <trkpt lat="-20.3669" lon="13.5217"/>
      <trkpt lat="-20.3667" lon="13.522"/>
      <trkpt lat="-20.3666" lon="13.5224"/>
      <trkpt lat="-20.3663" lon="13.5229"/>
      <trkpt lat="-20.3659" lon="13.5238"/>
      <trkpt lat="-20.3655" lon="13.5245"/>
      <trkpt lat="-20.3646" lon="13.5259"/>
      <trkpt lat="-20.3627" lon="13.5289"/>
      <trkpt lat="-20.3585" lon="13.5355"/>
      <trkpt lat="-20.3567" lon="13.5384"/>
      <trkpt lat="-20.3549" lon="13.5413"/>
      <trkpt lat="-20.3527" lon="13.5448"/>
      <trkpt lat="-20.3522" lon="13.5456"/>
      <trkpt lat="-20.3468" lon="13.5541"/>
      <trkpt lat="-20.3437" lon="13.559"/>
      <trkpt lat="-20.3428" lon="13.5603"/>
      <trkpt lat="-20.3418" lon="13.5619"/>
      <trkpt lat="-20.3404" lon="13.5642"/>
      <trkpt lat="-20.3398" lon="13.5651"/>
      <trkpt lat="-20.3395" lon="13.5656"/>
      <trkpt lat="-20.3392" lon="13.5663"/>
      <trkpt lat="-20.3389" lon="13.567"/>
      <trkpt lat="-20.3387" lon="13.5675"/>
      <trkpt lat="-20.3384" lon="13.5684"/>
      <trkpt lat="-20.3382" lon="13.5694"/>
      <trkpt lat="-20.3371" lon="13.5736"/>
      <trkpt lat="-20.3341" lon="13.585"/>
      <trkpt lat="-20.3305" lon="13.5986"/>
      <trkpt lat="-20.3305" lon="13.5988"/>
      <trkpt lat="-20.3275" lon="13.6102"/>
      <trkpt lat="-20.327" lon="13.612"/>
      <trkpt lat="-20.3254" lon="13.6182"/>
      <trkpt lat="-20.3252" lon="13.6189"/>
      <trkpt lat="-20.325" lon="13.6195"/>
      <trkpt lat="-20.3247" lon="13.6201"/>
      <trkpt lat="-20.3244" lon="13.6208"/>
      <trkpt lat="-20.3224" lon="13.625"/>
      <trkpt lat="-20.3208" lon="13.6284"/>
      <trkpt lat="-20.3189" lon="13.6323"/>
      <trkpt lat="-20.3151" lon="13.6404"/>
      <trkpt lat="-20.3143" lon="13.642"/>
      <trkpt lat="-20.3133" lon="13.6441"/>
      <trkpt lat="-20.3125" lon="13.6457"/>
      <trkpt lat="-20.3124" lon="13.646"/>
      <trkpt lat="-20.3122" lon="13.6463"/>
      <trkpt lat="-20.3119" lon="13.6467"/>
      <trkpt lat="-20.3115" lon="13.6472"/>
      <trkpt lat="-20.3113" lon="13.6474"/>
      <trkpt lat="-20.3111" lon="13.6477"/>
      <trkpt lat="-20.311" lon="13.6477"/>
      <trkpt lat="-20.3109" lon="13.6476"/>
      <trkpt lat="-20.3109" lon="13.6476"/>
      <trkpt lat="-20.3107" lon="13.6475"/>
      <trkpt lat="-20.3107" lon="13.6475"/>
      <trkpt lat="-20.3109" lon="13.6476"/>
      <trkpt lat="-20.3109" lon="13.6476"/>
      <trkpt lat="-20.311" lon="13.6477"/>
      <trkpt lat="-20.3098" lon="13.6493"/>
      <trkpt lat="-20.3085" lon="13.6508"/>
      <trkpt lat="-20.3065" lon="13.6534"/>
      <trkpt lat="-20.3044" lon="13.6559"/>
      <trkpt lat="-20.3018" lon="13.6593"/>
      <trkpt lat="-20.2977" lon="13.6644"/>
      <trkpt lat="-20.2971" lon="13.6651"/>
      <trkpt lat="-20.2968" lon="13.6655"/>
      <trkpt lat="-20.2965" lon="13.6658"/>
      <trkpt lat="-20.2961" lon="13.6662"/>
      <trkpt lat="-20.2955" lon="13.6667"/>
      <trkpt lat="-20.2951" lon="13.6671"/>
      <trkpt lat="-20.295" lon="13.6672"/>
      <trkpt lat="-20.2948" lon="13.6675"/>
      <trkpt lat="-20.2943" lon="13.6681"/>
      <trkpt lat="-20.294" lon="13.6687"/>
      <trkpt lat="-20.2934" lon="13.6697"/>
      <trkpt lat="-20.2924" lon="13.6712"/>
      <trkpt lat="-20.2919" lon="13.6719"/>
      <trkpt lat="-20.2907" lon="13.6735"/>
      <trkpt lat="-20.2886" lon="13.6764"/>
      <trkpt lat="-20.2862" lon="13.6796"/>
      <trkpt lat="-20.2848" lon="13.6815"/>
      <trkpt lat="-20.2825" lon="13.6847"/>
      <trkpt lat="-20.2803" lon="13.6876"/>
      <trkpt lat="-20.2776" lon="13.6913"/>
      <trkpt lat="-20.2737" lon="13.6965"/>
      <trkpt lat="-20.273" lon="13.6975"/>
      <trkpt lat="-20.2726" lon="13.6982"/>
      <trkpt lat="-20.2722" lon="13.6989"/>
      <trkpt lat="-20.2717" lon="13.6999"/>
      <trkpt lat="-20.2706" lon="13.7023"/>
      <trkpt lat="-20.2593" lon="13.7258"/>
      <trkpt lat="-20.2567" lon="13.7312"/>
      <trkpt lat="-20.2553" lon="13.7341"/>
      <trkpt lat="-20.2552" lon="13.7344"/>
      <trkpt lat="-20.2552" lon="13.7347"/>
      <trkpt lat="-20.2551" lon="13.735"/>
      <trkpt lat="-20.2551" lon="13.7353"/>
      <trkpt lat="-20.2551" lon="13.7357"/>
      <trkpt lat="-20.2552" lon="13.7362"/>
      <trkpt lat="-20.2555" lon="13.7368"/>
      <trkpt lat="-20.2564" lon="13.7392"/>
      <trkpt lat="-20.2571" lon="13.7412"/>
      <trkpt lat="-20.2582" lon="13.7438"/>
      <trkpt lat="-20.2583" lon="13.7444"/>
      <trkpt lat="-20.2585" lon="13.745"/>
      <trkpt lat="-20.2585" lon="13.7455"/>
      <trkpt lat="-20.2585" lon="13.7463"/>
      <trkpt lat="-20.2584" lon="13.7471"/>
      <trkpt lat="-20.2584" lon="13.7478"/>
      <trkpt lat="-20.2583" lon="13.7484"/>
      <trkpt lat="-20.2581" lon="13.749"/>
      <trkpt lat="-20.2579" lon="13.7496"/>
      <trkpt lat="-20.2575" lon="13.7504"/>
      <trkpt lat="-20.2572" lon="13.7511"/>
      <trkpt lat="-20.2567" lon="13.7523"/>
      <trkpt lat="-20.2533" lon="13.7596"/>
      <trkpt lat="-20.2508" lon="13.765"/>
      <trkpt lat="-20.2456" lon="13.7762"/>
      <trkpt lat="-20.2442" lon="13.7792"/>
      <trkpt lat="-20.2434" lon="13.7809"/>
      <trkpt lat="-20.2395" lon="13.7894"/>
      <trkpt lat="-20.2384" lon="13.7918"/>
      <trkpt lat="-20.2383" lon="13.7921"/>
      <trkpt lat="-20.2381" lon="13.7926"/>
      <trkpt lat="-20.238" lon="13.7931"/>
      <trkpt lat="-20.2379" lon="13.7938"/>
      <trkpt lat="-20.2376" lon="13.7956"/>
      <trkpt lat="-20.2346" lon="13.8172"/>
      <trkpt lat="-20.2332" lon="13.8275"/>
      <trkpt lat="-20.2326" lon="13.8316"/>
      <trkpt lat="-20.2324" lon="13.8336"/>
      <trkpt lat="-20.2324" lon="13.8346"/>
      <trkpt lat="-20.2323" lon="13.8355"/>
      <trkpt lat="-20.2324" lon="13.8368"/>
      <trkpt lat="-20.2327" lon="13.8485"/>
      <trkpt lat="-20.2331" lon="13.8611"/>
      <trkpt lat="-20.2331" lon="13.8621"/>
      <trkpt lat="-20.2333" lon="13.8673"/>
      <trkpt lat="-20.2333" lon="13.8687"/>
      <trkpt lat="-20.2333" lon="13.8723"/>
      <trkpt lat="-20.2333" lon="13.874"/>
      <trkpt lat="-20.2333" lon="13.8762"/>
      <trkpt lat="-20.2333" lon="13.8773"/>
      <trkpt lat="-20.2333" lon="13.8793"/>
      <trkpt lat="-20.2334" lon="13.8802"/>
      <trkpt lat="-20.2334" lon="13.8827"/>
      <trkpt lat="-20.2334" lon="13.884"/>
      <trkpt lat="-20.2334" lon="13.8854"/>
      <trkpt lat="-20.2334" lon="13.887"/>
      <trkpt lat="-20.2336" lon="13.8951"/>
      <trkpt lat="-20.2337" lon="13.8985"/>
      <trkpt lat="-20.2337" lon="13.9002"/>
      <trkpt lat="-20.2338" lon="13.9009"/>
      <trkpt lat="-20.2339" lon="13.9013"/>
      <trkpt lat="-20.234" lon="13.9017"/>
      <trkpt lat="-20.2341" lon="13.9021"/>
      <trkpt lat="-20.2342" lon="13.9023"/>
      <trkpt lat="-20.2343" lon="13.9024"/>
      <trkpt lat="-20.2345" lon="13.9029"/>
      <trkpt lat="-20.2348" lon="13.9033"/>
      <trkpt lat="-20.235" lon="13.9037"/>
      <trkpt lat="-20.2354" lon="13.9041"/>
      <trkpt lat="-20.2357" lon="13.9045"/>
      <trkpt lat="-20.2377" lon="13.9063"/>
      <trkpt lat="-20.2511" lon="13.9187"/>
      <trkpt lat="-20.2538" lon="13.9212"/>
      <trkpt lat="-20.2547" lon="13.9221"/>
      <trkpt lat="-20.2565" lon="13.9236"/>
      <trkpt lat="-20.2585" lon="13.9252"/>
      <trkpt lat="-20.2691" lon="13.9337"/>
      <trkpt lat="-20.2725" lon="13.9365"/>
      <trkpt lat="-20.2755" lon="13.939"/>
      <trkpt lat="-20.2762" lon="13.9395"/>
      <trkpt lat="-20.2766" lon="13.9397"/>
      <trkpt lat="-20.2768" lon="13.9399"/>
      <trkpt lat="-20.2775" lon="13.9401"/>
      <trkpt lat="-20.2796" lon="13.9408"/>
      <trkpt lat="-20.2821" lon="13.9417"/>
      <trkpt lat="-20.2825" lon="13.9418"/>
      <trkpt lat="-20.283" lon="13.942"/>
      <trkpt lat="-20.2834" lon="13.9422"/>
      <trkpt lat="-20.2837" lon="13.9424"/>
      <trkpt lat="-20.2845" lon="13.9431"/>
      <trkpt lat="-20.287" lon="13.9454"/>
      <trkpt lat="-20.2891" lon="13.9476"/>
      <trkpt lat="-20.2918" lon="13.9506"/>
      <trkpt lat="-20.2937" lon="13.9527"/>
      <trkpt lat="-20.2955" lon="13.9547"/>
      <trkpt lat="-20.2961" lon="13.9553"/>
      <trkpt lat="-20.2963" lon="13.9557"/>
      <trkpt lat="-20.2964" lon="13.9561"/>
      <trkpt lat="-20.2965" lon="13.9566"/>
      <trkpt lat="-20.2965" lon="13.9571"/>
      <trkpt lat="-20.2966" lon="13.958"/>
      <trkpt lat="-20.2966" lon="13.9592"/>
      <trkpt lat="-20.2966" lon="13.9598"/>
      <trkpt lat="-20.2965" lon="13.9603"/>
      <trkpt lat="-20.2963" lon="13.9608"/>
      <trkpt lat="-20.2961" lon="13.9613"/>
      <trkpt lat="-20.2947" lon="13.9642"/>
      <trkpt lat="-20.2942" lon="13.9652"/>
      <trkpt lat="-20.2937" lon="13.9662"/>
      <trkpt lat="-20.2932" lon="13.9675"/>
      <trkpt lat="-20.293" lon="13.968"/>
      <trkpt lat="-20.2929" lon="13.9681"/>
      <trkpt lat="-20.2929" lon="13.9683"/>
      <trkpt lat="-20.293" lon="13.9685"/>
      <trkpt lat="-20.2932" lon="13.969"/>
      <trkpt lat="-20.2932" lon="13.9692"/>
      <trkpt lat="-20.2932" lon="13.9695"/>
      <trkpt lat="-20.2931" lon="13.9698"/>
      <trkpt lat="-20.293" lon="13.97"/>
      <trkpt lat="-20.2925" lon="13.9711"/>
      <trkpt lat="-20.2917" lon="13.9728"/>
      <trkpt lat="-20.2902" lon="13.9756"/>
      <trkpt lat="-20.2869" lon="13.9821"/>
      <trkpt lat="-20.2863" lon="13.9833"/>
      <trkpt lat="-20.2858" lon="13.9846"/>
      <trkpt lat="-20.2849" lon="13.9867"/>
      <trkpt lat="-20.28" lon="13.9983"/>
      <trkpt lat="-20.2797" lon="13.9988"/>
      <trkpt lat="-20.2794" lon="13.9992"/>
      <trkpt lat="-20.279" lon="13.9998"/>
      <trkpt lat="-20.2784" lon="14.0004"/>
      <trkpt lat="-20.2725" lon="14.0063"/>
      <trkpt lat="-20.2509" lon="14.0275"/>
      <trkpt lat="-20.2468" lon="14.0316"/>
      <trkpt lat="-20.2455" lon="14.0329"/>
      <trkpt lat="-20.245" lon="14.0333"/>
      <trkpt lat="-20.2442" lon="14.034"/>
      <trkpt lat="-20.2413" lon="14.0363"/>
      <trkpt lat="-20.2368" lon="14.04"/>
      <trkpt lat="-20.2365" lon="14.0403"/>
      <trkpt lat="-20.2362" lon="14.0407"/>
      <trkpt lat="-20.236" lon="14.041"/>
      <trkpt lat="-20.2358" lon="14.0413"/>
      <trkpt lat="-20.2357" lon="14.0415"/>
      <trkpt lat="-20.2356" lon="14.0418"/>
      <trkpt lat="-20.2355" lon="14.042"/>
      <trkpt lat="-20.2354" lon="14.0424"/>
      <trkpt lat="-20.2336" lon="14.0503"/>
      <trkpt lat="-20.2334" lon="14.0513"/>
      <trkpt lat="-20.2328" lon="14.0535"/>
      <trkpt lat="-20.2327" lon="14.0541"/>
      <trkpt lat="-20.2327" lon="14.0546"/>
      <trkpt lat="-20.2327" lon="14.0553"/>
      <trkpt lat="-20.2327" lon="14.0559"/>
      <trkpt lat="-20.2327" lon="14.0568"/>
      <trkpt lat="-20.2328" lon="14.0651"/>
      <trkpt lat="-20.2372" lon="14.0653"/>
      <trkpt lat="-20.2397" lon="14.0654"/>
      <trkpt lat="-20.2424" lon="14.0656"/>
      <trkpt lat="-20.2472" lon="14.0659"/>
      <trkpt lat="-20.2492" lon="14.0661"/>
      <trkpt lat="-20.2505" lon="14.0663"/>
      <trkpt lat="-20.2515" lon="14.0664"/>
      <trkpt lat="-20.253" lon="14.0668"/>
      <trkpt lat="-20.2587" lon="14.0683"/>
      <trkpt lat="-20.2653" lon="14.0702"/>
      <trkpt lat="-20.2689" lon="14.0711"/>
      <trkpt lat="-20.2742" lon="14.0725"/>
      <trkpt lat="-20.2753" lon="14.0728"/>
      <trkpt lat="-20.2762" lon="14.0732"/>
      <trkpt lat="-20.2776" lon="14.0737"/>
      <trkpt lat="-20.2827" lon="14.0755"/>
      <trkpt lat="-20.2859" lon="14.0767"/>
      <trkpt lat="-20.2918" lon="14.079"/>
      <trkpt lat="-20.2933" lon="14.0797"/>
      <trkpt lat="-20.2936" lon="14.0798"/>
      <trkpt lat="-20.2939" lon="14.0799"/>
      <trkpt lat="-20.2942" lon="14.0799"/>
      <trkpt lat="-20.2948" lon="14.0799"/>
      <trkpt lat="-20.2976" lon="14.08"/>
      <trkpt lat="-20.2988" lon="14.0799"/>
      <trkpt lat="-20.2995" lon="14.0798"/>
      <trkpt lat="-20.2999" lon="14.0798"/>
      <trkpt lat="-20.3002" lon="14.0798"/>
      <trkpt lat="-20.3011" lon="14.0799"/>
      <trkpt lat="-20.3017" lon="14.08"/>
      <trkpt lat="-20.302" lon="14.0801"/>
      <trkpt lat="-20.3025" lon="14.0803"/>
      <trkpt lat="-20.3029" lon="14.0804"/>
      <trkpt lat="-20.3034" lon="14.0805"/>
      <trkpt lat="-20.3037" lon="14.0806"/>
      <trkpt lat="-20.304" lon="14.0807"/>
      <trkpt lat="-20.3044" lon="14.0807"/>
      <trkpt lat="-20.3049" lon="14.0807"/>
      <trkpt lat="-20.3053" lon="14.0806"/>
      <trkpt lat="-20.3059" lon="14.0805"/>
      <trkpt lat="-20.3062" lon="14.0805"/>
      <trkpt lat="-20.3065" lon="14.0805"/>
      <trkpt lat="-20.3069" lon="14.0805"/>
      <trkpt lat="-20.3075" lon="14.0807"/>
      <trkpt lat="-20.3081" lon="14.0808"/>
      <trkpt lat="-20.3094" lon="14.0811"/>
      <trkpt lat="-20.3103" lon="14.0814"/>
      <trkpt lat="-20.3111" lon="14.0816"/>
      <trkpt lat="-20.3115" lon="14.0817"/>
      <trkpt lat="-20.3122" lon="14.0818"/>
      <trkpt lat="-20.3129" lon="14.0819"/>
      <trkpt lat="-20.3135" lon="14.0819"/>
      <trkpt lat="-20.3138" lon="14.0819"/>
      <trkpt lat="-20.3142" lon="14.0819"/>
      <trkpt lat="-20.3149" lon="14.0818"/>
      <trkpt lat="-20.3162" lon="14.0816"/>
      <trkpt lat="-20.3165" lon="14.0816"/>
      <trkpt lat="-20.3169" lon="14.0816"/>
      <trkpt lat="-20.3174" lon="14.0816"/>
      <trkpt lat="-20.3179" lon="14.0817"/>
      <trkpt lat="-20.3184" lon="14.0817"/>
      <trkpt lat="-20.3221" lon="14.0822"/>
      <trkpt lat="-20.3228" lon="14.0823"/>
      <trkpt lat="-20.3231" lon="14.0823"/>
      <trkpt lat="-20.3234" lon="14.0824"/>
      <trkpt lat="-20.3236" lon="14.0825"/>
      <trkpt lat="-20.3238" lon="14.0826"/>
      <trkpt lat="-20.324" lon="14.0827"/>
      <trkpt lat="-20.3244" lon="14.083"/>
      <trkpt lat="-20.3247" lon="14.0833"/>
      <trkpt lat="-20.3249" lon="14.0833"/>
      <trkpt lat="-20.3254" lon="14.0838"/>
      <trkpt lat="-20.3266" lon="14.0847"/>
      <trkpt lat="-20.3274" lon="14.0853"/>
      <trkpt lat="-20.3277" lon="14.0856"/>
      <trkpt lat="-20.3281" lon="14.086"/>
      <trkpt lat="-20.3283" lon="14.0863"/>
      <trkpt lat="-20.3284" lon="14.0865"/>
      <trkpt lat="-20.3285" lon="14.0867"/>
      <trkpt lat="-20.3286" lon="14.0869"/>
      <trkpt lat="-20.3286" lon="14.0872"/>
      <trkpt lat="-20.3286" lon="14.0874"/>
      <trkpt lat="-20.3287" lon="14.0885"/>
      <trkpt lat="-20.3288" lon="14.0887"/>
      <trkpt lat="-20.3288" lon="14.0889"/>
      <trkpt lat="-20.3289" lon="14.0891"/>
      <trkpt lat="-20.329" lon="14.0893"/>
      <trkpt lat="-20.3294" lon="14.0898"/>
      <trkpt lat="-20.3297" lon="14.0902"/>
      <trkpt lat="-20.3307" lon="14.0918"/>
      <trkpt lat="-20.3318" lon="14.0933"/>
      <trkpt lat="-20.3322" lon="14.0939"/>
      <trkpt lat="-20.3326" lon="14.0944"/>
      <trkpt lat="-20.3329" lon="14.0949"/>
      <trkpt lat="-20.3335" lon="14.0958"/>
      <trkpt lat="-20.3335" lon="14.0959"/>
      <trkpt lat="-20.3336" lon="14.0961"/>
      <trkpt lat="-20.3336" lon="14.0962"/>
      <trkpt lat="-20.3337" lon="14.0964"/>
      <trkpt lat="-20.3338" lon="14.0965"/>
      <trkpt lat="-20.3341" lon="14.0968"/>
      <trkpt lat="-20.3345" lon="14.0971"/>
      <trkpt lat="-20.3346" lon="14.0973"/>
      <trkpt lat="-20.3347" lon="14.0974"/>
      <trkpt lat="-20.3348" lon="14.0976"/>
      <trkpt lat="-20.3349" lon="14.0978"/>
      <trkpt lat="-20.3349" lon="14.098"/>
      <trkpt lat="-20.3349" lon="14.0982"/>
      <trkpt lat="-20.3348" lon="14.0988"/>
      <trkpt lat="-20.3347" lon="14.0995"/>
      <trkpt lat="-20.3347" lon="14.1001"/>
      <trkpt lat="-20.3346" lon="14.1005"/>
      <trkpt lat="-20.3344" lon="14.1013"/>
      <trkpt lat="-20.3343" lon="14.1019"/>
      <trkpt lat="-20.3339" lon="14.103"/>
      <trkpt lat="-20.3338" lon="14.1035"/>
      <trkpt lat="-20.3338" lon="14.1037"/>
      <trkpt lat="-20.3337" lon="14.104"/>
      <trkpt lat="-20.3337" lon="14.1042"/>
      <trkpt lat="-20.3338" lon="14.1044"/>
      <trkpt lat="-20.3339" lon="14.1051"/>
      <trkpt lat="-20.3341" lon="14.1058"/>
      <trkpt lat="-20.3342" lon="14.1068"/>
      <trkpt lat="-20.3342" lon="14.1074"/>
      <trkpt lat="-20.3342" lon="14.1077"/>
      <trkpt lat="-20.3342" lon="14.1079"/>
      <trkpt lat="-20.3342" lon="14.1081"/>
      <trkpt lat="-20.3341" lon="14.1084"/>
      <trkpt lat="-20.3338" lon="14.1088"/>
      <trkpt lat="-20.3333" lon="14.1094"/>
      <trkpt lat="-20.3328" lon="14.1099"/>
      <trkpt lat="-20.3323" lon="14.1104"/>
      <trkpt lat="-20.3317" lon="14.1109"/>
      <trkpt lat="-20.3307" lon="14.1116"/>
      <trkpt lat="-20.3294" lon="14.1124"/>
      <trkpt lat="-20.3289" lon="14.1128"/>
      <trkpt lat="-20.3286" lon="14.113"/>
      <trkpt lat="-20.3284" lon="14.1133"/>
      <trkpt lat="-20.3282" lon="14.1136"/>
      <trkpt lat="-20.328" lon="14.1139"/>
      <trkpt lat="-20.327" lon="14.1157"/>
      <trkpt lat="-20.3262" lon="14.1172"/>
      <trkpt lat="-20.3261" lon="14.1175"/>
      <trkpt lat="-20.3258" lon="14.1178"/>
      <trkpt lat="-20.3255" lon="14.1181"/>
      <trkpt lat="-20.325" lon="14.1185"/>
      <trkpt lat="-20.323" lon="14.1201"/>
      <trkpt lat="-20.3219" lon="14.1211"/>
      <trkpt lat="-20.3215" lon="14.1215"/>
      <trkpt lat="-20.3204" lon="14.1226"/>
      <trkpt lat="-20.3192" lon="14.1238"/>
      <trkpt lat="-20.3189" lon="14.1243"/>
      <trkpt lat="-20.3187" lon="14.1246"/>
      <trkpt lat="-20.3185" lon="14.1249"/>
      <trkpt lat="-20.3184" lon="14.1252"/>
      <trkpt lat="-20.3184" lon="14.1255"/>
      <trkpt lat="-20.3184" lon="14.1259"/>
      <trkpt lat="-20.3184" lon="14.1275"/>
      <trkpt lat="-20.3185" lon="14.1302"/>
      <trkpt lat="-20.3186" lon="14.1309"/>
      <trkpt lat="-20.3187" lon="14.1313"/>
      <trkpt lat="-20.3188" lon="14.1317"/>
      <trkpt lat="-20.3189" lon="14.1319"/>
      <trkpt lat="-20.3191" lon="14.1323"/>
      <trkpt lat="-20.3197" lon="14.1332"/>
      <trkpt lat="-20.3209" lon="14.1347"/>
      <trkpt lat="-20.3233" lon="14.138"/>
      <trkpt lat="-20.3243" lon="14.1394"/>
      <trkpt lat="-20.3248" lon="14.1399"/>
      <trkpt lat="-20.3252" lon="14.1404"/>
      <trkpt lat="-20.326" lon="14.1411"/>
      <trkpt lat="-20.3265" lon="14.1417"/>
      <trkpt lat="-20.3268" lon="14.142"/>
      <trkpt lat="-20.3272" lon="14.1426"/>
      <trkpt lat="-20.3284" lon="14.1443"/>
      <trkpt lat="-20.3306" lon="14.1473"/>
      <trkpt lat="-20.3309" lon="14.1477"/>
      <trkpt lat="-20.3312" lon="14.1482"/>
      <trkpt lat="-20.3314" lon="14.1485"/>
      <trkpt lat="-20.3316" lon="14.1488"/>
      <trkpt lat="-20.3318" lon="14.1491"/>
      <trkpt lat="-20.3321" lon="14.1498"/>
      <trkpt lat="-20.3324" lon="14.1504"/>
      <trkpt lat="-20.3327" lon="14.1512"/>
      <trkpt lat="-20.3329" lon="14.1519"/>
      <trkpt lat="-20.333" lon="14.1523"/>
      <trkpt lat="-20.333" lon="14.1527"/>
      <trkpt lat="-20.3331" lon="14.1532"/>
      <trkpt lat="-20.333" lon="14.1538"/>
      <trkpt lat="-20.3327" lon="14.1561"/>
      <trkpt lat="-20.332" lon="14.1609"/>
      <trkpt lat="-20.3316" lon="14.1646"/>
      <trkpt lat="-20.3314" lon="14.1665"/>
      <trkpt lat="-20.3313" lon="14.1674"/>
      <trkpt lat="-20.3311" lon="14.1685"/>
      <trkpt lat="-20.3311" lon="14.169"/>
      <trkpt lat="-20.3311" lon="14.1694"/>
      <trkpt lat="-20.3311" lon="14.1698"/>
      <trkpt lat="-20.3312" lon="14.17"/>
      <trkpt lat="-20.3313" lon="14.1703"/>
      <trkpt lat="-20.3316" lon="14.1705"/>
      <trkpt lat="-20.3324" lon="14.1712"/>
      <trkpt lat="-20.3333" lon="14.1722"/>
      <trkpt lat="-20.3335" lon="14.1725"/>
      <trkpt lat="-20.3338" lon="14.1728"/>
      <trkpt lat="-20.3339" lon="14.1731"/>
      <trkpt lat="-20.3341" lon="14.1736"/>
      <trkpt lat="-20.3344" lon="14.1743"/>
      <trkpt lat="-20.3345" lon="14.1751"/>
      <trkpt lat="-20.3346" lon="14.1757"/>
      <trkpt lat="-20.3346" lon="14.1762"/>
      <trkpt lat="-20.3346" lon="14.1779"/>
      <trkpt lat="-20.3346" lon="14.1782"/>
      <trkpt lat="-20.3347" lon="14.1785"/>
      <trkpt lat="-20.3348" lon="14.179"/>
      <trkpt lat="-20.3352" lon="14.1798"/>
      <trkpt lat="-20.3355" lon="14.1802"/>
      <trkpt lat="-20.3358" lon="14.1807"/>
      <trkpt lat="-20.3364" lon="14.1815"/>
      <trkpt lat="-20.3368" lon="14.1819"/>
      <trkpt lat="-20.3377" lon="14.1829"/>
      <trkpt lat="-20.338" lon="14.1832"/>
      <trkpt lat="-20.3382" lon="14.1835"/>
      <trkpt lat="-20.3384" lon="14.1839"/>
      <trkpt lat="-20.3392" lon="14.1857"/>
      <trkpt lat="-20.3395" lon="14.1862"/>
      <trkpt lat="-20.3397" lon="14.1864"/>
      <trkpt lat="-20.3399" lon="14.1866"/>
      <trkpt lat="-20.3403" lon="14.187"/>
      <trkpt lat="-20.3409" lon="14.1874"/>
      <trkpt lat="-20.3421" lon="14.1881"/>
      <trkpt lat="-20.3427" lon="14.1884"/>
      <trkpt lat="-20.3431" lon="14.1886"/>
      <trkpt lat="-20.3435" lon="14.1887"/>
      <trkpt lat="-20.3441" lon="14.1889"/>
      <trkpt lat="-20.3447" lon="14.189"/>
      <trkpt lat="-20.3459" lon="14.1892"/>
      <trkpt lat="-20.3471" lon="14.1894"/>
      <trkpt lat="-20.3476" lon="14.1896"/>
      <trkpt lat="-20.3478" lon="14.1896"/>
      <trkpt lat="-20.348" lon="14.1897"/>
      <trkpt lat="-20.3482" lon="14.1898"/>
      <trkpt lat="-20.3484" lon="14.1899"/>
      <trkpt lat="-20.3486" lon="14.1902"/>
      <trkpt lat="-20.3487" lon="14.1904"/>
      <trkpt lat="-20.3487" lon="14.1904"/>
      <trkpt lat="-20.3489" lon="14.1907"/>
      <trkpt lat="-20.3491" lon="14.191"/>
      <trkpt lat="-20.3495" lon="14.1914"/>
      <trkpt lat="-20.3495" lon="14.1914"/>
      <trkpt lat="-20.3499" lon="14.1918"/>
      <trkpt lat="-20.3517" lon="14.1933"/>
      <trkpt lat="-20.3531" lon="14.1943"/>
      <trkpt lat="-20.3552" lon="14.196"/>
      <trkpt lat="-20.3572" lon="14.1976"/>
      <trkpt lat="-20.3587" lon="14.1988"/>
      <trkpt lat="-20.3604" lon="14.2001"/>
      <trkpt lat="-20.3631" lon="14.2022"/>
      <trkpt lat="-20.3663" lon="14.2048"/>
      <trkpt lat="-20.3678" lon="14.2061"/>
      <trkpt lat="-20.3695" lon="14.2074"/>
      <trkpt lat="-20.3705" lon="14.2082"/>
      <trkpt lat="-20.3725" lon="14.2097"/>
      <trkpt lat="-20.3737" lon="14.2105"/>
      <trkpt lat="-20.3753" lon="14.2116"/>
      <trkpt lat="-20.3768" lon="14.2129"/>
      <trkpt lat="-20.3773" lon="14.2132"/>
      <trkpt lat="-20.3777" lon="14.2136"/>
      <trkpt lat="-20.3779" lon="14.2138"/>
      <trkpt lat="-20.3782" lon="14.2141"/>
      <trkpt lat="-20.3785" lon="14.2145"/>
      <trkpt lat="-20.379" lon="14.2154"/>
      <trkpt lat="-20.3802" lon="14.2176"/>
      <trkpt lat="-20.3807" lon="14.2185"/>
      <trkpt lat="-20.3839" lon="14.2246"/>
      <trkpt lat="-20.3852" lon="14.2271"/>
      <trkpt lat="-20.3877" lon="14.2319"/>
      <trkpt lat="-20.3902" lon="14.2371"/>
      <trkpt lat="-20.3911" lon="14.2387"/>
      <trkpt lat="-20.3921" lon="14.2408"/>
      <trkpt lat="-20.3928" lon="14.242"/>
      <trkpt lat="-20.3932" lon="14.243"/>
      <trkpt lat="-20.394" lon="14.2447"/>
      <trkpt lat="-20.3944" lon="14.2454"/>
      <trkpt lat="-20.3948" lon="14.246"/>
      <trkpt lat="-20.3954" lon="14.2471"/>
      <trkpt lat="-20.3956" lon="14.2474"/>
      <trkpt lat="-20.3958" lon="14.2478"/>
      <trkpt lat="-20.3961" lon="14.2481"/>
      <trkpt lat="-20.3962" lon="14.2485"/>
      <trkpt lat="-20.3964" lon="14.249"/>
      <trkpt lat="-20.3966" lon="14.25"/>
      <trkpt lat="-20.3969" lon="14.2517"/>
      <trkpt lat="-20.3976" lon="14.2564"/>
      <trkpt lat="-20.3988" lon="14.264"/>
      <trkpt lat="-20.3989" lon="14.2647"/>
      <trkpt lat="-20.3991" lon="14.2652"/>
      <trkpt lat="-20.3992" lon="14.2657"/>
      <trkpt lat="-20.3995" lon="14.2662"/>
      <trkpt lat="-20.3998" lon="14.2667"/>
      <trkpt lat="-20.4005" lon="14.2677"/>
      <trkpt lat="-20.4039" lon="14.2728"/>
      <trkpt lat="-20.4089" lon="14.2802"/>
      <trkpt lat="-20.4097" lon="14.2814"/>
      <trkpt lat="-20.41" lon="14.282"/>
      <trkpt lat="-20.4102" lon="14.2824"/>
      <trkpt lat="-20.4102" lon="14.2826"/>
      <trkpt lat="-20.4103" lon="14.283"/>
      <trkpt lat="-20.4103" lon="14.2834"/>
      <trkpt lat="-20.4103" lon="14.2837"/>
      <trkpt lat="-20.4103" lon="14.2841"/>
      <trkpt lat="-20.4102" lon="14.2846"/>
      <trkpt lat="-20.4099" lon="14.2857"/>
      <trkpt lat="-20.409" lon="14.2885"/>
      <trkpt lat="-20.4089" lon="14.2888"/>
      <trkpt lat="-20.4089" lon="14.2891"/>
      <trkpt lat="-20.4089" lon="14.2893"/>
      <trkpt lat="-20.4089" lon="14.2896"/>
      <trkpt lat="-20.409" lon="14.2897"/>
      <trkpt lat="-20.4091" lon="14.29"/>
      <trkpt lat="-20.4091" lon="14.2902"/>
      <trkpt lat="-20.4096" lon="14.2909"/>
      <trkpt lat="-20.4103" lon="14.2918"/>
      <trkpt lat="-20.4139" lon="14.2968"/>
      <trkpt lat="-20.4152" lon="14.2985"/>
      <trkpt lat="-20.4157" lon="14.2992"/>
      <trkpt lat="-20.416" lon="14.2996"/>
      <trkpt lat="-20.4162" lon="14.3"/>
      <trkpt lat="-20.4164" lon="14.3004"/>
      <trkpt lat="-20.4171" lon="14.3025"/>
      <trkpt lat="-20.4178" lon="14.3048"/>
      <trkpt lat="-20.4183" lon="14.3066"/>
      <trkpt lat="-20.4186" lon="14.3081"/>
      <trkpt lat="-20.4189" lon="14.3094"/>
      <trkpt lat="-20.419" lon="14.3102"/>
      <trkpt lat="-20.4191" lon="14.311"/>
      <trkpt lat="-20.4191" lon="14.3117"/>
      <trkpt lat="-20.419" lon="14.3128"/>
      <trkpt lat="-20.419" lon="14.3143"/>
      <trkpt lat="-20.4189" lon="14.3151"/>
      <trkpt lat="-20.4188" lon="14.3157"/>
      <trkpt lat="-20.4185" lon="14.3171"/>
      <trkpt lat="-20.4183" lon="14.3183"/>
      <trkpt lat="-20.4182" lon="14.3191"/>
      <trkpt lat="-20.4181" lon="14.3202"/>
      <trkpt lat="-20.4181" lon="14.3208"/>
      <trkpt lat="-20.4181" lon="14.3212"/>
      <trkpt lat="-20.4181" lon="14.3215"/>
      <trkpt lat="-20.4182" lon="14.3222"/>
      <trkpt lat="-20.4187" lon="14.3244"/>
      <trkpt lat="-20.4192" lon="14.3271"/>
      <trkpt lat="-20.4194" lon="14.3283"/>
      <trkpt lat="-20.4202" lon="14.3316"/>
      <trkpt lat="-20.4211" lon="14.3355"/>
      <trkpt lat="-20.4219" lon="14.3387"/>
      <trkpt lat="-20.4226" lon="14.3409"/>
      <trkpt lat="-20.4228" lon="14.3416"/>
      <trkpt lat="-20.423" lon="14.3424"/>
      <trkpt lat="-20.4239" lon="14.3422"/>
      <trkpt lat="-20.4247" lon="14.3423"/>
      <trkpt lat="-20.4252" lon="14.3423"/>
      <trkpt lat="-20.4257" lon="14.3425"/>
      <trkpt lat="-20.4265" lon="14.343"/>
      <trkpt lat="-20.4273" lon="14.3433"/>
      <trkpt lat="-20.4277" lon="14.3436"/>
      <trkpt lat="-20.4291" lon="14.3445"/>
      <trkpt lat="-20.4309" lon="14.3455"/>
      <trkpt lat="-20.4315" lon="14.3458"/>
      <trkpt lat="-20.4322" lon="14.3461"/>
      <trkpt lat="-20.4339" lon="14.3466"/>
      <trkpt lat="-20.4353" lon="14.3471"/>
      <trkpt lat="-20.4383" lon="14.3481"/>
      <trkpt lat="-20.4393" lon="14.3485"/>
      <trkpt lat="-20.44" lon="14.3487"/>
      <trkpt lat="-20.4404" lon="14.3488"/>
      <trkpt lat="-20.4409" lon="14.3489"/>
      <trkpt lat="-20.4413" lon="14.3489"/>
      <trkpt lat="-20.4417" lon="14.3489"/>
      <trkpt lat="-20.445" lon="14.3486"/>
      <trkpt lat="-20.4462" lon="14.3483"/>
      <trkpt lat="-20.4477" lon="14.3482"/>
      <trkpt lat="-20.4492" lon="14.348"/>
      <trkpt lat="-20.4503" lon="14.3478"/>
      <trkpt lat="-20.4514" lon="14.3475"/>
      <trkpt lat="-20.4524" lon="14.3472"/>
      <trkpt lat="-20.453" lon="14.3471"/>
      <trkpt lat="-20.4535" lon="14.347"/>
      <trkpt lat="-20.4539" lon="14.347"/>
      <trkpt lat="-20.4551" lon="14.3472"/>
      <trkpt lat="-20.4556" lon="14.3473"/>
      <trkpt lat="-20.4561" lon="14.3473"/>
      <trkpt lat="-20.4565" lon="14.3473"/>
      <trkpt lat="-20.4643" lon="14.3463"/>
      <trkpt lat="-20.4683" lon="14.3459"/>
      <trkpt lat="-20.4725" lon="14.3454"/>
      <trkpt lat="-20.4774" lon="14.3449"/>
      <trkpt lat="-20.4786" lon="14.3448"/>
      <trkpt lat="-20.4794" lon="14.3447"/>
      <trkpt lat="-20.48" lon="14.3445"/>
      <trkpt lat="-20.4807" lon="14.3442"/>
      <trkpt lat="-20.4811" lon="14.3438"/>
      <trkpt lat="-20.4814" lon="14.3433"/>
      <trkpt lat="-20.4815" lon="14.343"/>
      <trkpt lat="-20.4817" lon="14.3422"/>
      <trkpt lat="-20.4817" lon="14.3414"/>
      <trkpt lat="-20.4818" lon="14.3409"/>
      <trkpt lat="-20.4819" lon="14.3405"/>
      <trkpt lat="-20.4822" lon="14.3401"/>
      <trkpt lat="-20.4824" lon="14.34"/>
      <trkpt lat="-20.4827" lon="14.3398"/>
      <trkpt lat="-20.483" lon="14.3398"/>
      <trkpt lat="-20.4835" lon="14.3399"/>
      <trkpt lat="-20.4838" lon="14.3401"/>
      <trkpt lat="-20.486" lon="14.3418"/>
      <trkpt lat="-20.4872" lon="14.3427"/>
      <trkpt lat="-20.4884" lon="14.3437"/>
      <trkpt lat="-20.489" lon="14.3441"/>
      <trkpt lat="-20.4902" lon="14.3447"/>
      <trkpt lat="-20.4908" lon="14.3451"/>
      <trkpt lat="-20.4912" lon="14.3454"/>
      <trkpt lat="-20.4917" lon="14.3459"/>
      <trkpt lat="-20.4923" lon="14.3463"/>
      <trkpt lat="-20.4933" lon="14.3469"/>
      <trkpt lat="-20.4942" lon="14.3476"/>
      <trkpt lat="-20.4946" lon="14.3479"/>
      <trkpt lat="-20.495" lon="14.3481"/>
      <trkpt lat="-20.4955" lon="14.3488"/>
      <trkpt lat="-20.4963" lon="14.35"/>
      <trkpt lat="-20.497" lon="14.3512"/>
      <trkpt lat="-20.4991" lon="14.3547"/>
      <trkpt lat="-20.5032" lon="14.3613"/>
      <trkpt lat="-20.5044" lon="14.3634"/>
      <trkpt lat="-20.5049" lon="14.364"/>
      <trkpt lat="-20.5052" lon="14.3644"/>
      <trkpt lat="-20.5057" lon="14.3647"/>
      <trkpt lat="-20.5062" lon="14.3653"/>
      <trkpt lat="-20.5067" lon="14.3658"/>
      <trkpt lat="-20.5071" lon="14.3664"/>
      <trkpt lat="-20.5076" lon="14.3673"/>
      <trkpt lat="-20.508" lon="14.368"/>
      <trkpt lat="-20.5091" lon="14.37"/>
      <trkpt lat="-20.5092" lon="14.3702"/>
      <trkpt lat="-20.5096" lon="14.3711"/>
      <trkpt lat="-20.5102" lon="14.3725"/>
      <trkpt lat="-20.5127" lon="14.3785"/>
      <trkpt lat="-20.513" lon="14.3792"/>
      <trkpt lat="-20.5134" lon="14.3799"/>
      <trkpt lat="-20.5144" lon="14.3814"/>
      <trkpt lat="-20.5155" lon="14.383"/>
      <trkpt lat="-20.5169" lon="14.3851"/>
      <trkpt lat="-20.5182" lon="14.3871"/>
      <trkpt lat="-20.519" lon="14.3885"/>
      <trkpt lat="-20.5199" lon="14.3898"/>
      <trkpt lat="-20.5221" lon="14.3936"/>
      <trkpt lat="-20.5241" lon="14.397"/>
      <trkpt lat="-20.5241" lon="14.3971"/>
      <trkpt lat="-20.5244" lon="14.397"/>
      <trkpt lat="-20.5249" lon="14.3969"/>
      <trkpt lat="-20.5258" lon="14.3967"/>
      <trkpt lat="-20.5266" lon="14.3966"/>
      <trkpt lat="-20.5271" lon="14.3966"/>
      <trkpt lat="-20.5276" lon="14.3967"/>
      <trkpt lat="-20.5281" lon="14.3967"/>
      <trkpt lat="-20.5286" lon="14.3968"/>
      <trkpt lat="-20.5288" lon="14.3969"/>
      <trkpt lat="-20.5292" lon="14.397"/>
      <trkpt lat="-20.5295" lon="14.397"/>
      <trkpt lat="-20.5299" lon="14.3972"/>
      <trkpt lat="-20.531" lon="14.3977"/>
      <trkpt lat="-20.5329" lon="14.3986"/>
      <trkpt lat="-20.5349" lon="14.3995"/>
      <trkpt lat="-20.5356" lon="14.3997"/>
      <trkpt lat="-20.5357" lon="14.3998"/>
      <trkpt lat="-20.5364" lon="14.4"/>
      <trkpt lat="-20.5372" lon="14.4002"/>
      <trkpt lat="-20.5378" lon="14.4003"/>
      <trkpt lat="-20.5384" lon="14.4006"/>
      <trkpt lat="-20.539" lon="14.4009"/>
      <trkpt lat="-20.5394" lon="14.4009"/>
      <trkpt lat="-20.5399" lon="14.401"/>
      <trkpt lat="-20.5406" lon="14.401"/>
      <trkpt lat="-20.5418" lon="14.4009"/>
      <trkpt lat="-20.5426" lon="14.4008"/>
      <trkpt lat="-20.5435" lon="14.4007"/>
      <trkpt lat="-20.5445" lon="14.4006"/>
      <trkpt lat="-20.5458" lon="14.4005"/>
      <trkpt lat="-20.5463" lon="14.4005"/>
      <trkpt lat="-20.5465" lon="14.4005"/>
      <trkpt lat="-20.5466" lon="14.4005"/>
      <trkpt lat="-20.5467" lon="14.4005"/>
      <trkpt lat="-20.5467" lon="14.4005"/>
      <trkpt lat="-20.5468" lon="14.4005"/>
      <trkpt lat="-20.5469" lon="14.4005"/>
      <trkpt lat="-20.547" lon="14.4005"/>
      <trkpt lat="-20.5471" lon="14.4004"/>
      <trkpt lat="-20.5473" lon="14.4004"/>
      <trkpt lat="-20.5474" lon="14.4004"/>
      <trkpt lat="-20.5476" lon="14.4004"/>
      <trkpt lat="-20.5477" lon="14.4004"/>
      <trkpt lat="-20.5479" lon="14.4005"/>
      <trkpt lat="-20.5481" lon="14.4005"/>
      <trkpt lat="-20.5486" lon="14.4006"/>
      <trkpt lat="-20.549" lon="14.4007"/>
      <trkpt lat="-20.5497" lon="14.4009"/>
      <trkpt lat="-20.5499" lon="14.4009"/>
      <trkpt lat="-20.5504" lon="14.401"/>
      <trkpt lat="-20.5509" lon="14.4011"/>
      <trkpt lat="-20.5508" lon="14.4013"/>
      <trkpt lat="-20.5501" lon="14.4019"/>
      <trkpt lat="-20.5496" lon="14.4023"/>
      <trkpt lat="-20.5491" lon="14.4027"/>
      <trkpt lat="-20.5487" lon="14.403"/>
      <trkpt lat="-20.5475" lon="14.4039"/>
      <trkpt lat="-20.5473" lon="14.4042"/>
      <trkpt lat="-20.5472" lon="14.4047"/>
      <trkpt lat="-20.5471" lon="14.4052"/>
      <trkpt lat="-20.547" lon="14.4059"/>
      <trkpt lat="-20.547" lon="14.4063"/>
      <trkpt lat="-20.5469" lon="14.4069"/>
      <trkpt lat="-20.5467" lon="14.4073"/>
      <trkpt lat="-20.547" lon="14.4082"/>
      <trkpt lat="-20.5471" lon="14.4086"/>
      <trkpt lat="-20.5476" lon="14.4092"/>
      <trkpt lat="-20.5481" lon="14.4094"/>
      <trkpt lat="-20.5482" lon="14.4095"/>
      <trkpt lat="-20.5483" lon="14.4097"/>
      <trkpt lat="-20.5484" lon="14.4101"/>
      <trkpt lat="-20.5485" lon="14.4104"/>
      <trkpt lat="-20.5485" lon="14.4105"/>
      <trkpt lat="-20.5486" lon="14.4106"/>
      <trkpt lat="-20.5487" lon="14.4107"/>
      <trkpt lat="-20.5487" lon="14.4108"/>
    </trkseg>
  </trk>
  <trk>
    <name>D8 · Twyfelfontein → Palmwag → Hoada</name>
    <desc>8 nov · 159 km · ~2.2 h</desc>
    <trkseg>
      <trkpt lat="-20.5487" lon="14.4108"/>
      <trkpt lat="-20.5487" lon="14.4107"/>
      <trkpt lat="-20.5486" lon="14.4106"/>
      <trkpt lat="-20.5485" lon="14.4105"/>
      <trkpt lat="-20.5485" lon="14.4104"/>
      <trkpt lat="-20.5484" lon="14.4101"/>
      <trkpt lat="-20.5483" lon="14.4097"/>
      <trkpt lat="-20.5482" lon="14.4095"/>
      <trkpt lat="-20.5481" lon="14.4094"/>
      <trkpt lat="-20.5476" lon="14.4092"/>
      <trkpt lat="-20.5471" lon="14.4086"/>
      <trkpt lat="-20.547" lon="14.4082"/>
      <trkpt lat="-20.5467" lon="14.4073"/>
      <trkpt lat="-20.5469" lon="14.4069"/>
      <trkpt lat="-20.547" lon="14.4063"/>
      <trkpt lat="-20.547" lon="14.4059"/>
      <trkpt lat="-20.5471" lon="14.4052"/>
      <trkpt lat="-20.5472" lon="14.4047"/>
      <trkpt lat="-20.5473" lon="14.4042"/>
      <trkpt lat="-20.5475" lon="14.4039"/>
      <trkpt lat="-20.5487" lon="14.403"/>
      <trkpt lat="-20.5491" lon="14.4027"/>
      <trkpt lat="-20.5496" lon="14.4023"/>
      <trkpt lat="-20.5501" lon="14.4019"/>
      <trkpt lat="-20.5508" lon="14.4013"/>
      <trkpt lat="-20.5509" lon="14.4011"/>
      <trkpt lat="-20.5504" lon="14.401"/>
      <trkpt lat="-20.5499" lon="14.4009"/>
      <trkpt lat="-20.5497" lon="14.4009"/>
      <trkpt lat="-20.549" lon="14.4007"/>
      <trkpt lat="-20.5486" lon="14.4006"/>
      <trkpt lat="-20.5481" lon="14.4005"/>
      <trkpt lat="-20.5479" lon="14.4005"/>
      <trkpt lat="-20.5477" lon="14.4004"/>
      <trkpt lat="-20.5476" lon="14.4004"/>
      <trkpt lat="-20.5474" lon="14.4004"/>
      <trkpt lat="-20.5473" lon="14.4004"/>
      <trkpt lat="-20.5471" lon="14.4004"/>
      <trkpt lat="-20.547" lon="14.4005"/>
      <trkpt lat="-20.5469" lon="14.4005"/>
      <trkpt lat="-20.5468" lon="14.4005"/>
      <trkpt lat="-20.5467" lon="14.4005"/>
      <trkpt lat="-20.5467" lon="14.4005"/>
      <trkpt lat="-20.5466" lon="14.4005"/>
      <trkpt lat="-20.5465" lon="14.4005"/>
      <trkpt lat="-20.5463" lon="14.4005"/>
      <trkpt lat="-20.5458" lon="14.4005"/>
      <trkpt lat="-20.5445" lon="14.4006"/>
      <trkpt lat="-20.5435" lon="14.4007"/>
      <trkpt lat="-20.5426" lon="14.4008"/>
      <trkpt lat="-20.5418" lon="14.4009"/>
      <trkpt lat="-20.5406" lon="14.401"/>
      <trkpt lat="-20.5399" lon="14.401"/>
      <trkpt lat="-20.5394" lon="14.4009"/>
      <trkpt lat="-20.539" lon="14.4009"/>
      <trkpt lat="-20.5384" lon="14.4006"/>
      <trkpt lat="-20.5378" lon="14.4003"/>
      <trkpt lat="-20.5372" lon="14.4002"/>
      <trkpt lat="-20.5364" lon="14.4"/>
      <trkpt lat="-20.5357" lon="14.3998"/>
      <trkpt lat="-20.5356" lon="14.3997"/>
      <trkpt lat="-20.5349" lon="14.3995"/>
      <trkpt lat="-20.5329" lon="14.3986"/>
      <trkpt lat="-20.531" lon="14.3977"/>
      <trkpt lat="-20.5299" lon="14.3972"/>
      <trkpt lat="-20.5295" lon="14.397"/>
      <trkpt lat="-20.5292" lon="14.397"/>
      <trkpt lat="-20.5288" lon="14.3969"/>
      <trkpt lat="-20.5286" lon="14.3968"/>
      <trkpt lat="-20.5281" lon="14.3967"/>
      <trkpt lat="-20.5276" lon="14.3967"/>
      <trkpt lat="-20.5271" lon="14.3966"/>
      <trkpt lat="-20.5266" lon="14.3966"/>
      <trkpt lat="-20.5258" lon="14.3967"/>
      <trkpt lat="-20.5249" lon="14.3969"/>
      <trkpt lat="-20.5244" lon="14.397"/>
      <trkpt lat="-20.5241" lon="14.3971"/>
      <trkpt lat="-20.5241" lon="14.397"/>
      <trkpt lat="-20.5221" lon="14.3936"/>
      <trkpt lat="-20.5199" lon="14.3898"/>
      <trkpt lat="-20.519" lon="14.3885"/>
      <trkpt lat="-20.5182" lon="14.3871"/>
      <trkpt lat="-20.5169" lon="14.3851"/>
      <trkpt lat="-20.5155" lon="14.383"/>
      <trkpt lat="-20.5144" lon="14.3814"/>
      <trkpt lat="-20.5134" lon="14.3799"/>
      <trkpt lat="-20.513" lon="14.3792"/>
      <trkpt lat="-20.5127" lon="14.3785"/>
      <trkpt lat="-20.5102" lon="14.3725"/>
      <trkpt lat="-20.5096" lon="14.3711"/>
      <trkpt lat="-20.5092" lon="14.3702"/>
      <trkpt lat="-20.5091" lon="14.37"/>
      <trkpt lat="-20.508" lon="14.368"/>
      <trkpt lat="-20.5076" lon="14.3673"/>
      <trkpt lat="-20.5071" lon="14.3664"/>
      <trkpt lat="-20.5067" lon="14.3658"/>
      <trkpt lat="-20.5062" lon="14.3653"/>
      <trkpt lat="-20.5057" lon="14.3647"/>
      <trkpt lat="-20.5052" lon="14.3644"/>
      <trkpt lat="-20.5049" lon="14.364"/>
      <trkpt lat="-20.5044" lon="14.3634"/>
      <trkpt lat="-20.5032" lon="14.3613"/>
      <trkpt lat="-20.4991" lon="14.3547"/>
      <trkpt lat="-20.497" lon="14.3512"/>
      <trkpt lat="-20.4963" lon="14.35"/>
      <trkpt lat="-20.4955" lon="14.3488"/>
      <trkpt lat="-20.495" lon="14.3481"/>
      <trkpt lat="-20.4946" lon="14.3479"/>
      <trkpt lat="-20.4942" lon="14.3476"/>
      <trkpt lat="-20.4933" lon="14.3469"/>
      <trkpt lat="-20.4923" lon="14.3463"/>
      <trkpt lat="-20.4917" lon="14.3459"/>
      <trkpt lat="-20.4912" lon="14.3454"/>
      <trkpt lat="-20.4908" lon="14.3451"/>
      <trkpt lat="-20.4902" lon="14.3447"/>
      <trkpt lat="-20.489" lon="14.3441"/>
      <trkpt lat="-20.4884" lon="14.3437"/>
      <trkpt lat="-20.4872" lon="14.3427"/>
      <trkpt lat="-20.486" lon="14.3418"/>
      <trkpt lat="-20.4838" lon="14.3401"/>
      <trkpt lat="-20.4835" lon="14.3399"/>
      <trkpt lat="-20.483" lon="14.3398"/>
      <trkpt lat="-20.4827" lon="14.3398"/>
      <trkpt lat="-20.4824" lon="14.34"/>
      <trkpt lat="-20.4822" lon="14.3401"/>
      <trkpt lat="-20.4819" lon="14.3405"/>
      <trkpt lat="-20.4818" lon="14.3409"/>
      <trkpt lat="-20.4817" lon="14.3414"/>
      <trkpt lat="-20.4817" lon="14.3422"/>
      <trkpt lat="-20.4815" lon="14.343"/>
      <trkpt lat="-20.4814" lon="14.3433"/>
      <trkpt lat="-20.4811" lon="14.3438"/>
      <trkpt lat="-20.4807" lon="14.3442"/>
      <trkpt lat="-20.48" lon="14.3445"/>
      <trkpt lat="-20.4794" lon="14.3447"/>
      <trkpt lat="-20.4786" lon="14.3448"/>
      <trkpt lat="-20.4774" lon="14.3449"/>
      <trkpt lat="-20.4725" lon="14.3454"/>
      <trkpt lat="-20.4683" lon="14.3459"/>
      <trkpt lat="-20.4643" lon="14.3463"/>
      <trkpt lat="-20.4565" lon="14.3473"/>
      <trkpt lat="-20.4561" lon="14.3473"/>
      <trkpt lat="-20.4556" lon="14.3473"/>
      <trkpt lat="-20.4551" lon="14.3472"/>
      <trkpt lat="-20.4539" lon="14.347"/>
      <trkpt lat="-20.4535" lon="14.347"/>
      <trkpt lat="-20.453" lon="14.3471"/>
      <trkpt lat="-20.4524" lon="14.3472"/>
      <trkpt lat="-20.4514" lon="14.3475"/>
      <trkpt lat="-20.4503" lon="14.3478"/>
      <trkpt lat="-20.4492" lon="14.348"/>
      <trkpt lat="-20.4477" lon="14.3482"/>
      <trkpt lat="-20.4462" lon="14.3483"/>
      <trkpt lat="-20.445" lon="14.3486"/>
      <trkpt lat="-20.4417" lon="14.3489"/>
      <trkpt lat="-20.4413" lon="14.3489"/>
      <trkpt lat="-20.4409" lon="14.3489"/>
      <trkpt lat="-20.4404" lon="14.3488"/>
      <trkpt lat="-20.44" lon="14.3487"/>
      <trkpt lat="-20.4393" lon="14.3485"/>
      <trkpt lat="-20.4383" lon="14.3481"/>
      <trkpt lat="-20.4353" lon="14.3471"/>
      <trkpt lat="-20.4339" lon="14.3466"/>
      <trkpt lat="-20.4322" lon="14.3461"/>
      <trkpt lat="-20.4315" lon="14.3458"/>
      <trkpt lat="-20.4309" lon="14.3455"/>
      <trkpt lat="-20.4291" lon="14.3445"/>
      <trkpt lat="-20.4277" lon="14.3436"/>
      <trkpt lat="-20.4273" lon="14.3433"/>
      <trkpt lat="-20.4265" lon="14.343"/>
      <trkpt lat="-20.4257" lon="14.3425"/>
      <trkpt lat="-20.4252" lon="14.3423"/>
      <trkpt lat="-20.4247" lon="14.3423"/>
      <trkpt lat="-20.4239" lon="14.3422"/>
      <trkpt lat="-20.423" lon="14.3424"/>
      <trkpt lat="-20.4228" lon="14.3416"/>
      <trkpt lat="-20.4226" lon="14.3409"/>
      <trkpt lat="-20.4219" lon="14.3387"/>
      <trkpt lat="-20.4211" lon="14.3355"/>
      <trkpt lat="-20.4202" lon="14.3316"/>
      <trkpt lat="-20.4194" lon="14.3283"/>
      <trkpt lat="-20.4192" lon="14.3271"/>
      <trkpt lat="-20.4187" lon="14.3244"/>
      <trkpt lat="-20.4182" lon="14.3222"/>
      <trkpt lat="-20.4181" lon="14.3215"/>
      <trkpt lat="-20.4181" lon="14.3212"/>
      <trkpt lat="-20.4181" lon="14.3208"/>
      <trkpt lat="-20.4181" lon="14.3202"/>
      <trkpt lat="-20.4182" lon="14.3191"/>
      <trkpt lat="-20.4183" lon="14.3183"/>
      <trkpt lat="-20.4185" lon="14.3171"/>
      <trkpt lat="-20.4188" lon="14.3157"/>
      <trkpt lat="-20.4189" lon="14.3151"/>
      <trkpt lat="-20.419" lon="14.3143"/>
      <trkpt lat="-20.419" lon="14.3128"/>
      <trkpt lat="-20.4191" lon="14.3117"/>
      <trkpt lat="-20.4191" lon="14.311"/>
      <trkpt lat="-20.419" lon="14.3102"/>
      <trkpt lat="-20.4189" lon="14.3094"/>
      <trkpt lat="-20.4186" lon="14.3081"/>
      <trkpt lat="-20.4183" lon="14.3066"/>
      <trkpt lat="-20.4178" lon="14.3048"/>
      <trkpt lat="-20.4171" lon="14.3025"/>
      <trkpt lat="-20.4164" lon="14.3004"/>
      <trkpt lat="-20.4162" lon="14.3"/>
      <trkpt lat="-20.416" lon="14.2996"/>
      <trkpt lat="-20.4157" lon="14.2992"/>
      <trkpt lat="-20.4152" lon="14.2985"/>
      <trkpt lat="-20.4139" lon="14.2968"/>
      <trkpt lat="-20.4103" lon="14.2918"/>
      <trkpt lat="-20.4096" lon="14.2909"/>
      <trkpt lat="-20.4091" lon="14.2902"/>
      <trkpt lat="-20.4091" lon="14.29"/>
      <trkpt lat="-20.409" lon="14.2897"/>
      <trkpt lat="-20.4089" lon="14.2896"/>
      <trkpt lat="-20.4089" lon="14.2893"/>
      <trkpt lat="-20.4089" lon="14.2891"/>
      <trkpt lat="-20.4089" lon="14.2888"/>
      <trkpt lat="-20.409" lon="14.2885"/>
      <trkpt lat="-20.4099" lon="14.2857"/>
      <trkpt lat="-20.4102" lon="14.2846"/>
      <trkpt lat="-20.4103" lon="14.2841"/>
      <trkpt lat="-20.4103" lon="14.2837"/>
      <trkpt lat="-20.4103" lon="14.2834"/>
      <trkpt lat="-20.4103" lon="14.283"/>
      <trkpt lat="-20.4102" lon="14.2826"/>
      <trkpt lat="-20.4102" lon="14.2824"/>
      <trkpt lat="-20.41" lon="14.282"/>
      <trkpt lat="-20.4097" lon="14.2814"/>
      <trkpt lat="-20.4089" lon="14.2802"/>
      <trkpt lat="-20.4039" lon="14.2728"/>
      <trkpt lat="-20.4005" lon="14.2677"/>
      <trkpt lat="-20.3998" lon="14.2667"/>
      <trkpt lat="-20.3995" lon="14.2662"/>
      <trkpt lat="-20.3992" lon="14.2657"/>
      <trkpt lat="-20.3991" lon="14.2652"/>
      <trkpt lat="-20.3989" lon="14.2647"/>
      <trkpt lat="-20.3988" lon="14.264"/>
      <trkpt lat="-20.3976" lon="14.2564"/>
      <trkpt lat="-20.3969" lon="14.2517"/>
      <trkpt lat="-20.3966" lon="14.25"/>
      <trkpt lat="-20.3964" lon="14.249"/>
      <trkpt lat="-20.3962" lon="14.2485"/>
      <trkpt lat="-20.3961" lon="14.2481"/>
      <trkpt lat="-20.3958" lon="14.2478"/>
      <trkpt lat="-20.3956" lon="14.2474"/>
      <trkpt lat="-20.3954" lon="14.2471"/>
      <trkpt lat="-20.3948" lon="14.246"/>
      <trkpt lat="-20.3944" lon="14.2454"/>
      <trkpt lat="-20.394" lon="14.2447"/>
      <trkpt lat="-20.3932" lon="14.243"/>
      <trkpt lat="-20.3928" lon="14.242"/>
      <trkpt lat="-20.3921" lon="14.2408"/>
      <trkpt lat="-20.3911" lon="14.2387"/>
      <trkpt lat="-20.3902" lon="14.2371"/>
      <trkpt lat="-20.3877" lon="14.2319"/>
      <trkpt lat="-20.3852" lon="14.2271"/>
      <trkpt lat="-20.3839" lon="14.2246"/>
      <trkpt lat="-20.3807" lon="14.2185"/>
      <trkpt lat="-20.3802" lon="14.2176"/>
      <trkpt lat="-20.379" lon="14.2154"/>
      <trkpt lat="-20.3785" lon="14.2145"/>
      <trkpt lat="-20.3782" lon="14.2141"/>
      <trkpt lat="-20.3779" lon="14.2138"/>
      <trkpt lat="-20.3777" lon="14.2136"/>
      <trkpt lat="-20.3773" lon="14.2132"/>
      <trkpt lat="-20.3768" lon="14.2129"/>
      <trkpt lat="-20.3753" lon="14.2116"/>
      <trkpt lat="-20.3737" lon="14.2105"/>
      <trkpt lat="-20.3725" lon="14.2097"/>
      <trkpt lat="-20.3705" lon="14.2082"/>
      <trkpt lat="-20.3695" lon="14.2074"/>
      <trkpt lat="-20.3678" lon="14.2061"/>
      <trkpt lat="-20.3663" lon="14.2048"/>
      <trkpt lat="-20.3631" lon="14.2022"/>
      <trkpt lat="-20.3604" lon="14.2001"/>
      <trkpt lat="-20.3587" lon="14.1988"/>
      <trkpt lat="-20.3572" lon="14.1976"/>
      <trkpt lat="-20.3552" lon="14.196"/>
      <trkpt lat="-20.3531" lon="14.1943"/>
      <trkpt lat="-20.3517" lon="14.1933"/>
      <trkpt lat="-20.3499" lon="14.1918"/>
      <trkpt lat="-20.3495" lon="14.1914"/>
      <trkpt lat="-20.3495" lon="14.1914"/>
      <trkpt lat="-20.3491" lon="14.191"/>
      <trkpt lat="-20.3489" lon="14.1907"/>
      <trkpt lat="-20.3487" lon="14.1904"/>
      <trkpt lat="-20.3487" lon="14.1904"/>
      <trkpt lat="-20.3486" lon="14.1902"/>
      <trkpt lat="-20.3484" lon="14.1899"/>
      <trkpt lat="-20.3482" lon="14.1898"/>
      <trkpt lat="-20.348" lon="14.1897"/>
      <trkpt lat="-20.3478" lon="14.1896"/>
      <trkpt lat="-20.3476" lon="14.1896"/>
      <trkpt lat="-20.3471" lon="14.1894"/>
      <trkpt lat="-20.3459" lon="14.1892"/>
      <trkpt lat="-20.3447" lon="14.189"/>
      <trkpt lat="-20.3441" lon="14.1889"/>
      <trkpt lat="-20.3435" lon="14.1887"/>
      <trkpt lat="-20.3431" lon="14.1886"/>
      <trkpt lat="-20.3427" lon="14.1884"/>
      <trkpt lat="-20.3421" lon="14.1881"/>
      <trkpt lat="-20.3409" lon="14.1874"/>
      <trkpt lat="-20.3403" lon="14.187"/>
      <trkpt lat="-20.3399" lon="14.1866"/>
      <trkpt lat="-20.3397" lon="14.1864"/>
      <trkpt lat="-20.3395" lon="14.1862"/>
      <trkpt lat="-20.3392" lon="14.1857"/>
      <trkpt lat="-20.3384" lon="14.1839"/>
      <trkpt lat="-20.3382" lon="14.1835"/>
      <trkpt lat="-20.338" lon="14.1832"/>
      <trkpt lat="-20.3377" lon="14.1829"/>
      <trkpt lat="-20.3368" lon="14.1819"/>
      <trkpt lat="-20.3364" lon="14.1815"/>
      <trkpt lat="-20.3358" lon="14.1807"/>
      <trkpt lat="-20.3355" lon="14.1802"/>
      <trkpt lat="-20.3352" lon="14.1798"/>
      <trkpt lat="-20.3348" lon="14.179"/>
      <trkpt lat="-20.3347" lon="14.1785"/>
      <trkpt lat="-20.3346" lon="14.1782"/>
      <trkpt lat="-20.3346" lon="14.1779"/>
      <trkpt lat="-20.3346" lon="14.1762"/>
      <trkpt lat="-20.3346" lon="14.1757"/>
      <trkpt lat="-20.3345" lon="14.1751"/>
      <trkpt lat="-20.3344" lon="14.1743"/>
      <trkpt lat="-20.3341" lon="14.1736"/>
      <trkpt lat="-20.3339" lon="14.1731"/>
      <trkpt lat="-20.3338" lon="14.1728"/>
      <trkpt lat="-20.3335" lon="14.1725"/>
      <trkpt lat="-20.3333" lon="14.1722"/>
      <trkpt lat="-20.3324" lon="14.1712"/>
      <trkpt lat="-20.3316" lon="14.1705"/>
      <trkpt lat="-20.3313" lon="14.1703"/>
      <trkpt lat="-20.3312" lon="14.17"/>
      <trkpt lat="-20.3311" lon="14.1698"/>
      <trkpt lat="-20.3311" lon="14.1694"/>
      <trkpt lat="-20.3311" lon="14.169"/>
      <trkpt lat="-20.3311" lon="14.1685"/>
      <trkpt lat="-20.3313" lon="14.1674"/>
      <trkpt lat="-20.3314" lon="14.1665"/>
      <trkpt lat="-20.3316" lon="14.1646"/>
      <trkpt lat="-20.332" lon="14.1609"/>
      <trkpt lat="-20.3327" lon="14.1561"/>
      <trkpt lat="-20.333" lon="14.1538"/>
      <trkpt lat="-20.3331" lon="14.1532"/>
      <trkpt lat="-20.333" lon="14.1527"/>
      <trkpt lat="-20.333" lon="14.1523"/>
      <trkpt lat="-20.3329" lon="14.1519"/>
      <trkpt lat="-20.3327" lon="14.1512"/>
      <trkpt lat="-20.3324" lon="14.1504"/>
      <trkpt lat="-20.3321" lon="14.1498"/>
      <trkpt lat="-20.3318" lon="14.1491"/>
      <trkpt lat="-20.3316" lon="14.1488"/>
      <trkpt lat="-20.3314" lon="14.1485"/>
      <trkpt lat="-20.3312" lon="14.1482"/>
      <trkpt lat="-20.3309" lon="14.1477"/>
      <trkpt lat="-20.3306" lon="14.1473"/>
      <trkpt lat="-20.3284" lon="14.1443"/>
      <trkpt lat="-20.3272" lon="14.1426"/>
      <trkpt lat="-20.3268" lon="14.142"/>
      <trkpt lat="-20.3265" lon="14.1417"/>
      <trkpt lat="-20.326" lon="14.1411"/>
      <trkpt lat="-20.3252" lon="14.1404"/>
      <trkpt lat="-20.3248" lon="14.1399"/>
      <trkpt lat="-20.3243" lon="14.1394"/>
      <trkpt lat="-20.3233" lon="14.138"/>
      <trkpt lat="-20.3209" lon="14.1347"/>
      <trkpt lat="-20.3197" lon="14.1332"/>
      <trkpt lat="-20.3191" lon="14.1323"/>
      <trkpt lat="-20.3189" lon="14.1319"/>
      <trkpt lat="-20.3188" lon="14.1317"/>
      <trkpt lat="-20.3187" lon="14.1313"/>
      <trkpt lat="-20.3186" lon="14.1309"/>
      <trkpt lat="-20.3185" lon="14.1302"/>
      <trkpt lat="-20.3184" lon="14.1275"/>
      <trkpt lat="-20.3184" lon="14.1259"/>
      <trkpt lat="-20.3184" lon="14.1255"/>
      <trkpt lat="-20.3184" lon="14.1252"/>
      <trkpt lat="-20.3185" lon="14.1249"/>
      <trkpt lat="-20.3187" lon="14.1246"/>
      <trkpt lat="-20.3189" lon="14.1243"/>
      <trkpt lat="-20.3192" lon="14.1238"/>
      <trkpt lat="-20.3204" lon="14.1226"/>
      <trkpt lat="-20.3215" lon="14.1215"/>
      <trkpt lat="-20.3219" lon="14.1211"/>
      <trkpt lat="-20.323" lon="14.1201"/>
      <trkpt lat="-20.325" lon="14.1185"/>
      <trkpt lat="-20.3255" lon="14.1181"/>
      <trkpt lat="-20.3258" lon="14.1178"/>
      <trkpt lat="-20.3261" lon="14.1175"/>
      <trkpt lat="-20.3262" lon="14.1172"/>
      <trkpt lat="-20.327" lon="14.1157"/>
      <trkpt lat="-20.328" lon="14.1139"/>
      <trkpt lat="-20.3282" lon="14.1136"/>
      <trkpt lat="-20.3284" lon="14.1133"/>
      <trkpt lat="-20.3286" lon="14.113"/>
      <trkpt lat="-20.3289" lon="14.1128"/>
      <trkpt lat="-20.3294" lon="14.1124"/>
      <trkpt lat="-20.3307" lon="14.1116"/>
      <trkpt lat="-20.3317" lon="14.1109"/>
      <trkpt lat="-20.3323" lon="14.1104"/>
      <trkpt lat="-20.3328" lon="14.1099"/>
      <trkpt lat="-20.3333" lon="14.1094"/>
      <trkpt lat="-20.3338" lon="14.1088"/>
      <trkpt lat="-20.3341" lon="14.1084"/>
      <trkpt lat="-20.3342" lon="14.1081"/>
      <trkpt lat="-20.3342" lon="14.1079"/>
      <trkpt lat="-20.3342" lon="14.1077"/>
      <trkpt lat="-20.3342" lon="14.1074"/>
      <trkpt lat="-20.3342" lon="14.1068"/>
      <trkpt lat="-20.3341" lon="14.1058"/>
      <trkpt lat="-20.3339" lon="14.1051"/>
      <trkpt lat="-20.3338" lon="14.1044"/>
      <trkpt lat="-20.3337" lon="14.1042"/>
      <trkpt lat="-20.3337" lon="14.104"/>
      <trkpt lat="-20.3338" lon="14.1037"/>
      <trkpt lat="-20.3338" lon="14.1035"/>
      <trkpt lat="-20.3339" lon="14.103"/>
      <trkpt lat="-20.3343" lon="14.1019"/>
      <trkpt lat="-20.3344" lon="14.1013"/>
      <trkpt lat="-20.3346" lon="14.1005"/>
      <trkpt lat="-20.3347" lon="14.1001"/>
      <trkpt lat="-20.3347" lon="14.0995"/>
      <trkpt lat="-20.3348" lon="14.0988"/>
      <trkpt lat="-20.3349" lon="14.0982"/>
      <trkpt lat="-20.3349" lon="14.098"/>
      <trkpt lat="-20.3349" lon="14.0978"/>
      <trkpt lat="-20.3348" lon="14.0976"/>
      <trkpt lat="-20.3347" lon="14.0974"/>
      <trkpt lat="-20.3346" lon="14.0973"/>
      <trkpt lat="-20.3345" lon="14.0971"/>
      <trkpt lat="-20.3341" lon="14.0968"/>
      <trkpt lat="-20.3338" lon="14.0965"/>
      <trkpt lat="-20.3337" lon="14.0964"/>
      <trkpt lat="-20.3336" lon="14.0962"/>
      <trkpt lat="-20.3336" lon="14.0961"/>
      <trkpt lat="-20.3335" lon="14.0959"/>
      <trkpt lat="-20.3335" lon="14.0958"/>
      <trkpt lat="-20.3329" lon="14.0949"/>
      <trkpt lat="-20.3326" lon="14.0944"/>
      <trkpt lat="-20.3322" lon="14.0939"/>
      <trkpt lat="-20.3318" lon="14.0933"/>
      <trkpt lat="-20.3307" lon="14.0918"/>
      <trkpt lat="-20.3297" lon="14.0902"/>
      <trkpt lat="-20.3294" lon="14.0898"/>
      <trkpt lat="-20.329" lon="14.0893"/>
      <trkpt lat="-20.3289" lon="14.0891"/>
      <trkpt lat="-20.3288" lon="14.0889"/>
      <trkpt lat="-20.3288" lon="14.0887"/>
      <trkpt lat="-20.3287" lon="14.0885"/>
      <trkpt lat="-20.3286" lon="14.0874"/>
      <trkpt lat="-20.3286" lon="14.0872"/>
      <trkpt lat="-20.3286" lon="14.0869"/>
      <trkpt lat="-20.3285" lon="14.0867"/>
      <trkpt lat="-20.3284" lon="14.0865"/>
      <trkpt lat="-20.3283" lon="14.0863"/>
      <trkpt lat="-20.3281" lon="14.086"/>
      <trkpt lat="-20.3277" lon="14.0856"/>
      <trkpt lat="-20.3274" lon="14.0853"/>
      <trkpt lat="-20.3266" lon="14.0847"/>
      <trkpt lat="-20.3254" lon="14.0838"/>
      <trkpt lat="-20.3249" lon="14.0833"/>
      <trkpt lat="-20.3247" lon="14.0833"/>
      <trkpt lat="-20.3244" lon="14.083"/>
      <trkpt lat="-20.324" lon="14.0827"/>
      <trkpt lat="-20.3238" lon="14.0826"/>
      <trkpt lat="-20.3236" lon="14.0825"/>
      <trkpt lat="-20.3234" lon="14.0824"/>
      <trkpt lat="-20.3231" lon="14.0823"/>
      <trkpt lat="-20.3228" lon="14.0823"/>
      <trkpt lat="-20.3221" lon="14.0822"/>
      <trkpt lat="-20.3184" lon="14.0817"/>
      <trkpt lat="-20.3179" lon="14.0817"/>
      <trkpt lat="-20.3174" lon="14.0816"/>
      <trkpt lat="-20.3169" lon="14.0816"/>
      <trkpt lat="-20.3165" lon="14.0816"/>
      <trkpt lat="-20.3162" lon="14.0816"/>
      <trkpt lat="-20.3149" lon="14.0818"/>
      <trkpt lat="-20.3142" lon="14.0819"/>
      <trkpt lat="-20.3138" lon="14.0819"/>
      <trkpt lat="-20.3135" lon="14.0819"/>
      <trkpt lat="-20.3129" lon="14.0819"/>
      <trkpt lat="-20.3122" lon="14.0818"/>
      <trkpt lat="-20.3115" lon="14.0817"/>
      <trkpt lat="-20.3111" lon="14.0816"/>
      <trkpt lat="-20.3103" lon="14.0814"/>
      <trkpt lat="-20.3094" lon="14.0811"/>
      <trkpt lat="-20.3081" lon="14.0808"/>
      <trkpt lat="-20.3075" lon="14.0807"/>
      <trkpt lat="-20.3069" lon="14.0805"/>
      <trkpt lat="-20.3065" lon="14.0805"/>
      <trkpt lat="-20.3062" lon="14.0805"/>
      <trkpt lat="-20.3059" lon="14.0805"/>
      <trkpt lat="-20.3053" lon="14.0806"/>
      <trkpt lat="-20.3049" lon="14.0807"/>
      <trkpt lat="-20.3044" lon="14.0807"/>
      <trkpt lat="-20.304" lon="14.0807"/>
      <trkpt lat="-20.3037" lon="14.0806"/>
      <trkpt lat="-20.3034" lon="14.0805"/>
      <trkpt lat="-20.3029" lon="14.0804"/>
      <trkpt lat="-20.3025" lon="14.0803"/>
      <trkpt lat="-20.302" lon="14.0801"/>
      <trkpt lat="-20.3017" lon="14.08"/>
      <trkpt lat="-20.3011" lon="14.0799"/>
      <trkpt lat="-20.3002" lon="14.0798"/>
      <trkpt lat="-20.2999" lon="14.0798"/>
      <trkpt lat="-20.2995" lon="14.0798"/>
      <trkpt lat="-20.2988" lon="14.0799"/>
      <trkpt lat="-20.2976" lon="14.08"/>
      <trkpt lat="-20.2948" lon="14.0799"/>
      <trkpt lat="-20.2942" lon="14.0799"/>
      <trkpt lat="-20.2939" lon="14.0799"/>
      <trkpt lat="-20.2936" lon="14.0798"/>
      <trkpt lat="-20.2933" lon="14.0797"/>
      <trkpt lat="-20.2918" lon="14.079"/>
      <trkpt lat="-20.2859" lon="14.0767"/>
      <trkpt lat="-20.2827" lon="14.0755"/>
      <trkpt lat="-20.2776" lon="14.0737"/>
      <trkpt lat="-20.2762" lon="14.0732"/>
      <trkpt lat="-20.2753" lon="14.0728"/>
      <trkpt lat="-20.2742" lon="14.0725"/>
      <trkpt lat="-20.2689" lon="14.0711"/>
      <trkpt lat="-20.2653" lon="14.0702"/>
      <trkpt lat="-20.2587" lon="14.0683"/>
      <trkpt lat="-20.253" lon="14.0668"/>
      <trkpt lat="-20.2515" lon="14.0664"/>
      <trkpt lat="-20.2505" lon="14.0663"/>
      <trkpt lat="-20.2492" lon="14.0661"/>
      <trkpt lat="-20.2472" lon="14.0659"/>
      <trkpt lat="-20.2424" lon="14.0656"/>
      <trkpt lat="-20.2397" lon="14.0654"/>
      <trkpt lat="-20.2372" lon="14.0653"/>
      <trkpt lat="-20.2328" lon="14.0651"/>
      <trkpt lat="-20.2312" lon="14.065"/>
      <trkpt lat="-20.2307" lon="14.065"/>
      <trkpt lat="-20.2302" lon="14.0651"/>
      <trkpt lat="-20.2299" lon="14.0651"/>
      <trkpt lat="-20.2295" lon="14.0652"/>
      <trkpt lat="-20.2287" lon="14.0655"/>
      <trkpt lat="-20.2263" lon="14.0666"/>
      <trkpt lat="-20.2242" lon="14.0675"/>
      <trkpt lat="-20.2235" lon="14.0677"/>
      <trkpt lat="-20.2227" lon="14.068"/>
      <trkpt lat="-20.2212" lon="14.0683"/>
      <trkpt lat="-20.219" lon="14.0689"/>
      <trkpt lat="-20.2187" lon="14.069"/>
      <trkpt lat="-20.2179" lon="14.0692"/>
      <trkpt lat="-20.2173" lon="14.0693"/>
      <trkpt lat="-20.2171" lon="14.0693"/>
      <trkpt lat="-20.2169" lon="14.0693"/>
      <trkpt lat="-20.2167" lon="14.0693"/>
      <trkpt lat="-20.2165" lon="14.0693"/>
      <trkpt lat="-20.2164" lon="14.0692"/>
      <trkpt lat="-20.2162" lon="14.0691"/>
      <trkpt lat="-20.2158" lon="14.0689"/>
      <trkpt lat="-20.2156" lon="14.0687"/>
      <trkpt lat="-20.2152" lon="14.0684"/>
      <trkpt lat="-20.2128" lon="14.0665"/>
      <trkpt lat="-20.2104" lon="14.0646"/>
      <trkpt lat="-20.2088" lon="14.0633"/>
      <trkpt lat="-20.2085" lon="14.063"/>
      <trkpt lat="-20.2081" lon="14.0627"/>
      <trkpt lat="-20.2076" lon="14.0624"/>
      <trkpt lat="-20.2073" lon="14.0622"/>
      <trkpt lat="-20.2069" lon="14.0621"/>
      <trkpt lat="-20.2065" lon="14.062"/>
      <trkpt lat="-20.2055" lon="14.0619"/>
      <trkpt lat="-20.2011" lon="14.0613"/>
      <trkpt lat="-20.1972" lon="14.0608"/>
      <trkpt lat="-20.1945" lon="14.0604"/>
      <trkpt lat="-20.1929" lon="14.0601"/>
      <trkpt lat="-20.1924" lon="14.06"/>
      <trkpt lat="-20.192" lon="14.06"/>
      <trkpt lat="-20.1916" lon="14.06"/>
      <trkpt lat="-20.1912" lon="14.06"/>
      <trkpt lat="-20.1901" lon="14.0602"/>
      <trkpt lat="-20.1869" lon="14.0609"/>
      <trkpt lat="-20.1861" lon="14.061"/>
      <trkpt lat="-20.1856" lon="14.0611"/>
      <trkpt lat="-20.1853" lon="14.0611"/>
      <trkpt lat="-20.185" lon="14.061"/>
      <trkpt lat="-20.1846" lon="14.0609"/>
      <trkpt lat="-20.1842" lon="14.0607"/>
      <trkpt lat="-20.1821" lon="14.0599"/>
      <trkpt lat="-20.1808" lon="14.0594"/>
      <trkpt lat="-20.1802" lon="14.0592"/>
      <trkpt lat="-20.1798" lon="14.059"/>
      <trkpt lat="-20.1795" lon="14.059"/>
      <trkpt lat="-20.179" lon="14.059"/>
      <trkpt lat="-20.1784" lon="14.0589"/>
      <trkpt lat="-20.1751" lon="14.059"/>
      <trkpt lat="-20.1724" lon="14.059"/>
      <trkpt lat="-20.1642" lon="14.0591"/>
      <trkpt lat="-20.1571" lon="14.0591"/>
      <trkpt lat="-20.1554" lon="14.0592"/>
      <trkpt lat="-20.1531" lon="14.0592"/>
      <trkpt lat="-20.1511" lon="14.0592"/>
      <trkpt lat="-20.1481" lon="14.0593"/>
      <trkpt lat="-20.147" lon="14.0593"/>
      <trkpt lat="-20.1459" lon="14.0592"/>
      <trkpt lat="-20.1391" lon="14.0589"/>
      <trkpt lat="-20.1387" lon="14.0589"/>
      <trkpt lat="-20.1357" lon="14.0587"/>
      <trkpt lat="-20.133" lon="14.0585"/>
      <trkpt lat="-20.1298" lon="14.0584"/>
      <trkpt lat="-20.1287" lon="14.0583"/>
      <trkpt lat="-20.1277" lon="14.0582"/>
      <trkpt lat="-20.1263" lon="14.0582"/>
      <trkpt lat="-20.1243" lon="14.0582"/>
      <trkpt lat="-20.1221" lon="14.0582"/>
      <trkpt lat="-20.1193" lon="14.0582"/>
      <trkpt lat="-20.1191" lon="14.0582"/>
      <trkpt lat="-20.1153" lon="14.0582"/>
      <trkpt lat="-20.1128" lon="14.0582"/>
      <trkpt lat="-20.1121" lon="14.0582"/>
      <trkpt lat="-20.111" lon="14.0582"/>
      <trkpt lat="-20.111" lon="14.0582"/>
      <trkpt lat="-20.11" lon="14.0582"/>
      <trkpt lat="-20.1093" lon="14.0582"/>
      <trkpt lat="-20.1088" lon="14.0582"/>
      <trkpt lat="-20.1085" lon="14.0581"/>
      <trkpt lat="-20.1081" lon="14.058"/>
      <trkpt lat="-20.1077" lon="14.0579"/>
      <trkpt lat="-20.1073" lon="14.0577"/>
      <trkpt lat="-20.107" lon="14.0575"/>
      <trkpt lat="-20.1067" lon="14.0573"/>
      <trkpt lat="-20.1064" lon="14.0571"/>
      <trkpt lat="-20.1061" lon="14.0568"/>
      <trkpt lat="-20.1058" lon="14.0566"/>
      <trkpt lat="-20.1055" lon="14.0562"/>
      <trkpt lat="-20.105" lon="14.0554"/>
      <trkpt lat="-20.104" lon="14.054"/>
      <trkpt lat="-20.1025" lon="14.0518"/>
      <trkpt lat="-20.1018" lon="14.0508"/>
      <trkpt lat="-20.1006" lon="14.0491"/>
      <trkpt lat="-20.1002" lon="14.0487"/>
      <trkpt lat="-20.0999" lon="14.0484"/>
      <trkpt lat="-20.0995" lon="14.048"/>
      <trkpt lat="-20.0984" lon="14.0473"/>
      <trkpt lat="-20.0984" lon="14.0473"/>
      <trkpt lat="-20.0975" lon="14.0468"/>
      <trkpt lat="-20.0971" lon="14.0466"/>
      <trkpt lat="-20.0969" lon="14.0465"/>
      <trkpt lat="-20.0967" lon="14.0465"/>
      <trkpt lat="-20.0964" lon="14.0465"/>
      <trkpt lat="-20.0955" lon="14.0466"/>
      <trkpt lat="-20.0941" lon="14.0467"/>
      <trkpt lat="-20.0935" lon="14.0467"/>
      <trkpt lat="-20.0924" lon="14.0467"/>
      <trkpt lat="-20.0909" lon="14.0468"/>
      <trkpt lat="-20.0898" lon="14.0469"/>
      <trkpt lat="-20.0893" lon="14.047"/>
      <trkpt lat="-20.0879" lon="14.0471"/>
      <trkpt lat="-20.0871" lon="14.0472"/>
      <trkpt lat="-20.0846" lon="14.0476"/>
      <trkpt lat="-20.0834" lon="14.0479"/>
      <trkpt lat="-20.0829" lon="14.0479"/>
      <trkpt lat="-20.0824" lon="14.048"/>
      <trkpt lat="-20.0816" lon="14.048"/>
      <trkpt lat="-20.0788" lon="14.0478"/>
      <trkpt lat="-20.0755" lon="14.0477"/>
      <trkpt lat="-20.0749" lon="14.0476"/>
      <trkpt lat="-20.0743" lon="14.0476"/>
      <trkpt lat="-20.0738" lon="14.0477"/>
      <trkpt lat="-20.0686" lon="14.0481"/>
      <trkpt lat="-20.0614" lon="14.0486"/>
      <trkpt lat="-20.058" lon="14.0488"/>
      <trkpt lat="-20.053" lon="14.0492"/>
      <trkpt lat="-20.0524" lon="14.0492"/>
      <trkpt lat="-20.0521" lon="14.0492"/>
      <trkpt lat="-20.0518" lon="14.0492"/>
      <trkpt lat="-20.0516" lon="14.0492"/>
      <trkpt lat="-20.0512" lon="14.0491"/>
      <trkpt lat="-20.0507" lon="14.0489"/>
      <trkpt lat="-20.0479" lon="14.048"/>
      <trkpt lat="-20.0476" lon="14.0479"/>
      <trkpt lat="-20.0472" lon="14.0479"/>
      <trkpt lat="-20.047" lon="14.0478"/>
      <trkpt lat="-20.0466" lon="14.0479"/>
      <trkpt lat="-20.0444" lon="14.0481"/>
      <trkpt lat="-20.0432" lon="14.0482"/>
      <trkpt lat="-20.0426" lon="14.0482"/>
      <trkpt lat="-20.0423" lon="14.0482"/>
      <trkpt lat="-20.042" lon="14.0481"/>
      <trkpt lat="-20.0417" lon="14.0481"/>
      <trkpt lat="-20.0415" lon="14.048"/>
      <trkpt lat="-20.0413" lon="14.0478"/>
      <trkpt lat="-20.041" lon="14.0476"/>
      <trkpt lat="-20.0405" lon="14.047"/>
      <trkpt lat="-20.0371" lon="14.0437"/>
      <trkpt lat="-20.0369" lon="14.0434"/>
      <trkpt lat="-20.0368" lon="14.0433"/>
      <trkpt lat="-20.0366" lon="14.0431"/>
      <trkpt lat="-20.0363" lon="14.043"/>
      <trkpt lat="-20.0361" lon="14.0429"/>
      <trkpt lat="-20.0354" lon="14.0427"/>
      <trkpt lat="-20.0279" lon="14.041"/>
      <trkpt lat="-20.0266" lon="14.0408"/>
      <trkpt lat="-20.0255" lon="14.0406"/>
      <trkpt lat="-20.0247" lon="14.0405"/>
      <trkpt lat="-20.0235" lon="14.0403"/>
      <trkpt lat="-20.0168" lon="14.0397"/>
      <trkpt lat="-20.0145" lon="14.0396"/>
      <trkpt lat="-20.0135" lon="14.0395"/>
      <trkpt lat="-20.0123" lon="14.0394"/>
      <trkpt lat="-20.0063" lon="14.0388"/>
      <trkpt lat="-20.0043" lon="14.0386"/>
      <trkpt lat="-20.0" lon="14.0383"/>
      <trkpt lat="-19.9995" lon="14.0382"/>
      <trkpt lat="-19.9993" lon="14.0382"/>
      <trkpt lat="-19.9916" lon="14.0373"/>
      <trkpt lat="-19.9908" lon="14.0372"/>
      <trkpt lat="-19.9904" lon="14.0371"/>
      <trkpt lat="-19.99" lon="14.0369"/>
      <trkpt lat="-19.9897" lon="14.0367"/>
      <trkpt lat="-19.9891" lon="14.0364"/>
      <trkpt lat="-19.9848" lon="14.0337"/>
      <trkpt lat="-19.9829" lon="14.0325"/>
      <trkpt lat="-19.9828" lon="14.0324"/>
      <trkpt lat="-19.9824" lon="14.0322"/>
      <trkpt lat="-19.9811" lon="14.0314"/>
      <trkpt lat="-19.9803" lon="14.0309"/>
      <trkpt lat="-19.9778" lon="14.0293"/>
      <trkpt lat="-19.9774" lon="14.029"/>
      <trkpt lat="-19.9773" lon="14.0289"/>
      <trkpt lat="-19.9769" lon="14.0286"/>
      <trkpt lat="-19.9766" lon="14.0283"/>
      <trkpt lat="-19.9765" lon="14.0281"/>
      <trkpt lat="-19.9762" lon="14.0276"/>
      <trkpt lat="-19.976" lon="14.0273"/>
      <trkpt lat="-19.9757" lon="14.0263"/>
      <trkpt lat="-19.9755" lon="14.0259"/>
      <trkpt lat="-19.9753" lon="14.0255"/>
      <trkpt lat="-19.975" lon="14.025"/>
      <trkpt lat="-19.9746" lon="14.0245"/>
      <trkpt lat="-19.9736" lon="14.0234"/>
      <trkpt lat="-19.9727" lon="14.0224"/>
      <trkpt lat="-19.9714" lon="14.0212"/>
      <trkpt lat="-19.9711" lon="14.0208"/>
      <trkpt lat="-19.9708" lon="14.0205"/>
      <trkpt lat="-19.9706" lon="14.02"/>
      <trkpt lat="-19.9704" lon="14.0197"/>
      <trkpt lat="-19.9699" lon="14.0186"/>
      <trkpt lat="-19.9677" lon="14.0136"/>
      <trkpt lat="-19.9671" lon="14.0122"/>
      <trkpt lat="-19.9667" lon="14.0114"/>
      <trkpt lat="-19.9664" lon="14.0108"/>
      <trkpt lat="-19.9659" lon="14.0102"/>
      <trkpt lat="-19.9653" lon="14.0095"/>
      <trkpt lat="-19.9585" lon="14.0021"/>
      <trkpt lat="-19.9552" lon="13.9985"/>
      <trkpt lat="-19.9531" lon="13.9962"/>
      <trkpt lat="-19.9528" lon="13.9959"/>
      <trkpt lat="-19.9506" lon="13.9936"/>
      <trkpt lat="-19.9501" lon="13.993"/>
      <trkpt lat="-19.9497" lon="13.9927"/>
      <trkpt lat="-19.949" lon="13.9922"/>
      <trkpt lat="-19.9483" lon="13.9917"/>
      <trkpt lat="-19.9464" lon="13.9904"/>
      <trkpt lat="-19.9415" lon="13.9871"/>
      <trkpt lat="-19.937" lon="13.9842"/>
      <trkpt lat="-19.9345" lon="13.9825"/>
      <trkpt lat="-19.9336" lon="13.9819"/>
      <trkpt lat="-19.9325" lon="13.9813"/>
      <trkpt lat="-19.9321" lon="13.981"/>
      <trkpt lat="-19.9316" lon="13.9808"/>
      <trkpt lat="-19.9311" lon="13.9807"/>
      <trkpt lat="-19.9306" lon="13.9806"/>
      <trkpt lat="-19.93" lon="13.9806"/>
      <trkpt lat="-19.9293" lon="13.9806"/>
      <trkpt lat="-19.926" lon="13.9806"/>
      <trkpt lat="-19.9258" lon="13.9806"/>
      <trkpt lat="-19.924" lon="13.9807"/>
      <trkpt lat="-19.9229" lon="13.9807"/>
      <trkpt lat="-19.9227" lon="13.9807"/>
      <trkpt lat="-19.9225" lon="13.9807"/>
      <trkpt lat="-19.9223" lon="13.9808"/>
      <trkpt lat="-19.922" lon="13.9809"/>
      <trkpt lat="-19.9216" lon="13.9811"/>
      <trkpt lat="-19.9213" lon="13.9813"/>
      <trkpt lat="-19.9208" lon="13.9817"/>
      <trkpt lat="-19.9196" lon="13.983"/>
      <trkpt lat="-19.9182" lon="13.9844"/>
      <trkpt lat="-19.918" lon="13.9846"/>
      <trkpt lat="-19.9177" lon="13.9848"/>
      <trkpt lat="-19.9174" lon="13.9851"/>
      <trkpt lat="-19.9172" lon="13.9852"/>
      <trkpt lat="-19.9168" lon="13.9854"/>
      <trkpt lat="-19.9159" lon="13.9854"/>
      <trkpt lat="-19.9151" lon="13.9855"/>
      <trkpt lat="-19.9139" lon="13.9856"/>
      <trkpt lat="-19.9132" lon="13.9857"/>
      <trkpt lat="-19.913" lon="13.9858"/>
      <trkpt lat="-19.9126" lon="13.9859"/>
      <trkpt lat="-19.9121" lon="13.9862"/>
      <trkpt lat="-19.9116" lon="13.9865"/>
      <trkpt lat="-19.9114" lon="13.9867"/>
      <trkpt lat="-19.9113" lon="13.9865"/>
      <trkpt lat="-19.9092" lon="13.9839"/>
      <trkpt lat="-19.9088" lon="13.9833"/>
      <trkpt lat="-19.9085" lon="13.9829"/>
      <trkpt lat="-19.908" lon="13.9823"/>
      <trkpt lat="-19.9079" lon="13.9821"/>
      <trkpt lat="-19.9063" lon="13.9798"/>
      <trkpt lat="-19.9057" lon="13.979"/>
      <trkpt lat="-19.9045" lon="13.9774"/>
      <trkpt lat="-19.9031" lon="13.9755"/>
      <trkpt lat="-19.9013" lon="13.973"/>
      <trkpt lat="-19.9007" lon="13.9722"/>
      <trkpt lat="-19.8951" lon="13.9646"/>
      <trkpt lat="-19.8895" lon="13.9569"/>
      <trkpt lat="-19.8862" lon="13.9525"/>
      <trkpt lat="-19.8847" lon="13.9505"/>
      <trkpt lat="-19.8845" lon="13.9502"/>
      <trkpt lat="-19.8843" lon="13.9498"/>
      <trkpt lat="-19.8842" lon="13.9494"/>
      <trkpt lat="-19.8841" lon="13.9488"/>
      <trkpt lat="-19.8841" lon="13.9488"/>
      <trkpt lat="-19.8841" lon="13.9484"/>
      <trkpt lat="-19.8841" lon="13.9481"/>
      <trkpt lat="-19.8841" lon="13.9481"/>
      <trkpt lat="-19.884" lon="13.9479"/>
      <trkpt lat="-19.8841" lon="13.9478"/>
      <trkpt lat="-19.8841" lon="13.9476"/>
      <trkpt lat="-19.8842" lon="13.9474"/>
      <trkpt lat="-19.8842" lon="13.9471"/>
      <trkpt lat="-19.8841" lon="13.9469"/>
      <trkpt lat="-19.884" lon="13.9468"/>
      <trkpt lat="-19.8838" lon="13.9466"/>
      <trkpt lat="-19.8836" lon="13.9464"/>
      <trkpt lat="-19.8835" lon="13.9463"/>
      <trkpt lat="-19.884" lon="13.9476"/>
      <trkpt lat="-19.884" lon="13.9479"/>
      <trkpt lat="-19.8841" lon="13.9481"/>
      <trkpt lat="-19.8841" lon="13.9484"/>
      <trkpt lat="-19.8841" lon="13.9488"/>
      <trkpt lat="-19.8841" lon="13.9488"/>
      <trkpt lat="-19.8842" lon="13.9494"/>
      <trkpt lat="-19.8843" lon="13.9498"/>
      <trkpt lat="-19.8845" lon="13.9502"/>
      <trkpt lat="-19.8847" lon="13.9505"/>
      <trkpt lat="-19.8862" lon="13.9525"/>
      <trkpt lat="-19.8895" lon="13.9569"/>
      <trkpt lat="-19.8951" lon="13.9646"/>
      <trkpt lat="-19.9007" lon="13.9722"/>
      <trkpt lat="-19.9013" lon="13.973"/>
      <trkpt lat="-19.9031" lon="13.9755"/>
      <trkpt lat="-19.9045" lon="13.9774"/>
      <trkpt lat="-19.9057" lon="13.979"/>
      <trkpt lat="-19.9063" lon="13.9798"/>
      <trkpt lat="-19.9079" lon="13.9821"/>
      <trkpt lat="-19.908" lon="13.9823"/>
      <trkpt lat="-19.9085" lon="13.9829"/>
      <trkpt lat="-19.9088" lon="13.9833"/>
      <trkpt lat="-19.9092" lon="13.9839"/>
      <trkpt lat="-19.9113" lon="13.9865"/>
      <trkpt lat="-19.9114" lon="13.9867"/>
      <trkpt lat="-19.9095" lon="13.9881"/>
      <trkpt lat="-19.909" lon="13.9884"/>
      <trkpt lat="-19.9074" lon="13.9897"/>
      <trkpt lat="-19.9064" lon="13.9903"/>
      <trkpt lat="-19.9061" lon="13.9904"/>
      <trkpt lat="-19.9057" lon="13.9906"/>
      <trkpt lat="-19.9033" lon="13.9913"/>
      <trkpt lat="-19.9011" lon="13.9919"/>
      <trkpt lat="-19.8979" lon="13.9929"/>
      <trkpt lat="-19.8968" lon="13.9932"/>
      <trkpt lat="-19.8938" lon="13.9942"/>
      <trkpt lat="-19.8898" lon="13.9956"/>
      <trkpt lat="-19.8872" lon="13.9966"/>
      <trkpt lat="-19.885" lon="13.9972"/>
      <trkpt lat="-19.8839" lon="13.9973"/>
      <trkpt lat="-19.8835" lon="13.9974"/>
      <trkpt lat="-19.8828" lon="13.9976"/>
      <trkpt lat="-19.8823" lon="13.9978"/>
      <trkpt lat="-19.8819" lon="13.998"/>
      <trkpt lat="-19.8813" lon="13.9984"/>
      <trkpt lat="-19.8808" lon="13.9989"/>
      <trkpt lat="-19.8803" lon="13.9995"/>
      <trkpt lat="-19.8778" lon="14.0021"/>
      <trkpt lat="-19.877" lon="14.003"/>
      <trkpt lat="-19.8767" lon="14.0034"/>
      <trkpt lat="-19.8764" lon="14.0039"/>
      <trkpt lat="-19.8743" lon="14.0068"/>
      <trkpt lat="-19.8722" lon="14.0093"/>
      <trkpt lat="-19.872" lon="14.0095"/>
      <trkpt lat="-19.8718" lon="14.0098"/>
      <trkpt lat="-19.8717" lon="14.0101"/>
      <trkpt lat="-19.8716" lon="14.0103"/>
      <trkpt lat="-19.8712" lon="14.0126"/>
      <trkpt lat="-19.8707" lon="14.0147"/>
      <trkpt lat="-19.8704" lon="14.016"/>
      <trkpt lat="-19.8703" lon="14.0164"/>
      <trkpt lat="-19.8703" lon="14.0168"/>
      <trkpt lat="-19.8703" lon="14.0174"/>
      <trkpt lat="-19.8703" lon="14.018"/>
      <trkpt lat="-19.8706" lon="14.0194"/>
      <trkpt lat="-19.8712" lon="14.0217"/>
      <trkpt lat="-19.8715" lon="14.0229"/>
      <trkpt lat="-19.8719" lon="14.0246"/>
      <trkpt lat="-19.8719" lon="14.025"/>
      <trkpt lat="-19.872" lon="14.0254"/>
      <trkpt lat="-19.872" lon="14.0256"/>
      <trkpt lat="-19.872" lon="14.0259"/>
      <trkpt lat="-19.8719" lon="14.0261"/>
      <trkpt lat="-19.8715" lon="14.0276"/>
      <trkpt lat="-19.8714" lon="14.0278"/>
      <trkpt lat="-19.8714" lon="14.0282"/>
      <trkpt lat="-19.8713" lon="14.0293"/>
      <trkpt lat="-19.8714" lon="14.0303"/>
      <trkpt lat="-19.8716" lon="14.0317"/>
      <trkpt lat="-19.8716" lon="14.0322"/>
      <trkpt lat="-19.8716" lon="14.0325"/>
      <trkpt lat="-19.8716" lon="14.0327"/>
      <trkpt lat="-19.8715" lon="14.0333"/>
      <trkpt lat="-19.8713" lon="14.034"/>
      <trkpt lat="-19.871" lon="14.0351"/>
      <trkpt lat="-19.8709" lon="14.0357"/>
      <trkpt lat="-19.8708" lon="14.036"/>
      <trkpt lat="-19.8708" lon="14.0363"/>
      <trkpt lat="-19.8709" lon="14.0367"/>
      <trkpt lat="-19.8712" lon="14.0375"/>
      <trkpt lat="-19.8718" lon="14.0393"/>
      <trkpt lat="-19.8719" lon="14.0399"/>
      <trkpt lat="-19.8723" lon="14.0406"/>
      <trkpt lat="-19.8726" lon="14.0415"/>
      <trkpt lat="-19.8726" lon="14.0419"/>
      <trkpt lat="-19.8728" lon="14.043"/>
      <trkpt lat="-19.8729" lon="14.0445"/>
      <trkpt lat="-19.8729" lon="14.0452"/>
      <trkpt lat="-19.873" lon="14.0458"/>
      <trkpt lat="-19.8731" lon="14.0461"/>
      <trkpt lat="-19.8731" lon="14.0462"/>
      <trkpt lat="-19.8736" lon="14.0469"/>
      <trkpt lat="-19.874" lon="14.0475"/>
      <trkpt lat="-19.8744" lon="14.0482"/>
      <trkpt lat="-19.8748" lon="14.0491"/>
      <trkpt lat="-19.875" lon="14.0495"/>
      <trkpt lat="-19.8751" lon="14.0498"/>
      <trkpt lat="-19.8751" lon="14.0501"/>
      <trkpt lat="-19.875" lon="14.0504"/>
      <trkpt lat="-19.8749" lon="14.0513"/>
      <trkpt lat="-19.8749" lon="14.0517"/>
      <trkpt lat="-19.875" lon="14.0522"/>
      <trkpt lat="-19.8751" lon="14.0527"/>
      <trkpt lat="-19.8751" lon="14.053"/>
      <trkpt lat="-19.8751" lon="14.0533"/>
      <trkpt lat="-19.8751" lon="14.0536"/>
      <trkpt lat="-19.8745" lon="14.055"/>
      <trkpt lat="-19.8743" lon="14.0556"/>
      <trkpt lat="-19.8742" lon="14.0559"/>
      <trkpt lat="-19.8742" lon="14.0561"/>
      <trkpt lat="-19.8741" lon="14.0569"/>
      <trkpt lat="-19.8739" lon="14.0578"/>
      <trkpt lat="-19.8738" lon="14.0592"/>
      <trkpt lat="-19.8737" lon="14.0598"/>
      <trkpt lat="-19.8736" lon="14.06"/>
      <trkpt lat="-19.8735" lon="14.0604"/>
      <trkpt lat="-19.8734" lon="14.0608"/>
      <trkpt lat="-19.8734" lon="14.0615"/>
      <trkpt lat="-19.8734" lon="14.0619"/>
      <trkpt lat="-19.8734" lon="14.0624"/>
      <trkpt lat="-19.8735" lon="14.0632"/>
      <trkpt lat="-19.8737" lon="14.0643"/>
      <trkpt lat="-19.8738" lon="14.0649"/>
      <trkpt lat="-19.8738" lon="14.0653"/>
      <trkpt lat="-19.8738" lon="14.0657"/>
      <trkpt lat="-19.8736" lon="14.0666"/>
      <trkpt lat="-19.8735" lon="14.0672"/>
      <trkpt lat="-19.8734" lon="14.0678"/>
      <trkpt lat="-19.8733" lon="14.0682"/>
      <trkpt lat="-19.8732" lon="14.0686"/>
      <trkpt lat="-19.8731" lon="14.0688"/>
      <trkpt lat="-19.8729" lon="14.0691"/>
      <trkpt lat="-19.8727" lon="14.0692"/>
      <trkpt lat="-19.8724" lon="14.0694"/>
      <trkpt lat="-19.8722" lon="14.0695"/>
      <trkpt lat="-19.8718" lon="14.0695"/>
      <trkpt lat="-19.8714" lon="14.0696"/>
      <trkpt lat="-19.8705" lon="14.0697"/>
      <trkpt lat="-19.8702" lon="14.0698"/>
      <trkpt lat="-19.8698" lon="14.0699"/>
      <trkpt lat="-19.869" lon="14.0702"/>
      <trkpt lat="-19.8683" lon="14.0706"/>
      <trkpt lat="-19.868" lon="14.0708"/>
      <trkpt lat="-19.8678" lon="14.0709"/>
      <trkpt lat="-19.8677" lon="14.0711"/>
      <trkpt lat="-19.8674" lon="14.0716"/>
      <trkpt lat="-19.8672" lon="14.0718"/>
      <trkpt lat="-19.8667" lon="14.0724"/>
      <trkpt lat="-19.8666" lon="14.0726"/>
      <trkpt lat="-19.8662" lon="14.0732"/>
      <trkpt lat="-19.8659" lon="14.0735"/>
      <trkpt lat="-19.8646" lon="14.0746"/>
      <trkpt lat="-19.8642" lon="14.0751"/>
      <trkpt lat="-19.8637" lon="14.0758"/>
      <trkpt lat="-19.863" lon="14.0772"/>
      <trkpt lat="-19.8626" lon="14.0779"/>
      <trkpt lat="-19.8625" lon="14.0781"/>
      <trkpt lat="-19.8624" lon="14.0784"/>
      <trkpt lat="-19.8621" lon="14.0794"/>
      <trkpt lat="-19.862" lon="14.0796"/>
      <trkpt lat="-19.8619" lon="14.0798"/>
      <trkpt lat="-19.8618" lon="14.08"/>
      <trkpt lat="-19.8616" lon="14.0802"/>
      <trkpt lat="-19.8609" lon="14.0808"/>
      <trkpt lat="-19.8603" lon="14.0812"/>
      <trkpt lat="-19.8599" lon="14.0814"/>
      <trkpt lat="-19.8597" lon="14.0815"/>
      <trkpt lat="-19.8596" lon="14.0816"/>
      <trkpt lat="-19.8595" lon="14.0817"/>
      <trkpt lat="-19.8593" lon="14.0821"/>
      <trkpt lat="-19.859" lon="14.083"/>
      <trkpt lat="-19.8588" lon="14.0833"/>
      <trkpt lat="-19.8587" lon="14.0838"/>
      <trkpt lat="-19.8585" lon="14.0841"/>
      <trkpt lat="-19.8584" lon="14.0843"/>
      <trkpt lat="-19.8583" lon="14.0845"/>
      <trkpt lat="-19.858" lon="14.0848"/>
      <trkpt lat="-19.8578" lon="14.085"/>
      <trkpt lat="-19.8572" lon="14.0854"/>
      <trkpt lat="-19.8566" lon="14.0859"/>
      <trkpt lat="-19.8562" lon="14.0863"/>
      <trkpt lat="-19.856" lon="14.0865"/>
      <trkpt lat="-19.8555" lon="14.0871"/>
      <trkpt lat="-19.8552" lon="14.0874"/>
      <trkpt lat="-19.8547" lon="14.0881"/>
      <trkpt lat="-19.8544" lon="14.0886"/>
      <trkpt lat="-19.8541" lon="14.0888"/>
      <trkpt lat="-19.8534" lon="14.0895"/>
      <trkpt lat="-19.8527" lon="14.0901"/>
      <trkpt lat="-19.8526" lon="14.0902"/>
      <trkpt lat="-19.8524" lon="14.0905"/>
      <trkpt lat="-19.8523" lon="14.0907"/>
      <trkpt lat="-19.8522" lon="14.091"/>
      <trkpt lat="-19.8521" lon="14.0913"/>
      <trkpt lat="-19.8521" lon="14.0914"/>
      <trkpt lat="-19.8516" lon="14.0918"/>
      <trkpt lat="-19.8507" lon="14.0927"/>
      <trkpt lat="-19.8505" lon="14.0929"/>
      <trkpt lat="-19.8503" lon="14.0931"/>
      <trkpt lat="-19.8502" lon="14.0934"/>
      <trkpt lat="-19.8501" lon="14.0937"/>
      <trkpt lat="-19.85" lon="14.0939"/>
      <trkpt lat="-19.8499" lon="14.0944"/>
      <trkpt lat="-19.8498" lon="14.0953"/>
      <trkpt lat="-19.8497" lon="14.0957"/>
      <trkpt lat="-19.8497" lon="14.0969"/>
      <trkpt lat="-19.8497" lon="14.0977"/>
      <trkpt lat="-19.8497" lon="14.098"/>
      <trkpt lat="-19.8497" lon="14.0982"/>
      <trkpt lat="-19.8496" lon="14.0984"/>
      <trkpt lat="-19.8494" lon="14.0988"/>
      <trkpt lat="-19.8493" lon="14.099"/>
      <trkpt lat="-19.8491" lon="14.0995"/>
      <trkpt lat="-19.8489" lon="14.1003"/>
      <trkpt lat="-19.8487" lon="14.1011"/>
      <trkpt lat="-19.8486" lon="14.1014"/>
      <trkpt lat="-19.8486" lon="14.1016"/>
      <trkpt lat="-19.8487" lon="14.1018"/>
      <trkpt lat="-19.8489" lon="14.1022"/>
      <trkpt lat="-19.8493" lon="14.1027"/>
      <trkpt lat="-19.8494" lon="14.1029"/>
      <trkpt lat="-19.8495" lon="14.1031"/>
      <trkpt lat="-19.8497" lon="14.1038"/>
      <trkpt lat="-19.8497" lon="14.1045"/>
      <trkpt lat="-19.8498" lon="14.1053"/>
      <trkpt lat="-19.8497" lon="14.1055"/>
      <trkpt lat="-19.8497" lon="14.1057"/>
      <trkpt lat="-19.8495" lon="14.1059"/>
      <trkpt lat="-19.8489" lon="14.1066"/>
      <trkpt lat="-19.8479" lon="14.1077"/>
      <trkpt lat="-19.8474" lon="14.1082"/>
      <trkpt lat="-19.8468" lon="14.1087"/>
      <trkpt lat="-19.8466" lon="14.1089"/>
      <trkpt lat="-19.8464" lon="14.1091"/>
      <trkpt lat="-19.8462" lon="14.1095"/>
      <trkpt lat="-19.846" lon="14.1099"/>
      <trkpt lat="-19.8457" lon="14.1106"/>
      <trkpt lat="-19.8453" lon="14.1109"/>
      <trkpt lat="-19.8451" lon="14.1111"/>
      <trkpt lat="-19.8448" lon="14.1113"/>
      <trkpt lat="-19.8446" lon="14.1113"/>
      <trkpt lat="-19.8438" lon="14.1115"/>
      <trkpt lat="-19.8432" lon="14.1117"/>
      <trkpt lat="-19.8416" lon="14.1121"/>
      <trkpt lat="-19.8414" lon="14.1122"/>
      <trkpt lat="-19.8411" lon="14.1123"/>
      <trkpt lat="-19.8408" lon="14.1126"/>
      <trkpt lat="-19.8406" lon="14.1128"/>
      <trkpt lat="-19.8404" lon="14.113"/>
      <trkpt lat="-19.8398" lon="14.114"/>
      <trkpt lat="-19.8397" lon="14.1142"/>
      <trkpt lat="-19.8396" lon="14.1144"/>
      <trkpt lat="-19.8394" lon="14.1155"/>
      <trkpt lat="-19.8391" lon="14.1163"/>
      <trkpt lat="-19.8389" lon="14.1167"/>
      <trkpt lat="-19.8389" lon="14.1168"/>
      <trkpt lat="-19.8388" lon="14.117"/>
      <trkpt lat="-19.8388" lon="14.1172"/>
      <trkpt lat="-19.8387" lon="14.1177"/>
      <trkpt lat="-19.8386" lon="14.1182"/>
      <trkpt lat="-19.8386" lon="14.1185"/>
      <trkpt lat="-19.8385" lon="14.1188"/>
      <trkpt lat="-19.8385" lon="14.1189"/>
      <trkpt lat="-19.8385" lon="14.1191"/>
      <trkpt lat="-19.8385" lon="14.1193"/>
      <trkpt lat="-19.8386" lon="14.1195"/>
      <trkpt lat="-19.8388" lon="14.1199"/>
      <trkpt lat="-19.839" lon="14.1203"/>
      <trkpt lat="-19.8392" lon="14.1206"/>
      <trkpt lat="-19.8393" lon="14.1208"/>
      <trkpt lat="-19.8394" lon="14.121"/>
      <trkpt lat="-19.8394" lon="14.1212"/>
      <trkpt lat="-19.8394" lon="14.1214"/>
      <trkpt lat="-19.8393" lon="14.1216"/>
      <trkpt lat="-19.8391" lon="14.122"/>
      <trkpt lat="-19.8388" lon="14.1225"/>
      <trkpt lat="-19.8385" lon="14.1229"/>
      <trkpt lat="-19.8384" lon="14.1231"/>
      <trkpt lat="-19.8384" lon="14.1232"/>
      <trkpt lat="-19.8384" lon="14.1234"/>
      <trkpt lat="-19.8384" lon="14.1235"/>
      <trkpt lat="-19.8386" lon="14.1236"/>
      <trkpt lat="-19.839" lon="14.1239"/>
      <trkpt lat="-19.8392" lon="14.124"/>
      <trkpt lat="-19.8394" lon="14.1241"/>
      <trkpt lat="-19.8396" lon="14.1243"/>
      <trkpt lat="-19.8399" lon="14.1245"/>
      <trkpt lat="-19.8401" lon="14.1248"/>
      <trkpt lat="-19.8407" lon="14.1254"/>
      <trkpt lat="-19.8409" lon="14.1257"/>
      <trkpt lat="-19.8412" lon="14.1261"/>
      <trkpt lat="-19.8414" lon="14.1264"/>
      <trkpt lat="-19.8414" lon="14.1266"/>
      <trkpt lat="-19.8415" lon="14.1267"/>
      <trkpt lat="-19.8416" lon="14.1268"/>
      <trkpt lat="-19.8419" lon="14.1271"/>
      <trkpt lat="-19.842" lon="14.1273"/>
      <trkpt lat="-19.8422" lon="14.1274"/>
      <trkpt lat="-19.8425" lon="14.1276"/>
      <trkpt lat="-19.8428" lon="14.1277"/>
      <trkpt lat="-19.8429" lon="14.1278"/>
      <trkpt lat="-19.8429" lon="14.1279"/>
      <trkpt lat="-19.843" lon="14.128"/>
      <trkpt lat="-19.843" lon="14.1282"/>
      <trkpt lat="-19.843" lon="14.1282"/>
      <trkpt lat="-19.8429" lon="14.1284"/>
      <trkpt lat="-19.8429" lon="14.1286"/>
      <trkpt lat="-19.8428" lon="14.1288"/>
      <trkpt lat="-19.8426" lon="14.1294"/>
      <trkpt lat="-19.8425" lon="14.1299"/>
      <trkpt lat="-19.8423" lon="14.1307"/>
      <trkpt lat="-19.8422" lon="14.1314"/>
      <trkpt lat="-19.8421" lon="14.1321"/>
      <trkpt lat="-19.8419" lon="14.1327"/>
      <trkpt lat="-19.8418" lon="14.133"/>
      <trkpt lat="-19.8417" lon="14.1334"/>
      <trkpt lat="-19.8415" lon="14.1338"/>
      <trkpt lat="-19.8411" lon="14.1343"/>
      <trkpt lat="-19.8408" lon="14.1349"/>
      <trkpt lat="-19.8406" lon="14.1354"/>
      <trkpt lat="-19.8404" lon="14.1356"/>
      <trkpt lat="-19.8401" lon="14.1359"/>
      <trkpt lat="-19.8396" lon="14.1364"/>
      <trkpt lat="-19.8388" lon="14.1371"/>
      <trkpt lat="-19.838" lon="14.1378"/>
      <trkpt lat="-19.8378" lon="14.1381"/>
      <trkpt lat="-19.8375" lon="14.1385"/>
      <trkpt lat="-19.8369" lon="14.1393"/>
      <trkpt lat="-19.8365" lon="14.14"/>
      <trkpt lat="-19.8346" lon="14.1436"/>
      <trkpt lat="-19.8309" lon="14.1504"/>
      <trkpt lat="-19.8282" lon="14.1553"/>
      <trkpt lat="-19.8236" lon="14.1643"/>
      <trkpt lat="-19.8226" lon="14.1661"/>
      <trkpt lat="-19.822" lon="14.167"/>
      <trkpt lat="-19.8215" lon="14.1676"/>
      <trkpt lat="-19.8211" lon="14.168"/>
      <trkpt lat="-19.8206" lon="14.1685"/>
      <trkpt lat="-19.8197" lon="14.1691"/>
      <trkpt lat="-19.8183" lon="14.17"/>
      <trkpt lat="-19.8173" lon="14.1706"/>
      <trkpt lat="-19.8168" lon="14.171"/>
      <trkpt lat="-19.8165" lon="14.1715"/>
      <trkpt lat="-19.8163" lon="14.1722"/>
      <trkpt lat="-19.8163" lon="14.1728"/>
      <trkpt lat="-19.8164" lon="14.1765"/>
      <trkpt lat="-19.8164" lon="14.1774"/>
      <trkpt lat="-19.8165" lon="14.1788"/>
      <trkpt lat="-19.8166" lon="14.1797"/>
      <trkpt lat="-19.8172" lon="14.181"/>
      <trkpt lat="-19.8177" lon="14.1822"/>
      <trkpt lat="-19.8182" lon="14.1831"/>
      <trkpt lat="-19.8189" lon="14.184"/>
      <trkpt lat="-19.82" lon="14.1852"/>
      <trkpt lat="-19.8208" lon="14.1861"/>
      <trkpt lat="-19.8211" lon="14.1867"/>
      <trkpt lat="-19.8212" lon="14.1873"/>
      <trkpt lat="-19.8212" lon="14.1878"/>
      <trkpt lat="-19.8211" lon="14.1882"/>
      <trkpt lat="-19.8208" lon="14.1888"/>
      <trkpt lat="-19.8189" lon="14.191"/>
      <trkpt lat="-19.8179" lon="14.1921"/>
      <trkpt lat="-19.817" lon="14.1933"/>
      <trkpt lat="-19.8161" lon="14.1943"/>
      <trkpt lat="-19.8137" lon="14.1972"/>
      <trkpt lat="-19.8097" lon="14.2021"/>
      <trkpt lat="-19.8088" lon="14.2031"/>
      <trkpt lat="-19.8085" lon="14.2037"/>
      <trkpt lat="-19.8082" lon="14.2043"/>
      <trkpt lat="-19.8079" lon="14.2053"/>
      <trkpt lat="-19.8072" lon="14.2073"/>
      <trkpt lat="-19.8058" lon="14.2115"/>
      <trkpt lat="-19.8047" lon="14.2152"/>
      <trkpt lat="-19.803" lon="14.2206"/>
      <trkpt lat="-19.8024" lon="14.2228"/>
      <trkpt lat="-19.8021" lon="14.2239"/>
      <trkpt lat="-19.8017" lon="14.2261"/>
      <trkpt lat="-19.8015" lon="14.2277"/>
      <trkpt lat="-19.8012" lon="14.2288"/>
      <trkpt lat="-19.8008" lon="14.2312"/>
      <trkpt lat="-19.8" lon="14.2351"/>
      <trkpt lat="-19.7994" lon="14.2381"/>
      <trkpt lat="-19.7987" lon="14.2413"/>
      <trkpt lat="-19.7984" lon="14.2425"/>
      <trkpt lat="-19.7975" lon="14.2472"/>
      <trkpt lat="-19.7975" lon="14.2475"/>
      <trkpt lat="-19.7967" lon="14.2512"/>
      <trkpt lat="-19.7958" lon="14.2557"/>
      <trkpt lat="-19.7952" lon="14.2583"/>
      <trkpt lat="-19.7951" lon="14.2592"/>
      <trkpt lat="-19.795" lon="14.2602"/>
      <trkpt lat="-19.7948" lon="14.2625"/>
      <trkpt lat="-19.7948" lon="14.2641"/>
      <trkpt lat="-19.7947" lon="14.2649"/>
      <trkpt lat="-19.7946" lon="14.2652"/>
      <trkpt lat="-19.7945" lon="14.2654"/>
      <trkpt lat="-19.7938" lon="14.2665"/>
      <trkpt lat="-19.7932" lon="14.2673"/>
      <trkpt lat="-19.792" lon="14.2691"/>
      <trkpt lat="-19.7918" lon="14.2696"/>
      <trkpt lat="-19.7916" lon="14.2698"/>
      <trkpt lat="-19.7897" lon="14.2747"/>
      <trkpt lat="-19.7878" lon="14.2796"/>
      <trkpt lat="-19.7847" lon="14.2877"/>
      <trkpt lat="-19.7843" lon="14.2884"/>
      <trkpt lat="-19.7841" lon="14.2888"/>
      <trkpt lat="-19.7839" lon="14.289"/>
      <trkpt lat="-19.7836" lon="14.2892"/>
      <trkpt lat="-19.7831" lon="14.2893"/>
      <trkpt lat="-19.7828" lon="14.2893"/>
      <trkpt lat="-19.7826" lon="14.2893"/>
      <trkpt lat="-19.7824" lon="14.2893"/>
      <trkpt lat="-19.7815" lon="14.2894"/>
      <trkpt lat="-19.7796" lon="14.2894"/>
      <trkpt lat="-19.7773" lon="14.2895"/>
      <trkpt lat="-19.7769" lon="14.2895"/>
      <trkpt lat="-19.7766" lon="14.2895"/>
      <trkpt lat="-19.776" lon="14.2893"/>
      <trkpt lat="-19.7741" lon="14.2883"/>
      <trkpt lat="-19.7718" lon="14.2871"/>
      <trkpt lat="-19.7689" lon="14.2856"/>
      <trkpt lat="-19.7663" lon="14.2842"/>
      <trkpt lat="-19.7654" lon="14.2838"/>
      <trkpt lat="-19.7651" lon="14.2836"/>
      <trkpt lat="-19.7647" lon="14.2835"/>
      <trkpt lat="-19.7643" lon="14.2835"/>
      <trkpt lat="-19.7632" lon="14.2835"/>
      <trkpt lat="-19.7607" lon="14.2837"/>
      <trkpt lat="-19.7514" lon="14.2842"/>
      <trkpt lat="-19.7512" lon="14.2842"/>
      <trkpt lat="-19.7509" lon="14.2843"/>
      <trkpt lat="-19.7505" lon="14.2845"/>
      <trkpt lat="-19.7501" lon="14.2846"/>
      <trkpt lat="-19.7497" lon="14.2849"/>
      <trkpt lat="-19.7474" lon="14.2869"/>
      <trkpt lat="-19.7456" lon="14.2886"/>
      <trkpt lat="-19.7379" lon="14.2955"/>
      <trkpt lat="-19.7374" lon="14.2961"/>
      <trkpt lat="-19.7364" lon="14.2973"/>
      <trkpt lat="-19.7354" lon="14.2986"/>
      <trkpt lat="-19.7323" lon="14.3029"/>
      <trkpt lat="-19.7308" lon="14.305"/>
      <trkpt lat="-19.7306" lon="14.3052"/>
      <trkpt lat="-19.7303" lon="14.3056"/>
      <trkpt lat="-19.7302" lon="14.3058"/>
      <trkpt lat="-19.7301" lon="14.3059"/>
      <trkpt lat="-19.7301" lon="14.306"/>
      <trkpt lat="-19.7301" lon="14.3061"/>
      <trkpt lat="-19.7302" lon="14.3061"/>
      <trkpt lat="-19.7302" lon="14.3062"/>
      <trkpt lat="-19.7302" lon="14.3062"/>
      <trkpt lat="-19.7303" lon="14.3063"/>
      <trkpt lat="-19.7303" lon="14.3063"/>
      <trkpt lat="-19.7304" lon="14.3064"/>
      <trkpt lat="-19.7304" lon="14.3065"/>
      <trkpt lat="-19.7304" lon="14.3065"/>
      <trkpt lat="-19.7305" lon="14.3066"/>
      <trkpt lat="-19.7305" lon="14.3066"/>
      <trkpt lat="-19.7305" lon="14.3067"/>
      <trkpt lat="-19.7306" lon="14.3067"/>
      <trkpt lat="-19.7306" lon="14.3068"/>
      <trkpt lat="-19.7307" lon="14.3068"/>
      <trkpt lat="-19.7307" lon="14.3068"/>
      <trkpt lat="-19.7308" lon="14.3069"/>
      <trkpt lat="-19.7309" lon="14.3069"/>
      <trkpt lat="-19.7309" lon="14.307"/>
      <trkpt lat="-19.731" lon="14.3071"/>
      <trkpt lat="-19.731" lon="14.3072"/>
      <trkpt lat="-19.7311" lon="14.3072"/>
      <trkpt lat="-19.7312" lon="14.3073"/>
      <trkpt lat="-19.7312" lon="14.3073"/>
      <trkpt lat="-19.7312" lon="14.3074"/>
      <trkpt lat="-19.7313" lon="14.3074"/>
      <trkpt lat="-19.7313" lon="14.3075"/>
      <trkpt lat="-19.7314" lon="14.3075"/>
      <trkpt lat="-19.7314" lon="14.3075"/>
      <trkpt lat="-19.7315" lon="14.3076"/>
      <trkpt lat="-19.7315" lon="14.3076"/>
      <trkpt lat="-19.7316" lon="14.3077"/>
      <trkpt lat="-19.7317" lon="14.3077"/>
      <trkpt lat="-19.7317" lon="14.3078"/>
      <trkpt lat="-19.7318" lon="14.3078"/>
      <trkpt lat="-19.7318" lon="14.3079"/>
      <trkpt lat="-19.7319" lon="14.308"/>
      <trkpt lat="-19.7319" lon="14.308"/>
      <trkpt lat="-19.7319" lon="14.3081"/>
      <trkpt lat="-19.732" lon="14.3081"/>
    </trkseg>
  </trk>
  <trk>
    <name>D9 · Hoada → Etosha (Okaukuejo)</name>
    <desc>9 nov · 343 km · ~4.1 h</desc>
    <trkseg>
      <trkpt lat="-19.732" lon="14.3081"/>
      <trkpt lat="-19.7319" lon="14.3081"/>
      <trkpt lat="-19.7319" lon="14.308"/>
      <trkpt lat="-19.7319" lon="14.308"/>
      <trkpt lat="-19.7318" lon="14.3079"/>
      <trkpt lat="-19.7318" lon="14.3078"/>
      <trkpt lat="-19.7317" lon="14.3078"/>
      <trkpt lat="-19.7317" lon="14.3077"/>
      <trkpt lat="-19.7316" lon="14.3077"/>
      <trkpt lat="-19.7315" lon="14.3076"/>
      <trkpt lat="-19.7315" lon="14.3076"/>
      <trkpt lat="-19.7314" lon="14.3075"/>
      <trkpt lat="-19.7314" lon="14.3075"/>
      <trkpt lat="-19.7313" lon="14.3075"/>
      <trkpt lat="-19.7313" lon="14.3074"/>
      <trkpt lat="-19.7312" lon="14.3074"/>
      <trkpt lat="-19.7312" lon="14.3073"/>
      <trkpt lat="-19.7312" lon="14.3073"/>
      <trkpt lat="-19.7311" lon="14.3072"/>
      <trkpt lat="-19.731" lon="14.3072"/>
      <trkpt lat="-19.731" lon="14.3071"/>
      <trkpt lat="-19.7309" lon="14.307"/>
      <trkpt lat="-19.7309" lon="14.3069"/>
      <trkpt lat="-19.7308" lon="14.3069"/>
      <trkpt lat="-19.7307" lon="14.3068"/>
      <trkpt lat="-19.7307" lon="14.3068"/>
      <trkpt lat="-19.7306" lon="14.3068"/>
      <trkpt lat="-19.7306" lon="14.3067"/>
      <trkpt lat="-19.7305" lon="14.3067"/>
      <trkpt lat="-19.7305" lon="14.3066"/>
      <trkpt lat="-19.7305" lon="14.3066"/>
      <trkpt lat="-19.7304" lon="14.3065"/>
      <trkpt lat="-19.7304" lon="14.3065"/>
      <trkpt lat="-19.7304" lon="14.3064"/>
      <trkpt lat="-19.7303" lon="14.3063"/>
      <trkpt lat="-19.7303" lon="14.3063"/>
      <trkpt lat="-19.7302" lon="14.3062"/>
      <trkpt lat="-19.7302" lon="14.3062"/>
      <trkpt lat="-19.7301" lon="14.3062"/>
      <trkpt lat="-19.73" lon="14.3061"/>
      <trkpt lat="-19.7299" lon="14.3061"/>
      <trkpt lat="-19.7298" lon="14.3063"/>
      <trkpt lat="-19.7295" lon="14.3065"/>
      <trkpt lat="-19.7293" lon="14.3066"/>
      <trkpt lat="-19.7291" lon="14.3067"/>
      <trkpt lat="-19.7286" lon="14.3069"/>
      <trkpt lat="-19.727" lon="14.3076"/>
      <trkpt lat="-19.7236" lon="14.309"/>
      <trkpt lat="-19.7214" lon="14.3099"/>
      <trkpt lat="-19.7093" lon="14.3148"/>
      <trkpt lat="-19.7083" lon="14.3152"/>
      <trkpt lat="-19.708" lon="14.3152"/>
      <trkpt lat="-19.7075" lon="14.3153"/>
      <trkpt lat="-19.7067" lon="14.3152"/>
      <trkpt lat="-19.7047" lon="14.315"/>
      <trkpt lat="-19.6971" lon="14.3139"/>
      <trkpt lat="-19.6923" lon="14.3132"/>
      <trkpt lat="-19.6917" lon="14.3131"/>
      <trkpt lat="-19.6915" lon="14.3131"/>
      <trkpt lat="-19.6912" lon="14.3132"/>
      <trkpt lat="-19.691" lon="14.3132"/>
      <trkpt lat="-19.6907" lon="14.3134"/>
      <trkpt lat="-19.6904" lon="14.3135"/>
      <trkpt lat="-19.6885" lon="14.3147"/>
      <trkpt lat="-19.688" lon="14.315"/>
      <trkpt lat="-19.6868" lon="14.3159"/>
      <trkpt lat="-19.6834" lon="14.3184"/>
      <trkpt lat="-19.6807" lon="14.3204"/>
      <trkpt lat="-19.6786" lon="14.322"/>
      <trkpt lat="-19.6772" lon="14.3231"/>
      <trkpt lat="-19.6755" lon="14.3244"/>
      <trkpt lat="-19.675" lon="14.3248"/>
      <trkpt lat="-19.6747" lon="14.325"/>
      <trkpt lat="-19.6743" lon="14.3254"/>
      <trkpt lat="-19.6739" lon="14.3259"/>
      <trkpt lat="-19.6737" lon="14.3262"/>
      <trkpt lat="-19.6729" lon="14.3271"/>
      <trkpt lat="-19.6723" lon="14.3279"/>
      <trkpt lat="-19.6707" lon="14.33"/>
      <trkpt lat="-19.6689" lon="14.3325"/>
      <trkpt lat="-19.6667" lon="14.3353"/>
      <trkpt lat="-19.6661" lon="14.3359"/>
      <trkpt lat="-19.6655" lon="14.3365"/>
      <trkpt lat="-19.6639" lon="14.338"/>
      <trkpt lat="-19.6623" lon="14.3397"/>
      <trkpt lat="-19.6619" lon="14.3402"/>
      <trkpt lat="-19.6615" lon="14.3407"/>
      <trkpt lat="-19.6613" lon="14.341"/>
      <trkpt lat="-19.6609" lon="14.3415"/>
      <trkpt lat="-19.6601" lon="14.3426"/>
      <trkpt lat="-19.6569" lon="14.3471"/>
      <trkpt lat="-19.6549" lon="14.3498"/>
      <trkpt lat="-19.6542" lon="14.351"/>
      <trkpt lat="-19.6531" lon="14.3529"/>
      <trkpt lat="-19.6519" lon="14.355"/>
      <trkpt lat="-19.6511" lon="14.3564"/>
      <trkpt lat="-19.6505" lon="14.3574"/>
      <trkpt lat="-19.65" lon="14.3584"/>
      <trkpt lat="-19.6497" lon="14.3589"/>
      <trkpt lat="-19.6494" lon="14.3592"/>
      <trkpt lat="-19.6491" lon="14.3596"/>
      <trkpt lat="-19.6488" lon="14.36"/>
      <trkpt lat="-19.6483" lon="14.3606"/>
      <trkpt lat="-19.6475" lon="14.3615"/>
      <trkpt lat="-19.6463" lon="14.3628"/>
      <trkpt lat="-19.6454" lon="14.3637"/>
      <trkpt lat="-19.645" lon="14.3642"/>
      <trkpt lat="-19.6447" lon="14.3647"/>
      <trkpt lat="-19.6443" lon="14.3653"/>
      <trkpt lat="-19.6435" lon="14.367"/>
      <trkpt lat="-19.6419" lon="14.37"/>
      <trkpt lat="-19.6411" lon="14.3714"/>
      <trkpt lat="-19.6407" lon="14.3721"/>
      <trkpt lat="-19.6404" lon="14.3725"/>
      <trkpt lat="-19.64" lon="14.3731"/>
      <trkpt lat="-19.6394" lon="14.3739"/>
      <trkpt lat="-19.639" lon="14.3743"/>
      <trkpt lat="-19.6388" lon="14.3748"/>
      <trkpt lat="-19.6384" lon="14.3755"/>
      <trkpt lat="-19.6383" lon="14.3758"/>
      <trkpt lat="-19.6382" lon="14.3761"/>
      <trkpt lat="-19.6377" lon="14.3777"/>
      <trkpt lat="-19.6373" lon="14.3791"/>
      <trkpt lat="-19.637" lon="14.3806"/>
      <trkpt lat="-19.6367" lon="14.3815"/>
      <trkpt lat="-19.6364" lon="14.3825"/>
      <trkpt lat="-19.6362" lon="14.383"/>
      <trkpt lat="-19.6359" lon="14.3837"/>
      <trkpt lat="-19.6349" lon="14.3856"/>
      <trkpt lat="-19.6342" lon="14.3872"/>
      <trkpt lat="-19.6333" lon="14.3891"/>
      <trkpt lat="-19.6324" lon="14.3909"/>
      <trkpt lat="-19.6321" lon="14.3914"/>
      <trkpt lat="-19.6312" lon="14.3934"/>
      <trkpt lat="-19.6309" lon="14.3941"/>
      <trkpt lat="-19.6307" lon="14.3946"/>
      <trkpt lat="-19.6306" lon="14.3953"/>
      <trkpt lat="-19.6304" lon="14.3962"/>
      <trkpt lat="-19.6301" lon="14.3981"/>
      <trkpt lat="-19.6298" lon="14.3998"/>
      <trkpt lat="-19.6296" lon="14.4009"/>
      <trkpt lat="-19.6293" lon="14.402"/>
      <trkpt lat="-19.6288" lon="14.4034"/>
      <trkpt lat="-19.6285" lon="14.4045"/>
      <trkpt lat="-19.6283" lon="14.4054"/>
      <trkpt lat="-19.628" lon="14.4062"/>
      <trkpt lat="-19.6274" lon="14.4078"/>
      <trkpt lat="-19.6272" lon="14.4085"/>
      <trkpt lat="-19.6269" lon="14.4092"/>
      <trkpt lat="-19.6264" lon="14.4107"/>
      <trkpt lat="-19.6263" lon="14.411"/>
      <trkpt lat="-19.6255" lon="14.4128"/>
      <trkpt lat="-19.6251" lon="14.4137"/>
      <trkpt lat="-19.6249" lon="14.4142"/>
      <trkpt lat="-19.6241" lon="14.4166"/>
      <trkpt lat="-19.6237" lon="14.4182"/>
      <trkpt lat="-19.6224" lon="14.4223"/>
      <trkpt lat="-19.6217" lon="14.4249"/>
      <trkpt lat="-19.6203" lon="14.4294"/>
      <trkpt lat="-19.6202" lon="14.4298"/>
      <trkpt lat="-19.6188" lon="14.4343"/>
      <trkpt lat="-19.6178" lon="14.4377"/>
      <trkpt lat="-19.617" lon="14.4402"/>
      <trkpt lat="-19.6168" lon="14.441"/>
      <trkpt lat="-19.6165" lon="14.4418"/>
      <trkpt lat="-19.6159" lon="14.4435"/>
      <trkpt lat="-19.6156" lon="14.4446"/>
      <trkpt lat="-19.6154" lon="14.445"/>
      <trkpt lat="-19.6153" lon="14.4453"/>
      <trkpt lat="-19.6151" lon="14.4456"/>
      <trkpt lat="-19.6149" lon="14.446"/>
      <trkpt lat="-19.6143" lon="14.4469"/>
      <trkpt lat="-19.614" lon="14.4472"/>
      <trkpt lat="-19.6138" lon="14.4476"/>
      <trkpt lat="-19.6137" lon="14.4479"/>
      <trkpt lat="-19.6136" lon="14.4484"/>
      <trkpt lat="-19.6136" lon="14.449"/>
      <trkpt lat="-19.6134" lon="14.4504"/>
      <trkpt lat="-19.6133" lon="14.451"/>
      <trkpt lat="-19.6132" lon="14.4514"/>
      <trkpt lat="-19.6132" lon="14.4518"/>
      <trkpt lat="-19.6132" lon="14.452"/>
      <trkpt lat="-19.6132" lon="14.4522"/>
      <trkpt lat="-19.6133" lon="14.453"/>
      <trkpt lat="-19.6134" lon="14.4533"/>
      <trkpt lat="-19.6133" lon="14.4537"/>
      <trkpt lat="-19.6133" lon="14.454"/>
      <trkpt lat="-19.6131" lon="14.4547"/>
      <trkpt lat="-19.613" lon="14.4553"/>
      <trkpt lat="-19.6128" lon="14.456"/>
      <trkpt lat="-19.6126" lon="14.4568"/>
      <trkpt lat="-19.6124" lon="14.4576"/>
      <trkpt lat="-19.6123" lon="14.4583"/>
      <trkpt lat="-19.6122" lon="14.4593"/>
      <trkpt lat="-19.612" lon="14.4601"/>
      <trkpt lat="-19.6119" lon="14.4606"/>
      <trkpt lat="-19.6115" lon="14.4623"/>
      <trkpt lat="-19.6111" lon="14.4636"/>
      <trkpt lat="-19.6105" lon="14.466"/>
      <trkpt lat="-19.6101" lon="14.4673"/>
      <trkpt lat="-19.6093" lon="14.4706"/>
      <trkpt lat="-19.6092" lon="14.471"/>
      <trkpt lat="-19.6086" lon="14.4733"/>
      <trkpt lat="-19.608" lon="14.4754"/>
      <trkpt lat="-19.6072" lon="14.4784"/>
      <trkpt lat="-19.6068" lon="14.48"/>
      <trkpt lat="-19.6067" lon="14.4807"/>
      <trkpt lat="-19.6066" lon="14.4813"/>
      <trkpt lat="-19.6063" lon="14.4831"/>
      <trkpt lat="-19.606" lon="14.4849"/>
      <trkpt lat="-19.6056" lon="14.4872"/>
      <trkpt lat="-19.6054" lon="14.4888"/>
      <trkpt lat="-19.605" lon="14.4906"/>
      <trkpt lat="-19.6048" lon="14.4921"/>
      <trkpt lat="-19.6044" lon="14.4948"/>
      <trkpt lat="-19.6043" lon="14.4956"/>
      <trkpt lat="-19.6042" lon="14.4958"/>
      <trkpt lat="-19.6041" lon="14.4961"/>
      <trkpt lat="-19.604" lon="14.4964"/>
      <trkpt lat="-19.6031" lon="14.4984"/>
      <trkpt lat="-19.6025" lon="14.4997"/>
      <trkpt lat="-19.6022" lon="14.5004"/>
      <trkpt lat="-19.602" lon="14.5008"/>
      <trkpt lat="-19.6019" lon="14.5012"/>
      <trkpt lat="-19.6019" lon="14.5018"/>
      <trkpt lat="-19.6018" lon="14.502"/>
      <trkpt lat="-19.6018" lon="14.5023"/>
      <trkpt lat="-19.6017" lon="14.5026"/>
      <trkpt lat="-19.6017" lon="14.503"/>
      <trkpt lat="-19.6018" lon="14.5034"/>
      <trkpt lat="-19.6019" lon="14.5039"/>
      <trkpt lat="-19.602" lon="14.5045"/>
      <trkpt lat="-19.6024" lon="14.5056"/>
      <trkpt lat="-19.6029" lon="14.5071"/>
      <trkpt lat="-19.6031" lon="14.5077"/>
      <trkpt lat="-19.6034" lon="14.5089"/>
      <trkpt lat="-19.6035" lon="14.5095"/>
      <trkpt lat="-19.6036" lon="14.51"/>
      <trkpt lat="-19.6036" lon="14.5105"/>
      <trkpt lat="-19.6036" lon="14.511"/>
      <trkpt lat="-19.6035" lon="14.5118"/>
      <trkpt lat="-19.6034" lon="14.5125"/>
      <trkpt lat="-19.6034" lon="14.5128"/>
      <trkpt lat="-19.6035" lon="14.5132"/>
      <trkpt lat="-19.6036" lon="14.5136"/>
      <trkpt lat="-19.6036" lon="14.514"/>
      <trkpt lat="-19.6037" lon="14.515"/>
      <trkpt lat="-19.6038" lon="14.5158"/>
      <trkpt lat="-19.6038" lon="14.516"/>
      <trkpt lat="-19.6039" lon="14.517"/>
      <trkpt lat="-19.604" lon="14.5184"/>
      <trkpt lat="-19.6041" lon="14.5194"/>
      <trkpt lat="-19.6042" lon="14.5203"/>
      <trkpt lat="-19.6044" lon="14.5219"/>
      <trkpt lat="-19.6044" lon="14.5223"/>
      <trkpt lat="-19.6046" lon="14.5253"/>
      <trkpt lat="-19.6047" lon="14.5264"/>
      <trkpt lat="-19.605" lon="14.5293"/>
      <trkpt lat="-19.6052" lon="14.5317"/>
      <trkpt lat="-19.6054" lon="14.5339"/>
      <trkpt lat="-19.6056" lon="14.5358"/>
      <trkpt lat="-19.6058" lon="14.5379"/>
      <trkpt lat="-19.6058" lon="14.5397"/>
      <trkpt lat="-19.6058" lon="14.5408"/>
      <trkpt lat="-19.6057" lon="14.5414"/>
      <trkpt lat="-19.6056" lon="14.5422"/>
      <trkpt lat="-19.6054" lon="14.5433"/>
      <trkpt lat="-19.605" lon="14.5451"/>
      <trkpt lat="-19.6049" lon="14.5461"/>
      <trkpt lat="-19.6047" lon="14.547"/>
      <trkpt lat="-19.6047" lon="14.5473"/>
      <trkpt lat="-19.6046" lon="14.5476"/>
      <trkpt lat="-19.6046" lon="14.5478"/>
      <trkpt lat="-19.6044" lon="14.5483"/>
      <trkpt lat="-19.604" lon="14.5492"/>
      <trkpt lat="-19.6038" lon="14.5497"/>
      <trkpt lat="-19.6036" lon="14.5503"/>
      <trkpt lat="-19.6034" lon="14.5506"/>
      <trkpt lat="-19.6031" lon="14.5511"/>
      <trkpt lat="-19.6029" lon="14.5514"/>
      <trkpt lat="-19.6025" lon="14.5518"/>
      <trkpt lat="-19.6017" lon="14.5529"/>
      <trkpt lat="-19.6013" lon="14.5534"/>
      <trkpt lat="-19.601" lon="14.5538"/>
      <trkpt lat="-19.6008" lon="14.554"/>
      <trkpt lat="-19.6006" lon="14.5543"/>
      <trkpt lat="-19.6004" lon="14.5549"/>
      <trkpt lat="-19.6001" lon="14.5554"/>
      <trkpt lat="-19.5997" lon="14.5563"/>
      <trkpt lat="-19.5993" lon="14.5573"/>
      <trkpt lat="-19.5991" lon="14.5579"/>
      <trkpt lat="-19.5989" lon="14.5586"/>
      <trkpt lat="-19.5983" lon="14.5599"/>
      <trkpt lat="-19.598" lon="14.5603"/>
      <trkpt lat="-19.5978" lon="14.5606"/>
      <trkpt lat="-19.5972" lon="14.5613"/>
      <trkpt lat="-19.5965" lon="14.562"/>
      <trkpt lat="-19.5959" lon="14.5626"/>
      <trkpt lat="-19.5955" lon="14.5631"/>
      <trkpt lat="-19.5951" lon="14.5633"/>
      <trkpt lat="-19.5939" lon="14.5642"/>
      <trkpt lat="-19.5923" lon="14.5652"/>
      <trkpt lat="-19.5907" lon="14.5663"/>
      <trkpt lat="-19.5898" lon="14.5669"/>
      <trkpt lat="-19.5895" lon="14.5672"/>
      <trkpt lat="-19.5884" lon="14.5679"/>
      <trkpt lat="-19.5854" lon="14.57"/>
      <trkpt lat="-19.5839" lon="14.5711"/>
      <trkpt lat="-19.5827" lon="14.572"/>
      <trkpt lat="-19.5824" lon="14.5722"/>
      <trkpt lat="-19.582" lon="14.5725"/>
      <trkpt lat="-19.5816" lon="14.5728"/>
      <trkpt lat="-19.5813" lon="14.5732"/>
      <trkpt lat="-19.5812" lon="14.5734"/>
      <trkpt lat="-19.581" lon="14.5737"/>
      <trkpt lat="-19.5809" lon="14.574"/>
      <trkpt lat="-19.5806" lon="14.5752"/>
      <trkpt lat="-19.5802" lon="14.577"/>
      <trkpt lat="-19.5797" lon="14.5789"/>
      <trkpt lat="-19.5792" lon="14.581"/>
      <trkpt lat="-19.5788" lon="14.5828"/>
      <trkpt lat="-19.5784" lon="14.5847"/>
      <trkpt lat="-19.5782" lon="14.5852"/>
      <trkpt lat="-19.5781" lon="14.5856"/>
      <trkpt lat="-19.577" lon="14.5885"/>
      <trkpt lat="-19.5762" lon="14.5909"/>
      <trkpt lat="-19.5757" lon="14.592"/>
      <trkpt lat="-19.5757" lon="14.5922"/>
      <trkpt lat="-19.5757" lon="14.5926"/>
      <trkpt lat="-19.5759" lon="14.5933"/>
      <trkpt lat="-19.5762" lon="14.5941"/>
      <trkpt lat="-19.5767" lon="14.5957"/>
      <trkpt lat="-19.5769" lon="14.5968"/>
      <trkpt lat="-19.577" lon="14.5972"/>
      <trkpt lat="-19.577" lon="14.598"/>
      <trkpt lat="-19.5771" lon="14.5983"/>
      <trkpt lat="-19.5771" lon="14.6012"/>
      <trkpt lat="-19.5771" lon="14.6042"/>
      <trkpt lat="-19.5771" lon="14.6051"/>
      <trkpt lat="-19.5772" lon="14.6057"/>
      <trkpt lat="-19.5774" lon="14.6067"/>
      <trkpt lat="-19.5776" lon="14.6075"/>
      <trkpt lat="-19.5779" lon="14.6085"/>
      <trkpt lat="-19.5781" lon="14.6094"/>
      <trkpt lat="-19.5783" lon="14.6098"/>
      <trkpt lat="-19.5784" lon="14.6101"/>
      <trkpt lat="-19.5785" lon="14.6103"/>
      <trkpt lat="-19.5797" lon="14.6121"/>
      <trkpt lat="-19.5813" lon="14.6145"/>
      <trkpt lat="-19.5837" lon="14.6178"/>
      <trkpt lat="-19.5855" lon="14.6203"/>
      <trkpt lat="-19.5874" lon="14.6227"/>
      <trkpt lat="-19.5881" lon="14.6236"/>
      <trkpt lat="-19.5895" lon="14.6254"/>
      <trkpt lat="-19.5916" lon="14.628"/>
      <trkpt lat="-19.5926" lon="14.6294"/>
      <trkpt lat="-19.593" lon="14.63"/>
      <trkpt lat="-19.5933" lon="14.6305"/>
      <trkpt lat="-19.5938" lon="14.6314"/>
      <trkpt lat="-19.594" lon="14.6318"/>
      <trkpt lat="-19.5943" lon="14.6321"/>
      <trkpt lat="-19.5947" lon="14.6327"/>
      <trkpt lat="-19.5951" lon="14.6332"/>
      <trkpt lat="-19.5953" lon="14.6335"/>
      <trkpt lat="-19.5956" lon="14.6341"/>
      <trkpt lat="-19.5958" lon="14.6344"/>
      <trkpt lat="-19.596" lon="14.635"/>
      <trkpt lat="-19.5962" lon="14.6354"/>
      <trkpt lat="-19.5963" lon="14.6358"/>
      <trkpt lat="-19.5962" lon="14.6363"/>
      <trkpt lat="-19.5962" lon="14.6368"/>
      <trkpt lat="-19.5961" lon="14.6374"/>
      <trkpt lat="-19.596" lon="14.6387"/>
      <trkpt lat="-19.5957" lon="14.6404"/>
      <trkpt lat="-19.5951" lon="14.6442"/>
      <trkpt lat="-19.5949" lon="14.6458"/>
      <trkpt lat="-19.5946" lon="14.6488"/>
      <trkpt lat="-19.5946" lon="14.6503"/>
      <trkpt lat="-19.5946" lon="14.6514"/>
      <trkpt lat="-19.5945" lon="14.6539"/>
      <trkpt lat="-19.5946" lon="14.6543"/>
      <trkpt lat="-19.5947" lon="14.6546"/>
      <trkpt lat="-19.5948" lon="14.6549"/>
      <trkpt lat="-19.595" lon="14.6553"/>
      <trkpt lat="-19.5963" lon="14.657"/>
      <trkpt lat="-19.5976" lon="14.6587"/>
      <trkpt lat="-19.6005" lon="14.6625"/>
      <trkpt lat="-19.6037" lon="14.6672"/>
      <trkpt lat="-19.6053" lon="14.6694"/>
      <trkpt lat="-19.6056" lon="14.6699"/>
      <trkpt lat="-19.6057" lon="14.6703"/>
      <trkpt lat="-19.6059" lon="14.6709"/>
      <trkpt lat="-19.6061" lon="14.6715"/>
      <trkpt lat="-19.6063" lon="14.6731"/>
      <trkpt lat="-19.6066" lon="14.6744"/>
      <trkpt lat="-19.607" lon="14.6758"/>
      <trkpt lat="-19.6075" lon="14.6776"/>
      <trkpt lat="-19.6083" lon="14.6803"/>
      <trkpt lat="-19.6093" lon="14.6835"/>
      <trkpt lat="-19.6101" lon="14.6862"/>
      <trkpt lat="-19.6102" lon="14.6868"/>
      <trkpt lat="-19.6104" lon="14.6876"/>
      <trkpt lat="-19.6104" lon="14.6882"/>
      <trkpt lat="-19.6106" lon="14.6894"/>
      <trkpt lat="-19.6109" lon="14.6902"/>
      <trkpt lat="-19.611" lon="14.6908"/>
      <trkpt lat="-19.6113" lon="14.6912"/>
      <trkpt lat="-19.6118" lon="14.692"/>
      <trkpt lat="-19.612" lon="14.6924"/>
      <trkpt lat="-19.6121" lon="14.6927"/>
      <trkpt lat="-19.6125" lon="14.6936"/>
      <trkpt lat="-19.6127" lon="14.6942"/>
      <trkpt lat="-19.6128" lon="14.6946"/>
      <trkpt lat="-19.6129" lon="14.695"/>
      <trkpt lat="-19.6128" lon="14.6954"/>
      <trkpt lat="-19.6126" lon="14.6966"/>
      <trkpt lat="-19.6123" lon="14.6983"/>
      <trkpt lat="-19.6121" lon="14.6995"/>
      <trkpt lat="-19.6118" lon="14.7008"/>
      <trkpt lat="-19.6117" lon="14.7014"/>
      <trkpt lat="-19.6117" lon="14.7016"/>
      <trkpt lat="-19.6117" lon="14.702"/>
      <trkpt lat="-19.6119" lon="14.7025"/>
      <trkpt lat="-19.6121" lon="14.703"/>
      <trkpt lat="-19.6125" lon="14.7041"/>
      <trkpt lat="-19.6133" lon="14.7059"/>
      <trkpt lat="-19.6141" lon="14.7077"/>
      <trkpt lat="-19.6154" lon="14.7105"/>
      <trkpt lat="-19.6158" lon="14.7111"/>
      <trkpt lat="-19.6163" lon="14.7121"/>
      <trkpt lat="-19.6183" lon="14.7155"/>
      <trkpt lat="-19.6195" lon="14.7175"/>
      <trkpt lat="-19.6202" lon="14.7186"/>
      <trkpt lat="-19.6209" lon="14.7195"/>
      <trkpt lat="-19.6212" lon="14.7198"/>
      <trkpt lat="-19.6214" lon="14.72"/>
      <trkpt lat="-19.6221" lon="14.7205"/>
      <trkpt lat="-19.6242" lon="14.722"/>
      <trkpt lat="-19.6256" lon="14.7232"/>
      <trkpt lat="-19.6267" lon="14.7244"/>
      <trkpt lat="-19.6294" lon="14.727"/>
      <trkpt lat="-19.6313" lon="14.7287"/>
      <trkpt lat="-19.6336" lon="14.7309"/>
      <trkpt lat="-19.6361" lon="14.7333"/>
      <trkpt lat="-19.6369" lon="14.7339"/>
      <trkpt lat="-19.6371" lon="14.7341"/>
      <trkpt lat="-19.6374" lon="14.7343"/>
      <trkpt lat="-19.6377" lon="14.7344"/>
      <trkpt lat="-19.6383" lon="14.7347"/>
      <trkpt lat="-19.639" lon="14.7349"/>
      <trkpt lat="-19.6394" lon="14.7351"/>
      <trkpt lat="-19.6396" lon="14.7352"/>
      <trkpt lat="-19.6398" lon="14.7353"/>
      <trkpt lat="-19.64" lon="14.7354"/>
      <trkpt lat="-19.6401" lon="14.7355"/>
      <trkpt lat="-19.6402" lon="14.7357"/>
      <trkpt lat="-19.6405" lon="14.7363"/>
      <trkpt lat="-19.6406" lon="14.7367"/>
      <trkpt lat="-19.6407" lon="14.7369"/>
      <trkpt lat="-19.6408" lon="14.7372"/>
      <trkpt lat="-19.6409" lon="14.7375"/>
      <trkpt lat="-19.6411" lon="14.7378"/>
      <trkpt lat="-19.6412" lon="14.7381"/>
      <trkpt lat="-19.6415" lon="14.7383"/>
      <trkpt lat="-19.6418" lon="14.7386"/>
      <trkpt lat="-19.6423" lon="14.739"/>
      <trkpt lat="-19.6433" lon="14.7397"/>
      <trkpt lat="-19.6443" lon="14.7406"/>
      <trkpt lat="-19.6449" lon="14.741"/>
      <trkpt lat="-19.6455" lon="14.7416"/>
      <trkpt lat="-19.6457" lon="14.742"/>
      <trkpt lat="-19.6459" lon="14.7425"/>
      <trkpt lat="-19.6459" lon="14.743"/>
      <trkpt lat="-19.6459" lon="14.7435"/>
      <trkpt lat="-19.6458" lon="14.7439"/>
      <trkpt lat="-19.6456" lon="14.7452"/>
      <trkpt lat="-19.6454" lon="14.7463"/>
      <trkpt lat="-19.6452" lon="14.7475"/>
      <trkpt lat="-19.6449" lon="14.7491"/>
      <trkpt lat="-19.6445" lon="14.7512"/>
      <trkpt lat="-19.6442" lon="14.7527"/>
      <trkpt lat="-19.6439" lon="14.7543"/>
      <trkpt lat="-19.6436" lon="14.7554"/>
      <trkpt lat="-19.6433" lon="14.7561"/>
      <trkpt lat="-19.6426" lon="14.7576"/>
      <trkpt lat="-19.642" lon="14.7588"/>
      <trkpt lat="-19.6411" lon="14.7608"/>
      <trkpt lat="-19.6405" lon="14.7618"/>
      <trkpt lat="-19.6399" lon="14.7633"/>
      <trkpt lat="-19.6396" lon="14.7638"/>
      <trkpt lat="-19.6395" lon="14.7642"/>
      <trkpt lat="-19.6393" lon="14.7648"/>
      <trkpt lat="-19.6391" lon="14.7655"/>
      <trkpt lat="-19.639" lon="14.7661"/>
      <trkpt lat="-19.6387" lon="14.7668"/>
      <trkpt lat="-19.6385" lon="14.7673"/>
      <trkpt lat="-19.638" lon="14.7684"/>
      <trkpt lat="-19.6376" lon="14.7695"/>
      <trkpt lat="-19.6372" lon="14.7702"/>
      <trkpt lat="-19.6369" lon="14.7708"/>
      <trkpt lat="-19.6364" lon="14.772"/>
      <trkpt lat="-19.6353" lon="14.7747"/>
      <trkpt lat="-19.6342" lon="14.7773"/>
      <trkpt lat="-19.6338" lon="14.7784"/>
      <trkpt lat="-19.6326" lon="14.7817"/>
      <trkpt lat="-19.6324" lon="14.7826"/>
      <trkpt lat="-19.6322" lon="14.7833"/>
      <trkpt lat="-19.6319" lon="14.7843"/>
      <trkpt lat="-19.6318" lon="14.7851"/>
      <trkpt lat="-19.6317" lon="14.7857"/>
      <trkpt lat="-19.6316" lon="14.7862"/>
      <trkpt lat="-19.6315" lon="14.7867"/>
      <trkpt lat="-19.6305" lon="14.7893"/>
      <trkpt lat="-19.6298" lon="14.7914"/>
      <trkpt lat="-19.6279" lon="14.7966"/>
      <trkpt lat="-19.627" lon="14.7991"/>
      <trkpt lat="-19.6268" lon="14.7997"/>
      <trkpt lat="-19.6267" lon="14.8001"/>
      <trkpt lat="-19.6266" lon="14.8005"/>
      <trkpt lat="-19.6266" lon="14.8008"/>
      <trkpt lat="-19.6265" lon="14.8012"/>
      <trkpt lat="-19.6266" lon="14.8017"/>
      <trkpt lat="-19.6266" lon="14.8023"/>
      <trkpt lat="-19.6267" lon="14.8027"/>
      <trkpt lat="-19.627" lon="14.8035"/>
      <trkpt lat="-19.6274" lon="14.8046"/>
      <trkpt lat="-19.6278" lon="14.8057"/>
      <trkpt lat="-19.6279" lon="14.8061"/>
      <trkpt lat="-19.6281" lon="14.8068"/>
      <trkpt lat="-19.6281" lon="14.8073"/>
      <trkpt lat="-19.6281" lon="14.8077"/>
      <trkpt lat="-19.628" lon="14.8083"/>
      <trkpt lat="-19.6279" lon="14.8088"/>
      <trkpt lat="-19.6278" lon="14.8093"/>
      <trkpt lat="-19.6276" lon="14.8101"/>
      <trkpt lat="-19.6275" lon="14.8107"/>
      <trkpt lat="-19.6275" lon="14.8111"/>
      <trkpt lat="-19.6275" lon="14.8114"/>
      <trkpt lat="-19.6275" lon="14.8117"/>
      <trkpt lat="-19.6274" lon="14.812"/>
      <trkpt lat="-19.6272" lon="14.8124"/>
      <trkpt lat="-19.6271" lon="14.8127"/>
      <trkpt lat="-19.6269" lon="14.8131"/>
      <trkpt lat="-19.6268" lon="14.8136"/>
      <trkpt lat="-19.6265" lon="14.8146"/>
      <trkpt lat="-19.6264" lon="14.8151"/>
      <trkpt lat="-19.6263" lon="14.8156"/>
      <trkpt lat="-19.6263" lon="14.8162"/>
      <trkpt lat="-19.6263" lon="14.8168"/>
      <trkpt lat="-19.6262" lon="14.8178"/>
      <trkpt lat="-19.6262" lon="14.8196"/>
      <trkpt lat="-19.6262" lon="14.8204"/>
      <trkpt lat="-19.626" lon="14.8224"/>
      <trkpt lat="-19.6259" lon="14.8237"/>
      <trkpt lat="-19.6259" lon="14.8248"/>
      <trkpt lat="-19.6258" lon="14.8252"/>
      <trkpt lat="-19.6257" lon="14.8255"/>
      <trkpt lat="-19.6255" lon="14.8259"/>
      <trkpt lat="-19.6254" lon="14.8262"/>
      <trkpt lat="-19.6253" lon="14.8268"/>
      <trkpt lat="-19.6252" lon="14.8272"/>
      <trkpt lat="-19.6251" lon="14.8277"/>
      <trkpt lat="-19.6251" lon="14.8282"/>
      <trkpt lat="-19.6251" lon="14.8293"/>
      <trkpt lat="-19.6251" lon="14.8299"/>
      <trkpt lat="-19.6252" lon="14.831"/>
      <trkpt lat="-19.6251" lon="14.833"/>
      <trkpt lat="-19.625" lon="14.8336"/>
      <trkpt lat="-19.625" lon="14.8338"/>
      <trkpt lat="-19.625" lon="14.8342"/>
      <trkpt lat="-19.625" lon="14.8345"/>
      <trkpt lat="-19.6251" lon="14.8349"/>
      <trkpt lat="-19.6253" lon="14.8352"/>
      <trkpt lat="-19.6254" lon="14.8354"/>
      <trkpt lat="-19.6254" lon="14.8356"/>
      <trkpt lat="-19.6255" lon="14.8358"/>
      <trkpt lat="-19.6255" lon="14.836"/>
      <trkpt lat="-19.6255" lon="14.8362"/>
      <trkpt lat="-19.6255" lon="14.8364"/>
      <trkpt lat="-19.6255" lon="14.8367"/>
      <trkpt lat="-19.6253" lon="14.837"/>
      <trkpt lat="-19.6246" lon="14.8378"/>
      <trkpt lat="-19.6235" lon="14.839"/>
      <trkpt lat="-19.6227" lon="14.8398"/>
      <trkpt lat="-19.6226" lon="14.8401"/>
      <trkpt lat="-19.6224" lon="14.8403"/>
      <trkpt lat="-19.6222" lon="14.8407"/>
      <trkpt lat="-19.6221" lon="14.841"/>
      <trkpt lat="-19.6216" lon="14.8421"/>
      <trkpt lat="-19.6214" lon="14.8426"/>
      <trkpt lat="-19.6223" lon="14.843"/>
      <trkpt lat="-19.6225" lon="14.8432"/>
      <trkpt lat="-19.6227" lon="14.8433"/>
      <trkpt lat="-19.6231" lon="14.8432"/>
      <trkpt lat="-19.6234" lon="14.8431"/>
      <trkpt lat="-19.6245" lon="14.8429"/>
      <trkpt lat="-19.6267" lon="14.8425"/>
      <trkpt lat="-19.6277" lon="14.8423"/>
      <trkpt lat="-19.6287" lon="14.8421"/>
      <trkpt lat="-19.6288" lon="14.8425"/>
      <trkpt lat="-19.6293" lon="14.8429"/>
      <trkpt lat="-19.6286" lon="14.8436"/>
      <trkpt lat="-19.6282" lon="14.844"/>
      <trkpt lat="-19.6279" lon="14.8443"/>
      <trkpt lat="-19.6277" lon="14.8447"/>
      <trkpt lat="-19.6276" lon="14.845"/>
      <trkpt lat="-19.6274" lon="14.8451"/>
      <trkpt lat="-19.6272" lon="14.8454"/>
      <trkpt lat="-19.6272" lon="14.8456"/>
      <trkpt lat="-19.6263" lon="14.8471"/>
      <trkpt lat="-19.6255" lon="14.8466"/>
      <trkpt lat="-19.6252" lon="14.8464"/>
      <trkpt lat="-19.6243" lon="14.8458"/>
      <trkpt lat="-19.6235" lon="14.8452"/>
      <trkpt lat="-19.6228" lon="14.8447"/>
      <trkpt lat="-19.6221" lon="14.8443"/>
      <trkpt lat="-19.6214" lon="14.8439"/>
      <trkpt lat="-19.6208" lon="14.8435"/>
      <trkpt lat="-19.6198" lon="14.8447"/>
      <trkpt lat="-19.6196" lon="14.8449"/>
      <trkpt lat="-19.6191" lon="14.8455"/>
      <trkpt lat="-19.6181" lon="14.8467"/>
      <trkpt lat="-19.6175" lon="14.8477"/>
      <trkpt lat="-19.6171" lon="14.8483"/>
      <trkpt lat="-19.6167" lon="14.8491"/>
      <trkpt lat="-19.6166" lon="14.8494"/>
      <trkpt lat="-19.6163" lon="14.8503"/>
      <trkpt lat="-19.6162" lon="14.8508"/>
      <trkpt lat="-19.6161" lon="14.8512"/>
      <trkpt lat="-19.6159" lon="14.8519"/>
      <trkpt lat="-19.6159" lon="14.8524"/>
      <trkpt lat="-19.6158" lon="14.8529"/>
      <trkpt lat="-19.6158" lon="14.8536"/>
      <trkpt lat="-19.6158" lon="14.8544"/>
      <trkpt lat="-19.6158" lon="14.8554"/>
      <trkpt lat="-19.616" lon="14.8617"/>
      <trkpt lat="-19.6163" lon="14.8728"/>
      <trkpt lat="-19.6164" lon="14.8774"/>
      <trkpt lat="-19.6165" lon="14.8815"/>
      <trkpt lat="-19.6165" lon="14.8835"/>
      <trkpt lat="-19.6172" lon="14.9097"/>
      <trkpt lat="-19.6173" lon="14.9116"/>
      <trkpt lat="-19.6174" lon="14.9121"/>
      <trkpt lat="-19.6174" lon="14.9125"/>
      <trkpt lat="-19.6176" lon="14.913"/>
      <trkpt lat="-19.6177" lon="14.9137"/>
      <trkpt lat="-19.6183" lon="14.9153"/>
      <trkpt lat="-19.6196" lon="14.9188"/>
      <trkpt lat="-19.6203" lon="14.9205"/>
      <trkpt lat="-19.6307" lon="14.9473"/>
      <trkpt lat="-19.6391" lon="14.9689"/>
      <trkpt lat="-19.6392" lon="14.9691"/>
      <trkpt lat="-19.6413" lon="14.9745"/>
      <trkpt lat="-19.6474" lon="14.9901"/>
      <trkpt lat="-19.6534" lon="15.0056"/>
      <trkpt lat="-19.6591" lon="15.0202"/>
      <trkpt lat="-19.6627" lon="15.0297"/>
      <trkpt lat="-19.6629" lon="15.03"/>
      <trkpt lat="-19.663" lon="15.0303"/>
      <trkpt lat="-19.6632" lon="15.0309"/>
      <trkpt lat="-19.6634" lon="15.0316"/>
      <trkpt lat="-19.6657" lon="15.0396"/>
      <trkpt lat="-19.6678" lon="15.047"/>
      <trkpt lat="-19.6688" lon="15.0504"/>
      <trkpt lat="-19.6693" lon="15.052"/>
      <trkpt lat="-19.67" lon="15.0547"/>
      <trkpt lat="-19.6773" lon="15.0797"/>
      <trkpt lat="-19.6775" lon="15.0804"/>
      <trkpt lat="-19.6777" lon="15.0808"/>
      <trkpt lat="-19.6778" lon="15.0811"/>
      <trkpt lat="-19.6781" lon="15.0817"/>
      <trkpt lat="-19.6784" lon="15.0822"/>
      <trkpt lat="-19.6787" lon="15.0827"/>
      <trkpt lat="-19.6791" lon="15.0832"/>
      <trkpt lat="-19.6795" lon="15.0836"/>
      <trkpt lat="-19.6797" lon="15.0838"/>
      <trkpt lat="-19.6803" lon="15.0844"/>
      <trkpt lat="-19.6811" lon="15.0853"/>
      <trkpt lat="-19.6818" lon="15.086"/>
      <trkpt lat="-19.6828" lon="15.0872"/>
      <trkpt lat="-19.6841" lon="15.0885"/>
      <trkpt lat="-19.6848" lon="15.0894"/>
      <trkpt lat="-19.687" lon="15.0917"/>
      <trkpt lat="-19.6875" lon="15.0923"/>
      <trkpt lat="-19.6887" lon="15.0935"/>
      <trkpt lat="-19.6908" lon="15.0958"/>
      <trkpt lat="-19.6921" lon="15.0973"/>
      <trkpt lat="-19.6924" lon="15.0976"/>
      <trkpt lat="-19.6926" lon="15.0979"/>
      <trkpt lat="-19.6931" lon="15.0985"/>
      <trkpt lat="-19.6934" lon="15.0989"/>
      <trkpt lat="-19.6936" lon="15.0993"/>
      <trkpt lat="-19.6939" lon="15.0997"/>
      <trkpt lat="-19.694" lon="15.1"/>
      <trkpt lat="-19.6942" lon="15.1003"/>
      <trkpt lat="-19.6945" lon="15.101"/>
      <trkpt lat="-19.6948" lon="15.1015"/>
      <trkpt lat="-19.695" lon="15.102"/>
      <trkpt lat="-19.6951" lon="15.1025"/>
      <trkpt lat="-19.6953" lon="15.1032"/>
      <trkpt lat="-19.6955" lon="15.1038"/>
      <trkpt lat="-19.6961" lon="15.1063"/>
      <trkpt lat="-19.7038" lon="15.1415"/>
      <trkpt lat="-19.7059" lon="15.1512"/>
      <trkpt lat="-19.7061" lon="15.1523"/>
      <trkpt lat="-19.7062" lon="15.1527"/>
      <trkpt lat="-19.7064" lon="15.1538"/>
      <trkpt lat="-19.7071" lon="15.157"/>
      <trkpt lat="-19.7075" lon="15.1587"/>
      <trkpt lat="-19.7082" lon="15.1619"/>
      <trkpt lat="-19.7083" lon="15.1623"/>
      <trkpt lat="-19.7085" lon="15.1628"/>
      <trkpt lat="-19.7087" lon="15.1635"/>
      <trkpt lat="-19.7089" lon="15.1639"/>
      <trkpt lat="-19.7091" lon="15.1644"/>
      <trkpt lat="-19.7094" lon="15.1649"/>
      <trkpt lat="-19.7099" lon="15.1657"/>
      <trkpt lat="-19.711" lon="15.1671"/>
      <trkpt lat="-19.7116" lon="15.1677"/>
      <trkpt lat="-19.7128" lon="15.1691"/>
      <trkpt lat="-19.7159" lon="15.1725"/>
      <trkpt lat="-19.7175" lon="15.1743"/>
      <trkpt lat="-19.7184" lon="15.1752"/>
      <trkpt lat="-19.719" lon="15.1759"/>
      <trkpt lat="-19.7192" lon="15.1763"/>
      <trkpt lat="-19.7194" lon="15.1765"/>
      <trkpt lat="-19.7197" lon="15.1769"/>
      <trkpt lat="-19.7198" lon="15.1771"/>
      <trkpt lat="-19.72" lon="15.1775"/>
      <trkpt lat="-19.7202" lon="15.1779"/>
      <trkpt lat="-19.7205" lon="15.1786"/>
      <trkpt lat="-19.7206" lon="15.1789"/>
      <trkpt lat="-19.724" lon="15.1892"/>
      <trkpt lat="-19.7244" lon="15.1902"/>
      <trkpt lat="-19.7246" lon="15.1907"/>
      <trkpt lat="-19.725" lon="15.1914"/>
      <trkpt lat="-19.7252" lon="15.1917"/>
      <trkpt lat="-19.7259" lon="15.1928"/>
      <trkpt lat="-19.7262" lon="15.1931"/>
      <trkpt lat="-19.7297" lon="15.1978"/>
      <trkpt lat="-19.7338" lon="15.2034"/>
      <trkpt lat="-19.735" lon="15.2051"/>
      <trkpt lat="-19.7381" lon="15.2092"/>
      <trkpt lat="-19.7385" lon="15.2097"/>
      <trkpt lat="-19.7405" lon="15.2124"/>
      <trkpt lat="-19.7444" lon="15.2177"/>
      <trkpt lat="-19.7453" lon="15.2189"/>
      <trkpt lat="-19.7457" lon="15.2195"/>
      <trkpt lat="-19.7463" lon="15.2202"/>
      <trkpt lat="-19.7465" lon="15.2204"/>
      <trkpt lat="-19.7468" lon="15.2208"/>
      <trkpt lat="-19.7471" lon="15.2211"/>
      <trkpt lat="-19.7474" lon="15.2213"/>
      <trkpt lat="-19.7481" lon="15.2219"/>
      <trkpt lat="-19.7488" lon="15.2224"/>
      <trkpt lat="-19.7502" lon="15.2235"/>
      <trkpt lat="-19.7546" lon="15.2269"/>
      <trkpt lat="-19.7568" lon="15.2286"/>
      <trkpt lat="-19.7597" lon="15.2307"/>
      <trkpt lat="-19.761" lon="15.2317"/>
      <trkpt lat="-19.7625" lon="15.2327"/>
      <trkpt lat="-19.7631" lon="15.233"/>
      <trkpt lat="-19.7643" lon="15.2335"/>
      <trkpt lat="-19.7652" lon="15.2339"/>
      <trkpt lat="-19.7666" lon="15.2345"/>
      <trkpt lat="-19.767" lon="15.2347"/>
      <trkpt lat="-19.7681" lon="15.2351"/>
      <trkpt lat="-19.7686" lon="15.2353"/>
      <trkpt lat="-19.7688" lon="15.2354"/>
      <trkpt lat="-19.7692" lon="15.2356"/>
      <trkpt lat="-19.7696" lon="15.2358"/>
      <trkpt lat="-19.7699" lon="15.236"/>
      <trkpt lat="-19.7702" lon="15.2363"/>
      <trkpt lat="-19.7704" lon="15.2364"/>
      <trkpt lat="-19.7706" lon="15.2366"/>
      <trkpt lat="-19.7708" lon="15.2369"/>
      <trkpt lat="-19.771" lon="15.2371"/>
      <trkpt lat="-19.7713" lon="15.2377"/>
      <trkpt lat="-19.7715" lon="15.238"/>
      <trkpt lat="-19.7716" lon="15.2382"/>
      <trkpt lat="-19.7718" lon="15.2385"/>
      <trkpt lat="-19.7719" lon="15.2388"/>
      <trkpt lat="-19.772" lon="15.2393"/>
      <trkpt lat="-19.7721" lon="15.2396"/>
      <trkpt lat="-19.7721" lon="15.24"/>
      <trkpt lat="-19.7737" lon="15.256"/>
      <trkpt lat="-19.7749" lon="15.2684"/>
      <trkpt lat="-19.7751" lon="15.2697"/>
      <trkpt lat="-19.7752" lon="15.2705"/>
      <trkpt lat="-19.7754" lon="15.2715"/>
      <trkpt lat="-19.7794" lon="15.2894"/>
      <trkpt lat="-19.7816" lon="15.2991"/>
      <trkpt lat="-19.7825" lon="15.3028"/>
      <trkpt lat="-19.7831" lon="15.3057"/>
      <trkpt lat="-19.7832" lon="15.306"/>
      <trkpt lat="-19.7834" lon="15.3067"/>
      <trkpt lat="-19.7837" lon="15.3073"/>
      <trkpt lat="-19.7841" lon="15.3083"/>
      <trkpt lat="-19.7843" lon="15.3086"/>
      <trkpt lat="-19.7846" lon="15.3092"/>
      <trkpt lat="-19.7875" lon="15.315"/>
      <trkpt lat="-19.7947" lon="15.3291"/>
      <trkpt lat="-19.7956" lon="15.3309"/>
      <trkpt lat="-19.7961" lon="15.3319"/>
      <trkpt lat="-19.7962" lon="15.3323"/>
      <trkpt lat="-19.7968" lon="15.3339"/>
      <trkpt lat="-19.797" lon="15.3349"/>
      <trkpt lat="-19.7984" lon="15.3402"/>
      <trkpt lat="-19.7986" lon="15.3409"/>
      <trkpt lat="-19.7997" lon="15.3455"/>
      <trkpt lat="-19.8028" lon="15.3577"/>
      <trkpt lat="-19.8028" lon="15.3579"/>
      <trkpt lat="-19.8047" lon="15.3653"/>
      <trkpt lat="-19.8063" lon="15.3715"/>
      <trkpt lat="-19.8076" lon="15.3766"/>
      <trkpt lat="-19.8091" lon="15.3827"/>
      <trkpt lat="-19.8103" lon="15.3877"/>
      <trkpt lat="-19.8124" lon="15.3959"/>
      <trkpt lat="-19.8152" lon="15.4067"/>
      <trkpt lat="-19.8157" lon="15.4089"/>
      <trkpt lat="-19.8159" lon="15.4095"/>
      <trkpt lat="-19.8161" lon="15.4102"/>
      <trkpt lat="-19.8163" lon="15.4106"/>
      <trkpt lat="-19.8164" lon="15.4109"/>
      <trkpt lat="-19.8174" lon="15.4129"/>
      <trkpt lat="-19.8198" lon="15.4178"/>
      <trkpt lat="-19.8233" lon="15.4248"/>
      <trkpt lat="-19.8347" lon="15.4479"/>
      <trkpt lat="-19.8437" lon="15.4664"/>
      <trkpt lat="-19.8447" lon="15.4683"/>
      <trkpt lat="-19.845" lon="15.4689"/>
      <trkpt lat="-19.8456" lon="15.4701"/>
      <trkpt lat="-19.8459" lon="15.4705"/>
      <trkpt lat="-19.8462" lon="15.4709"/>
      <trkpt lat="-19.8467" lon="15.4715"/>
      <trkpt lat="-19.8469" lon="15.4717"/>
      <trkpt lat="-19.8473" lon="15.4721"/>
      <trkpt lat="-19.8479" lon="15.4726"/>
      <trkpt lat="-19.8494" lon="15.4739"/>
      <trkpt lat="-19.8771" lon="15.4967"/>
      <trkpt lat="-19.8786" lon="15.4979"/>
      <trkpt lat="-19.8797" lon="15.4989"/>
      <trkpt lat="-19.8803" lon="15.4995"/>
      <trkpt lat="-19.8805" lon="15.4999"/>
      <trkpt lat="-19.8812" lon="15.5007"/>
      <trkpt lat="-19.8839" lon="15.5044"/>
      <trkpt lat="-19.8863" lon="15.5076"/>
      <trkpt lat="-19.9045" lon="15.5324"/>
      <trkpt lat="-19.9059" lon="15.5342"/>
      <trkpt lat="-19.9071" lon="15.536"/>
      <trkpt lat="-19.9084" lon="15.5376"/>
      <trkpt lat="-19.9087" lon="15.538"/>
      <trkpt lat="-19.9091" lon="15.5385"/>
      <trkpt lat="-19.9122" lon="15.5425"/>
      <trkpt lat="-19.913" lon="15.5435"/>
      <trkpt lat="-19.9148" lon="15.5457"/>
      <trkpt lat="-19.9206" lon="15.5532"/>
      <trkpt lat="-19.9219" lon="15.5549"/>
      <trkpt lat="-19.9312" lon="15.5668"/>
      <trkpt lat="-19.9368" lon="15.5739"/>
      <trkpt lat="-19.9401" lon="15.5782"/>
      <trkpt lat="-19.9449" lon="15.5843"/>
      <trkpt lat="-19.9483" lon="15.5886"/>
      <trkpt lat="-19.9511" lon="15.5922"/>
      <trkpt lat="-19.9587" lon="15.6021"/>
      <trkpt lat="-19.9613" lon="15.6054"/>
      <trkpt lat="-19.9616" lon="15.6057"/>
      <trkpt lat="-19.9618" lon="15.606"/>
      <trkpt lat="-19.963" lon="15.608"/>
      <trkpt lat="-19.9642" lon="15.6099"/>
      <trkpt lat="-19.9651" lon="15.6115"/>
      <trkpt lat="-19.9667" lon="15.6141"/>
      <trkpt lat="-19.9671" lon="15.6147"/>
      <trkpt lat="-19.9682" lon="15.6164"/>
      <trkpt lat="-19.9804" lon="15.6358"/>
      <trkpt lat="-19.9812" lon="15.6372"/>
      <trkpt lat="-19.9815" lon="15.6377"/>
      <trkpt lat="-19.9817" lon="15.6381"/>
      <trkpt lat="-19.9824" lon="15.6399"/>
      <trkpt lat="-19.9835" lon="15.6434"/>
      <trkpt lat="-19.9837" lon="15.6441"/>
      <trkpt lat="-19.9839" lon="15.6449"/>
      <trkpt lat="-19.9846" lon="15.6469"/>
      <trkpt lat="-19.986" lon="15.6513"/>
      <trkpt lat="-19.9872" lon="15.6553"/>
      <trkpt lat="-19.9897" lon="15.6631"/>
      <trkpt lat="-19.9921" lon="15.6708"/>
      <trkpt lat="-19.9938" lon="15.6762"/>
      <trkpt lat="-19.9942" lon="15.6774"/>
      <trkpt lat="-19.9953" lon="15.6809"/>
      <trkpt lat="-19.9957" lon="15.6822"/>
      <trkpt lat="-19.9963" lon="15.6839"/>
      <trkpt lat="-19.9967" lon="15.6853"/>
      <trkpt lat="-19.997" lon="15.6865"/>
      <trkpt lat="-20.0004" lon="15.7004"/>
      <trkpt lat="-20.0019" lon="15.7065"/>
      <trkpt lat="-20.0032" lon="15.7121"/>
      <trkpt lat="-20.0036" lon="15.7135"/>
      <trkpt lat="-20.0056" lon="15.7215"/>
      <trkpt lat="-20.0074" lon="15.7293"/>
      <trkpt lat="-20.0084" lon="15.7332"/>
      <trkpt lat="-20.0099" lon="15.7392"/>
      <trkpt lat="-20.0113" lon="15.7452"/>
      <trkpt lat="-20.0128" lon="15.7512"/>
      <trkpt lat="-20.0148" lon="15.7594"/>
      <trkpt lat="-20.0159" lon="15.764"/>
      <trkpt lat="-20.0174" lon="15.77"/>
      <trkpt lat="-20.0181" lon="15.773"/>
      <trkpt lat="-20.0191" lon="15.7767"/>
      <trkpt lat="-20.0199" lon="15.78"/>
      <trkpt lat="-20.0221" lon="15.789"/>
      <trkpt lat="-20.0238" lon="15.7963"/>
      <trkpt lat="-20.0254" lon="15.8026"/>
      <trkpt lat="-20.0264" lon="15.8069"/>
      <trkpt lat="-20.0269" lon="15.8091"/>
      <trkpt lat="-20.027" lon="15.8097"/>
      <trkpt lat="-20.0271" lon="15.8104"/>
      <trkpt lat="-20.0274" lon="15.8141"/>
      <trkpt lat="-20.0303" lon="15.8468"/>
      <trkpt lat="-20.0303" lon="15.8471"/>
      <trkpt lat="-20.0303" lon="15.8473"/>
      <trkpt lat="-20.0313" lon="15.8585"/>
      <trkpt lat="-20.0315" lon="15.861"/>
      <trkpt lat="-20.0316" lon="15.8617"/>
      <trkpt lat="-20.0315" lon="15.8619"/>
      <trkpt lat="-20.0315" lon="15.8626"/>
      <trkpt lat="-20.0314" lon="15.8632"/>
      <trkpt lat="-20.0311" lon="15.8647"/>
      <trkpt lat="-20.0308" lon="15.8663"/>
      <trkpt lat="-20.0284" lon="15.8779"/>
      <trkpt lat="-20.0268" lon="15.8859"/>
      <trkpt lat="-20.022" lon="15.9092"/>
      <trkpt lat="-20.0218" lon="15.9103"/>
      <trkpt lat="-20.0216" lon="15.9112"/>
      <trkpt lat="-20.0216" lon="15.9117"/>
      <trkpt lat="-20.0215" lon="15.9122"/>
      <trkpt lat="-20.0215" lon="15.9126"/>
      <trkpt lat="-20.0216" lon="15.9132"/>
      <trkpt lat="-20.0218" lon="15.9158"/>
      <trkpt lat="-20.0219" lon="15.9165"/>
      <trkpt lat="-20.0226" lon="15.9248"/>
      <trkpt lat="-20.0228" lon="15.9268"/>
      <trkpt lat="-20.0234" lon="15.9324"/>
      <trkpt lat="-20.0234" lon="15.933"/>
      <trkpt lat="-20.0237" lon="15.9362"/>
      <trkpt lat="-20.0242" lon="15.9416"/>
      <trkpt lat="-20.0245" lon="15.9442"/>
      <trkpt lat="-20.0261" lon="15.9616"/>
      <trkpt lat="-20.0272" lon="15.9728"/>
      <trkpt lat="-20.0282" lon="15.9839"/>
      <trkpt lat="-20.0287" lon="15.9893"/>
      <trkpt lat="-20.0293" lon="15.9953"/>
      <trkpt lat="-20.0296" lon="15.9977"/>
      <trkpt lat="-20.0298" lon="16.0002"/>
      <trkpt lat="-20.03" lon="16.0014"/>
      <trkpt lat="-20.0303" lon="16.0039"/>
      <trkpt lat="-20.0305" lon="16.0049"/>
      <trkpt lat="-20.0312" lon="16.0099"/>
      <trkpt lat="-20.0361" lon="16.0454"/>
      <trkpt lat="-20.0371" lon="16.0533"/>
      <trkpt lat="-20.0384" lon="16.0621"/>
      <trkpt lat="-20.0389" lon="16.066"/>
      <trkpt lat="-20.0414" lon="16.0836"/>
      <trkpt lat="-20.0417" lon="16.0867"/>
      <trkpt lat="-20.0418" lon="16.0872"/>
      <trkpt lat="-20.0418" lon="16.0875"/>
      <trkpt lat="-20.0417" lon="16.0879"/>
      <trkpt lat="-20.0417" lon="16.0882"/>
      <trkpt lat="-20.0416" lon="16.0886"/>
      <trkpt lat="-20.0414" lon="16.089"/>
      <trkpt lat="-20.0413" lon="16.0894"/>
      <trkpt lat="-20.0405" lon="16.0908"/>
      <trkpt lat="-20.0418" lon="16.0922"/>
      <trkpt lat="-20.043" lon="16.0936"/>
      <trkpt lat="-20.0439" lon="16.0948"/>
      <trkpt lat="-20.0444" lon="16.0956"/>
      <trkpt lat="-20.0449" lon="16.0964"/>
      <trkpt lat="-20.0486" lon="16.102"/>
      <trkpt lat="-20.0492" lon="16.1029"/>
      <trkpt lat="-20.0495" lon="16.1032"/>
      <trkpt lat="-20.0501" lon="16.1038"/>
      <trkpt lat="-20.0505" lon="16.1043"/>
      <trkpt lat="-20.0512" lon="16.1048"/>
      <trkpt lat="-20.0514" lon="16.105"/>
      <trkpt lat="-20.0516" lon="16.1052"/>
      <trkpt lat="-20.0524" lon="16.1056"/>
      <trkpt lat="-20.0539" lon="16.1065"/>
      <trkpt lat="-20.0545" lon="16.1069"/>
      <trkpt lat="-20.0555" lon="16.1076"/>
      <trkpt lat="-20.056" lon="16.1079"/>
      <trkpt lat="-20.0636" lon="16.1125"/>
      <trkpt lat="-20.0647" lon="16.1132"/>
      <trkpt lat="-20.0658" lon="16.1138"/>
      <trkpt lat="-20.0659" lon="16.1138"/>
      <trkpt lat="-20.0666" lon="16.1141"/>
      <trkpt lat="-20.0683" lon="16.1147"/>
      <trkpt lat="-20.0694" lon="16.1152"/>
      <trkpt lat="-20.079" lon="16.1187"/>
      <trkpt lat="-20.0826" lon="16.12"/>
      <trkpt lat="-20.083" lon="16.1202"/>
      <trkpt lat="-20.0835" lon="16.1204"/>
      <trkpt lat="-20.0841" lon="16.1208"/>
      <trkpt lat="-20.0843" lon="16.1209"/>
      <trkpt lat="-20.085" lon="16.1214"/>
      <trkpt lat="-20.0856" lon="16.1219"/>
      <trkpt lat="-20.0858" lon="16.122"/>
      <trkpt lat="-20.086" lon="16.1222"/>
      <trkpt lat="-20.0864" lon="16.1227"/>
      <trkpt lat="-20.0866" lon="16.1229"/>
      <trkpt lat="-20.0872" lon="16.1235"/>
      <trkpt lat="-20.0879" lon="16.1244"/>
      <trkpt lat="-20.0908" lon="16.128"/>
      <trkpt lat="-20.0914" lon="16.1287"/>
      <trkpt lat="-20.0921" lon="16.1296"/>
      <trkpt lat="-20.0927" lon="16.1303"/>
      <trkpt lat="-20.0929" lon="16.1305"/>
      <trkpt lat="-20.0987" lon="16.1376"/>
      <trkpt lat="-20.1009" lon="16.1403"/>
      <trkpt lat="-20.1025" lon="16.1423"/>
      <trkpt lat="-20.1027" lon="16.1425"/>
      <trkpt lat="-20.1028" lon="16.1426"/>
      <trkpt lat="-20.1034" lon="16.1433"/>
      <trkpt lat="-20.1035" lon="16.1436"/>
      <trkpt lat="-20.1037" lon="16.1438"/>
      <trkpt lat="-20.1039" lon="16.1441"/>
      <trkpt lat="-20.1041" lon="16.1444"/>
      <trkpt lat="-20.1043" lon="16.1449"/>
      <trkpt lat="-20.1047" lon="16.1458"/>
      <trkpt lat="-20.1051" lon="16.1466"/>
      <trkpt lat="-20.1055" lon="16.1473"/>
      <trkpt lat="-20.1056" lon="16.1474"/>
      <trkpt lat="-20.1057" lon="16.1475"/>
      <trkpt lat="-20.1059" lon="16.1478"/>
      <trkpt lat="-20.106" lon="16.1478"/>
      <trkpt lat="-20.1062" lon="16.1481"/>
      <trkpt lat="-20.1063" lon="16.1482"/>
      <trkpt lat="-20.1064" lon="16.1483"/>
      <trkpt lat="-20.1065" lon="16.1485"/>
      <trkpt lat="-20.1065" lon="16.1486"/>
      <trkpt lat="-20.1065" lon="16.1488"/>
      <trkpt lat="-20.1065" lon="16.1498"/>
      <trkpt lat="-20.1066" lon="16.1501"/>
      <trkpt lat="-20.1066" lon="16.1511"/>
      <trkpt lat="-20.1066" lon="16.1517"/>
      <trkpt lat="-20.1068" lon="16.153"/>
      <trkpt lat="-20.1068" lon="16.1533"/>
      <trkpt lat="-20.1068" lon="16.1533"/>
      <trkpt lat="-20.1068" lon="16.1534"/>
      <trkpt lat="-20.1068" lon="16.1536"/>
      <trkpt lat="-20.1068" lon="16.1538"/>
      <trkpt lat="-20.1067" lon="16.1541"/>
      <trkpt lat="-20.108" lon="16.1544"/>
      <trkpt lat="-20.1081" lon="16.1544"/>
      <trkpt lat="-20.1083" lon="16.1545"/>
      <trkpt lat="-20.1091" lon="16.1545"/>
      <trkpt lat="-20.1091" lon="16.1545"/>
      <trkpt lat="-20.109" lon="16.1547"/>
      <trkpt lat="-20.1089" lon="16.1552"/>
      <trkpt lat="-20.1088" lon="16.1557"/>
      <trkpt lat="-20.1087" lon="16.1558"/>
      <trkpt lat="-20.1087" lon="16.1559"/>
      <trkpt lat="-20.1086" lon="16.156"/>
      <trkpt lat="-20.1084" lon="16.1561"/>
      <trkpt lat="-20.1083" lon="16.1562"/>
      <trkpt lat="-20.1088" lon="16.1569"/>
      <trkpt lat="-20.1097" lon="16.1581"/>
      <trkpt lat="-20.1101" lon="16.158"/>
      <trkpt lat="-20.1102" lon="16.1565"/>
      <trkpt lat="-20.11" lon="16.1563"/>
      <trkpt lat="-20.1098" lon="16.1563"/>
      <trkpt lat="-20.1097" lon="16.1563"/>
      <trkpt lat="-20.1096" lon="16.1564"/>
      <trkpt lat="-20.1095" lon="16.1565"/>
      <trkpt lat="-20.1096" lon="16.1564"/>
      <trkpt lat="-20.1097" lon="16.1563"/>
      <trkpt lat="-20.1098" lon="16.1563"/>
      <trkpt lat="-20.11" lon="16.1563"/>
      <trkpt lat="-20.1102" lon="16.1565"/>
      <trkpt lat="-20.1102" lon="16.1565"/>
      <trkpt lat="-20.1101" lon="16.158"/>
      <trkpt lat="-20.1097" lon="16.1581"/>
      <trkpt lat="-20.1084" lon="16.1582"/>
      <trkpt lat="-20.1072" lon="16.1583"/>
      <trkpt lat="-20.1065" lon="16.1584"/>
      <trkpt lat="-20.1064" lon="16.1587"/>
      <trkpt lat="-20.1061" lon="16.1594"/>
      <trkpt lat="-20.106" lon="16.1595"/>
      <trkpt lat="-20.1057" lon="16.1599"/>
      <trkpt lat="-20.1055" lon="16.1604"/>
      <trkpt lat="-20.1047" lon="16.1619"/>
      <trkpt lat="-20.1037" lon="16.1605"/>
      <trkpt lat="-20.1016" lon="16.1577"/>
      <trkpt lat="-20.1011" lon="16.157"/>
      <trkpt lat="-20.1003" lon="16.1559"/>
      <trkpt lat="-20.1002" lon="16.1558"/>
      <trkpt lat="-20.0999" lon="16.1554"/>
      <trkpt lat="-20.0993" lon="16.1543"/>
      <trkpt lat="-20.0987" lon="16.1531"/>
      <trkpt lat="-20.0987" lon="16.153"/>
      <trkpt lat="-20.0984" lon="16.1523"/>
      <trkpt lat="-20.0982" lon="16.1515"/>
      <trkpt lat="-20.098" lon="16.1501"/>
      <trkpt lat="-20.0979" lon="16.1486"/>
      <trkpt lat="-20.098" lon="16.1476"/>
      <trkpt lat="-20.0981" lon="16.1467"/>
      <trkpt lat="-20.0982" lon="16.1463"/>
      <trkpt lat="-20.0983" lon="16.1457"/>
      <trkpt lat="-20.0984" lon="16.1453"/>
      <trkpt lat="-20.0986" lon="16.1448"/>
      <trkpt lat="-20.0988" lon="16.1443"/>
      <trkpt lat="-20.099" lon="16.1438"/>
      <trkpt lat="-20.0992" lon="16.1435"/>
      <trkpt lat="-20.0996" lon="16.1428"/>
      <trkpt lat="-20.1005" lon="16.141"/>
      <trkpt lat="-20.1009" lon="16.1403"/>
      <trkpt lat="-20.0987" lon="16.1376"/>
      <trkpt lat="-20.0929" lon="16.1305"/>
      <trkpt lat="-20.0927" lon="16.1303"/>
      <trkpt lat="-20.0921" lon="16.1296"/>
      <trkpt lat="-20.0914" lon="16.1287"/>
      <trkpt lat="-20.0908" lon="16.128"/>
      <trkpt lat="-20.0879" lon="16.1244"/>
      <trkpt lat="-20.0872" lon="16.1235"/>
      <trkpt lat="-20.0866" lon="16.1229"/>
      <trkpt lat="-20.0864" lon="16.1227"/>
      <trkpt lat="-20.086" lon="16.1222"/>
      <trkpt lat="-20.0858" lon="16.122"/>
      <trkpt lat="-20.0856" lon="16.1219"/>
      <trkpt lat="-20.085" lon="16.1214"/>
      <trkpt lat="-20.0843" lon="16.1209"/>
      <trkpt lat="-20.0841" lon="16.1208"/>
      <trkpt lat="-20.0835" lon="16.1204"/>
      <trkpt lat="-20.083" lon="16.1202"/>
      <trkpt lat="-20.0826" lon="16.12"/>
      <trkpt lat="-20.079" lon="16.1187"/>
      <trkpt lat="-20.0694" lon="16.1152"/>
      <trkpt lat="-20.0683" lon="16.1147"/>
      <trkpt lat="-20.0666" lon="16.1141"/>
      <trkpt lat="-20.0659" lon="16.1138"/>
      <trkpt lat="-20.0658" lon="16.1138"/>
      <trkpt lat="-20.0647" lon="16.1132"/>
      <trkpt lat="-20.0636" lon="16.1125"/>
      <trkpt lat="-20.056" lon="16.1079"/>
      <trkpt lat="-20.0555" lon="16.1076"/>
      <trkpt lat="-20.0545" lon="16.1069"/>
      <trkpt lat="-20.0539" lon="16.1065"/>
      <trkpt lat="-20.0524" lon="16.1056"/>
      <trkpt lat="-20.0516" lon="16.1052"/>
      <trkpt lat="-20.0514" lon="16.105"/>
      <trkpt lat="-20.0512" lon="16.1048"/>
      <trkpt lat="-20.0505" lon="16.1043"/>
      <trkpt lat="-20.0501" lon="16.1038"/>
      <trkpt lat="-20.0495" lon="16.1032"/>
      <trkpt lat="-20.0492" lon="16.1029"/>
      <trkpt lat="-20.0486" lon="16.102"/>
      <trkpt lat="-20.0449" lon="16.0964"/>
      <trkpt lat="-20.0444" lon="16.0956"/>
      <trkpt lat="-20.0439" lon="16.0948"/>
      <trkpt lat="-20.043" lon="16.0936"/>
      <trkpt lat="-20.0418" lon="16.0922"/>
      <trkpt lat="-20.0405" lon="16.0908"/>
      <trkpt lat="-20.0391" lon="16.0894"/>
      <trkpt lat="-20.0376" lon="16.088"/>
      <trkpt lat="-20.032" lon="16.0823"/>
      <trkpt lat="-20.0191" lon="16.0694"/>
      <trkpt lat="-20.0184" lon="16.0687"/>
      <trkpt lat="-20.0168" lon="16.0671"/>
      <trkpt lat="-20.0139" lon="16.0641"/>
      <trkpt lat="-20.0114" lon="16.0617"/>
      <trkpt lat="-20.0093" lon="16.0593"/>
      <trkpt lat="-20.0076" lon="16.0574"/>
      <trkpt lat="-20.0075" lon="16.0573"/>
      <trkpt lat="-20.0058" lon="16.0553"/>
      <trkpt lat="-20.0053" lon="16.0548"/>
      <trkpt lat="-20.0034" lon="16.0526"/>
      <trkpt lat="-20.0015" lon="16.0506"/>
      <trkpt lat="-20.0011" lon="16.0502"/>
      <trkpt lat="-20.0005" lon="16.0497"/>
      <trkpt lat="-20.0001" lon="16.0493"/>
      <trkpt lat="-19.9998" lon="16.0491"/>
      <trkpt lat="-19.9853" lon="16.0378"/>
      <trkpt lat="-19.974" lon="16.029"/>
      <trkpt lat="-19.9659" lon="16.0228"/>
      <trkpt lat="-19.9632" lon="16.0206"/>
      <trkpt lat="-19.9486" lon="16.0093"/>
      <trkpt lat="-19.9395" lon="16.0022"/>
      <trkpt lat="-19.9349" lon="15.9987"/>
      <trkpt lat="-19.9313" lon="15.9959"/>
      <trkpt lat="-19.9259" lon="15.9919"/>
      <trkpt lat="-19.925" lon="15.9913"/>
      <trkpt lat="-19.8968" lon="15.9702"/>
      <trkpt lat="-19.8962" lon="15.9697"/>
      <trkpt lat="-19.8925" lon="15.967"/>
      <trkpt lat="-19.8914" lon="15.9661"/>
      <trkpt lat="-19.891" lon="15.9657"/>
      <trkpt lat="-19.8906" lon="15.9653"/>
      <trkpt lat="-19.8886" lon="15.9634"/>
      <trkpt lat="-19.8637" lon="15.9395"/>
      <trkpt lat="-19.8624" lon="15.9384"/>
      <trkpt lat="-19.8614" lon="15.9376"/>
      <trkpt lat="-19.8611" lon="15.9375"/>
      <trkpt lat="-19.8598" lon="15.9367"/>
      <trkpt lat="-19.8587" lon="15.9361"/>
      <trkpt lat="-19.8324" lon="15.9238"/>
      <trkpt lat="-19.8019" lon="15.9096"/>
      <trkpt lat="-19.8003" lon="15.9089"/>
      <trkpt lat="-19.7979" lon="15.9078"/>
      <trkpt lat="-19.7948" lon="15.9063"/>
      <trkpt lat="-19.7828" lon="15.9007"/>
      <trkpt lat="-19.7818" lon="15.9003"/>
      <trkpt lat="-19.7811" lon="15.9"/>
      <trkpt lat="-19.7767" lon="15.8979"/>
      <trkpt lat="-19.7756" lon="15.8974"/>
      <trkpt lat="-19.7749" lon="15.8971"/>
      <trkpt lat="-19.7743" lon="15.8969"/>
      <trkpt lat="-19.7735" lon="15.8966"/>
      <trkpt lat="-19.7726" lon="15.8964"/>
      <trkpt lat="-19.768" lon="15.8951"/>
      <trkpt lat="-19.7651" lon="15.8944"/>
      <trkpt lat="-19.7596" lon="15.8929"/>
      <trkpt lat="-19.7589" lon="15.8927"/>
      <trkpt lat="-19.7525" lon="15.8911"/>
      <trkpt lat="-19.7518" lon="15.8909"/>
      <trkpt lat="-19.7495" lon="15.8903"/>
      <trkpt lat="-19.7483" lon="15.8899"/>
      <trkpt lat="-19.7474" lon="15.8897"/>
      <trkpt lat="-19.7427" lon="15.8884"/>
      <trkpt lat="-19.738" lon="15.8872"/>
      <trkpt lat="-19.7305" lon="15.8852"/>
      <trkpt lat="-19.7245" lon="15.8836"/>
      <trkpt lat="-19.7239" lon="15.8835"/>
      <trkpt lat="-19.7234" lon="15.8834"/>
      <trkpt lat="-19.7228" lon="15.8833"/>
      <trkpt lat="-19.722" lon="15.8831"/>
      <trkpt lat="-19.7214" lon="15.8831"/>
      <trkpt lat="-19.721" lon="15.883"/>
      <trkpt lat="-19.7206" lon="15.883"/>
      <trkpt lat="-19.7193" lon="15.883"/>
      <trkpt lat="-19.7177" lon="15.883"/>
      <trkpt lat="-19.7145" lon="15.883"/>
      <trkpt lat="-19.6931" lon="15.883"/>
      <trkpt lat="-19.6917" lon="15.8831"/>
      <trkpt lat="-19.691" lon="15.8832"/>
      <trkpt lat="-19.6906" lon="15.8832"/>
      <trkpt lat="-19.69" lon="15.8833"/>
      <trkpt lat="-19.6882" lon="15.8836"/>
      <trkpt lat="-19.6749" lon="15.886"/>
      <trkpt lat="-19.6509" lon="15.8902"/>
      <trkpt lat="-19.6497" lon="15.8904"/>
      <trkpt lat="-19.6496" lon="15.8904"/>
      <trkpt lat="-19.6482" lon="15.8906"/>
      <trkpt lat="-19.6469" lon="15.8906"/>
      <trkpt lat="-19.6463" lon="15.8906"/>
      <trkpt lat="-19.6456" lon="15.8905"/>
      <trkpt lat="-19.6446" lon="15.8903"/>
      <trkpt lat="-19.6437" lon="15.8901"/>
      <trkpt lat="-19.6424" lon="15.8899"/>
      <trkpt lat="-19.6377" lon="15.889"/>
      <trkpt lat="-19.6334" lon="15.8882"/>
      <trkpt lat="-19.6299" lon="15.8875"/>
      <trkpt lat="-19.6197" lon="15.8855"/>
      <trkpt lat="-19.6141" lon="15.8844"/>
      <trkpt lat="-19.6113" lon="15.8839"/>
      <trkpt lat="-19.5859" lon="15.879"/>
      <trkpt lat="-19.5825" lon="15.8784"/>
      <trkpt lat="-19.5758" lon="15.8771"/>
      <trkpt lat="-19.5747" lon="15.8769"/>
      <trkpt lat="-19.5737" lon="15.8768"/>
      <trkpt lat="-19.5727" lon="15.8767"/>
      <trkpt lat="-19.5717" lon="15.8767"/>
      <trkpt lat="-19.5706" lon="15.8766"/>
      <trkpt lat="-19.56" lon="15.8758"/>
      <trkpt lat="-19.5572" lon="15.8756"/>
      <trkpt lat="-19.5542" lon="15.8754"/>
      <trkpt lat="-19.5536" lon="15.8754"/>
      <trkpt lat="-19.5527" lon="15.8755"/>
      <trkpt lat="-19.5516" lon="15.8756"/>
      <trkpt lat="-19.5506" lon="15.8758"/>
      <trkpt lat="-19.5495" lon="15.8761"/>
      <trkpt lat="-19.5485" lon="15.8765"/>
      <trkpt lat="-19.5393" lon="15.8794"/>
      <trkpt lat="-19.5354" lon="15.8807"/>
      <trkpt lat="-19.5266" lon="15.8835"/>
      <trkpt lat="-19.5127" lon="15.8881"/>
      <trkpt lat="-19.5081" lon="15.8895"/>
      <trkpt lat="-19.504" lon="15.8908"/>
      <trkpt lat="-19.503" lon="15.8911"/>
      <trkpt lat="-19.493" lon="15.8944"/>
      <trkpt lat="-19.4766" lon="15.8997"/>
      <trkpt lat="-19.4653" lon="15.9034"/>
      <trkpt lat="-19.4599" lon="15.9051"/>
      <trkpt lat="-19.4542" lon="15.9069"/>
      <trkpt lat="-19.4514" lon="15.9078"/>
      <trkpt lat="-19.4477" lon="15.909"/>
      <trkpt lat="-19.4473" lon="15.9091"/>
      <trkpt lat="-19.4453" lon="15.9098"/>
      <trkpt lat="-19.4449" lon="15.9099"/>
      <trkpt lat="-19.4444" lon="15.9101"/>
      <trkpt lat="-19.4416" lon="15.911"/>
      <trkpt lat="-19.4413" lon="15.9111"/>
      <trkpt lat="-19.4405" lon="15.9113"/>
      <trkpt lat="-19.4402" lon="15.9115"/>
      <trkpt lat="-19.4393" lon="15.9117"/>
      <trkpt lat="-19.4385" lon="15.912"/>
      <trkpt lat="-19.4379" lon="15.9123"/>
      <trkpt lat="-19.437" lon="15.9127"/>
      <trkpt lat="-19.4361" lon="15.9131"/>
      <trkpt lat="-19.4359" lon="15.9132"/>
      <trkpt lat="-19.4347" lon="15.9138"/>
      <trkpt lat="-19.4322" lon="15.915"/>
      <trkpt lat="-19.4301" lon="15.916"/>
      <trkpt lat="-19.4286" lon="15.9167"/>
      <trkpt lat="-19.4256" lon="15.9181"/>
      <trkpt lat="-19.4129" lon="15.9243"/>
      <trkpt lat="-19.4113" lon="15.9251"/>
      <trkpt lat="-19.4082" lon="15.9265"/>
      <trkpt lat="-19.4066" lon="15.9273"/>
      <trkpt lat="-19.4054" lon="15.9279"/>
      <trkpt lat="-19.405" lon="15.9281"/>
      <trkpt lat="-19.404" lon="15.9284"/>
      <trkpt lat="-19.4022" lon="15.9291"/>
      <trkpt lat="-19.4004" lon="15.9299"/>
      <trkpt lat="-19.3901" lon="15.9339"/>
      <trkpt lat="-19.3879" lon="15.9348"/>
      <trkpt lat="-19.3878" lon="15.9348"/>
      <trkpt lat="-19.3801" lon="15.9379"/>
      <trkpt lat="-19.3781" lon="15.9386"/>
      <trkpt lat="-19.3741" lon="15.9402"/>
      <trkpt lat="-19.3727" lon="15.9408"/>
      <trkpt lat="-19.3717" lon="15.9411"/>
      <trkpt lat="-19.3712" lon="15.9413"/>
      <trkpt lat="-19.3706" lon="15.9414"/>
      <trkpt lat="-19.37" lon="15.9416"/>
      <trkpt lat="-19.3696" lon="15.9416"/>
      <trkpt lat="-19.3688" lon="15.9417"/>
      <trkpt lat="-19.3682" lon="15.9418"/>
      <trkpt lat="-19.3677" lon="15.9418"/>
      <trkpt lat="-19.3673" lon="15.9418"/>
      <trkpt lat="-19.3665" lon="15.9417"/>
      <trkpt lat="-19.3648" lon="15.9417"/>
      <trkpt lat="-19.3559" lon="15.9412"/>
      <trkpt lat="-19.3542" lon="15.9412"/>
      <trkpt lat="-19.3494" lon="15.9409"/>
      <trkpt lat="-19.3363" lon="15.9403"/>
      <trkpt lat="-19.3334" lon="15.9402"/>
      <trkpt lat="-19.3332" lon="15.9402"/>
      <trkpt lat="-19.3327" lon="15.9402"/>
      <trkpt lat="-19.3319" lon="15.9401"/>
      <trkpt lat="-19.3316" lon="15.9401"/>
      <trkpt lat="-19.3314" lon="15.9401"/>
      <trkpt lat="-19.3313" lon="15.9401"/>
      <trkpt lat="-19.3313" lon="15.9401"/>
      <trkpt lat="-19.3312" lon="15.9401"/>
      <trkpt lat="-19.3308" lon="15.9401"/>
      <trkpt lat="-19.3304" lon="15.9402"/>
      <trkpt lat="-19.3302" lon="15.9402"/>
      <trkpt lat="-19.3301" lon="15.9402"/>
      <trkpt lat="-19.3296" lon="15.9403"/>
      <trkpt lat="-19.3289" lon="15.9403"/>
      <trkpt lat="-19.3288" lon="15.9403"/>
      <trkpt lat="-19.3286" lon="15.9404"/>
      <trkpt lat="-19.328" lon="15.9404"/>
      <trkpt lat="-19.3276" lon="15.9405"/>
      <trkpt lat="-19.3273" lon="15.9406"/>
      <trkpt lat="-19.3267" lon="15.9409"/>
      <trkpt lat="-19.3261" lon="15.9411"/>
      <trkpt lat="-19.3246" lon="15.9417"/>
      <trkpt lat="-19.3227" lon="15.9425"/>
      <trkpt lat="-19.3207" lon="15.9433"/>
      <trkpt lat="-19.3187" lon="15.9441"/>
      <trkpt lat="-19.3182" lon="15.9443"/>
      <trkpt lat="-19.318" lon="15.9444"/>
      <trkpt lat="-19.3176" lon="15.9445"/>
      <trkpt lat="-19.3174" lon="15.9445"/>
      <trkpt lat="-19.317" lon="15.9446"/>
      <trkpt lat="-19.3166" lon="15.9446"/>
      <trkpt lat="-19.3162" lon="15.9446"/>
      <trkpt lat="-19.3159" lon="15.9445"/>
      <trkpt lat="-19.3156" lon="15.9445"/>
      <trkpt lat="-19.3154" lon="15.9444"/>
      <trkpt lat="-19.3152" lon="15.9443"/>
      <trkpt lat="-19.3149" lon="15.9442"/>
      <trkpt lat="-19.3147" lon="15.9441"/>
      <trkpt lat="-19.3142" lon="15.9439"/>
      <trkpt lat="-19.3058" lon="15.9403"/>
      <trkpt lat="-19.3011" lon="15.9382"/>
      <trkpt lat="-19.3001" lon="15.9377"/>
      <trkpt lat="-19.2935" lon="15.9349"/>
      <trkpt lat="-19.2916" lon="15.934"/>
      <trkpt lat="-19.2891" lon="15.9329"/>
      <trkpt lat="-19.2883" lon="15.9326"/>
      <trkpt lat="-19.2877" lon="15.9323"/>
      <trkpt lat="-19.2869" lon="15.932"/>
      <trkpt lat="-19.286" lon="15.9316"/>
      <trkpt lat="-19.2857" lon="15.9315"/>
      <trkpt lat="-19.2854" lon="15.9314"/>
      <trkpt lat="-19.2851" lon="15.9313"/>
      <trkpt lat="-19.2848" lon="15.9313"/>
      <trkpt lat="-19.2845" lon="15.9312"/>
      <trkpt lat="-19.2842" lon="15.9312"/>
      <trkpt lat="-19.284" lon="15.9312"/>
      <trkpt lat="-19.2837" lon="15.9312"/>
      <trkpt lat="-19.2832" lon="15.9313"/>
      <trkpt lat="-19.2816" lon="15.9314"/>
      <trkpt lat="-19.2786" lon="15.9316"/>
      <trkpt lat="-19.2754" lon="15.9318"/>
      <trkpt lat="-19.2679" lon="15.9324"/>
      <trkpt lat="-19.2674" lon="15.9324"/>
      <trkpt lat="-19.267" lon="15.9324"/>
      <trkpt lat="-19.2666" lon="15.9324"/>
      <trkpt lat="-19.2663" lon="15.9324"/>
      <trkpt lat="-19.2659" lon="15.9323"/>
      <trkpt lat="-19.2656" lon="15.9322"/>
      <trkpt lat="-19.2652" lon="15.9321"/>
      <trkpt lat="-19.2624" lon="15.9309"/>
      <trkpt lat="-19.2613" lon="15.9304"/>
      <trkpt lat="-19.2594" lon="15.9296"/>
      <trkpt lat="-19.2588" lon="15.9294"/>
      <trkpt lat="-19.2553" lon="15.9279"/>
      <trkpt lat="-19.2535" lon="15.9271"/>
      <trkpt lat="-19.2531" lon="15.9269"/>
      <trkpt lat="-19.2526" lon="15.9268"/>
      <trkpt lat="-19.2522" lon="15.9267"/>
      <trkpt lat="-19.2517" lon="15.9266"/>
      <trkpt lat="-19.2513" lon="15.9265"/>
      <trkpt lat="-19.2441" lon="15.9253"/>
      <trkpt lat="-19.2405" lon="15.9247"/>
      <trkpt lat="-19.2369" lon="15.9241"/>
      <trkpt lat="-19.2225" lon="15.9218"/>
      <trkpt lat="-19.2214" lon="15.9216"/>
      <trkpt lat="-19.2211" lon="15.9216"/>
      <trkpt lat="-19.2207" lon="15.9215"/>
      <trkpt lat="-19.2202" lon="15.9215"/>
      <trkpt lat="-19.2199" lon="15.9215"/>
      <trkpt lat="-19.2196" lon="15.9216"/>
      <trkpt lat="-19.2191" lon="15.9216"/>
      <trkpt lat="-19.2187" lon="15.9217"/>
      <trkpt lat="-19.2079" lon="15.9234"/>
      <trkpt lat="-19.2073" lon="15.9235"/>
      <trkpt lat="-19.2065" lon="15.9236"/>
      <trkpt lat="-19.206" lon="15.9236"/>
      <trkpt lat="-19.2057" lon="15.9237"/>
      <trkpt lat="-19.2054" lon="15.9236"/>
      <trkpt lat="-19.2051" lon="15.9236"/>
      <trkpt lat="-19.2047" lon="15.9236"/>
      <trkpt lat="-19.2045" lon="15.9235"/>
      <trkpt lat="-19.2044" lon="15.9235"/>
      <trkpt lat="-19.2042" lon="15.9234"/>
      <trkpt lat="-19.204" lon="15.9233"/>
      <trkpt lat="-19.2036" lon="15.9232"/>
      <trkpt lat="-19.2016" lon="15.9223"/>
      <trkpt lat="-19.1954" lon="15.9194"/>
      <trkpt lat="-19.1925" lon="15.918"/>
      <trkpt lat="-19.1921" lon="15.9179"/>
      <trkpt lat="-19.1916" lon="15.9177"/>
      <trkpt lat="-19.1914" lon="15.9176"/>
      <trkpt lat="-19.1911" lon="15.9175"/>
      <trkpt lat="-19.1909" lon="15.9175"/>
      <trkpt lat="-19.1906" lon="15.9174"/>
      <trkpt lat="-19.1904" lon="15.9174"/>
      <trkpt lat="-19.1901" lon="15.9174"/>
      <trkpt lat="-19.1898" lon="15.9174"/>
      <trkpt lat="-19.1895" lon="15.9175"/>
      <trkpt lat="-19.1892" lon="15.9175"/>
      <trkpt lat="-19.1887" lon="15.9176"/>
      <trkpt lat="-19.1851" lon="15.9185"/>
      <trkpt lat="-19.1839" lon="15.9188"/>
      <trkpt lat="-19.1828" lon="15.9191"/>
      <trkpt lat="-19.1825" lon="15.9191"/>
      <trkpt lat="-19.1822" lon="15.9191"/>
      <trkpt lat="-19.1819" lon="15.9192"/>
      <trkpt lat="-19.1817" lon="15.9192"/>
      <trkpt lat="-19.1815" lon="15.9192"/>
      <trkpt lat="-19.181" lon="15.9192"/>
      <trkpt lat="-19.1803" lon="15.9191"/>
      <trkpt lat="-19.18" lon="15.9191"/>
      <trkpt lat="-19.1796" lon="15.9191"/>
      <trkpt lat="-19.1796" lon="15.9189"/>
      <trkpt lat="-19.1796" lon="15.9189"/>
      <trkpt lat="-19.1796" lon="15.9188"/>
      <trkpt lat="-19.1796" lon="15.9188"/>
      <trkpt lat="-19.1801" lon="15.9186"/>
      <trkpt lat="-19.1802" lon="15.9185"/>
      <trkpt lat="-19.1803" lon="15.9185"/>
      <trkpt lat="-19.1803" lon="15.9184"/>
      <trkpt lat="-19.1803" lon="15.9184"/>
      <trkpt lat="-19.1803" lon="15.9183"/>
      <trkpt lat="-19.1805" lon="15.9183"/>
      <trkpt lat="-19.1806" lon="15.9182"/>
      <trkpt lat="-19.1807" lon="15.9182"/>
      <trkpt lat="-19.1808" lon="15.9182"/>
      <trkpt lat="-19.1809" lon="15.9181"/>
    </trkseg>
  </trk>
  <trk>
    <name>D10 · Safari Okaukuejo → Halali</name>
    <desc>10 nov · 108 km · ~5.7 h</desc>
    <trkseg>
      <trkpt lat="-19.1809" lon="15.9181"/>
      <trkpt lat="-19.1808" lon="15.9182"/>
      <trkpt lat="-19.1807" lon="15.9182"/>
      <trkpt lat="-19.1806" lon="15.9182"/>
      <trkpt lat="-19.1805" lon="15.9183"/>
      <trkpt lat="-19.1803" lon="15.9183"/>
      <trkpt lat="-19.1803" lon="15.9184"/>
      <trkpt lat="-19.1803" lon="15.9184"/>
      <trkpt lat="-19.1803" lon="15.9185"/>
      <trkpt lat="-19.1802" lon="15.9185"/>
      <trkpt lat="-19.1801" lon="15.9186"/>
      <trkpt lat="-19.1796" lon="15.9188"/>
      <trkpt lat="-19.1796" lon="15.9188"/>
      <trkpt lat="-19.1796" lon="15.9189"/>
      <trkpt lat="-19.1796" lon="15.9189"/>
      <trkpt lat="-19.1796" lon="15.9191"/>
      <trkpt lat="-19.1795" lon="15.9191"/>
      <trkpt lat="-19.1794" lon="15.9193"/>
      <trkpt lat="-19.1794" lon="15.9195"/>
      <trkpt lat="-19.1794" lon="15.9195"/>
      <trkpt lat="-19.1794" lon="15.9196"/>
      <trkpt lat="-19.1793" lon="15.9197"/>
      <trkpt lat="-19.1793" lon="15.9197"/>
      <trkpt lat="-19.1792" lon="15.9198"/>
      <trkpt lat="-19.1791" lon="15.9198"/>
      <trkpt lat="-19.179" lon="15.9198"/>
      <trkpt lat="-19.1788" lon="15.9198"/>
      <trkpt lat="-19.1787" lon="15.9197"/>
      <trkpt lat="-19.1786" lon="15.9207"/>
      <trkpt lat="-19.1786" lon="15.921"/>
      <trkpt lat="-19.1786" lon="15.9212"/>
      <trkpt lat="-19.1787" lon="15.9215"/>
      <trkpt lat="-19.1788" lon="15.9218"/>
      <trkpt lat="-19.179" lon="15.9219"/>
      <trkpt lat="-19.179" lon="15.922"/>
      <trkpt lat="-19.179" lon="15.9221"/>
      <trkpt lat="-19.1787" lon="15.9224"/>
      <trkpt lat="-19.1783" lon="15.9227"/>
      <trkpt lat="-19.1779" lon="15.9232"/>
      <trkpt lat="-19.1775" lon="15.9237"/>
      <trkpt lat="-19.1773" lon="15.9242"/>
      <trkpt lat="-19.1771" lon="15.9246"/>
      <trkpt lat="-19.177" lon="15.9249"/>
      <trkpt lat="-19.177" lon="15.9252"/>
      <trkpt lat="-19.177" lon="15.9254"/>
      <trkpt lat="-19.177" lon="15.9255"/>
      <trkpt lat="-19.1772" lon="15.9261"/>
      <trkpt lat="-19.1773" lon="15.9264"/>
      <trkpt lat="-19.1774" lon="15.9266"/>
      <trkpt lat="-19.1782" lon="15.9278"/>
      <trkpt lat="-19.1786" lon="15.9286"/>
      <trkpt lat="-19.1795" lon="15.9304"/>
      <trkpt lat="-19.1799" lon="15.9313"/>
      <trkpt lat="-19.1806" lon="15.9332"/>
      <trkpt lat="-19.1808" lon="15.9342"/>
      <trkpt lat="-19.1812" lon="15.9357"/>
      <trkpt lat="-19.1812" lon="15.9367"/>
      <trkpt lat="-19.1813" lon="15.9375"/>
      <trkpt lat="-19.1814" lon="15.9384"/>
      <trkpt lat="-19.1816" lon="15.9395"/>
      <trkpt lat="-19.1818" lon="15.9411"/>
      <trkpt lat="-19.182" lon="15.9433"/>
      <trkpt lat="-19.1823" lon="15.9443"/>
      <trkpt lat="-19.1823" lon="15.9455"/>
      <trkpt lat="-19.1825" lon="15.9473"/>
      <trkpt lat="-19.1826" lon="15.9482"/>
      <trkpt lat="-19.1833" lon="15.9507"/>
      <trkpt lat="-19.1837" lon="15.9515"/>
      <trkpt lat="-19.1839" lon="15.9525"/>
      <trkpt lat="-19.1841" lon="15.9538"/>
      <trkpt lat="-19.1842" lon="15.9542"/>
      <trkpt lat="-19.1845" lon="15.9552"/>
      <trkpt lat="-19.1845" lon="15.9568"/>
      <trkpt lat="-19.1847" lon="15.9582"/>
      <trkpt lat="-19.1848" lon="15.9597"/>
      <trkpt lat="-19.1849" lon="15.96"/>
      <trkpt lat="-19.185" lon="15.9603"/>
      <trkpt lat="-19.1855" lon="15.961"/>
      <trkpt lat="-19.1861" lon="15.9622"/>
      <trkpt lat="-19.1864" lon="15.9635"/>
      <trkpt lat="-19.1873" lon="15.9653"/>
      <trkpt lat="-19.1879" lon="15.9667"/>
      <trkpt lat="-19.1884" lon="15.9683"/>
      <trkpt lat="-19.1889" lon="15.9714"/>
      <trkpt lat="-19.1901" lon="15.977"/>
      <trkpt lat="-19.1902" lon="15.9776"/>
      <trkpt lat="-19.1904" lon="15.9785"/>
      <trkpt lat="-19.1906" lon="15.9789"/>
      <trkpt lat="-19.1908" lon="15.9795"/>
      <trkpt lat="-19.1912" lon="15.9806"/>
      <trkpt lat="-19.1919" lon="15.9824"/>
      <trkpt lat="-19.192" lon="15.9828"/>
      <trkpt lat="-19.1921" lon="15.9852"/>
      <trkpt lat="-19.1922" lon="15.9862"/>
      <trkpt lat="-19.1923" lon="15.9869"/>
      <trkpt lat="-19.1923" lon="15.9882"/>
      <trkpt lat="-19.1923" lon="15.9891"/>
      <trkpt lat="-19.1924" lon="15.9907"/>
      <trkpt lat="-19.1926" lon="15.992"/>
      <trkpt lat="-19.1929" lon="15.9933"/>
      <trkpt lat="-19.1933" lon="15.995"/>
      <trkpt lat="-19.1935" lon="15.9956"/>
      <trkpt lat="-19.194" lon="15.9971"/>
      <trkpt lat="-19.1946" lon="15.999"/>
      <trkpt lat="-19.1949" lon="16.0001"/>
      <trkpt lat="-19.195" lon="16.0006"/>
      <trkpt lat="-19.1951" lon="16.0024"/>
      <trkpt lat="-19.195" lon="16.0032"/>
      <trkpt lat="-19.1951" lon="16.0053"/>
      <trkpt lat="-19.195" lon="16.0058"/>
      <trkpt lat="-19.1947" lon="16.0071"/>
      <trkpt lat="-19.1946" lon="16.0077"/>
      <trkpt lat="-19.1947" lon="16.0083"/>
      <trkpt lat="-19.1952" lon="16.0101"/>
      <trkpt lat="-19.1955" lon="16.0106"/>
      <trkpt lat="-19.1966" lon="16.0129"/>
      <trkpt lat="-19.1967" lon="16.0132"/>
      <trkpt lat="-19.1967" lon="16.0139"/>
      <trkpt lat="-19.1969" lon="16.0145"/>
      <trkpt lat="-19.1971" lon="16.0151"/>
      <trkpt lat="-19.1975" lon="16.016"/>
      <trkpt lat="-19.1977" lon="16.0175"/>
      <trkpt lat="-19.1979" lon="16.018"/>
      <trkpt lat="-19.2014" lon="16.0268"/>
      <trkpt lat="-19.2084" lon="16.0446"/>
      <trkpt lat="-19.2095" lon="16.0473"/>
      <trkpt lat="-19.2096" lon="16.0475"/>
      <trkpt lat="-19.2097" lon="16.0478"/>
      <trkpt lat="-19.2104" lon="16.0483"/>
      <trkpt lat="-19.2106" lon="16.0486"/>
      <trkpt lat="-19.2108" lon="16.0491"/>
      <trkpt lat="-19.2109" lon="16.0494"/>
      <trkpt lat="-19.211" lon="16.0501"/>
      <trkpt lat="-19.2113" lon="16.0526"/>
      <trkpt lat="-19.2115" lon="16.0536"/>
      <trkpt lat="-19.2117" lon="16.0541"/>
      <trkpt lat="-19.2119" lon="16.0546"/>
      <trkpt lat="-19.2121" lon="16.055"/>
      <trkpt lat="-19.2124" lon="16.0554"/>
      <trkpt lat="-19.2136" lon="16.0568"/>
      <trkpt lat="-19.2136" lon="16.057"/>
      <trkpt lat="-19.2136" lon="16.0574"/>
      <trkpt lat="-19.2135" lon="16.0577"/>
      <trkpt lat="-19.2135" lon="16.0579"/>
      <trkpt lat="-19.2134" lon="16.058"/>
      <trkpt lat="-19.2134" lon="16.0581"/>
      <trkpt lat="-19.2133" lon="16.0582"/>
      <trkpt lat="-19.2132" lon="16.0582"/>
      <trkpt lat="-19.2131" lon="16.0582"/>
      <trkpt lat="-19.2129" lon="16.0584"/>
      <trkpt lat="-19.2131" lon="16.0582"/>
      <trkpt lat="-19.2132" lon="16.0582"/>
      <trkpt lat="-19.2133" lon="16.0582"/>
      <trkpt lat="-19.2134" lon="16.0582"/>
      <trkpt lat="-19.2134" lon="16.0581"/>
      <trkpt lat="-19.2134" lon="16.058"/>
      <trkpt lat="-19.2135" lon="16.0579"/>
      <trkpt lat="-19.2135" lon="16.0577"/>
      <trkpt lat="-19.2136" lon="16.0574"/>
      <trkpt lat="-19.2136" lon="16.0573"/>
      <trkpt lat="-19.2137" lon="16.0573"/>
      <trkpt lat="-19.2137" lon="16.0572"/>
      <trkpt lat="-19.2138" lon="16.0572"/>
      <trkpt lat="-19.2139" lon="16.0572"/>
      <trkpt lat="-19.214" lon="16.0573"/>
      <trkpt lat="-19.2143" lon="16.0577"/>
      <trkpt lat="-19.2149" lon="16.0584"/>
      <trkpt lat="-19.2151" lon="16.0587"/>
      <trkpt lat="-19.2152" lon="16.0591"/>
      <trkpt lat="-19.2153" lon="16.0596"/>
      <trkpt lat="-19.2155" lon="16.0612"/>
      <trkpt lat="-19.2156" lon="16.0623"/>
      <trkpt lat="-19.2156" lon="16.0628"/>
      <trkpt lat="-19.2157" lon="16.063"/>
      <trkpt lat="-19.2161" lon="16.0648"/>
      <trkpt lat="-19.2161" lon="16.0652"/>
      <trkpt lat="-19.2161" lon="16.0655"/>
      <trkpt lat="-19.216" lon="16.066"/>
      <trkpt lat="-19.216" lon="16.0663"/>
      <trkpt lat="-19.2161" lon="16.0666"/>
      <trkpt lat="-19.2171" lon="16.0692"/>
      <trkpt lat="-19.2173" lon="16.0697"/>
      <trkpt lat="-19.2174" lon="16.0701"/>
      <trkpt lat="-19.2174" lon="16.0706"/>
      <trkpt lat="-19.2174" lon="16.0718"/>
      <trkpt lat="-19.2175" lon="16.0723"/>
      <trkpt lat="-19.2176" lon="16.0725"/>
      <trkpt lat="-19.2178" lon="16.0729"/>
      <trkpt lat="-19.2185" lon="16.0743"/>
      <trkpt lat="-19.2188" lon="16.0749"/>
      <trkpt lat="-19.219" lon="16.0757"/>
      <trkpt lat="-19.2192" lon="16.0765"/>
      <trkpt lat="-19.2193" lon="16.0768"/>
      <trkpt lat="-19.2194" lon="16.0777"/>
      <trkpt lat="-19.2195" lon="16.078"/>
      <trkpt lat="-19.2196" lon="16.0783"/>
      <trkpt lat="-19.2203" lon="16.0798"/>
      <trkpt lat="-19.2209" lon="16.0808"/>
      <trkpt lat="-19.2212" lon="16.0812"/>
      <trkpt lat="-19.2215" lon="16.0815"/>
      <trkpt lat="-19.2219" lon="16.0818"/>
      <trkpt lat="-19.2221" lon="16.082"/>
      <trkpt lat="-19.2223" lon="16.0822"/>
      <trkpt lat="-19.2224" lon="16.0825"/>
      <trkpt lat="-19.2225" lon="16.0828"/>
      <trkpt lat="-19.2227" lon="16.0831"/>
      <trkpt lat="-19.2228" lon="16.0836"/>
      <trkpt lat="-19.2231" lon="16.0844"/>
      <trkpt lat="-19.2232" lon="16.0848"/>
      <trkpt lat="-19.2236" lon="16.0855"/>
      <trkpt lat="-19.2237" lon="16.0858"/>
      <trkpt lat="-19.2238" lon="16.0863"/>
      <trkpt lat="-19.2241" lon="16.087"/>
      <trkpt lat="-19.2242" lon="16.0876"/>
      <trkpt lat="-19.2244" lon="16.0878"/>
      <trkpt lat="-19.2248" lon="16.0883"/>
      <trkpt lat="-19.2257" lon="16.0899"/>
      <trkpt lat="-19.226" lon="16.0907"/>
      <trkpt lat="-19.2266" lon="16.0923"/>
      <trkpt lat="-19.227" lon="16.093"/>
      <trkpt lat="-19.2276" lon="16.094"/>
      <trkpt lat="-19.228" lon="16.095"/>
      <trkpt lat="-19.2281" lon="16.0956"/>
      <trkpt lat="-19.2288" lon="16.0967"/>
      <trkpt lat="-19.2291" lon="16.097"/>
      <trkpt lat="-19.2295" lon="16.0974"/>
      <trkpt lat="-19.2301" lon="16.0978"/>
      <trkpt lat="-19.2304" lon="16.0981"/>
      <trkpt lat="-19.231" lon="16.0987"/>
      <trkpt lat="-19.2312" lon="16.0991"/>
      <trkpt lat="-19.2315" lon="16.0999"/>
      <trkpt lat="-19.2321" lon="16.1007"/>
      <trkpt lat="-19.2322" lon="16.1012"/>
      <trkpt lat="-19.2324" lon="16.1015"/>
      <trkpt lat="-19.2331" lon="16.1022"/>
      <trkpt lat="-19.2337" lon="16.1033"/>
      <trkpt lat="-19.2344" lon="16.104"/>
      <trkpt lat="-19.2348" lon="16.1049"/>
      <trkpt lat="-19.2357" lon="16.1056"/>
      <trkpt lat="-19.2361" lon="16.1061"/>
      <trkpt lat="-19.2364" lon="16.1066"/>
      <trkpt lat="-19.2366" lon="16.1079"/>
      <trkpt lat="-19.2368" lon="16.1086"/>
      <trkpt lat="-19.237" lon="16.1098"/>
      <trkpt lat="-19.2372" lon="16.1105"/>
      <trkpt lat="-19.2373" lon="16.111"/>
      <trkpt lat="-19.2372" lon="16.1114"/>
      <trkpt lat="-19.2369" lon="16.1123"/>
      <trkpt lat="-19.237" lon="16.1132"/>
      <trkpt lat="-19.2373" lon="16.1141"/>
      <trkpt lat="-19.2374" lon="16.1144"/>
      <trkpt lat="-19.2371" lon="16.1152"/>
      <trkpt lat="-19.2371" lon="16.1155"/>
      <trkpt lat="-19.2378" lon="16.1162"/>
      <trkpt lat="-19.2384" lon="16.117"/>
      <trkpt lat="-19.2386" lon="16.1174"/>
      <trkpt lat="-19.2386" lon="16.1181"/>
      <trkpt lat="-19.2383" lon="16.1187"/>
      <trkpt lat="-19.2381" lon="16.1194"/>
      <trkpt lat="-19.2382" lon="16.1203"/>
      <trkpt lat="-19.2383" lon="16.1209"/>
      <trkpt lat="-19.2383" lon="16.1212"/>
      <trkpt lat="-19.2383" lon="16.1215"/>
      <trkpt lat="-19.2384" lon="16.1218"/>
      <trkpt lat="-19.2383" lon="16.1221"/>
      <trkpt lat="-19.2382" lon="16.1225"/>
      <trkpt lat="-19.2382" lon="16.1228"/>
      <trkpt lat="-19.2383" lon="16.1234"/>
      <trkpt lat="-19.2385" lon="16.124"/>
      <trkpt lat="-19.2386" lon="16.1249"/>
      <trkpt lat="-19.2387" lon="16.1255"/>
      <trkpt lat="-19.2387" lon="16.126"/>
      <trkpt lat="-19.2386" lon="16.1265"/>
      <trkpt lat="-19.2384" lon="16.1271"/>
      <trkpt lat="-19.2383" lon="16.1272"/>
      <trkpt lat="-19.238" lon="16.1276"/>
      <trkpt lat="-19.2378" lon="16.1279"/>
      <trkpt lat="-19.2372" lon="16.1291"/>
      <trkpt lat="-19.237" lon="16.1297"/>
      <trkpt lat="-19.2369" lon="16.1301"/>
      <trkpt lat="-19.2366" lon="16.131"/>
      <trkpt lat="-19.2365" lon="16.1318"/>
      <trkpt lat="-19.2365" lon="16.1325"/>
      <trkpt lat="-19.2365" lon="16.1328"/>
      <trkpt lat="-19.2366" lon="16.1329"/>
      <trkpt lat="-19.2366" lon="16.133"/>
      <trkpt lat="-19.237" lon="16.1336"/>
      <trkpt lat="-19.2371" lon="16.1337"/>
      <trkpt lat="-19.2371" lon="16.134"/>
      <trkpt lat="-19.2371" lon="16.1342"/>
      <trkpt lat="-19.2369" lon="16.1345"/>
      <trkpt lat="-19.2363" lon="16.1352"/>
      <trkpt lat="-19.236" lon="16.1358"/>
      <trkpt lat="-19.2352" lon="16.1365"/>
      <trkpt lat="-19.235" lon="16.1368"/>
      <trkpt lat="-19.235" lon="16.1376"/>
      <trkpt lat="-19.235" lon="16.1385"/>
      <trkpt lat="-19.2348" lon="16.1401"/>
      <trkpt lat="-19.2348" lon="16.1407"/>
      <trkpt lat="-19.2347" lon="16.1412"/>
      <trkpt lat="-19.2346" lon="16.1415"/>
      <trkpt lat="-19.2346" lon="16.1417"/>
      <trkpt lat="-19.2343" lon="16.1428"/>
      <trkpt lat="-19.2342" lon="16.144"/>
      <trkpt lat="-19.234" lon="16.1443"/>
      <trkpt lat="-19.2336" lon="16.1446"/>
      <trkpt lat="-19.2334" lon="16.1449"/>
      <trkpt lat="-19.2324" lon="16.1465"/>
      <trkpt lat="-19.2319" lon="16.147"/>
      <trkpt lat="-19.2312" lon="16.1481"/>
      <trkpt lat="-19.231" lon="16.1486"/>
      <trkpt lat="-19.2308" lon="16.1493"/>
      <trkpt lat="-19.2307" lon="16.1504"/>
      <trkpt lat="-19.2306" lon="16.1513"/>
      <trkpt lat="-19.2305" lon="16.1517"/>
      <trkpt lat="-19.2304" lon="16.1521"/>
      <trkpt lat="-19.2303" lon="16.1525"/>
      <trkpt lat="-19.23" lon="16.1539"/>
      <trkpt lat="-19.2298" lon="16.1544"/>
      <trkpt lat="-19.2296" lon="16.1548"/>
      <trkpt lat="-19.2287" lon="16.1561"/>
      <trkpt lat="-19.2281" lon="16.1569"/>
      <trkpt lat="-19.2278" lon="16.1574"/>
      <trkpt lat="-19.2275" lon="16.158"/>
      <trkpt lat="-19.2273" lon="16.1583"/>
      <trkpt lat="-19.2269" lon="16.1587"/>
      <trkpt lat="-19.2268" lon="16.1589"/>
      <trkpt lat="-19.2267" lon="16.159"/>
      <trkpt lat="-19.2266" lon="16.1591"/>
      <trkpt lat="-19.2266" lon="16.1592"/>
      <trkpt lat="-19.2265" lon="16.1595"/>
      <trkpt lat="-19.2264" lon="16.1597"/>
      <trkpt lat="-19.2264" lon="16.1599"/>
      <trkpt lat="-19.2263" lon="16.16"/>
      <trkpt lat="-19.2258" lon="16.1612"/>
      <trkpt lat="-19.2257" lon="16.1614"/>
      <trkpt lat="-19.2256" lon="16.1615"/>
      <trkpt lat="-19.2255" lon="16.1617"/>
      <trkpt lat="-19.2253" lon="16.1619"/>
      <trkpt lat="-19.2251" lon="16.162"/>
      <trkpt lat="-19.225" lon="16.1621"/>
      <trkpt lat="-19.2249" lon="16.1621"/>
      <trkpt lat="-19.2245" lon="16.1623"/>
      <trkpt lat="-19.2244" lon="16.1624"/>
      <trkpt lat="-19.2242" lon="16.1625"/>
      <trkpt lat="-19.2241" lon="16.1626"/>
      <trkpt lat="-19.2239" lon="16.1628"/>
      <trkpt lat="-19.2236" lon="16.1631"/>
      <trkpt lat="-19.2234" lon="16.1633"/>
      <trkpt lat="-19.2231" lon="16.1637"/>
      <trkpt lat="-19.2228" lon="16.1638"/>
      <trkpt lat="-19.2219" lon="16.1641"/>
      <trkpt lat="-19.2218" lon="16.1642"/>
      <trkpt lat="-19.2217" lon="16.1642"/>
      <trkpt lat="-19.2215" lon="16.1644"/>
      <trkpt lat="-19.2215" lon="16.1645"/>
      <trkpt lat="-19.2214" lon="16.1646"/>
      <trkpt lat="-19.2214" lon="16.1648"/>
      <trkpt lat="-19.2213" lon="16.1649"/>
      <trkpt lat="-19.2213" lon="16.165"/>
      <trkpt lat="-19.2212" lon="16.1651"/>
      <trkpt lat="-19.2212" lon="16.1652"/>
      <trkpt lat="-19.221" lon="16.1655"/>
      <trkpt lat="-19.2208" lon="16.1657"/>
      <trkpt lat="-19.2206" lon="16.1659"/>
      <trkpt lat="-19.2205" lon="16.1661"/>
      <trkpt lat="-19.2204" lon="16.1662"/>
      <trkpt lat="-19.2204" lon="16.1663"/>
      <trkpt lat="-19.2199" lon="16.1674"/>
      <trkpt lat="-19.2197" lon="16.1676"/>
      <trkpt lat="-19.2192" lon="16.168"/>
      <trkpt lat="-19.219" lon="16.1682"/>
      <trkpt lat="-19.2188" lon="16.1688"/>
      <trkpt lat="-19.2177" lon="16.1705"/>
      <trkpt lat="-19.2177" lon="16.1706"/>
      <trkpt lat="-19.2177" lon="16.1706"/>
      <trkpt lat="-19.2176" lon="16.1712"/>
      <trkpt lat="-19.2176" lon="16.1713"/>
      <trkpt lat="-19.2175" lon="16.1714"/>
      <trkpt lat="-19.2175" lon="16.1715"/>
      <trkpt lat="-19.2174" lon="16.1715"/>
      <trkpt lat="-19.217" lon="16.1717"/>
      <trkpt lat="-19.217" lon="16.1718"/>
      <trkpt lat="-19.2169" lon="16.1718"/>
      <trkpt lat="-19.2169" lon="16.1719"/>
      <trkpt lat="-19.2168" lon="16.1721"/>
      <trkpt lat="-19.2167" lon="16.1723"/>
      <trkpt lat="-19.2165" lon="16.1729"/>
      <trkpt lat="-19.2161" lon="16.1733"/>
      <trkpt lat="-19.2154" lon="16.1752"/>
      <trkpt lat="-19.2147" lon="16.1762"/>
      <trkpt lat="-19.214" lon="16.1768"/>
      <trkpt lat="-19.2131" lon="16.178"/>
      <trkpt lat="-19.2123" lon="16.1798"/>
      <trkpt lat="-19.2122" lon="16.1803"/>
      <trkpt lat="-19.2121" lon="16.1805"/>
      <trkpt lat="-19.2118" lon="16.1808"/>
      <trkpt lat="-19.2116" lon="16.181"/>
      <trkpt lat="-19.2114" lon="16.1818"/>
      <trkpt lat="-19.2112" lon="16.1825"/>
      <trkpt lat="-19.211" lon="16.1829"/>
      <trkpt lat="-19.2102" lon="16.1837"/>
      <trkpt lat="-19.2099" lon="16.1841"/>
      <trkpt lat="-19.2098" lon="16.1844"/>
      <trkpt lat="-19.2093" lon="16.186"/>
      <trkpt lat="-19.2092" lon="16.1867"/>
      <trkpt lat="-19.2091" lon="16.187"/>
      <trkpt lat="-19.2085" lon="16.1877"/>
      <trkpt lat="-19.2075" lon="16.1885"/>
      <trkpt lat="-19.2071" lon="16.1888"/>
      <trkpt lat="-19.2069" lon="16.1892"/>
      <trkpt lat="-19.2067" lon="16.1896"/>
      <trkpt lat="-19.2067" lon="16.1899"/>
      <trkpt lat="-19.2066" lon="16.1901"/>
      <trkpt lat="-19.2066" lon="16.1903"/>
      <trkpt lat="-19.2065" lon="16.1906"/>
      <trkpt lat="-19.2064" lon="16.1908"/>
      <trkpt lat="-19.2063" lon="16.191"/>
      <trkpt lat="-19.2061" lon="16.1912"/>
      <trkpt lat="-19.206" lon="16.1914"/>
      <trkpt lat="-19.2057" lon="16.1918"/>
      <trkpt lat="-19.2057" lon="16.1918"/>
      <trkpt lat="-19.2056" lon="16.1919"/>
      <trkpt lat="-19.2055" lon="16.1919"/>
      <trkpt lat="-19.2054" lon="16.192"/>
      <trkpt lat="-19.2054" lon="16.192"/>
      <trkpt lat="-19.2053" lon="16.192"/>
      <trkpt lat="-19.2053" lon="16.192"/>
      <trkpt lat="-19.2052" lon="16.192"/>
      <trkpt lat="-19.2051" lon="16.192"/>
      <trkpt lat="-19.205" lon="16.192"/>
      <trkpt lat="-19.2049" lon="16.192"/>
      <trkpt lat="-19.2048" lon="16.192"/>
      <trkpt lat="-19.2046" lon="16.1919"/>
      <trkpt lat="-19.2044" lon="16.1918"/>
      <trkpt lat="-19.2043" lon="16.1917"/>
      <trkpt lat="-19.2041" lon="16.1917"/>
      <trkpt lat="-19.2038" lon="16.1917"/>
      <trkpt lat="-19.2036" lon="16.1916"/>
      <trkpt lat="-19.2032" lon="16.191"/>
      <trkpt lat="-19.2025" lon="16.1901"/>
      <trkpt lat="-19.2012" lon="16.1887"/>
      <trkpt lat="-19.2009" lon="16.1881"/>
      <trkpt lat="-19.2006" lon="16.1878"/>
      <trkpt lat="-19.2003" lon="16.1872"/>
      <trkpt lat="-19.1989" lon="16.1859"/>
      <trkpt lat="-19.1979" lon="16.1853"/>
      <trkpt lat="-19.1963" lon="16.1844"/>
      <trkpt lat="-19.1957" lon="16.1842"/>
      <trkpt lat="-19.1951" lon="16.184"/>
      <trkpt lat="-19.1948" lon="16.1839"/>
      <trkpt lat="-19.1938" lon="16.1829"/>
      <trkpt lat="-19.1933" lon="16.1825"/>
      <trkpt lat="-19.1925" lon="16.1816"/>
      <trkpt lat="-19.1919" lon="16.1812"/>
      <trkpt lat="-19.1913" lon="16.1806"/>
      <trkpt lat="-19.1909" lon="16.1801"/>
      <trkpt lat="-19.1899" lon="16.1785"/>
      <trkpt lat="-19.1896" lon="16.1773"/>
      <trkpt lat="-19.1894" lon="16.177"/>
      <trkpt lat="-19.1892" lon="16.1767"/>
      <trkpt lat="-19.1889" lon="16.1764"/>
      <trkpt lat="-19.1877" lon="16.1756"/>
      <trkpt lat="-19.187" lon="16.175"/>
      <trkpt lat="-19.1857" lon="16.174"/>
      <trkpt lat="-19.1851" lon="16.1733"/>
      <trkpt lat="-19.1845" lon="16.1726"/>
      <trkpt lat="-19.1841" lon="16.172"/>
      <trkpt lat="-19.184" lon="16.1717"/>
      <trkpt lat="-19.1838" lon="16.1708"/>
      <trkpt lat="-19.1837" lon="16.1704"/>
      <trkpt lat="-19.1835" lon="16.1701"/>
      <trkpt lat="-19.1833" lon="16.1696"/>
      <trkpt lat="-19.1833" lon="16.1694"/>
      <trkpt lat="-19.1821" lon="16.1686"/>
      <trkpt lat="-19.1808" lon="16.1676"/>
      <trkpt lat="-19.18" lon="16.1669"/>
      <trkpt lat="-19.1791" lon="16.1662"/>
      <trkpt lat="-19.1777" lon="16.1655"/>
      <trkpt lat="-19.177" lon="16.165"/>
      <trkpt lat="-19.1769" lon="16.1648"/>
      <trkpt lat="-19.1764" lon="16.1635"/>
      <trkpt lat="-19.1758" lon="16.1628"/>
      <trkpt lat="-19.1755" lon="16.1624"/>
      <trkpt lat="-19.1751" lon="16.1618"/>
      <trkpt lat="-19.1746" lon="16.1607"/>
      <trkpt lat="-19.1743" lon="16.1604"/>
      <trkpt lat="-19.1732" lon="16.1596"/>
      <trkpt lat="-19.1722" lon="16.1587"/>
      <trkpt lat="-19.172" lon="16.1585"/>
      <trkpt lat="-19.172" lon="16.1581"/>
      <trkpt lat="-19.1718" lon="16.1572"/>
      <trkpt lat="-19.1718" lon="16.1566"/>
      <trkpt lat="-19.1719" lon="16.1561"/>
      <trkpt lat="-19.1721" lon="16.1553"/>
      <trkpt lat="-19.1719" lon="16.1544"/>
      <trkpt lat="-19.1721" lon="16.1536"/>
      <trkpt lat="-19.1718" lon="16.1524"/>
      <trkpt lat="-19.1716" lon="16.1509"/>
      <trkpt lat="-19.1707" lon="16.1484"/>
      <trkpt lat="-19.1702" lon="16.1472"/>
      <trkpt lat="-19.1699" lon="16.147"/>
      <trkpt lat="-19.1667" lon="16.1451"/>
      <trkpt lat="-19.1657" lon="16.1446"/>
      <trkpt lat="-19.1643" lon="16.1441"/>
      <trkpt lat="-19.1638" lon="16.1438"/>
      <trkpt lat="-19.1628" lon="16.1426"/>
      <trkpt lat="-19.1622" lon="16.142"/>
      <trkpt lat="-19.1616" lon="16.1415"/>
      <trkpt lat="-19.1605" lon="16.1408"/>
      <trkpt lat="-19.1587" lon="16.1399"/>
      <trkpt lat="-19.1577" lon="16.1394"/>
      <trkpt lat="-19.1546" lon="16.1363"/>
      <trkpt lat="-19.154" lon="16.1359"/>
      <trkpt lat="-19.1535" lon="16.1356"/>
      <trkpt lat="-19.1531" lon="16.1353"/>
      <trkpt lat="-19.1519" lon="16.1349"/>
      <trkpt lat="-19.1489" lon="16.1327"/>
      <trkpt lat="-19.148" lon="16.132"/>
      <trkpt lat="-19.1478" lon="16.1318"/>
      <trkpt lat="-19.1478" lon="16.1316"/>
      <trkpt lat="-19.1477" lon="16.1313"/>
      <trkpt lat="-19.1478" lon="16.131"/>
      <trkpt lat="-19.1477" lon="16.1307"/>
      <trkpt lat="-19.1476" lon="16.1303"/>
      <trkpt lat="-19.1465" lon="16.1292"/>
      <trkpt lat="-19.1461" lon="16.129"/>
      <trkpt lat="-19.1457" lon="16.1287"/>
      <trkpt lat="-19.1452" lon="16.1286"/>
      <trkpt lat="-19.1431" lon="16.1282"/>
      <trkpt lat="-19.1373" lon="16.1282"/>
      <trkpt lat="-19.1368" lon="16.1281"/>
      <trkpt lat="-19.1364" lon="16.128"/>
      <trkpt lat="-19.1358" lon="16.1276"/>
      <trkpt lat="-19.1352" lon="16.127"/>
      <trkpt lat="-19.1343" lon="16.1264"/>
      <trkpt lat="-19.1333" lon="16.1256"/>
      <trkpt lat="-19.1327" lon="16.1253"/>
      <trkpt lat="-19.1309" lon="16.1246"/>
      <trkpt lat="-19.1305" lon="16.1243"/>
      <trkpt lat="-19.1302" lon="16.1239"/>
      <trkpt lat="-19.1299" lon="16.1235"/>
      <trkpt lat="-19.1296" lon="16.1232"/>
      <trkpt lat="-19.1287" lon="16.1227"/>
      <trkpt lat="-19.1282" lon="16.1223"/>
      <trkpt lat="-19.1278" lon="16.1218"/>
      <trkpt lat="-19.1275" lon="16.1216"/>
      <trkpt lat="-19.126" lon="16.121"/>
      <trkpt lat="-19.1256" lon="16.1207"/>
      <trkpt lat="-19.1249" lon="16.1201"/>
      <trkpt lat="-19.1242" lon="16.1197"/>
      <trkpt lat="-19.1232" lon="16.1187"/>
      <trkpt lat="-19.122" lon="16.1178"/>
      <trkpt lat="-19.1217" lon="16.1177"/>
      <trkpt lat="-19.1207" lon="16.1179"/>
      <trkpt lat="-19.12" lon="16.1178"/>
      <trkpt lat="-19.1193" lon="16.1176"/>
      <trkpt lat="-19.1189" lon="16.1174"/>
      <trkpt lat="-19.1168" lon="16.1163"/>
      <trkpt lat="-19.1162" lon="16.1158"/>
      <trkpt lat="-19.1158" lon="16.1167"/>
      <trkpt lat="-19.1155" lon="16.1173"/>
      <trkpt lat="-19.1152" lon="16.1178"/>
      <trkpt lat="-19.1146" lon="16.119"/>
      <trkpt lat="-19.1141" lon="16.1199"/>
      <trkpt lat="-19.1139" lon="16.1204"/>
      <trkpt lat="-19.1139" lon="16.1205"/>
      <trkpt lat="-19.1139" lon="16.1207"/>
      <trkpt lat="-19.1139" lon="16.1208"/>
      <trkpt lat="-19.114" lon="16.1209"/>
      <trkpt lat="-19.1141" lon="16.121"/>
      <trkpt lat="-19.1142" lon="16.121"/>
      <trkpt lat="-19.1147" lon="16.1211"/>
      <trkpt lat="-19.115" lon="16.1212"/>
      <trkpt lat="-19.1153" lon="16.1212"/>
      <trkpt lat="-19.1161" lon="16.1212"/>
      <trkpt lat="-19.1165" lon="16.1212"/>
      <trkpt lat="-19.1167" lon="16.1212"/>
      <trkpt lat="-19.1171" lon="16.1213"/>
      <trkpt lat="-19.1174" lon="16.1214"/>
      <trkpt lat="-19.1177" lon="16.1215"/>
      <trkpt lat="-19.118" lon="16.1217"/>
      <trkpt lat="-19.1183" lon="16.1218"/>
      <trkpt lat="-19.1193" lon="16.1226"/>
      <trkpt lat="-19.1195" lon="16.1228"/>
      <trkpt lat="-19.1201" lon="16.1234"/>
      <trkpt lat="-19.1205" lon="16.1238"/>
      <trkpt lat="-19.1207" lon="16.124"/>
      <trkpt lat="-19.1208" lon="16.1242"/>
      <trkpt lat="-19.1208" lon="16.1243"/>
      <trkpt lat="-19.1208" lon="16.1249"/>
      <trkpt lat="-19.1209" lon="16.1251"/>
      <trkpt lat="-19.1209" lon="16.1253"/>
      <trkpt lat="-19.1211" lon="16.1257"/>
      <trkpt lat="-19.1211" lon="16.1258"/>
      <trkpt lat="-19.1213" lon="16.1275"/>
      <trkpt lat="-19.1213" lon="16.1279"/>
      <trkpt lat="-19.1212" lon="16.1284"/>
      <trkpt lat="-19.1211" lon="16.1287"/>
      <trkpt lat="-19.1206" lon="16.1303"/>
      <trkpt lat="-19.1202" lon="16.1313"/>
      <trkpt lat="-19.12" lon="16.1316"/>
      <trkpt lat="-19.1198" lon="16.1318"/>
      <trkpt lat="-19.1191" lon="16.1325"/>
      <trkpt lat="-19.1187" lon="16.133"/>
      <trkpt lat="-19.1184" lon="16.1333"/>
      <trkpt lat="-19.1183" lon="16.1336"/>
      <trkpt lat="-19.1179" lon="16.1342"/>
      <trkpt lat="-19.1178" lon="16.1345"/>
      <trkpt lat="-19.1176" lon="16.1347"/>
      <trkpt lat="-19.1171" lon="16.1351"/>
      <trkpt lat="-19.1169" lon="16.1353"/>
      <trkpt lat="-19.1166" lon="16.1357"/>
      <trkpt lat="-19.1163" lon="16.1361"/>
      <trkpt lat="-19.1162" lon="16.1364"/>
      <trkpt lat="-19.1159" lon="16.1373"/>
      <trkpt lat="-19.1156" lon="16.1379"/>
      <trkpt lat="-19.1154" lon="16.1382"/>
      <trkpt lat="-19.115" lon="16.1388"/>
      <trkpt lat="-19.1148" lon="16.139"/>
      <trkpt lat="-19.1145" lon="16.1399"/>
      <trkpt lat="-19.1143" lon="16.1403"/>
      <trkpt lat="-19.114" lon="16.1406"/>
      <trkpt lat="-19.1136" lon="16.1412"/>
      <trkpt lat="-19.1134" lon="16.1415"/>
      <trkpt lat="-19.1128" lon="16.1429"/>
      <trkpt lat="-19.1125" lon="16.1437"/>
      <trkpt lat="-19.1123" lon="16.1441"/>
      <trkpt lat="-19.1113" lon="16.1458"/>
      <trkpt lat="-19.1108" lon="16.1467"/>
      <trkpt lat="-19.1106" lon="16.1469"/>
      <trkpt lat="-19.1101" lon="16.1475"/>
      <trkpt lat="-19.1099" lon="16.1477"/>
      <trkpt lat="-19.1091" lon="16.149"/>
      <trkpt lat="-19.1087" lon="16.1498"/>
      <trkpt lat="-19.1086" lon="16.15"/>
      <trkpt lat="-19.1084" lon="16.1506"/>
      <trkpt lat="-19.1083" lon="16.1509"/>
      <trkpt lat="-19.1079" lon="16.1516"/>
      <trkpt lat="-19.1078" lon="16.1518"/>
      <trkpt lat="-19.1077" lon="16.1521"/>
      <trkpt lat="-19.1076" lon="16.1526"/>
      <trkpt lat="-19.1076" lon="16.1529"/>
      <trkpt lat="-19.1074" lon="16.1531"/>
      <trkpt lat="-19.1071" lon="16.1537"/>
      <trkpt lat="-19.1068" lon="16.1541"/>
      <trkpt lat="-19.1066" lon="16.1543"/>
      <trkpt lat="-19.1063" lon="16.1544"/>
      <trkpt lat="-19.1052" lon="16.1549"/>
      <trkpt lat="-19.105" lon="16.155"/>
      <trkpt lat="-19.1049" lon="16.1551"/>
      <trkpt lat="-19.1047" lon="16.1553"/>
      <trkpt lat="-19.1045" lon="16.1555"/>
      <trkpt lat="-19.1044" lon="16.1558"/>
      <trkpt lat="-19.1043" lon="16.1561"/>
      <trkpt lat="-19.1039" lon="16.1573"/>
      <trkpt lat="-19.1035" lon="16.1585"/>
      <trkpt lat="-19.1034" lon="16.1591"/>
      <trkpt lat="-19.1033" lon="16.1594"/>
      <trkpt lat="-19.1028" lon="16.1601"/>
      <trkpt lat="-19.1022" lon="16.1612"/>
      <trkpt lat="-19.102" lon="16.1615"/>
      <trkpt lat="-19.1018" lon="16.1623"/>
      <trkpt lat="-19.1016" lon="16.1627"/>
      <trkpt lat="-19.1014" lon="16.1633"/>
      <trkpt lat="-19.1008" lon="16.1643"/>
      <trkpt lat="-19.1004" lon="16.1651"/>
      <trkpt lat="-19.1003" lon="16.1654"/>
      <trkpt lat="-19.1003" lon="16.1662"/>
      <trkpt lat="-19.1002" lon="16.1665"/>
      <trkpt lat="-19.0998" lon="16.1676"/>
      <trkpt lat="-19.0996" lon="16.168"/>
      <trkpt lat="-19.0993" lon="16.1686"/>
      <trkpt lat="-19.0992" lon="16.169"/>
      <trkpt lat="-19.0991" lon="16.1693"/>
      <trkpt lat="-19.0991" lon="16.1696"/>
      <trkpt lat="-19.099" lon="16.1699"/>
      <trkpt lat="-19.099" lon="16.1702"/>
      <trkpt lat="-19.0991" lon="16.1705"/>
      <trkpt lat="-19.0992" lon="16.1711"/>
      <trkpt lat="-19.0992" lon="16.1714"/>
      <trkpt lat="-19.0992" lon="16.1726"/>
      <trkpt lat="-19.0992" lon="16.1731"/>
      <trkpt lat="-19.0992" lon="16.1734"/>
      <trkpt lat="-19.0989" lon="16.1749"/>
      <trkpt lat="-19.0988" lon="16.1759"/>
      <trkpt lat="-19.0986" lon="16.1772"/>
      <trkpt lat="-19.0985" lon="16.1776"/>
      <trkpt lat="-19.0979" lon="16.1795"/>
      <trkpt lat="-19.0978" lon="16.1797"/>
      <trkpt lat="-19.0972" lon="16.1807"/>
      <trkpt lat="-19.097" lon="16.181"/>
      <trkpt lat="-19.097" lon="16.1812"/>
      <trkpt lat="-19.0967" lon="16.1821"/>
      <trkpt lat="-19.0966" lon="16.1825"/>
      <trkpt lat="-19.0964" lon="16.1829"/>
      <trkpt lat="-19.096" lon="16.1834"/>
      <trkpt lat="-19.0955" lon="16.184"/>
      <trkpt lat="-19.0953" lon="16.1842"/>
      <trkpt lat="-19.0947" lon="16.1846"/>
      <trkpt lat="-19.0941" lon="16.1849"/>
      <trkpt lat="-19.0938" lon="16.1851"/>
      <trkpt lat="-19.0937" lon="16.1852"/>
      <trkpt lat="-19.0934" lon="16.1855"/>
      <trkpt lat="-19.0932" lon="16.1859"/>
      <trkpt lat="-19.0925" lon="16.1873"/>
      <trkpt lat="-19.0924" lon="16.1876"/>
      <trkpt lat="-19.0924" lon="16.1877"/>
      <trkpt lat="-19.0924" lon="16.188"/>
      <trkpt lat="-19.0924" lon="16.1893"/>
      <trkpt lat="-19.0924" lon="16.1898"/>
      <trkpt lat="-19.0924" lon="16.19"/>
      <trkpt lat="-19.0923" lon="16.1903"/>
      <trkpt lat="-19.092" lon="16.1909"/>
      <trkpt lat="-19.0918" lon="16.1914"/>
      <trkpt lat="-19.0917" lon="16.1916"/>
      <trkpt lat="-19.0914" lon="16.192"/>
      <trkpt lat="-19.0912" lon="16.1922"/>
      <trkpt lat="-19.0911" lon="16.1923"/>
      <trkpt lat="-19.0904" lon="16.1928"/>
      <trkpt lat="-19.0901" lon="16.193"/>
      <trkpt lat="-19.0893" lon="16.1937"/>
      <trkpt lat="-19.0892" lon="16.1938"/>
      <trkpt lat="-19.0887" lon="16.194"/>
      <trkpt lat="-19.0882" lon="16.1943"/>
      <trkpt lat="-19.0879" lon="16.1946"/>
      <trkpt lat="-19.0874" lon="16.1951"/>
      <trkpt lat="-19.0869" lon="16.1954"/>
      <trkpt lat="-19.0867" lon="16.1956"/>
      <trkpt lat="-19.0854" lon="16.1974"/>
      <trkpt lat="-19.0849" lon="16.1979"/>
      <trkpt lat="-19.0847" lon="16.1981"/>
      <trkpt lat="-19.0841" lon="16.1991"/>
      <trkpt lat="-19.0831" lon="16.2006"/>
      <trkpt lat="-19.0829" lon="16.2009"/>
      <trkpt lat="-19.0827" lon="16.2011"/>
      <trkpt lat="-19.0826" lon="16.2014"/>
      <trkpt lat="-19.0826" lon="16.2017"/>
      <trkpt lat="-19.0825" lon="16.2019"/>
      <trkpt lat="-19.082" lon="16.2028"/>
      <trkpt lat="-19.0819" lon="16.2029"/>
      <trkpt lat="-19.0819" lon="16.2031"/>
      <trkpt lat="-19.0822" lon="16.2043"/>
      <trkpt lat="-19.0822" lon="16.2044"/>
      <trkpt lat="-19.0823" lon="16.2046"/>
      <trkpt lat="-19.0829" lon="16.2053"/>
      <trkpt lat="-19.0831" lon="16.2055"/>
      <trkpt lat="-19.0832" lon="16.2057"/>
      <trkpt lat="-19.0833" lon="16.2059"/>
      <trkpt lat="-19.0834" lon="16.2062"/>
      <trkpt lat="-19.0835" lon="16.2066"/>
      <trkpt lat="-19.0836" lon="16.2069"/>
      <trkpt lat="-19.0837" lon="16.2073"/>
      <trkpt lat="-19.0835" lon="16.2078"/>
      <trkpt lat="-19.083" lon="16.2091"/>
      <trkpt lat="-19.0827" lon="16.2101"/>
      <trkpt lat="-19.0826" lon="16.2114"/>
      <trkpt lat="-19.0819" lon="16.2129"/>
      <trkpt lat="-19.0817" lon="16.2139"/>
      <trkpt lat="-19.0808" lon="16.2156"/>
      <trkpt lat="-19.0793" lon="16.2167"/>
      <trkpt lat="-19.0772" lon="16.2181"/>
      <trkpt lat="-19.0766" lon="16.2184"/>
      <trkpt lat="-19.0754" lon="16.2186"/>
      <trkpt lat="-19.0744" lon="16.2187"/>
      <trkpt lat="-19.0734" lon="16.2188"/>
      <trkpt lat="-19.0721" lon="16.2198"/>
      <trkpt lat="-19.0708" lon="16.2205"/>
      <trkpt lat="-19.0702" lon="16.2215"/>
      <trkpt lat="-19.0692" lon="16.2224"/>
      <trkpt lat="-19.0686" lon="16.2234"/>
      <trkpt lat="-19.0681" lon="16.2244"/>
      <trkpt lat="-19.0662" lon="16.2254"/>
      <trkpt lat="-19.0645" lon="16.2269"/>
      <trkpt lat="-19.0629" lon="16.2282"/>
      <trkpt lat="-19.0616" lon="16.2286"/>
      <trkpt lat="-19.0599" lon="16.2289"/>
      <trkpt lat="-19.0589" lon="16.2294"/>
      <trkpt lat="-19.0581" lon="16.2297"/>
      <trkpt lat="-19.0571" lon="16.2295"/>
      <trkpt lat="-19.0561" lon="16.2295"/>
      <trkpt lat="-19.0553" lon="16.2296"/>
      <trkpt lat="-19.0551" lon="16.2297"/>
      <trkpt lat="-19.0545" lon="16.2302"/>
      <trkpt lat="-19.0538" lon="16.231"/>
      <trkpt lat="-19.0535" lon="16.2312"/>
      <trkpt lat="-19.0533" lon="16.2316"/>
      <trkpt lat="-19.053" lon="16.2321"/>
      <trkpt lat="-19.0529" lon="16.2325"/>
      <trkpt lat="-19.0529" lon="16.233"/>
      <trkpt lat="-19.0527" lon="16.2333"/>
      <trkpt lat="-19.0525" lon="16.2336"/>
      <trkpt lat="-19.0517" lon="16.2344"/>
      <trkpt lat="-19.0514" lon="16.2347"/>
      <trkpt lat="-19.0511" lon="16.2349"/>
      <trkpt lat="-19.0507" lon="16.2351"/>
      <trkpt lat="-19.0503" lon="16.2352"/>
      <trkpt lat="-19.0501" lon="16.2353"/>
      <trkpt lat="-19.0499" lon="16.2357"/>
      <trkpt lat="-19.0492" lon="16.236"/>
      <trkpt lat="-19.0485" lon="16.2361"/>
      <trkpt lat="-19.0476" lon="16.2359"/>
      <trkpt lat="-19.0473" lon="16.2359"/>
      <trkpt lat="-19.047" lon="16.236"/>
      <trkpt lat="-19.0463" lon="16.2363"/>
      <trkpt lat="-19.046" lon="16.2365"/>
      <trkpt lat="-19.0459" lon="16.2368"/>
      <trkpt lat="-19.0459" lon="16.2373"/>
      <trkpt lat="-19.046" lon="16.238"/>
      <trkpt lat="-19.0458" lon="16.2384"/>
      <trkpt lat="-19.0454" lon="16.239"/>
      <trkpt lat="-19.0453" lon="16.2394"/>
      <trkpt lat="-19.0453" lon="16.2397"/>
      <trkpt lat="-19.0454" lon="16.24"/>
      <trkpt lat="-19.0452" lon="16.2405"/>
      <trkpt lat="-19.0452" lon="16.241"/>
      <trkpt lat="-19.0452" lon="16.2415"/>
      <trkpt lat="-19.0449" lon="16.2421"/>
      <trkpt lat="-19.0447" lon="16.2428"/>
      <trkpt lat="-19.0447" lon="16.2432"/>
      <trkpt lat="-19.0443" lon="16.2435"/>
      <trkpt lat="-19.0437" lon="16.2438"/>
      <trkpt lat="-19.0432" lon="16.2447"/>
      <trkpt lat="-19.0431" lon="16.245"/>
      <trkpt lat="-19.0433" lon="16.2455"/>
      <trkpt lat="-19.0434" lon="16.2459"/>
      <trkpt lat="-19.0436" lon="16.2466"/>
      <trkpt lat="-19.0437" lon="16.2467"/>
      <trkpt lat="-19.0437" lon="16.2471"/>
      <trkpt lat="-19.0437" lon="16.2472"/>
      <trkpt lat="-19.0438" lon="16.2473"/>
      <trkpt lat="-19.0438" lon="16.2473"/>
      <trkpt lat="-19.0439" lon="16.2474"/>
      <trkpt lat="-19.044" lon="16.2474"/>
      <trkpt lat="-19.0441" lon="16.2474"/>
      <trkpt lat="-19.0443" lon="16.2475"/>
      <trkpt lat="-19.0445" lon="16.2475"/>
      <trkpt lat="-19.0446" lon="16.2475"/>
      <trkpt lat="-19.0447" lon="16.2475"/>
      <trkpt lat="-19.0449" lon="16.2476"/>
      <trkpt lat="-19.045" lon="16.2477"/>
      <trkpt lat="-19.0452" lon="16.2479"/>
      <trkpt lat="-19.0454" lon="16.2481"/>
      <trkpt lat="-19.0455" lon="16.2482"/>
      <trkpt lat="-19.0456" lon="16.2483"/>
      <trkpt lat="-19.0459" lon="16.2487"/>
      <trkpt lat="-19.0459" lon="16.2488"/>
      <trkpt lat="-19.046" lon="16.2489"/>
      <trkpt lat="-19.0463" lon="16.2491"/>
      <trkpt lat="-19.0466" lon="16.2494"/>
      <trkpt lat="-19.0468" lon="16.2498"/>
      <trkpt lat="-19.0469" lon="16.2503"/>
      <trkpt lat="-19.0469" lon="16.251"/>
      <trkpt lat="-19.0466" lon="16.2529"/>
      <trkpt lat="-19.0463" lon="16.2536"/>
      <trkpt lat="-19.0462" lon="16.254"/>
      <trkpt lat="-19.0459" lon="16.2549"/>
      <trkpt lat="-19.0458" lon="16.2553"/>
      <trkpt lat="-19.045" lon="16.2575"/>
      <trkpt lat="-19.0449" lon="16.2579"/>
      <trkpt lat="-19.0447" lon="16.2584"/>
      <trkpt lat="-19.044" lon="16.2604"/>
      <trkpt lat="-19.0434" lon="16.2619"/>
      <trkpt lat="-19.0432" lon="16.2622"/>
      <trkpt lat="-19.0428" lon="16.2625"/>
      <trkpt lat="-19.0422" lon="16.2627"/>
      <trkpt lat="-19.0419" lon="16.263"/>
      <trkpt lat="-19.0415" lon="16.2634"/>
      <trkpt lat="-19.0414" lon="16.2636"/>
      <trkpt lat="-19.0413" lon="16.2638"/>
      <trkpt lat="-19.0412" lon="16.264"/>
      <trkpt lat="-19.0412" lon="16.2641"/>
      <trkpt lat="-19.0411" lon="16.2644"/>
      <trkpt lat="-19.0411" lon="16.2647"/>
      <trkpt lat="-19.041" lon="16.2651"/>
      <trkpt lat="-19.041" lon="16.2656"/>
      <trkpt lat="-19.0409" lon="16.2659"/>
      <trkpt lat="-19.0408" lon="16.2662"/>
      <trkpt lat="-19.0406" lon="16.2668"/>
      <trkpt lat="-19.0405" lon="16.267"/>
      <trkpt lat="-19.0404" lon="16.2672"/>
      <trkpt lat="-19.0403" lon="16.2674"/>
      <trkpt lat="-19.0396" lon="16.2685"/>
      <trkpt lat="-19.039" lon="16.2693"/>
      <trkpt lat="-19.0389" lon="16.2694"/>
      <trkpt lat="-19.0388" lon="16.2697"/>
      <trkpt lat="-19.0385" lon="16.2702"/>
      <trkpt lat="-19.038" lon="16.2709"/>
      <trkpt lat="-19.0377" lon="16.2714"/>
      <trkpt lat="-19.0373" lon="16.2719"/>
      <trkpt lat="-19.037" lon="16.2723"/>
      <trkpt lat="-19.0369" lon="16.2725"/>
      <trkpt lat="-19.0367" lon="16.2727"/>
      <trkpt lat="-19.0365" lon="16.2729"/>
      <trkpt lat="-19.0363" lon="16.2731"/>
      <trkpt lat="-19.0363" lon="16.2731"/>
      <trkpt lat="-19.0362" lon="16.2731"/>
      <trkpt lat="-19.0362" lon="16.2731"/>
      <trkpt lat="-19.0361" lon="16.2731"/>
      <trkpt lat="-19.0361" lon="16.273"/>
      <trkpt lat="-19.036" lon="16.2729"/>
      <trkpt lat="-19.036" lon="16.2728"/>
      <trkpt lat="-19.0356" lon="16.2715"/>
      <trkpt lat="-19.0353" lon="16.2707"/>
      <trkpt lat="-19.0352" lon="16.2703"/>
      <trkpt lat="-19.0352" lon="16.27"/>
      <trkpt lat="-19.0351" lon="16.2699"/>
      <trkpt lat="-19.0351" lon="16.2698"/>
      <trkpt lat="-19.0351" lon="16.2698"/>
      <trkpt lat="-19.035" lon="16.2698"/>
      <trkpt lat="-19.0348" lon="16.2697"/>
      <trkpt lat="-19.0348" lon="16.2697"/>
      <trkpt lat="-19.0346" lon="16.2697"/>
      <trkpt lat="-19.0346" lon="16.2697"/>
      <trkpt lat="-19.0346" lon="16.2697"/>
      <trkpt lat="-19.0346" lon="16.2697"/>
      <trkpt lat="-19.0346" lon="16.2697"/>
      <trkpt lat="-19.0346" lon="16.2698"/>
      <trkpt lat="-19.0351" lon="16.2705"/>
      <trkpt lat="-19.0353" lon="16.2707"/>
      <trkpt lat="-19.0356" lon="16.2715"/>
      <trkpt lat="-19.036" lon="16.2728"/>
      <trkpt lat="-19.036" lon="16.2729"/>
      <trkpt lat="-19.036" lon="16.2731"/>
      <trkpt lat="-19.036" lon="16.2731"/>
      <trkpt lat="-19.036" lon="16.2732"/>
      <trkpt lat="-19.036" lon="16.2733"/>
      <trkpt lat="-19.036" lon="16.2734"/>
      <trkpt lat="-19.0358" lon="16.2736"/>
      <trkpt lat="-19.0356" lon="16.2738"/>
      <trkpt lat="-19.0354" lon="16.2739"/>
      <trkpt lat="-19.0353" lon="16.2741"/>
      <trkpt lat="-19.0352" lon="16.2743"/>
      <trkpt lat="-19.035" lon="16.2746"/>
      <trkpt lat="-19.0348" lon="16.2751"/>
      <trkpt lat="-19.0346" lon="16.2755"/>
      <trkpt lat="-19.0345" lon="16.2757"/>
      <trkpt lat="-19.0345" lon="16.2759"/>
      <trkpt lat="-19.0345" lon="16.276"/>
      <trkpt lat="-19.0345" lon="16.2762"/>
      <trkpt lat="-19.0347" lon="16.278"/>
      <trkpt lat="-19.0348" lon="16.2789"/>
      <trkpt lat="-19.0349" lon="16.28"/>
      <trkpt lat="-19.0351" lon="16.282"/>
      <trkpt lat="-19.0352" lon="16.283"/>
      <trkpt lat="-19.0358" lon="16.2858"/>
      <trkpt lat="-19.0362" lon="16.2886"/>
      <trkpt lat="-19.0378" lon="16.2948"/>
      <trkpt lat="-19.0381" lon="16.2957"/>
      <trkpt lat="-19.0384" lon="16.297"/>
      <trkpt lat="-19.0386" lon="16.2978"/>
      <trkpt lat="-19.0388" lon="16.2981"/>
      <trkpt lat="-19.0408" lon="16.3098"/>
      <trkpt lat="-19.0409" lon="16.3134"/>
      <trkpt lat="-19.0412" lon="16.3156"/>
      <trkpt lat="-19.0411" lon="16.3179"/>
      <trkpt lat="-19.0414" lon="16.3201"/>
      <trkpt lat="-19.0417" lon="16.3198"/>
      <trkpt lat="-19.0418" lon="16.3197"/>
      <trkpt lat="-19.0422" lon="16.3195"/>
      <trkpt lat="-19.0425" lon="16.3194"/>
      <trkpt lat="-19.0437" lon="16.3188"/>
      <trkpt lat="-19.0459" lon="16.3175"/>
      <trkpt lat="-19.0464" lon="16.3174"/>
      <trkpt lat="-19.0466" lon="16.3173"/>
      <trkpt lat="-19.047" lon="16.3173"/>
      <trkpt lat="-19.0473" lon="16.3173"/>
      <trkpt lat="-19.0476" lon="16.3174"/>
      <trkpt lat="-19.0484" lon="16.3177"/>
      <trkpt lat="-19.0488" lon="16.3179"/>
      <trkpt lat="-19.0493" lon="16.318"/>
      <trkpt lat="-19.0505" lon="16.3183"/>
      <trkpt lat="-19.0509" lon="16.3183"/>
      <trkpt lat="-19.0514" lon="16.3183"/>
      <trkpt lat="-19.0526" lon="16.3183"/>
      <trkpt lat="-19.053" lon="16.3183"/>
      <trkpt lat="-19.0532" lon="16.3183"/>
      <trkpt lat="-19.0534" lon="16.3184"/>
      <trkpt lat="-19.0546" lon="16.3191"/>
      <trkpt lat="-19.0558" lon="16.3198"/>
      <trkpt lat="-19.0564" lon="16.32"/>
      <trkpt lat="-19.0571" lon="16.3204"/>
      <trkpt lat="-19.0573" lon="16.3204"/>
      <trkpt lat="-19.0574" lon="16.3204"/>
      <trkpt lat="-19.0576" lon="16.3204"/>
      <trkpt lat="-19.0578" lon="16.3204"/>
      <trkpt lat="-19.0579" lon="16.3203"/>
      <trkpt lat="-19.0581" lon="16.3203"/>
      <trkpt lat="-19.0582" lon="16.3202"/>
      <trkpt lat="-19.0587" lon="16.3198"/>
      <trkpt lat="-19.0593" lon="16.3193"/>
      <trkpt lat="-19.0599" lon="16.3187"/>
      <trkpt lat="-19.0604" lon="16.3181"/>
      <trkpt lat="-19.0608" lon="16.3178"/>
      <trkpt lat="-19.0613" lon="16.3175"/>
      <trkpt lat="-19.0616" lon="16.3172"/>
      <trkpt lat="-19.0619" lon="16.3172"/>
      <trkpt lat="-19.0623" lon="16.3171"/>
      <trkpt lat="-19.0631" lon="16.3171"/>
      <trkpt lat="-19.0636" lon="16.3171"/>
      <trkpt lat="-19.0644" lon="16.3169"/>
      <trkpt lat="-19.0651" lon="16.3167"/>
      <trkpt lat="-19.0654" lon="16.3166"/>
      <trkpt lat="-19.0659" lon="16.3162"/>
      <trkpt lat="-19.0665" lon="16.3158"/>
      <trkpt lat="-19.067" lon="16.3155"/>
      <trkpt lat="-19.0676" lon="16.3153"/>
      <trkpt lat="-19.0686" lon="16.3148"/>
      <trkpt lat="-19.0691" lon="16.3145"/>
      <trkpt lat="-19.0701" lon="16.314"/>
      <trkpt lat="-19.0708" lon="16.3135"/>
      <trkpt lat="-19.0714" lon="16.3131"/>
      <trkpt lat="-19.072" lon="16.3127"/>
      <trkpt lat="-19.0725" lon="16.3123"/>
      <trkpt lat="-19.0726" lon="16.3123"/>
      <trkpt lat="-19.0726" lon="16.3123"/>
      <trkpt lat="-19.0727" lon="16.3123"/>
      <trkpt lat="-19.0728" lon="16.3124"/>
      <trkpt lat="-19.0738" lon="16.3132"/>
      <trkpt lat="-19.0742" lon="16.3137"/>
      <trkpt lat="-19.0744" lon="16.314"/>
      <trkpt lat="-19.0747" lon="16.3143"/>
      <trkpt lat="-19.075" lon="16.3148"/>
      <trkpt lat="-19.0751" lon="16.315"/>
      <trkpt lat="-19.0753" lon="16.3152"/>
      <trkpt lat="-19.0755" lon="16.3154"/>
      <trkpt lat="-19.076" lon="16.3157"/>
      <trkpt lat="-19.0763" lon="16.3157"/>
      <trkpt lat="-19.0769" lon="16.3159"/>
      <trkpt lat="-19.0778" lon="16.3162"/>
      <trkpt lat="-19.0781" lon="16.3163"/>
      <trkpt lat="-19.0783" lon="16.3164"/>
      <trkpt lat="-19.0786" lon="16.3166"/>
      <trkpt lat="-19.0792" lon="16.317"/>
      <trkpt lat="-19.0793" lon="16.3171"/>
      <trkpt lat="-19.0795" lon="16.3173"/>
      <trkpt lat="-19.0797" lon="16.3177"/>
      <trkpt lat="-19.0799" lon="16.318"/>
      <trkpt lat="-19.08" lon="16.3182"/>
      <trkpt lat="-19.0801" lon="16.3184"/>
      <trkpt lat="-19.0802" lon="16.3188"/>
      <trkpt lat="-19.0803" lon="16.3192"/>
      <trkpt lat="-19.0804" lon="16.32"/>
      <trkpt lat="-19.0804" lon="16.3204"/>
      <trkpt lat="-19.0803" lon="16.3213"/>
      <trkpt lat="-19.0803" lon="16.3218"/>
      <trkpt lat="-19.0802" lon="16.3225"/>
      <trkpt lat="-19.0801" lon="16.323"/>
      <trkpt lat="-19.0801" lon="16.3233"/>
      <trkpt lat="-19.0799" lon="16.3239"/>
      <trkpt lat="-19.0798" lon="16.3241"/>
      <trkpt lat="-19.0798" lon="16.3244"/>
      <trkpt lat="-19.0798" lon="16.3249"/>
      <trkpt lat="-19.0797" lon="16.3254"/>
      <trkpt lat="-19.0797" lon="16.3257"/>
      <trkpt lat="-19.0798" lon="16.326"/>
      <trkpt lat="-19.0799" lon="16.3265"/>
      <trkpt lat="-19.08" lon="16.327"/>
      <trkpt lat="-19.0801" lon="16.3272"/>
      <trkpt lat="-19.08" lon="16.3277"/>
      <trkpt lat="-19.0801" lon="16.3289"/>
      <trkpt lat="-19.0801" lon="16.3292"/>
      <trkpt lat="-19.0801" lon="16.3294"/>
      <trkpt lat="-19.08" lon="16.3299"/>
      <trkpt lat="-19.0799" lon="16.3302"/>
      <trkpt lat="-19.0798" lon="16.3307"/>
      <trkpt lat="-19.0796" lon="16.3311"/>
      <trkpt lat="-19.0793" lon="16.3317"/>
      <trkpt lat="-19.079" lon="16.3323"/>
      <trkpt lat="-19.0789" lon="16.3326"/>
      <trkpt lat="-19.0787" lon="16.3331"/>
      <trkpt lat="-19.0785" lon="16.3335"/>
      <trkpt lat="-19.0783" lon="16.3337"/>
      <trkpt lat="-19.078" lon="16.3347"/>
      <trkpt lat="-19.0777" lon="16.3355"/>
      <trkpt lat="-19.0775" lon="16.336"/>
      <trkpt lat="-19.0773" lon="16.3367"/>
      <trkpt lat="-19.0765" lon="16.3385"/>
      <trkpt lat="-19.0764" lon="16.3387"/>
      <trkpt lat="-19.0764" lon="16.339"/>
      <trkpt lat="-19.0765" lon="16.3391"/>
      <trkpt lat="-19.0766" lon="16.34"/>
      <trkpt lat="-19.0767" lon="16.3405"/>
      <trkpt lat="-19.0767" lon="16.3411"/>
      <trkpt lat="-19.0767" lon="16.3419"/>
      <trkpt lat="-19.0769" lon="16.3438"/>
      <trkpt lat="-19.0769" lon="16.3443"/>
      <trkpt lat="-19.0768" lon="16.3458"/>
      <trkpt lat="-19.0768" lon="16.3462"/>
      <trkpt lat="-19.0769" lon="16.3473"/>
      <trkpt lat="-19.0769" lon="16.3479"/>
      <trkpt lat="-19.0769" lon="16.3488"/>
      <trkpt lat="-19.0771" lon="16.3511"/>
      <trkpt lat="-19.0771" lon="16.3526"/>
      <trkpt lat="-19.0771" lon="16.3539"/>
      <trkpt lat="-19.0771" lon="16.3547"/>
      <trkpt lat="-19.0772" lon="16.355"/>
      <trkpt lat="-19.0772" lon="16.3552"/>
      <trkpt lat="-19.0773" lon="16.3555"/>
      <trkpt lat="-19.0775" lon="16.3559"/>
      <trkpt lat="-19.0779" lon="16.3566"/>
      <trkpt lat="-19.0781" lon="16.3569"/>
      <trkpt lat="-19.0781" lon="16.357"/>
      <trkpt lat="-19.0781" lon="16.3572"/>
      <trkpt lat="-19.078" lon="16.3575"/>
      <trkpt lat="-19.0777" lon="16.3581"/>
      <trkpt lat="-19.0776" lon="16.3583"/>
      <trkpt lat="-19.0776" lon="16.3586"/>
      <trkpt lat="-19.0776" lon="16.3592"/>
      <trkpt lat="-19.0776" lon="16.3594"/>
      <trkpt lat="-19.0775" lon="16.3599"/>
      <trkpt lat="-19.0772" lon="16.3607"/>
      <trkpt lat="-19.0769" lon="16.3614"/>
      <trkpt lat="-19.0768" lon="16.3616"/>
      <trkpt lat="-19.0766" lon="16.3618"/>
      <trkpt lat="-19.0763" lon="16.3621"/>
      <trkpt lat="-19.0762" lon="16.3622"/>
      <trkpt lat="-19.0761" lon="16.3624"/>
      <trkpt lat="-19.0761" lon="16.3627"/>
      <trkpt lat="-19.0761" lon="16.3631"/>
      <trkpt lat="-19.0761" lon="16.3634"/>
      <trkpt lat="-19.0761" lon="16.3641"/>
      <trkpt lat="-19.076" lon="16.3645"/>
      <trkpt lat="-19.0759" lon="16.365"/>
      <trkpt lat="-19.0757" lon="16.3655"/>
      <trkpt lat="-19.0757" lon="16.3661"/>
      <trkpt lat="-19.0757" lon="16.3664"/>
      <trkpt lat="-19.0755" lon="16.3668"/>
      <trkpt lat="-19.0752" lon="16.3677"/>
      <trkpt lat="-19.0751" lon="16.368"/>
      <trkpt lat="-19.075" lon="16.3687"/>
      <trkpt lat="-19.0749" lon="16.3697"/>
      <trkpt lat="-19.0747" lon="16.3703"/>
      <trkpt lat="-19.0747" lon="16.3705"/>
      <trkpt lat="-19.0747" lon="16.3707"/>
      <trkpt lat="-19.0748" lon="16.3714"/>
      <trkpt lat="-19.0748" lon="16.3717"/>
      <trkpt lat="-19.0747" lon="16.3721"/>
      <trkpt lat="-19.0746" lon="16.3726"/>
      <trkpt lat="-19.0744" lon="16.3731"/>
      <trkpt lat="-19.074" lon="16.3741"/>
      <trkpt lat="-19.0735" lon="16.3754"/>
      <trkpt lat="-19.0733" lon="16.3757"/>
      <trkpt lat="-19.0732" lon="16.3759"/>
      <trkpt lat="-19.0732" lon="16.3762"/>
      <trkpt lat="-19.0732" lon="16.3764"/>
      <trkpt lat="-19.0732" lon="16.3767"/>
      <trkpt lat="-19.0732" lon="16.3774"/>
      <trkpt lat="-19.0733" lon="16.378"/>
      <trkpt lat="-19.0733" lon="16.3796"/>
      <trkpt lat="-19.0732" lon="16.3804"/>
      <trkpt lat="-19.0732" lon="16.381"/>
      <trkpt lat="-19.073" lon="16.383"/>
      <trkpt lat="-19.073" lon="16.3839"/>
      <trkpt lat="-19.0729" lon="16.3844"/>
      <trkpt lat="-19.0729" lon="16.3846"/>
      <trkpt lat="-19.0728" lon="16.3848"/>
      <trkpt lat="-19.0726" lon="16.385"/>
      <trkpt lat="-19.0722" lon="16.3853"/>
      <trkpt lat="-19.0721" lon="16.3855"/>
      <trkpt lat="-19.072" lon="16.3857"/>
      <trkpt lat="-19.072" lon="16.3858"/>
      <trkpt lat="-19.072" lon="16.3859"/>
      <trkpt lat="-19.0721" lon="16.3861"/>
      <trkpt lat="-19.0723" lon="16.3863"/>
      <trkpt lat="-19.0725" lon="16.3866"/>
      <trkpt lat="-19.0727" lon="16.3869"/>
      <trkpt lat="-19.0728" lon="16.3871"/>
      <trkpt lat="-19.0728" lon="16.3873"/>
      <trkpt lat="-19.0729" lon="16.3876"/>
      <trkpt lat="-19.0729" lon="16.3881"/>
      <trkpt lat="-19.073" lon="16.3887"/>
      <trkpt lat="-19.0731" lon="16.3896"/>
      <trkpt lat="-19.0731" lon="16.3899"/>
      <trkpt lat="-19.0731" lon="16.3906"/>
      <trkpt lat="-19.0732" lon="16.3915"/>
      <trkpt lat="-19.0732" lon="16.3917"/>
      <trkpt lat="-19.0731" lon="16.3918"/>
      <trkpt lat="-19.0727" lon="16.3924"/>
      <trkpt lat="-19.0725" lon="16.3927"/>
      <trkpt lat="-19.0723" lon="16.393"/>
      <trkpt lat="-19.0722" lon="16.3933"/>
      <trkpt lat="-19.0719" lon="16.3941"/>
      <trkpt lat="-19.0718" lon="16.3946"/>
      <trkpt lat="-19.0715" lon="16.3951"/>
      <trkpt lat="-19.0714" lon="16.3954"/>
      <trkpt lat="-19.0714" lon="16.3957"/>
      <trkpt lat="-19.0713" lon="16.3965"/>
      <trkpt lat="-19.0712" lon="16.3974"/>
      <trkpt lat="-19.0711" lon="16.3991"/>
      <trkpt lat="-19.0708" lon="16.401"/>
      <trkpt lat="-19.0708" lon="16.4017"/>
      <trkpt lat="-19.0708" lon="16.4022"/>
      <trkpt lat="-19.0708" lon="16.4029"/>
      <trkpt lat="-19.0709" lon="16.4037"/>
      <trkpt lat="-19.0709" lon="16.4039"/>
      <trkpt lat="-19.0709" lon="16.4042"/>
      <trkpt lat="-19.0708" lon="16.4044"/>
      <trkpt lat="-19.0706" lon="16.4047"/>
      <trkpt lat="-19.0704" lon="16.4049"/>
      <trkpt lat="-19.0703" lon="16.4051"/>
      <trkpt lat="-19.0702" lon="16.4056"/>
      <trkpt lat="-19.0701" lon="16.4061"/>
      <trkpt lat="-19.07" lon="16.4066"/>
      <trkpt lat="-19.07" lon="16.4069"/>
      <trkpt lat="-19.07" lon="16.4073"/>
      <trkpt lat="-19.07" lon="16.4076"/>
      <trkpt lat="-19.0702" lon="16.4083"/>
      <trkpt lat="-19.0703" lon="16.409"/>
      <trkpt lat="-19.0705" lon="16.4101"/>
      <trkpt lat="-19.0708" lon="16.4112"/>
      <trkpt lat="-19.0714" lon="16.4142"/>
      <trkpt lat="-19.0717" lon="16.416"/>
      <trkpt lat="-19.0721" lon="16.4177"/>
      <trkpt lat="-19.0728" lon="16.4212"/>
      <trkpt lat="-19.0731" lon="16.4229"/>
      <trkpt lat="-19.0734" lon="16.4246"/>
      <trkpt lat="-19.074" lon="16.4279"/>
      <trkpt lat="-19.0743" lon="16.4292"/>
      <trkpt lat="-19.0747" lon="16.4313"/>
      <trkpt lat="-19.075" lon="16.4322"/>
      <trkpt lat="-19.0751" lon="16.4331"/>
      <trkpt lat="-19.0752" lon="16.4333"/>
      <trkpt lat="-19.0752" lon="16.4335"/>
      <trkpt lat="-19.0751" lon="16.434"/>
      <trkpt lat="-19.0751" lon="16.4342"/>
      <trkpt lat="-19.0751" lon="16.4344"/>
      <trkpt lat="-19.0752" lon="16.4346"/>
      <trkpt lat="-19.0757" lon="16.4356"/>
      <trkpt lat="-19.076" lon="16.4362"/>
      <trkpt lat="-19.0764" lon="16.4371"/>
      <trkpt lat="-19.0765" lon="16.4373"/>
      <trkpt lat="-19.0765" lon="16.4374"/>
      <trkpt lat="-19.0765" lon="16.4378"/>
      <trkpt lat="-19.0764" lon="16.4385"/>
      <trkpt lat="-19.0763" lon="16.4389"/>
      <trkpt lat="-19.0762" lon="16.4394"/>
      <trkpt lat="-19.0762" lon="16.4396"/>
      <trkpt lat="-19.0762" lon="16.4398"/>
      <trkpt lat="-19.0764" lon="16.44"/>
      <trkpt lat="-19.0771" lon="16.4411"/>
      <trkpt lat="-19.0773" lon="16.4415"/>
      <trkpt lat="-19.0774" lon="16.4416"/>
      <trkpt lat="-19.0774" lon="16.4419"/>
      <trkpt lat="-19.0772" lon="16.4424"/>
      <trkpt lat="-19.0772" lon="16.4427"/>
      <trkpt lat="-19.0773" lon="16.4429"/>
      <trkpt lat="-19.0776" lon="16.4445"/>
      <trkpt lat="-19.0779" lon="16.4457"/>
      <trkpt lat="-19.0782" lon="16.447"/>
      <trkpt lat="-19.0783" lon="16.4478"/>
      <trkpt lat="-19.0784" lon="16.4481"/>
      <trkpt lat="-19.0786" lon="16.4484"/>
      <trkpt lat="-19.0789" lon="16.4489"/>
      <trkpt lat="-19.0791" lon="16.4493"/>
      <trkpt lat="-19.0792" lon="16.4496"/>
      <trkpt lat="-19.0792" lon="16.4499"/>
      <trkpt lat="-19.0792" lon="16.4502"/>
      <trkpt lat="-19.0792" lon="16.4505"/>
      <trkpt lat="-19.079" lon="16.451"/>
      <trkpt lat="-19.0789" lon="16.4516"/>
      <trkpt lat="-19.0788" lon="16.4519"/>
      <trkpt lat="-19.0788" lon="16.4523"/>
      <trkpt lat="-19.0788" lon="16.4527"/>
      <trkpt lat="-19.0788" lon="16.453"/>
      <trkpt lat="-19.0789" lon="16.4533"/>
      <trkpt lat="-19.0791" lon="16.4539"/>
      <trkpt lat="-19.0794" lon="16.4546"/>
      <trkpt lat="-19.0798" lon="16.4554"/>
      <trkpt lat="-19.0799" lon="16.4557"/>
      <trkpt lat="-19.08" lon="16.4562"/>
      <trkpt lat="-19.0801" lon="16.4567"/>
      <trkpt lat="-19.0802" lon="16.457"/>
      <trkpt lat="-19.0804" lon="16.4575"/>
      <trkpt lat="-19.0807" lon="16.4581"/>
      <trkpt lat="-19.0808" lon="16.4585"/>
      <trkpt lat="-19.081" lon="16.4589"/>
      <trkpt lat="-19.081" lon="16.4593"/>
      <trkpt lat="-19.0811" lon="16.4598"/>
      <trkpt lat="-19.0811" lon="16.4602"/>
      <trkpt lat="-19.0811" lon="16.4609"/>
      <trkpt lat="-19.0811" lon="16.4614"/>
      <trkpt lat="-19.0812" lon="16.4617"/>
      <trkpt lat="-19.0813" lon="16.462"/>
      <trkpt lat="-19.0815" lon="16.4623"/>
      <trkpt lat="-19.0817" lon="16.4628"/>
      <trkpt lat="-19.0819" lon="16.4633"/>
      <trkpt lat="-19.082" lon="16.4635"/>
      <trkpt lat="-19.082" lon="16.4643"/>
      <trkpt lat="-19.0821" lon="16.4655"/>
      <trkpt lat="-19.0821" lon="16.4657"/>
      <trkpt lat="-19.0823" lon="16.4666"/>
      <trkpt lat="-19.0824" lon="16.4668"/>
      <trkpt lat="-19.0826" lon="16.467"/>
      <trkpt lat="-19.0827" lon="16.4674"/>
      <trkpt lat="-19.0828" lon="16.4676"/>
      <trkpt lat="-19.0829" lon="16.4679"/>
      <trkpt lat="-19.0829" lon="16.4681"/>
      <trkpt lat="-19.0829" lon="16.4684"/>
      <trkpt lat="-19.0829" lon="16.4687"/>
      <trkpt lat="-19.0828" lon="16.4691"/>
      <trkpt lat="-19.0828" lon="16.4693"/>
      <trkpt lat="-19.0828" lon="16.4696"/>
      <trkpt lat="-19.0831" lon="16.4705"/>
      <trkpt lat="-19.0832" lon="16.4713"/>
      <trkpt lat="-19.0833" lon="16.4716"/>
      <trkpt lat="-19.0833" lon="16.4726"/>
      <trkpt lat="-19.0833" lon="16.473"/>
      <trkpt lat="-19.0834" lon="16.4732"/>
      <trkpt lat="-19.0835" lon="16.4736"/>
      <trkpt lat="-19.0837" lon="16.474"/>
      <trkpt lat="-19.0838" lon="16.4742"/>
      <trkpt lat="-19.0839" lon="16.4748"/>
      <trkpt lat="-19.0841" lon="16.4755"/>
      <trkpt lat="-19.0843" lon="16.4763"/>
      <trkpt lat="-19.0844" lon="16.4772"/>
      <trkpt lat="-19.0844" lon="16.4775"/>
      <trkpt lat="-19.0844" lon="16.4778"/>
      <trkpt lat="-19.0844" lon="16.4781"/>
      <trkpt lat="-19.0843" lon="16.4784"/>
      <trkpt lat="-19.0843" lon="16.4788"/>
      <trkpt lat="-19.0843" lon="16.4791"/>
      <trkpt lat="-19.0844" lon="16.4793"/>
      <trkpt lat="-19.0846" lon="16.4798"/>
      <trkpt lat="-19.0848" lon="16.4803"/>
      <trkpt lat="-19.0848" lon="16.4805"/>
      <trkpt lat="-19.0849" lon="16.4809"/>
      <trkpt lat="-19.0849" lon="16.4816"/>
      <trkpt lat="-19.085" lon="16.4819"/>
      <trkpt lat="-19.085" lon="16.482"/>
      <trkpt lat="-19.0851" lon="16.4822"/>
      <trkpt lat="-19.0854" lon="16.4826"/>
      <trkpt lat="-19.0856" lon="16.4829"/>
      <trkpt lat="-19.0857" lon="16.4832"/>
      <trkpt lat="-19.0857" lon="16.4834"/>
      <trkpt lat="-19.0858" lon="16.4836"/>
      <trkpt lat="-19.0858" lon="16.4839"/>
      <trkpt lat="-19.0858" lon="16.4844"/>
      <trkpt lat="-19.0858" lon="16.4846"/>
      <trkpt lat="-19.0861" lon="16.4854"/>
      <trkpt lat="-19.0865" lon="16.486"/>
      <trkpt lat="-19.0865" lon="16.4862"/>
      <trkpt lat="-19.0866" lon="16.4864"/>
      <trkpt lat="-19.0866" lon="16.4867"/>
      <trkpt lat="-19.0866" lon="16.4874"/>
      <trkpt lat="-19.0866" lon="16.4879"/>
      <trkpt lat="-19.0867" lon="16.4883"/>
      <trkpt lat="-19.0868" lon="16.4887"/>
      <trkpt lat="-19.0868" lon="16.4889"/>
      <trkpt lat="-19.087" lon="16.4894"/>
      <trkpt lat="-19.0871" lon="16.4896"/>
      <trkpt lat="-19.0872" lon="16.4899"/>
      <trkpt lat="-19.0872" lon="16.4902"/>
      <trkpt lat="-19.0871" lon="16.491"/>
      <trkpt lat="-19.0871" lon="16.4913"/>
      <trkpt lat="-19.0872" lon="16.4916"/>
      <trkpt lat="-19.0873" lon="16.4919"/>
      <trkpt lat="-19.0874" lon="16.4922"/>
      <trkpt lat="-19.0874" lon="16.4924"/>
      <trkpt lat="-19.0877" lon="16.4928"/>
      <trkpt lat="-19.0878" lon="16.4931"/>
      <trkpt lat="-19.0879" lon="16.4934"/>
      <trkpt lat="-19.088" lon="16.4938"/>
      <trkpt lat="-19.0881" lon="16.4944"/>
      <trkpt lat="-19.0881" lon="16.4947"/>
      <trkpt lat="-19.088" lon="16.4952"/>
      <trkpt lat="-19.088" lon="16.4958"/>
      <trkpt lat="-19.088" lon="16.4961"/>
      <trkpt lat="-19.0881" lon="16.4963"/>
      <trkpt lat="-19.0883" lon="16.4967"/>
      <trkpt lat="-19.0885" lon="16.4972"/>
      <trkpt lat="-19.0888" lon="16.4977"/>
      <trkpt lat="-19.0891" lon="16.4983"/>
      <trkpt lat="-19.0891" lon="16.4985"/>
      <trkpt lat="-19.0892" lon="16.4988"/>
      <trkpt lat="-19.0892" lon="16.4996"/>
      <trkpt lat="-19.0892" lon="16.5"/>
      <trkpt lat="-19.0893" lon="16.5005"/>
      <trkpt lat="-19.0894" lon="16.5009"/>
      <trkpt lat="-19.0895" lon="16.5013"/>
      <trkpt lat="-19.0898" lon="16.502"/>
      <trkpt lat="-19.0898" lon="16.5023"/>
      <trkpt lat="-19.0899" lon="16.5027"/>
      <trkpt lat="-19.0899" lon="16.5035"/>
      <trkpt lat="-19.09" lon="16.5038"/>
      <trkpt lat="-19.0901" lon="16.5044"/>
      <trkpt lat="-19.0902" lon="16.5048"/>
      <trkpt lat="-19.0903" lon="16.5051"/>
      <trkpt lat="-19.0904" lon="16.5053"/>
      <trkpt lat="-19.0906" lon="16.5055"/>
      <trkpt lat="-19.0908" lon="16.5058"/>
      <trkpt lat="-19.0911" lon="16.506"/>
      <trkpt lat="-19.0913" lon="16.5062"/>
      <trkpt lat="-19.0917" lon="16.5064"/>
      <trkpt lat="-19.0919" lon="16.5064"/>
      <trkpt lat="-19.0919" lon="16.5065"/>
      <trkpt lat="-19.0919" lon="16.5065"/>
      <trkpt lat="-19.0919" lon="16.5066"/>
      <trkpt lat="-19.0919" lon="16.5066"/>
      <trkpt lat="-19.0918" lon="16.5067"/>
      <trkpt lat="-19.0917" lon="16.5067"/>
      <trkpt lat="-19.0916" lon="16.5067"/>
      <trkpt lat="-19.0916" lon="16.5067"/>
      <trkpt lat="-19.0914" lon="16.5066"/>
      <trkpt lat="-19.0907" lon="16.5062"/>
      <trkpt lat="-19.0894" lon="16.5053"/>
      <trkpt lat="-19.0867" lon="16.5034"/>
      <trkpt lat="-19.0835" lon="16.5013"/>
      <trkpt lat="-19.0748" lon="16.4956"/>
      <trkpt lat="-19.0729" lon="16.4944"/>
      <trkpt lat="-19.0648" lon="16.489"/>
      <trkpt lat="-19.0583" lon="16.4847"/>
      <trkpt lat="-19.057" lon="16.4839"/>
      <trkpt lat="-19.0547" lon="16.4823"/>
      <trkpt lat="-19.0534" lon="16.4815"/>
      <trkpt lat="-19.0519" lon="16.4805"/>
      <trkpt lat="-19.0517" lon="16.4804"/>
      <trkpt lat="-19.0516" lon="16.4803"/>
      <trkpt lat="-19.0515" lon="16.4803"/>
      <trkpt lat="-19.0514" lon="16.4803"/>
      <trkpt lat="-19.0514" lon="16.4803"/>
      <trkpt lat="-19.0511" lon="16.4806"/>
      <trkpt lat="-19.0509" lon="16.4807"/>
      <trkpt lat="-19.0508" lon="16.4808"/>
      <trkpt lat="-19.0507" lon="16.4808"/>
      <trkpt lat="-19.0506" lon="16.4808"/>
      <trkpt lat="-19.0504" lon="16.4808"/>
      <trkpt lat="-19.0502" lon="16.4809"/>
      <trkpt lat="-19.0499" lon="16.481"/>
      <trkpt lat="-19.0496" lon="16.4811"/>
      <trkpt lat="-19.0493" lon="16.4813"/>
      <trkpt lat="-19.0492" lon="16.4813"/>
      <trkpt lat="-19.049" lon="16.4814"/>
      <trkpt lat="-19.0489" lon="16.4814"/>
      <trkpt lat="-19.0486" lon="16.4814"/>
      <trkpt lat="-19.0485" lon="16.4813"/>
      <trkpt lat="-19.0483" lon="16.4811"/>
      <trkpt lat="-19.0481" lon="16.481"/>
      <trkpt lat="-19.048" lon="16.481"/>
      <trkpt lat="-19.0478" lon="16.481"/>
      <trkpt lat="-19.0476" lon="16.481"/>
      <trkpt lat="-19.0475" lon="16.481"/>
      <trkpt lat="-19.0472" lon="16.481"/>
      <trkpt lat="-19.0468" lon="16.481"/>
      <trkpt lat="-19.0464" lon="16.4811"/>
      <trkpt lat="-19.0459" lon="16.4812"/>
      <trkpt lat="-19.0457" lon="16.4812"/>
      <trkpt lat="-19.0454" lon="16.4812"/>
      <trkpt lat="-19.0452" lon="16.4812"/>
      <trkpt lat="-19.0449" lon="16.481"/>
      <trkpt lat="-19.0439" lon="16.4806"/>
      <trkpt lat="-19.0432" lon="16.4804"/>
      <trkpt lat="-19.043" lon="16.4803"/>
      <trkpt lat="-19.0427" lon="16.4803"/>
      <trkpt lat="-19.0423" lon="16.4802"/>
      <trkpt lat="-19.042" lon="16.4802"/>
      <trkpt lat="-19.0414" lon="16.4803"/>
      <trkpt lat="-19.0407" lon="16.4801"/>
      <trkpt lat="-19.0401" lon="16.48"/>
      <trkpt lat="-19.0395" lon="16.4799"/>
      <trkpt lat="-19.0391" lon="16.4798"/>
      <trkpt lat="-19.0387" lon="16.4797"/>
      <trkpt lat="-19.0385" lon="16.4797"/>
      <trkpt lat="-19.0383" lon="16.4797"/>
      <trkpt lat="-19.0369" lon="16.4798"/>
      <trkpt lat="-19.0367" lon="16.4798"/>
      <trkpt lat="-19.0364" lon="16.4798"/>
      <trkpt lat="-19.0363" lon="16.4798"/>
      <trkpt lat="-19.036" lon="16.4798"/>
      <trkpt lat="-19.0356" lon="16.4797"/>
      <trkpt lat="-19.0344" lon="16.4794"/>
      <trkpt lat="-19.0341" lon="16.4793"/>
      <trkpt lat="-19.0339" lon="16.4793"/>
      <trkpt lat="-19.0338" lon="16.4792"/>
      <trkpt lat="-19.0337" lon="16.4792"/>
      <trkpt lat="-19.0336" lon="16.4791"/>
      <trkpt lat="-19.0335" lon="16.479"/>
      <trkpt lat="-19.0334" lon="16.4789"/>
      <trkpt lat="-19.0333" lon="16.4788"/>
      <trkpt lat="-19.0332" lon="16.4787"/>
      <trkpt lat="-19.0331" lon="16.4784"/>
      <trkpt lat="-19.0327" lon="16.4775"/>
      <trkpt lat="-19.0326" lon="16.4774"/>
      <trkpt lat="-19.0326" lon="16.4773"/>
      <trkpt lat="-19.0326" lon="16.4772"/>
      <trkpt lat="-19.0326" lon="16.477"/>
      <trkpt lat="-19.0327" lon="16.4767"/>
      <trkpt lat="-19.0327" lon="16.4765"/>
      <trkpt lat="-19.0327" lon="16.4763"/>
      <trkpt lat="-19.0326" lon="16.4762"/>
      <trkpt lat="-19.0325" lon="16.4759"/>
      <trkpt lat="-19.0323" lon="16.4756"/>
      <trkpt lat="-19.0323" lon="16.4755"/>
      <trkpt lat="-19.0322" lon="16.4752"/>
      <trkpt lat="-19.032" lon="16.4742"/>
      <trkpt lat="-19.032" lon="16.4741"/>
      <trkpt lat="-19.032" lon="16.474"/>
      <trkpt lat="-19.032" lon="16.4738"/>
      <trkpt lat="-19.032" lon="16.4736"/>
      <trkpt lat="-19.0321" lon="16.4731"/>
      <trkpt lat="-19.0323" lon="16.472"/>
      <trkpt lat="-19.0323" lon="16.4718"/>
      <trkpt lat="-19.0324" lon="16.4717"/>
      <trkpt lat="-19.0325" lon="16.4716"/>
      <trkpt lat="-19.0326" lon="16.4715"/>
      <trkpt lat="-19.0327" lon="16.4714"/>
      <trkpt lat="-19.033" lon="16.4714"/>
      <trkpt lat="-19.0344" lon="16.4712"/>
      <trkpt lat="-19.0344" lon="16.4711"/>
      <trkpt lat="-19.0345" lon="16.4711"/>
      <trkpt lat="-19.0348" lon="16.4711"/>
      <trkpt lat="-19.0349" lon="16.4711"/>
      <trkpt lat="-19.0351" lon="16.4711"/>
      <trkpt lat="-19.0354" lon="16.4711"/>
      <trkpt lat="-19.0354" lon="16.4711"/>
      <trkpt lat="-19.0355" lon="16.4711"/>
      <trkpt lat="-19.0356" lon="16.4711"/>
      <trkpt lat="-19.0359" lon="16.4713"/>
      <trkpt lat="-19.0359" lon="16.4714"/>
      <trkpt lat="-19.0359" lon="16.4716"/>
      <trkpt lat="-19.0359" lon="16.4718"/>
      <trkpt lat="-19.0359" lon="16.4722"/>
    </trkseg>
  </trk>
  <trk>
    <name>D11 · Safari Halali → Namutoni → Onguma</name>
    <desc>11 nov · 93 km · ~3.5 h</desc>
    <trkseg>
      <trkpt lat="-19.0359" lon="16.4722"/>
      <trkpt lat="-19.0359" lon="16.4718"/>
      <trkpt lat="-19.0359" lon="16.4716"/>
      <trkpt lat="-19.0359" lon="16.4714"/>
      <trkpt lat="-19.0359" lon="16.4713"/>
      <trkpt lat="-19.0356" lon="16.4711"/>
      <trkpt lat="-19.0355" lon="16.4711"/>
      <trkpt lat="-19.0354" lon="16.4711"/>
      <trkpt lat="-19.0354" lon="16.4711"/>
      <trkpt lat="-19.0351" lon="16.4711"/>
      <trkpt lat="-19.0349" lon="16.4711"/>
      <trkpt lat="-19.0348" lon="16.4711"/>
      <trkpt lat="-19.0345" lon="16.4711"/>
      <trkpt lat="-19.0344" lon="16.4711"/>
      <trkpt lat="-19.0344" lon="16.4712"/>
      <trkpt lat="-19.033" lon="16.4714"/>
      <trkpt lat="-19.0327" lon="16.4714"/>
      <trkpt lat="-19.0326" lon="16.4715"/>
      <trkpt lat="-19.0325" lon="16.4716"/>
      <trkpt lat="-19.0324" lon="16.4717"/>
      <trkpt lat="-19.0323" lon="16.4718"/>
      <trkpt lat="-19.0323" lon="16.472"/>
      <trkpt lat="-19.0321" lon="16.4731"/>
      <trkpt lat="-19.032" lon="16.4736"/>
      <trkpt lat="-19.032" lon="16.4738"/>
      <trkpt lat="-19.032" lon="16.474"/>
      <trkpt lat="-19.032" lon="16.4741"/>
      <trkpt lat="-19.032" lon="16.4742"/>
      <trkpt lat="-19.0322" lon="16.4752"/>
      <trkpt lat="-19.0323" lon="16.4755"/>
      <trkpt lat="-19.0323" lon="16.4756"/>
      <trkpt lat="-19.0325" lon="16.4759"/>
      <trkpt lat="-19.0326" lon="16.4762"/>
      <trkpt lat="-19.0327" lon="16.4763"/>
      <trkpt lat="-19.0327" lon="16.4765"/>
      <trkpt lat="-19.0327" lon="16.4767"/>
      <trkpt lat="-19.0326" lon="16.477"/>
      <trkpt lat="-19.0326" lon="16.4772"/>
      <trkpt lat="-19.0326" lon="16.4773"/>
      <trkpt lat="-19.0326" lon="16.4774"/>
      <trkpt lat="-19.0327" lon="16.4775"/>
      <trkpt lat="-19.0331" lon="16.4784"/>
      <trkpt lat="-19.0332" lon="16.4787"/>
      <trkpt lat="-19.0333" lon="16.4788"/>
      <trkpt lat="-19.0334" lon="16.4789"/>
      <trkpt lat="-19.0335" lon="16.479"/>
      <trkpt lat="-19.0336" lon="16.4791"/>
      <trkpt lat="-19.0337" lon="16.4792"/>
      <trkpt lat="-19.0338" lon="16.4792"/>
      <trkpt lat="-19.0339" lon="16.4793"/>
      <trkpt lat="-19.0341" lon="16.4793"/>
      <trkpt lat="-19.0344" lon="16.4794"/>
      <trkpt lat="-19.0356" lon="16.4797"/>
      <trkpt lat="-19.036" lon="16.4798"/>
      <trkpt lat="-19.0363" lon="16.4798"/>
      <trkpt lat="-19.0364" lon="16.4798"/>
      <trkpt lat="-19.0367" lon="16.4798"/>
      <trkpt lat="-19.0369" lon="16.4798"/>
      <trkpt lat="-19.0383" lon="16.4797"/>
      <trkpt lat="-19.0385" lon="16.4797"/>
      <trkpt lat="-19.0387" lon="16.4797"/>
      <trkpt lat="-19.0391" lon="16.4798"/>
      <trkpt lat="-19.0395" lon="16.4799"/>
      <trkpt lat="-19.0401" lon="16.48"/>
      <trkpt lat="-19.0407" lon="16.4801"/>
      <trkpt lat="-19.0414" lon="16.4803"/>
      <trkpt lat="-19.0415" lon="16.4804"/>
      <trkpt lat="-19.0416" lon="16.4804"/>
      <trkpt lat="-19.0418" lon="16.4806"/>
      <trkpt lat="-19.0421" lon="16.481"/>
      <trkpt lat="-19.0424" lon="16.4815"/>
      <trkpt lat="-19.0426" lon="16.4819"/>
      <trkpt lat="-19.0427" lon="16.4822"/>
      <trkpt lat="-19.0427" lon="16.4825"/>
      <trkpt lat="-19.0427" lon="16.4829"/>
      <trkpt lat="-19.0426" lon="16.4832"/>
      <trkpt lat="-19.0425" lon="16.4841"/>
      <trkpt lat="-19.0425" lon="16.4844"/>
      <trkpt lat="-19.0425" lon="16.4847"/>
      <trkpt lat="-19.0425" lon="16.4851"/>
      <trkpt lat="-19.0426" lon="16.4855"/>
      <trkpt lat="-19.0429" lon="16.4863"/>
      <trkpt lat="-19.0429" lon="16.4863"/>
      <trkpt lat="-19.0429" lon="16.4865"/>
      <trkpt lat="-19.043" lon="16.4868"/>
      <trkpt lat="-19.0429" lon="16.4871"/>
      <trkpt lat="-19.0429" lon="16.4874"/>
      <trkpt lat="-19.0428" lon="16.4881"/>
      <trkpt lat="-19.0428" lon="16.4883"/>
      <trkpt lat="-19.0428" lon="16.4885"/>
      <trkpt lat="-19.0428" lon="16.4887"/>
      <trkpt lat="-19.0429" lon="16.4891"/>
      <trkpt lat="-19.0432" lon="16.4901"/>
      <trkpt lat="-19.0432" lon="16.4903"/>
      <trkpt lat="-19.0432" lon="16.4906"/>
      <trkpt lat="-19.0432" lon="16.4908"/>
      <trkpt lat="-19.043" lon="16.4916"/>
      <trkpt lat="-19.043" lon="16.4919"/>
      <trkpt lat="-19.0429" lon="16.4926"/>
      <trkpt lat="-19.0429" lon="16.4928"/>
      <trkpt lat="-19.0428" lon="16.4933"/>
      <trkpt lat="-19.0426" lon="16.4939"/>
      <trkpt lat="-19.0424" lon="16.4944"/>
      <trkpt lat="-19.0423" lon="16.4947"/>
      <trkpt lat="-19.0423" lon="16.495"/>
      <trkpt lat="-19.0423" lon="16.4958"/>
      <trkpt lat="-19.0423" lon="16.4962"/>
      <trkpt lat="-19.0422" lon="16.4966"/>
      <trkpt lat="-19.0421" lon="16.497"/>
      <trkpt lat="-19.0421" lon="16.4972"/>
      <trkpt lat="-19.0421" lon="16.4974"/>
      <trkpt lat="-19.0422" lon="16.4977"/>
      <trkpt lat="-19.0426" lon="16.4983"/>
      <trkpt lat="-19.0428" lon="16.4989"/>
      <trkpt lat="-19.0429" lon="16.4994"/>
      <trkpt lat="-19.0431" lon="16.5001"/>
      <trkpt lat="-19.0432" lon="16.5006"/>
      <trkpt lat="-19.0444" lon="16.5035"/>
      <trkpt lat="-19.0446" lon="16.5041"/>
      <trkpt lat="-19.0448" lon="16.5053"/>
      <trkpt lat="-19.0449" lon="16.5055"/>
      <trkpt lat="-19.0449" lon="16.506"/>
      <trkpt lat="-19.0449" lon="16.5064"/>
      <trkpt lat="-19.0451" lon="16.5069"/>
      <trkpt lat="-19.0455" lon="16.5086"/>
      <trkpt lat="-19.0456" lon="16.5088"/>
      <trkpt lat="-19.0456" lon="16.5091"/>
      <trkpt lat="-19.0455" lon="16.5093"/>
      <trkpt lat="-19.0453" lon="16.5102"/>
      <trkpt lat="-19.0452" lon="16.5104"/>
      <trkpt lat="-19.0452" lon="16.5106"/>
      <trkpt lat="-19.0453" lon="16.5109"/>
      <trkpt lat="-19.0454" lon="16.5114"/>
      <trkpt lat="-19.0456" lon="16.5117"/>
      <trkpt lat="-19.046" lon="16.5122"/>
      <trkpt lat="-19.0464" lon="16.513"/>
      <trkpt lat="-19.0467" lon="16.5134"/>
      <trkpt lat="-19.047" lon="16.5141"/>
      <trkpt lat="-19.0471" lon="16.5143"/>
      <trkpt lat="-19.0471" lon="16.5145"/>
      <trkpt lat="-19.0471" lon="16.5146"/>
      <trkpt lat="-19.0471" lon="16.5148"/>
      <trkpt lat="-19.047" lon="16.515"/>
      <trkpt lat="-19.0469" lon="16.5152"/>
      <trkpt lat="-19.0467" lon="16.5155"/>
      <trkpt lat="-19.0464" lon="16.5158"/>
      <trkpt lat="-19.046" lon="16.5162"/>
      <trkpt lat="-19.0457" lon="16.5164"/>
      <trkpt lat="-19.0451" lon="16.5168"/>
      <trkpt lat="-19.0448" lon="16.5171"/>
      <trkpt lat="-19.0443" lon="16.5176"/>
      <trkpt lat="-19.0438" lon="16.5181"/>
      <trkpt lat="-19.0435" lon="16.5185"/>
      <trkpt lat="-19.0432" lon="16.5188"/>
      <trkpt lat="-19.0428" lon="16.5192"/>
      <trkpt lat="-19.0423" lon="16.5196"/>
      <trkpt lat="-19.042" lon="16.5199"/>
      <trkpt lat="-19.0418" lon="16.5202"/>
      <trkpt lat="-19.0416" lon="16.5207"/>
      <trkpt lat="-19.041" lon="16.5217"/>
      <trkpt lat="-19.0406" lon="16.5226"/>
      <trkpt lat="-19.0403" lon="16.5233"/>
      <trkpt lat="-19.0401" lon="16.5236"/>
      <trkpt lat="-19.0399" lon="16.5239"/>
      <trkpt lat="-19.0394" lon="16.5246"/>
      <trkpt lat="-19.0388" lon="16.5253"/>
      <trkpt lat="-19.0383" lon="16.5261"/>
      <trkpt lat="-19.0381" lon="16.5263"/>
      <trkpt lat="-19.0378" lon="16.5265"/>
      <trkpt lat="-19.0373" lon="16.5268"/>
      <trkpt lat="-19.0367" lon="16.5272"/>
      <trkpt lat="-19.0361" lon="16.5276"/>
      <trkpt lat="-19.0358" lon="16.5278"/>
      <trkpt lat="-19.0357" lon="16.5278"/>
      <trkpt lat="-19.0352" lon="16.528"/>
      <trkpt lat="-19.0347" lon="16.5283"/>
      <trkpt lat="-19.0341" lon="16.5286"/>
      <trkpt lat="-19.0339" lon="16.5287"/>
      <trkpt lat="-19.0333" lon="16.5289"/>
      <trkpt lat="-19.0327" lon="16.529"/>
      <trkpt lat="-19.0325" lon="16.5291"/>
      <trkpt lat="-19.0318" lon="16.5294"/>
      <trkpt lat="-19.0304" lon="16.5299"/>
      <trkpt lat="-19.0301" lon="16.5299"/>
      <trkpt lat="-19.0299" lon="16.53"/>
      <trkpt lat="-19.0297" lon="16.5302"/>
      <trkpt lat="-19.0288" lon="16.5309"/>
      <trkpt lat="-19.0281" lon="16.5316"/>
      <trkpt lat="-19.0271" lon="16.5326"/>
      <trkpt lat="-19.027" lon="16.5328"/>
      <trkpt lat="-19.0267" lon="16.533"/>
      <trkpt lat="-19.0263" lon="16.5332"/>
      <trkpt lat="-19.0263" lon="16.5332"/>
      <trkpt lat="-19.0258" lon="16.5335"/>
      <trkpt lat="-19.0252" lon="16.5337"/>
      <trkpt lat="-19.0245" lon="16.5339"/>
      <trkpt lat="-19.0227" lon="16.5343"/>
      <trkpt lat="-19.0213" lon="16.5345"/>
      <trkpt lat="-19.0204" lon="16.5347"/>
      <trkpt lat="-19.0196" lon="16.5349"/>
      <trkpt lat="-19.0184" lon="16.5352"/>
      <trkpt lat="-19.018" lon="16.5353"/>
      <trkpt lat="-19.0173" lon="16.5354"/>
      <trkpt lat="-19.0166" lon="16.5355"/>
      <trkpt lat="-19.0164" lon="16.5355"/>
      <trkpt lat="-19.0162" lon="16.5356"/>
      <trkpt lat="-19.0158" lon="16.5357"/>
      <trkpt lat="-19.0155" lon="16.5358"/>
      <trkpt lat="-19.0149" lon="16.5361"/>
      <trkpt lat="-19.0143" lon="16.5364"/>
      <trkpt lat="-19.0133" lon="16.537"/>
      <trkpt lat="-19.0124" lon="16.5375"/>
      <trkpt lat="-19.0121" lon="16.5377"/>
      <trkpt lat="-19.0119" lon="16.5379"/>
      <trkpt lat="-19.0114" lon="16.5383"/>
      <trkpt lat="-19.0113" lon="16.5384"/>
      <trkpt lat="-19.0111" lon="16.5386"/>
      <trkpt lat="-19.0109" lon="16.5387"/>
      <trkpt lat="-19.0105" lon="16.5389"/>
      <trkpt lat="-19.0097" lon="16.5393"/>
      <trkpt lat="-19.0094" lon="16.5395"/>
      <trkpt lat="-19.0088" lon="16.5398"/>
      <trkpt lat="-19.0086" lon="16.54"/>
      <trkpt lat="-19.0084" lon="16.5401"/>
      <trkpt lat="-19.0078" lon="16.5408"/>
      <trkpt lat="-19.0074" lon="16.5411"/>
      <trkpt lat="-19.0068" lon="16.5416"/>
      <trkpt lat="-19.0066" lon="16.5418"/>
      <trkpt lat="-19.0063" lon="16.5422"/>
      <trkpt lat="-19.0061" lon="16.5425"/>
      <trkpt lat="-19.006" lon="16.5428"/>
      <trkpt lat="-19.0056" lon="16.544"/>
      <trkpt lat="-19.0054" lon="16.5444"/>
      <trkpt lat="-19.0052" lon="16.5447"/>
      <trkpt lat="-19.0049" lon="16.5451"/>
      <trkpt lat="-19.0046" lon="16.5457"/>
      <trkpt lat="-19.0045" lon="16.5459"/>
      <trkpt lat="-19.0044" lon="16.5461"/>
      <trkpt lat="-19.0042" lon="16.5471"/>
      <trkpt lat="-19.0041" lon="16.5476"/>
      <trkpt lat="-19.0038" lon="16.5482"/>
      <trkpt lat="-19.0036" lon="16.5487"/>
      <trkpt lat="-19.0032" lon="16.5494"/>
      <trkpt lat="-19.0028" lon="16.5499"/>
      <trkpt lat="-19.0022" lon="16.5507"/>
      <trkpt lat="-19.0018" lon="16.5512"/>
      <trkpt lat="-19.0016" lon="16.5514"/>
      <trkpt lat="-19.0013" lon="16.5517"/>
      <trkpt lat="-19.0003" lon="16.5524"/>
      <trkpt lat="-19.0" lon="16.5528"/>
      <trkpt lat="-18.9992" lon="16.5535"/>
      <trkpt lat="-18.9987" lon="16.554"/>
      <trkpt lat="-18.9985" lon="16.5543"/>
      <trkpt lat="-18.9982" lon="16.5547"/>
      <trkpt lat="-18.9978" lon="16.5555"/>
      <trkpt lat="-18.9976" lon="16.5559"/>
      <trkpt lat="-18.9974" lon="16.5563"/>
      <trkpt lat="-18.9971" lon="16.5571"/>
      <trkpt lat="-18.9971" lon="16.5571"/>
      <trkpt lat="-18.9969" lon="16.5572"/>
      <trkpt lat="-18.9968" lon="16.5573"/>
      <trkpt lat="-18.9967" lon="16.5573"/>
      <trkpt lat="-18.9957" lon="16.5574"/>
      <trkpt lat="-18.9953" lon="16.5574"/>
      <trkpt lat="-18.9942" lon="16.5575"/>
      <trkpt lat="-18.9939" lon="16.5575"/>
      <trkpt lat="-18.9937" lon="16.5574"/>
      <trkpt lat="-18.9935" lon="16.5574"/>
      <trkpt lat="-18.9932" lon="16.5572"/>
      <trkpt lat="-18.9929" lon="16.557"/>
      <trkpt lat="-18.9926" lon="16.5568"/>
      <trkpt lat="-18.9924" lon="16.5566"/>
      <trkpt lat="-18.992" lon="16.5565"/>
      <trkpt lat="-18.9916" lon="16.5563"/>
      <trkpt lat="-18.9916" lon="16.5562"/>
      <trkpt lat="-18.9914" lon="16.556"/>
      <trkpt lat="-18.9914" lon="16.5559"/>
      <trkpt lat="-18.9913" lon="16.5558"/>
      <trkpt lat="-18.9912" lon="16.5558"/>
      <trkpt lat="-18.9911" lon="16.5558"/>
      <trkpt lat="-18.9909" lon="16.5558"/>
      <trkpt lat="-18.9907" lon="16.5557"/>
      <trkpt lat="-18.9905" lon="16.5557"/>
      <trkpt lat="-18.9902" lon="16.5556"/>
      <trkpt lat="-18.9901" lon="16.5556"/>
      <trkpt lat="-18.99" lon="16.5556"/>
      <trkpt lat="-18.9899" lon="16.5557"/>
      <trkpt lat="-18.9898" lon="16.5558"/>
      <trkpt lat="-18.9896" lon="16.5559"/>
      <trkpt lat="-18.9895" lon="16.5559"/>
      <trkpt lat="-18.9892" lon="16.556"/>
      <trkpt lat="-18.989" lon="16.556"/>
      <trkpt lat="-18.9888" lon="16.5561"/>
      <trkpt lat="-18.9887" lon="16.5562"/>
      <trkpt lat="-18.9885" lon="16.5562"/>
      <trkpt lat="-18.9883" lon="16.5563"/>
      <trkpt lat="-18.9881" lon="16.5564"/>
      <trkpt lat="-18.988" lon="16.5564"/>
      <trkpt lat="-18.9879" lon="16.5565"/>
      <trkpt lat="-18.9878" lon="16.5567"/>
      <trkpt lat="-18.9878" lon="16.5568"/>
      <trkpt lat="-18.9878" lon="16.5569"/>
      <trkpt lat="-18.9879" lon="16.557"/>
      <trkpt lat="-18.988" lon="16.5572"/>
      <trkpt lat="-18.988" lon="16.5575"/>
      <trkpt lat="-18.9883" lon="16.5585"/>
      <trkpt lat="-18.9884" lon="16.5587"/>
      <trkpt lat="-18.9884" lon="16.5588"/>
      <trkpt lat="-18.9885" lon="16.5588"/>
      <trkpt lat="-18.9886" lon="16.5588"/>
      <trkpt lat="-18.9887" lon="16.5588"/>
      <trkpt lat="-18.9888" lon="16.5587"/>
      <trkpt lat="-18.9889" lon="16.5586"/>
      <trkpt lat="-18.989" lon="16.5585"/>
      <trkpt lat="-18.989" lon="16.5584"/>
      <trkpt lat="-18.989" lon="16.5584"/>
      <trkpt lat="-18.989" lon="16.5583"/>
      <trkpt lat="-18.989" lon="16.5582"/>
      <trkpt lat="-18.9889" lon="16.5581"/>
      <trkpt lat="-18.9887" lon="16.558"/>
      <trkpt lat="-18.9885" lon="16.5579"/>
      <trkpt lat="-18.9884" lon="16.5579"/>
      <trkpt lat="-18.9884" lon="16.5578"/>
      <trkpt lat="-18.9883" lon="16.5576"/>
      <trkpt lat="-18.9882" lon="16.5575"/>
      <trkpt lat="-18.988" lon="16.5572"/>
      <trkpt lat="-18.9879" lon="16.557"/>
      <trkpt lat="-18.9878" lon="16.5569"/>
      <trkpt lat="-18.9878" lon="16.5568"/>
      <trkpt lat="-18.9878" lon="16.5567"/>
      <trkpt lat="-18.9879" lon="16.5565"/>
      <trkpt lat="-18.988" lon="16.5564"/>
      <trkpt lat="-18.9881" lon="16.5564"/>
      <trkpt lat="-18.9883" lon="16.5563"/>
      <trkpt lat="-18.9885" lon="16.5562"/>
      <trkpt lat="-18.9887" lon="16.5562"/>
      <trkpt lat="-18.9888" lon="16.5561"/>
      <trkpt lat="-18.989" lon="16.556"/>
      <trkpt lat="-18.9892" lon="16.556"/>
      <trkpt lat="-18.9895" lon="16.5559"/>
      <trkpt lat="-18.9896" lon="16.5559"/>
      <trkpt lat="-18.9898" lon="16.5558"/>
      <trkpt lat="-18.9899" lon="16.5557"/>
      <trkpt lat="-18.99" lon="16.5556"/>
      <trkpt lat="-18.9901" lon="16.5556"/>
      <trkpt lat="-18.9902" lon="16.5556"/>
      <trkpt lat="-18.9905" lon="16.5557"/>
      <trkpt lat="-18.9907" lon="16.5557"/>
      <trkpt lat="-18.9909" lon="16.5558"/>
      <trkpt lat="-18.9911" lon="16.5558"/>
      <trkpt lat="-18.9912" lon="16.5558"/>
      <trkpt lat="-18.9913" lon="16.5558"/>
      <trkpt lat="-18.9914" lon="16.5559"/>
      <trkpt lat="-18.9914" lon="16.556"/>
      <trkpt lat="-18.9916" lon="16.5562"/>
      <trkpt lat="-18.9916" lon="16.5563"/>
      <trkpt lat="-18.992" lon="16.5565"/>
      <trkpt lat="-18.9924" lon="16.5566"/>
      <trkpt lat="-18.9926" lon="16.5568"/>
      <trkpt lat="-18.9929" lon="16.557"/>
      <trkpt lat="-18.9932" lon="16.5572"/>
      <trkpt lat="-18.9935" lon="16.5574"/>
      <trkpt lat="-18.9937" lon="16.5574"/>
      <trkpt lat="-18.9939" lon="16.5575"/>
      <trkpt lat="-18.9942" lon="16.5575"/>
      <trkpt lat="-18.9953" lon="16.5574"/>
      <trkpt lat="-18.9957" lon="16.5574"/>
      <trkpt lat="-18.9967" lon="16.5573"/>
      <trkpt lat="-18.9968" lon="16.5574"/>
      <trkpt lat="-18.9968" lon="16.5574"/>
      <trkpt lat="-18.9969" lon="16.5575"/>
      <trkpt lat="-18.9969" lon="16.5576"/>
      <trkpt lat="-18.9966" lon="16.5586"/>
      <trkpt lat="-18.9961" lon="16.5599"/>
      <trkpt lat="-18.9958" lon="16.5607"/>
      <trkpt lat="-18.9957" lon="16.5611"/>
      <trkpt lat="-18.9956" lon="16.5616"/>
      <trkpt lat="-18.9956" lon="16.5621"/>
      <trkpt lat="-18.9956" lon="16.5626"/>
      <trkpt lat="-18.9957" lon="16.5639"/>
      <trkpt lat="-18.9956" lon="16.5644"/>
      <trkpt lat="-18.9956" lon="16.565"/>
      <trkpt lat="-18.9953" lon="16.5662"/>
      <trkpt lat="-18.9952" lon="16.5668"/>
      <trkpt lat="-18.9951" lon="16.5675"/>
      <trkpt lat="-18.9951" lon="16.5679"/>
      <trkpt lat="-18.9952" lon="16.5683"/>
      <trkpt lat="-18.9953" lon="16.5688"/>
      <trkpt lat="-18.9955" lon="16.57"/>
      <trkpt lat="-18.9957" lon="16.5704"/>
      <trkpt lat="-18.9961" lon="16.5715"/>
      <trkpt lat="-18.9964" lon="16.5725"/>
      <trkpt lat="-18.9965" lon="16.5731"/>
      <trkpt lat="-18.9967" lon="16.5737"/>
      <trkpt lat="-18.9968" lon="16.5744"/>
      <trkpt lat="-18.9968" lon="16.5747"/>
      <trkpt lat="-18.9967" lon="16.5751"/>
      <trkpt lat="-18.9967" lon="16.5755"/>
      <trkpt lat="-18.9966" lon="16.5758"/>
      <trkpt lat="-18.9967" lon="16.5774"/>
      <trkpt lat="-18.9967" lon="16.5783"/>
      <trkpt lat="-18.9967" lon="16.579"/>
      <trkpt lat="-18.9967" lon="16.5795"/>
      <trkpt lat="-18.9967" lon="16.5797"/>
      <trkpt lat="-18.9972" lon="16.5811"/>
      <trkpt lat="-18.9974" lon="16.5815"/>
      <trkpt lat="-18.9974" lon="16.5818"/>
      <trkpt lat="-18.9975" lon="16.5822"/>
      <trkpt lat="-18.9975" lon="16.583"/>
      <trkpt lat="-18.9974" lon="16.5843"/>
      <trkpt lat="-18.9974" lon="16.5847"/>
      <trkpt lat="-18.9973" lon="16.5851"/>
      <trkpt lat="-18.997" lon="16.5864"/>
      <trkpt lat="-18.9967" lon="16.5879"/>
      <trkpt lat="-18.9964" lon="16.5889"/>
      <trkpt lat="-18.9959" lon="16.5905"/>
      <trkpt lat="-18.9955" lon="16.5919"/>
      <trkpt lat="-18.9951" lon="16.5933"/>
      <trkpt lat="-18.995" lon="16.5939"/>
      <trkpt lat="-18.9948" lon="16.5953"/>
      <trkpt lat="-18.9948" lon="16.5958"/>
      <trkpt lat="-18.9947" lon="16.5975"/>
      <trkpt lat="-18.9947" lon="16.5982"/>
      <trkpt lat="-18.9945" lon="16.6001"/>
      <trkpt lat="-18.9945" lon="16.6007"/>
      <trkpt lat="-18.9944" lon="16.6012"/>
      <trkpt lat="-18.9945" lon="16.6015"/>
      <trkpt lat="-18.9947" lon="16.6024"/>
      <trkpt lat="-18.9947" lon="16.6027"/>
      <trkpt lat="-18.9947" lon="16.6032"/>
      <trkpt lat="-18.9946" lon="16.6046"/>
      <trkpt lat="-18.9946" lon="16.605"/>
      <trkpt lat="-18.9942" lon="16.6069"/>
      <trkpt lat="-18.9942" lon="16.6072"/>
      <trkpt lat="-18.9942" lon="16.6077"/>
      <trkpt lat="-18.9942" lon="16.6081"/>
      <trkpt lat="-18.994" lon="16.6089"/>
      <trkpt lat="-18.9937" lon="16.6097"/>
      <trkpt lat="-18.9933" lon="16.6115"/>
      <trkpt lat="-18.9928" lon="16.6138"/>
      <trkpt lat="-18.9927" lon="16.6143"/>
      <trkpt lat="-18.9926" lon="16.6148"/>
      <trkpt lat="-18.9926" lon="16.6159"/>
      <trkpt lat="-18.9926" lon="16.6168"/>
      <trkpt lat="-18.9926" lon="16.6176"/>
      <trkpt lat="-18.9926" lon="16.6182"/>
      <trkpt lat="-18.9926" lon="16.6186"/>
      <trkpt lat="-18.9925" lon="16.619"/>
      <trkpt lat="-18.9923" lon="16.6198"/>
      <trkpt lat="-18.992" lon="16.6211"/>
      <trkpt lat="-18.9918" lon="16.6217"/>
      <trkpt lat="-18.9916" lon="16.6229"/>
      <trkpt lat="-18.9914" lon="16.6246"/>
      <trkpt lat="-18.9911" lon="16.6259"/>
      <trkpt lat="-18.991" lon="16.6266"/>
      <trkpt lat="-18.9908" lon="16.627"/>
      <trkpt lat="-18.9905" lon="16.6276"/>
      <trkpt lat="-18.9902" lon="16.6283"/>
      <trkpt lat="-18.9897" lon="16.6291"/>
      <trkpt lat="-18.9896" lon="16.6295"/>
      <trkpt lat="-18.9895" lon="16.6298"/>
      <trkpt lat="-18.9894" lon="16.6301"/>
      <trkpt lat="-18.9894" lon="16.6304"/>
      <trkpt lat="-18.9894" lon="16.6308"/>
      <trkpt lat="-18.9896" lon="16.6314"/>
      <trkpt lat="-18.9901" lon="16.633"/>
      <trkpt lat="-18.9903" lon="16.6333"/>
      <trkpt lat="-18.9904" lon="16.6336"/>
      <trkpt lat="-18.9906" lon="16.6338"/>
      <trkpt lat="-18.9908" lon="16.634"/>
      <trkpt lat="-18.9913" lon="16.6343"/>
      <trkpt lat="-18.9916" lon="16.6346"/>
      <trkpt lat="-18.9926" lon="16.6352"/>
      <trkpt lat="-18.9933" lon="16.6357"/>
      <trkpt lat="-18.9937" lon="16.636"/>
      <trkpt lat="-18.994" lon="16.6362"/>
      <trkpt lat="-18.9945" lon="16.6364"/>
      <trkpt lat="-18.9952" lon="16.6367"/>
      <trkpt lat="-18.9958" lon="16.6371"/>
      <trkpt lat="-18.9964" lon="16.6375"/>
      <trkpt lat="-18.9971" lon="16.6381"/>
      <trkpt lat="-18.9978" lon="16.6387"/>
      <trkpt lat="-18.9982" lon="16.6392"/>
      <trkpt lat="-18.9984" lon="16.6396"/>
      <trkpt lat="-18.9985" lon="16.64"/>
      <trkpt lat="-18.9986" lon="16.6403"/>
      <trkpt lat="-18.9988" lon="16.6418"/>
      <trkpt lat="-18.9988" lon="16.6424"/>
      <trkpt lat="-18.9987" lon="16.6431"/>
      <trkpt lat="-18.9986" lon="16.6441"/>
      <trkpt lat="-18.9984" lon="16.645"/>
      <trkpt lat="-18.9983" lon="16.6453"/>
      <trkpt lat="-18.9982" lon="16.6454"/>
      <trkpt lat="-18.9981" lon="16.6456"/>
      <trkpt lat="-18.9979" lon="16.6456"/>
      <trkpt lat="-18.9978" lon="16.6456"/>
      <trkpt lat="-18.9972" lon="16.6456"/>
      <trkpt lat="-18.9969" lon="16.6456"/>
      <trkpt lat="-18.9966" lon="16.6457"/>
      <trkpt lat="-18.9964" lon="16.6458"/>
      <trkpt lat="-18.9962" lon="16.646"/>
      <trkpt lat="-18.9955" lon="16.6468"/>
      <trkpt lat="-18.9952" lon="16.6472"/>
      <trkpt lat="-18.9951" lon="16.6474"/>
      <trkpt lat="-18.9951" lon="16.6476"/>
      <trkpt lat="-18.9951" lon="16.6479"/>
      <trkpt lat="-18.9954" lon="16.6494"/>
      <trkpt lat="-18.9955" lon="16.65"/>
      <trkpt lat="-18.9955" lon="16.6503"/>
      <trkpt lat="-18.9955" lon="16.6506"/>
      <trkpt lat="-18.9954" lon="16.6509"/>
      <trkpt lat="-18.9951" lon="16.6511"/>
      <trkpt lat="-18.9951" lon="16.6512"/>
      <trkpt lat="-18.9946" lon="16.6516"/>
      <trkpt lat="-18.9944" lon="16.6519"/>
      <trkpt lat="-18.994" lon="16.6524"/>
      <trkpt lat="-18.9937" lon="16.6527"/>
      <trkpt lat="-18.9935" lon="16.6529"/>
      <trkpt lat="-18.9923" lon="16.654"/>
      <trkpt lat="-18.9921" lon="16.6542"/>
      <trkpt lat="-18.9921" lon="16.6543"/>
      <trkpt lat="-18.9919" lon="16.6547"/>
      <trkpt lat="-18.9917" lon="16.6551"/>
      <trkpt lat="-18.9909" lon="16.6561"/>
      <trkpt lat="-18.9907" lon="16.6564"/>
      <trkpt lat="-18.9906" lon="16.6566"/>
      <trkpt lat="-18.9902" lon="16.6578"/>
      <trkpt lat="-18.9897" lon="16.6592"/>
      <trkpt lat="-18.989" lon="16.6609"/>
      <trkpt lat="-18.9887" lon="16.6616"/>
      <trkpt lat="-18.9887" lon="16.6617"/>
      <trkpt lat="-18.9885" lon="16.662"/>
      <trkpt lat="-18.9882" lon="16.6625"/>
      <trkpt lat="-18.988" lon="16.6628"/>
      <trkpt lat="-18.9877" lon="16.6631"/>
      <trkpt lat="-18.9874" lon="16.6633"/>
      <trkpt lat="-18.9863" lon="16.6641"/>
      <trkpt lat="-18.9854" lon="16.6647"/>
      <trkpt lat="-18.9851" lon="16.665"/>
      <trkpt lat="-18.9848" lon="16.6652"/>
      <trkpt lat="-18.9835" lon="16.6665"/>
      <trkpt lat="-18.9831" lon="16.6668"/>
      <trkpt lat="-18.9827" lon="16.6671"/>
      <trkpt lat="-18.9824" lon="16.6673"/>
      <trkpt lat="-18.9819" lon="16.6674"/>
      <trkpt lat="-18.9815" lon="16.6677"/>
      <trkpt lat="-18.9812" lon="16.6679"/>
      <trkpt lat="-18.9808" lon="16.6681"/>
      <trkpt lat="-18.9803" lon="16.6682"/>
      <trkpt lat="-18.9796" lon="16.6683"/>
      <trkpt lat="-18.9792" lon="16.6684"/>
      <trkpt lat="-18.978" lon="16.6685"/>
      <trkpt lat="-18.9777" lon="16.6686"/>
      <trkpt lat="-18.9775" lon="16.6686"/>
      <trkpt lat="-18.9774" lon="16.6687"/>
      <trkpt lat="-18.9772" lon="16.6689"/>
      <trkpt lat="-18.977" lon="16.6691"/>
      <trkpt lat="-18.9768" lon="16.6694"/>
      <trkpt lat="-18.9765" lon="16.6696"/>
      <trkpt lat="-18.9763" lon="16.6698"/>
      <trkpt lat="-18.9755" lon="16.6703"/>
      <trkpt lat="-18.9754" lon="16.6704"/>
      <trkpt lat="-18.9753" lon="16.6705"/>
      <trkpt lat="-18.9746" lon="16.6715"/>
      <trkpt lat="-18.9741" lon="16.6722"/>
      <trkpt lat="-18.9739" lon="16.6726"/>
      <trkpt lat="-18.9726" lon="16.6751"/>
      <trkpt lat="-18.9722" lon="16.6757"/>
      <trkpt lat="-18.9714" lon="16.6769"/>
      <trkpt lat="-18.971" lon="16.6775"/>
      <trkpt lat="-18.9702" lon="16.6784"/>
      <trkpt lat="-18.9694" lon="16.6795"/>
      <trkpt lat="-18.9693" lon="16.6796"/>
      <trkpt lat="-18.9691" lon="16.6799"/>
      <trkpt lat="-18.9688" lon="16.6805"/>
      <trkpt lat="-18.9686" lon="16.6808"/>
      <trkpt lat="-18.968" lon="16.6815"/>
      <trkpt lat="-18.9678" lon="16.6817"/>
      <trkpt lat="-18.9668" lon="16.6823"/>
      <trkpt lat="-18.9661" lon="16.6829"/>
      <trkpt lat="-18.9652" lon="16.6837"/>
      <trkpt lat="-18.964" lon="16.6847"/>
      <trkpt lat="-18.9639" lon="16.6848"/>
      <trkpt lat="-18.9636" lon="16.6849"/>
      <trkpt lat="-18.9622" lon="16.6854"/>
      <trkpt lat="-18.9614" lon="16.6858"/>
      <trkpt lat="-18.9611" lon="16.6858"/>
      <trkpt lat="-18.9609" lon="16.6859"/>
      <trkpt lat="-18.9602" lon="16.6859"/>
      <trkpt lat="-18.96" lon="16.6859"/>
      <trkpt lat="-18.959" lon="16.686"/>
      <trkpt lat="-18.9586" lon="16.686"/>
      <trkpt lat="-18.9584" lon="16.6859"/>
      <trkpt lat="-18.9578" lon="16.6857"/>
      <trkpt lat="-18.9576" lon="16.6857"/>
      <trkpt lat="-18.9575" lon="16.6856"/>
      <trkpt lat="-18.9567" lon="16.685"/>
      <trkpt lat="-18.9565" lon="16.6848"/>
      <trkpt lat="-18.956" lon="16.6843"/>
      <trkpt lat="-18.9559" lon="16.6841"/>
      <trkpt lat="-18.9557" lon="16.684"/>
      <trkpt lat="-18.955" lon="16.6837"/>
      <trkpt lat="-18.9543" lon="16.6833"/>
      <trkpt lat="-18.9541" lon="16.6832"/>
      <trkpt lat="-18.954" lon="16.6832"/>
      <trkpt lat="-18.9534" lon="16.6832"/>
      <trkpt lat="-18.9531" lon="16.6832"/>
      <trkpt lat="-18.9523" lon="16.6831"/>
      <trkpt lat="-18.9521" lon="16.6831"/>
      <trkpt lat="-18.9519" lon="16.6831"/>
      <trkpt lat="-18.9517" lon="16.6832"/>
      <trkpt lat="-18.9513" lon="16.6834"/>
      <trkpt lat="-18.9507" lon="16.6835"/>
      <trkpt lat="-18.9501" lon="16.6836"/>
      <trkpt lat="-18.949" lon="16.6837"/>
      <trkpt lat="-18.9479" lon="16.6837"/>
      <trkpt lat="-18.9478" lon="16.6838"/>
      <trkpt lat="-18.9478" lon="16.6838"/>
      <trkpt lat="-18.9477" lon="16.6839"/>
      <trkpt lat="-18.9475" lon="16.6843"/>
      <trkpt lat="-18.9473" lon="16.6845"/>
      <trkpt lat="-18.947" lon="16.6848"/>
      <trkpt lat="-18.9464" lon="16.6854"/>
      <trkpt lat="-18.9461" lon="16.6856"/>
      <trkpt lat="-18.9456" lon="16.686"/>
      <trkpt lat="-18.9454" lon="16.6862"/>
      <trkpt lat="-18.9452" lon="16.6863"/>
      <trkpt lat="-18.9449" lon="16.6868"/>
      <trkpt lat="-18.9444" lon="16.6876"/>
      <trkpt lat="-18.9437" lon="16.6887"/>
      <trkpt lat="-18.9415" lon="16.6923"/>
      <trkpt lat="-18.9408" lon="16.6934"/>
      <trkpt lat="-18.9398" lon="16.6951"/>
      <trkpt lat="-18.9397" lon="16.6952"/>
      <trkpt lat="-18.9388" lon="16.6968"/>
      <trkpt lat="-18.9378" lon="16.6984"/>
      <trkpt lat="-18.9373" lon="16.699"/>
      <trkpt lat="-18.9372" lon="16.6992"/>
      <trkpt lat="-18.9371" lon="16.6993"/>
      <trkpt lat="-18.937" lon="16.6993"/>
      <trkpt lat="-18.9368" lon="16.6994"/>
      <trkpt lat="-18.9367" lon="16.6995"/>
      <trkpt lat="-18.9364" lon="16.6996"/>
      <trkpt lat="-18.9363" lon="16.6997"/>
      <trkpt lat="-18.9361" lon="16.6997"/>
      <trkpt lat="-18.936" lon="16.6997"/>
      <trkpt lat="-18.9358" lon="16.6997"/>
      <trkpt lat="-18.9356" lon="16.6996"/>
      <trkpt lat="-18.9349" lon="16.6994"/>
      <trkpt lat="-18.9342" lon="16.6992"/>
      <trkpt lat="-18.9339" lon="16.6991"/>
      <trkpt lat="-18.9337" lon="16.699"/>
      <trkpt lat="-18.9335" lon="16.699"/>
      <trkpt lat="-18.9332" lon="16.699"/>
      <trkpt lat="-18.933" lon="16.699"/>
      <trkpt lat="-18.9318" lon="16.6993"/>
      <trkpt lat="-18.9315" lon="16.6993"/>
      <trkpt lat="-18.9305" lon="16.6995"/>
      <trkpt lat="-18.9304" lon="16.6996"/>
      <trkpt lat="-18.9302" lon="16.6996"/>
      <trkpt lat="-18.9293" lon="16.7001"/>
      <trkpt lat="-18.9283" lon="16.7006"/>
      <trkpt lat="-18.9278" lon="16.701"/>
      <trkpt lat="-18.9274" lon="16.7014"/>
      <trkpt lat="-18.9272" lon="16.7016"/>
      <trkpt lat="-18.9267" lon="16.7024"/>
      <trkpt lat="-18.9264" lon="16.7031"/>
      <trkpt lat="-18.9263" lon="16.7032"/>
      <trkpt lat="-18.9261" lon="16.7034"/>
      <trkpt lat="-18.9257" lon="16.7038"/>
      <trkpt lat="-18.9253" lon="16.7042"/>
      <trkpt lat="-18.9251" lon="16.7044"/>
      <trkpt lat="-18.9249" lon="16.7047"/>
      <trkpt lat="-18.9244" lon="16.7061"/>
      <trkpt lat="-18.924" lon="16.7067"/>
      <trkpt lat="-18.9235" lon="16.7078"/>
      <trkpt lat="-18.923" lon="16.709"/>
      <trkpt lat="-18.9222" lon="16.7113"/>
      <trkpt lat="-18.9221" lon="16.7114"/>
      <trkpt lat="-18.9212" lon="16.7144"/>
      <trkpt lat="-18.9211" lon="16.7149"/>
      <trkpt lat="-18.9211" lon="16.7156"/>
      <trkpt lat="-18.921" lon="16.7161"/>
      <trkpt lat="-18.9205" lon="16.7188"/>
      <trkpt lat="-18.9196" lon="16.7221"/>
      <trkpt lat="-18.9195" lon="16.7226"/>
      <trkpt lat="-18.9193" lon="16.7229"/>
      <trkpt lat="-18.9189" lon="16.7234"/>
      <trkpt lat="-18.9181" lon="16.724"/>
      <trkpt lat="-18.9172" lon="16.7246"/>
      <trkpt lat="-18.9167" lon="16.725"/>
      <trkpt lat="-18.9162" lon="16.7255"/>
      <trkpt lat="-18.9156" lon="16.7259"/>
      <trkpt lat="-18.9153" lon="16.7261"/>
      <trkpt lat="-18.9144" lon="16.7264"/>
      <trkpt lat="-18.914" lon="16.7267"/>
      <trkpt lat="-18.9136" lon="16.727"/>
      <trkpt lat="-18.9124" lon="16.728"/>
      <trkpt lat="-18.912" lon="16.7283"/>
      <trkpt lat="-18.9113" lon="16.7291"/>
      <trkpt lat="-18.9104" lon="16.73"/>
      <trkpt lat="-18.91" lon="16.7303"/>
      <trkpt lat="-18.9091" lon="16.7311"/>
      <trkpt lat="-18.9086" lon="16.7316"/>
      <trkpt lat="-18.9082" lon="16.732"/>
      <trkpt lat="-18.9078" lon="16.7324"/>
      <trkpt lat="-18.9075" lon="16.7329"/>
      <trkpt lat="-18.9069" lon="16.7338"/>
      <trkpt lat="-18.9066" lon="16.7342"/>
      <trkpt lat="-18.9062" lon="16.7346"/>
      <trkpt lat="-18.9059" lon="16.7349"/>
      <trkpt lat="-18.9045" lon="16.7362"/>
      <trkpt lat="-18.904" lon="16.7366"/>
      <trkpt lat="-18.903" lon="16.7373"/>
      <trkpt lat="-18.9011" lon="16.7387"/>
      <trkpt lat="-18.9007" lon="16.739"/>
      <trkpt lat="-18.9004" lon="16.7391"/>
      <trkpt lat="-18.9001" lon="16.7393"/>
      <trkpt lat="-18.8997" lon="16.7394"/>
      <trkpt lat="-18.899" lon="16.7395"/>
      <trkpt lat="-18.8945" lon="16.7398"/>
      <trkpt lat="-18.894" lon="16.7398"/>
      <trkpt lat="-18.8934" lon="16.7398"/>
      <trkpt lat="-18.8929" lon="16.7398"/>
      <trkpt lat="-18.8924" lon="16.7399"/>
      <trkpt lat="-18.8902" lon="16.7402"/>
      <trkpt lat="-18.8898" lon="16.7403"/>
      <trkpt lat="-18.8894" lon="16.7403"/>
      <trkpt lat="-18.8892" lon="16.7403"/>
      <trkpt lat="-18.8889" lon="16.7404"/>
      <trkpt lat="-18.8885" lon="16.7406"/>
      <trkpt lat="-18.8881" lon="16.7408"/>
      <trkpt lat="-18.8862" lon="16.742"/>
      <trkpt lat="-18.8849" lon="16.7431"/>
      <trkpt lat="-18.8841" lon="16.7437"/>
      <trkpt lat="-18.8834" lon="16.744"/>
      <trkpt lat="-18.8825" lon="16.7444"/>
      <trkpt lat="-18.8819" lon="16.7447"/>
      <trkpt lat="-18.8812" lon="16.7451"/>
      <trkpt lat="-18.8803" lon="16.7456"/>
      <trkpt lat="-18.8794" lon="16.7463"/>
      <trkpt lat="-18.8791" lon="16.7465"/>
      <trkpt lat="-18.8789" lon="16.7467"/>
      <trkpt lat="-18.878" lon="16.7479"/>
      <trkpt lat="-18.8776" lon="16.7484"/>
      <trkpt lat="-18.8761" lon="16.7501"/>
      <trkpt lat="-18.8755" lon="16.7508"/>
      <trkpt lat="-18.8753" lon="16.7511"/>
      <trkpt lat="-18.8751" lon="16.7517"/>
      <trkpt lat="-18.8748" lon="16.7525"/>
      <trkpt lat="-18.8747" lon="16.7527"/>
      <trkpt lat="-18.8745" lon="16.7528"/>
      <trkpt lat="-18.8739" lon="16.7534"/>
      <trkpt lat="-18.8734" lon="16.7541"/>
      <trkpt lat="-18.8732" lon="16.7543"/>
      <trkpt lat="-18.8726" lon="16.7548"/>
      <trkpt lat="-18.8713" lon="16.7556"/>
      <trkpt lat="-18.8711" lon="16.7558"/>
      <trkpt lat="-18.8708" lon="16.7561"/>
      <trkpt lat="-18.8706" lon="16.7564"/>
      <trkpt lat="-18.8698" lon="16.7579"/>
      <trkpt lat="-18.8688" lon="16.7595"/>
      <trkpt lat="-18.8681" lon="16.7607"/>
      <trkpt lat="-18.8673" lon="16.7625"/>
      <trkpt lat="-18.8661" lon="16.7649"/>
      <trkpt lat="-18.866" lon="16.7651"/>
      <trkpt lat="-18.8658" lon="16.7655"/>
      <trkpt lat="-18.8646" lon="16.7685"/>
      <trkpt lat="-18.8631" lon="16.7723"/>
      <trkpt lat="-18.8627" lon="16.7731"/>
      <trkpt lat="-18.8623" lon="16.7745"/>
      <trkpt lat="-18.8621" lon="16.7749"/>
      <trkpt lat="-18.8618" lon="16.7756"/>
      <trkpt lat="-18.8613" lon="16.7766"/>
      <trkpt lat="-18.861" lon="16.7772"/>
      <trkpt lat="-18.8608" lon="16.7777"/>
      <trkpt lat="-18.8607" lon="16.7784"/>
      <trkpt lat="-18.8602" lon="16.7812"/>
      <trkpt lat="-18.8598" lon="16.7829"/>
      <trkpt lat="-18.8596" lon="16.7835"/>
      <trkpt lat="-18.8592" lon="16.7845"/>
      <trkpt lat="-18.8591" lon="16.7849"/>
      <trkpt lat="-18.8582" lon="16.787"/>
      <trkpt lat="-18.8578" lon="16.7878"/>
      <trkpt lat="-18.8578" lon="16.7879"/>
      <trkpt lat="-18.8576" lon="16.7882"/>
      <trkpt lat="-18.8563" lon="16.7899"/>
      <trkpt lat="-18.8557" lon="16.7909"/>
      <trkpt lat="-18.8554" lon="16.7917"/>
      <trkpt lat="-18.8549" lon="16.7927"/>
      <trkpt lat="-18.8547" lon="16.7934"/>
      <trkpt lat="-18.8542" lon="16.7948"/>
      <trkpt lat="-18.854" lon="16.7954"/>
      <trkpt lat="-18.8538" lon="16.7959"/>
      <trkpt lat="-18.8531" lon="16.7976"/>
      <trkpt lat="-18.8526" lon="16.799"/>
      <trkpt lat="-18.852" lon="16.8005"/>
      <trkpt lat="-18.8515" lon="16.8018"/>
      <trkpt lat="-18.8509" lon="16.8035"/>
      <trkpt lat="-18.8504" lon="16.8049"/>
      <trkpt lat="-18.8502" lon="16.8054"/>
      <trkpt lat="-18.8501" lon="16.8056"/>
      <trkpt lat="-18.85" lon="16.8058"/>
      <trkpt lat="-18.85" lon="16.806"/>
      <trkpt lat="-18.85" lon="16.8061"/>
      <trkpt lat="-18.8501" lon="16.8062"/>
      <trkpt lat="-18.8502" lon="16.8066"/>
      <trkpt lat="-18.8503" lon="16.8069"/>
      <trkpt lat="-18.8506" lon="16.8072"/>
      <trkpt lat="-18.8509" lon="16.8075"/>
      <trkpt lat="-18.8513" lon="16.8079"/>
      <trkpt lat="-18.8518" lon="16.8082"/>
      <trkpt lat="-18.8522" lon="16.8085"/>
      <trkpt lat="-18.8525" lon="16.8086"/>
      <trkpt lat="-18.8529" lon="16.8087"/>
      <trkpt lat="-18.8533" lon="16.8087"/>
      <trkpt lat="-18.8539" lon="16.8087"/>
      <trkpt lat="-18.8543" lon="16.8088"/>
      <trkpt lat="-18.8546" lon="16.8088"/>
      <trkpt lat="-18.8548" lon="16.809"/>
      <trkpt lat="-18.855" lon="16.8092"/>
      <trkpt lat="-18.8561" lon="16.8104"/>
      <trkpt lat="-18.8571" lon="16.8116"/>
      <trkpt lat="-18.8585" lon="16.8132"/>
      <trkpt lat="-18.8586" lon="16.8134"/>
      <trkpt lat="-18.8587" lon="16.8136"/>
      <trkpt lat="-18.8588" lon="16.8139"/>
      <trkpt lat="-18.8589" lon="16.8142"/>
      <trkpt lat="-18.8589" lon="16.8149"/>
      <trkpt lat="-18.859" lon="16.8151"/>
      <trkpt lat="-18.859" lon="16.8152"/>
      <trkpt lat="-18.8591" lon="16.8155"/>
      <trkpt lat="-18.8598" lon="16.8168"/>
      <trkpt lat="-18.8608" lon="16.8187"/>
      <trkpt lat="-18.8611" lon="16.8192"/>
      <trkpt lat="-18.8613" lon="16.8196"/>
      <trkpt lat="-18.8615" lon="16.8199"/>
      <trkpt lat="-18.8618" lon="16.8202"/>
      <trkpt lat="-18.8622" lon="16.8206"/>
      <trkpt lat="-18.863" lon="16.8214"/>
      <trkpt lat="-18.8633" lon="16.8217"/>
      <trkpt lat="-18.8645" lon="16.8234"/>
      <trkpt lat="-18.865" lon="16.8239"/>
      <trkpt lat="-18.8653" lon="16.8243"/>
      <trkpt lat="-18.8657" lon="16.8247"/>
      <trkpt lat="-18.8658" lon="16.8249"/>
      <trkpt lat="-18.866" lon="16.8251"/>
      <trkpt lat="-18.866" lon="16.8253"/>
      <trkpt lat="-18.8661" lon="16.8256"/>
      <trkpt lat="-18.8662" lon="16.8259"/>
      <trkpt lat="-18.8663" lon="16.8265"/>
      <trkpt lat="-18.8663" lon="16.827"/>
      <trkpt lat="-18.8664" lon="16.8275"/>
      <trkpt lat="-18.8665" lon="16.8278"/>
      <trkpt lat="-18.8666" lon="16.828"/>
      <trkpt lat="-18.8667" lon="16.8281"/>
      <trkpt lat="-18.867" lon="16.8284"/>
      <trkpt lat="-18.8673" lon="16.8288"/>
      <trkpt lat="-18.8675" lon="16.829"/>
      <trkpt lat="-18.8676" lon="16.8292"/>
      <trkpt lat="-18.8676" lon="16.8294"/>
      <trkpt lat="-18.8676" lon="16.8296"/>
      <trkpt lat="-18.8676" lon="16.8298"/>
      <trkpt lat="-18.8676" lon="16.8301"/>
      <trkpt lat="-18.8675" lon="16.8302"/>
      <trkpt lat="-18.8674" lon="16.8305"/>
      <trkpt lat="-18.8673" lon="16.8307"/>
      <trkpt lat="-18.867" lon="16.8309"/>
      <trkpt lat="-18.8666" lon="16.8314"/>
      <trkpt lat="-18.8663" lon="16.8318"/>
      <trkpt lat="-18.866" lon="16.832"/>
      <trkpt lat="-18.8657" lon="16.8322"/>
      <trkpt lat="-18.8655" lon="16.8323"/>
      <trkpt lat="-18.865" lon="16.8325"/>
      <trkpt lat="-18.8644" lon="16.8328"/>
      <trkpt lat="-18.8633" lon="16.8331"/>
      <trkpt lat="-18.863" lon="16.8333"/>
      <trkpt lat="-18.8629" lon="16.8333"/>
      <trkpt lat="-18.8628" lon="16.8334"/>
      <trkpt lat="-18.8626" lon="16.8335"/>
      <trkpt lat="-18.8616" lon="16.8347"/>
      <trkpt lat="-18.8614" lon="16.835"/>
      <trkpt lat="-18.8612" lon="16.8352"/>
      <trkpt lat="-18.8609" lon="16.8356"/>
      <trkpt lat="-18.8603" lon="16.8368"/>
      <trkpt lat="-18.8597" lon="16.8377"/>
      <trkpt lat="-18.8595" lon="16.8381"/>
      <trkpt lat="-18.8593" lon="16.8383"/>
      <trkpt lat="-18.8592" lon="16.8388"/>
      <trkpt lat="-18.8587" lon="16.8401"/>
      <trkpt lat="-18.8581" lon="16.8415"/>
      <trkpt lat="-18.8577" lon="16.8423"/>
      <trkpt lat="-18.8576" lon="16.8426"/>
      <trkpt lat="-18.8574" lon="16.8428"/>
      <trkpt lat="-18.8572" lon="16.8429"/>
      <trkpt lat="-18.857" lon="16.8431"/>
      <trkpt lat="-18.8567" lon="16.8432"/>
      <trkpt lat="-18.8565" lon="16.8433"/>
      <trkpt lat="-18.8563" lon="16.8434"/>
      <trkpt lat="-18.8561" lon="16.8434"/>
      <trkpt lat="-18.8555" lon="16.8436"/>
      <trkpt lat="-18.8546" lon="16.8438"/>
      <trkpt lat="-18.854" lon="16.8439"/>
      <trkpt lat="-18.8538" lon="16.844"/>
      <trkpt lat="-18.8536" lon="16.8441"/>
      <trkpt lat="-18.8534" lon="16.8442"/>
      <trkpt lat="-18.8531" lon="16.8444"/>
      <trkpt lat="-18.8521" lon="16.8451"/>
      <trkpt lat="-18.8514" lon="16.8457"/>
      <trkpt lat="-18.8512" lon="16.8459"/>
      <trkpt lat="-18.8505" lon="16.8466"/>
      <trkpt lat="-18.8503" lon="16.8469"/>
      <trkpt lat="-18.8501" lon="16.8471"/>
      <trkpt lat="-18.8499" lon="16.8472"/>
      <trkpt lat="-18.8494" lon="16.8474"/>
      <trkpt lat="-18.8491" lon="16.8476"/>
      <trkpt lat="-18.8486" lon="16.8478"/>
      <trkpt lat="-18.8482" lon="16.8479"/>
      <trkpt lat="-18.8478" lon="16.848"/>
      <trkpt lat="-18.8473" lon="16.848"/>
      <trkpt lat="-18.8464" lon="16.8481"/>
      <trkpt lat="-18.8459" lon="16.8482"/>
      <trkpt lat="-18.8453" lon="16.8484"/>
      <trkpt lat="-18.8449" lon="16.8485"/>
      <trkpt lat="-18.8441" lon="16.8487"/>
      <trkpt lat="-18.843" lon="16.8492"/>
      <trkpt lat="-18.8425" lon="16.8494"/>
      <trkpt lat="-18.8419" lon="16.8497"/>
      <trkpt lat="-18.8415" lon="16.8499"/>
      <trkpt lat="-18.8409" lon="16.8502"/>
      <trkpt lat="-18.8407" lon="16.8504"/>
      <trkpt lat="-18.8406" lon="16.8505"/>
      <trkpt lat="-18.8402" lon="16.851"/>
      <trkpt lat="-18.8397" lon="16.8516"/>
      <trkpt lat="-18.8386" lon="16.853"/>
      <trkpt lat="-18.8382" lon="16.8535"/>
      <trkpt lat="-18.8376" lon="16.8543"/>
      <trkpt lat="-18.8374" lon="16.8546"/>
      <trkpt lat="-18.8372" lon="16.855"/>
      <trkpt lat="-18.8371" lon="16.8553"/>
      <trkpt lat="-18.8371" lon="16.8555"/>
      <trkpt lat="-18.8369" lon="16.857"/>
      <trkpt lat="-18.8369" lon="16.8573"/>
      <trkpt lat="-18.8369" lon="16.8577"/>
      <trkpt lat="-18.837" lon="16.8583"/>
      <trkpt lat="-18.837" lon="16.8586"/>
      <trkpt lat="-18.837" lon="16.8599"/>
      <trkpt lat="-18.837" lon="16.8604"/>
      <trkpt lat="-18.8371" lon="16.8607"/>
      <trkpt lat="-18.8371" lon="16.861"/>
      <trkpt lat="-18.8372" lon="16.8614"/>
      <trkpt lat="-18.8374" lon="16.8621"/>
      <trkpt lat="-18.8376" lon="16.8626"/>
      <trkpt lat="-18.8379" lon="16.8633"/>
      <trkpt lat="-18.838" lon="16.8637"/>
      <trkpt lat="-18.8382" lon="16.864"/>
      <trkpt lat="-18.8385" lon="16.8644"/>
      <trkpt lat="-18.8388" lon="16.8647"/>
      <trkpt lat="-18.84" lon="16.8659"/>
      <trkpt lat="-18.8404" lon="16.8663"/>
      <trkpt lat="-18.8406" lon="16.8665"/>
      <trkpt lat="-18.8409" lon="16.8667"/>
      <trkpt lat="-18.8416" lon="16.8672"/>
      <trkpt lat="-18.8425" lon="16.868"/>
      <trkpt lat="-18.8437" lon="16.869"/>
      <trkpt lat="-18.8454" lon="16.8703"/>
      <trkpt lat="-18.8468" lon="16.8715"/>
      <trkpt lat="-18.8484" lon="16.8726"/>
      <trkpt lat="-18.8496" lon="16.8736"/>
      <trkpt lat="-18.8509" lon="16.8746"/>
      <trkpt lat="-18.8515" lon="16.8751"/>
      <trkpt lat="-18.8519" lon="16.8754"/>
      <trkpt lat="-18.8523" lon="16.8758"/>
      <trkpt lat="-18.8528" lon="16.8764"/>
      <trkpt lat="-18.8534" lon="16.877"/>
      <trkpt lat="-18.8538" lon="16.8775"/>
      <trkpt lat="-18.8542" lon="16.8781"/>
      <trkpt lat="-18.8546" lon="16.8786"/>
      <trkpt lat="-18.8549" lon="16.879"/>
      <trkpt lat="-18.8552" lon="16.8796"/>
      <trkpt lat="-18.8557" lon="16.8806"/>
      <trkpt lat="-18.8559" lon="16.881"/>
      <trkpt lat="-18.8561" lon="16.8816"/>
      <trkpt lat="-18.8562" lon="16.882"/>
      <trkpt lat="-18.8563" lon="16.8824"/>
      <trkpt lat="-18.8563" lon="16.8828"/>
      <trkpt lat="-18.8564" lon="16.8838"/>
      <trkpt lat="-18.8564" lon="16.8849"/>
      <trkpt lat="-18.8564" lon="16.8856"/>
      <trkpt lat="-18.8564" lon="16.8869"/>
      <trkpt lat="-18.8564" lon="16.8874"/>
      <trkpt lat="-18.8563" lon="16.8878"/>
      <trkpt lat="-18.8563" lon="16.8881"/>
      <trkpt lat="-18.8562" lon="16.8885"/>
      <trkpt lat="-18.8561" lon="16.8889"/>
      <trkpt lat="-18.856" lon="16.8892"/>
      <trkpt lat="-18.8555" lon="16.8902"/>
      <trkpt lat="-18.8552" lon="16.8907"/>
      <trkpt lat="-18.855" lon="16.891"/>
      <trkpt lat="-18.8549" lon="16.8912"/>
      <trkpt lat="-18.8546" lon="16.8915"/>
      <trkpt lat="-18.8543" lon="16.8919"/>
      <trkpt lat="-18.8535" lon="16.8927"/>
      <trkpt lat="-18.8526" lon="16.8936"/>
      <trkpt lat="-18.8516" lon="16.8947"/>
      <trkpt lat="-18.8503" lon="16.8961"/>
      <trkpt lat="-18.8493" lon="16.8971"/>
      <trkpt lat="-18.8485" lon="16.8979"/>
      <trkpt lat="-18.8478" lon="16.8986"/>
      <trkpt lat="-18.8474" lon="16.8989"/>
      <trkpt lat="-18.8448" lon="16.9011"/>
      <trkpt lat="-18.8433" lon="16.9023"/>
      <trkpt lat="-18.8429" lon="16.9026"/>
      <trkpt lat="-18.8424" lon="16.9031"/>
      <trkpt lat="-18.8417" lon="16.904"/>
      <trkpt lat="-18.8413" lon="16.9044"/>
      <trkpt lat="-18.8414" lon="16.9045"/>
      <trkpt lat="-18.8415" lon="16.9045"/>
      <trkpt lat="-18.8416" lon="16.9046"/>
      <trkpt lat="-18.8416" lon="16.9047"/>
      <trkpt lat="-18.8416" lon="16.9048"/>
      <trkpt lat="-18.8416" lon="16.9052"/>
      <trkpt lat="-18.8417" lon="16.9057"/>
      <trkpt lat="-18.8417" lon="16.9061"/>
      <trkpt lat="-18.8419" lon="16.9069"/>
      <trkpt lat="-18.8424" lon="16.9085"/>
      <trkpt lat="-18.8429" lon="16.9104"/>
      <trkpt lat="-18.843" lon="16.9109"/>
      <trkpt lat="-18.843" lon="16.9116"/>
      <trkpt lat="-18.8431" lon="16.912"/>
      <trkpt lat="-18.8432" lon="16.9136"/>
      <trkpt lat="-18.8432" lon="16.9144"/>
      <trkpt lat="-18.8433" lon="16.9149"/>
      <trkpt lat="-18.8434" lon="16.9153"/>
      <trkpt lat="-18.8438" lon="16.9173"/>
      <trkpt lat="-18.8441" lon="16.9185"/>
      <trkpt lat="-18.8443" lon="16.9192"/>
      <trkpt lat="-18.8444" lon="16.9195"/>
      <trkpt lat="-18.8445" lon="16.9198"/>
      <trkpt lat="-18.8446" lon="16.92"/>
      <trkpt lat="-18.8448" lon="16.9203"/>
      <trkpt lat="-18.8451" lon="16.9206"/>
      <trkpt lat="-18.8454" lon="16.9209"/>
      <trkpt lat="-18.8457" lon="16.9212"/>
      <trkpt lat="-18.8457" lon="16.9212"/>
      <trkpt lat="-18.8454" lon="16.9209"/>
      <trkpt lat="-18.8451" lon="16.9206"/>
      <trkpt lat="-18.8448" lon="16.9203"/>
      <trkpt lat="-18.8446" lon="16.92"/>
      <trkpt lat="-18.8445" lon="16.9198"/>
      <trkpt lat="-18.8444" lon="16.9195"/>
      <trkpt lat="-18.8443" lon="16.9192"/>
      <trkpt lat="-18.8441" lon="16.9185"/>
      <trkpt lat="-18.8438" lon="16.9173"/>
      <trkpt lat="-18.8434" lon="16.9153"/>
      <trkpt lat="-18.8433" lon="16.9149"/>
      <trkpt lat="-18.8432" lon="16.9144"/>
      <trkpt lat="-18.8432" lon="16.9136"/>
      <trkpt lat="-18.8431" lon="16.912"/>
      <trkpt lat="-18.843" lon="16.9116"/>
      <trkpt lat="-18.843" lon="16.9109"/>
      <trkpt lat="-18.8429" lon="16.9104"/>
      <trkpt lat="-18.8424" lon="16.9085"/>
      <trkpt lat="-18.8419" lon="16.9069"/>
      <trkpt lat="-18.8417" lon="16.9061"/>
      <trkpt lat="-18.8417" lon="16.9057"/>
      <trkpt lat="-18.8416" lon="16.9052"/>
      <trkpt lat="-18.8416" lon="16.9048"/>
      <trkpt lat="-18.8416" lon="16.9047"/>
      <trkpt lat="-18.8416" lon="16.9046"/>
      <trkpt lat="-18.8415" lon="16.9045"/>
      <trkpt lat="-18.8414" lon="16.9045"/>
      <trkpt lat="-18.8413" lon="16.9044"/>
      <trkpt lat="-18.8406" lon="16.9054"/>
      <trkpt lat="-18.8397" lon="16.9065"/>
      <trkpt lat="-18.8388" lon="16.9077"/>
      <trkpt lat="-18.8375" lon="16.9095"/>
      <trkpt lat="-18.8364" lon="16.911"/>
      <trkpt lat="-18.835" lon="16.913"/>
      <trkpt lat="-18.8333" lon="16.9154"/>
      <trkpt lat="-18.8305" lon="16.9191"/>
      <trkpt lat="-18.8295" lon="16.9206"/>
      <trkpt lat="-18.8274" lon="16.9234"/>
      <trkpt lat="-18.8261" lon="16.9251"/>
      <trkpt lat="-18.8254" lon="16.9262"/>
      <trkpt lat="-18.8249" lon="16.9267"/>
      <trkpt lat="-18.8246" lon="16.9268"/>
      <trkpt lat="-18.8243" lon="16.927"/>
      <trkpt lat="-18.8233" lon="16.9273"/>
      <trkpt lat="-18.8232" lon="16.9274"/>
      <trkpt lat="-18.823" lon="16.9275"/>
      <trkpt lat="-18.8221" lon="16.9283"/>
      <trkpt lat="-18.8218" lon="16.9286"/>
      <trkpt lat="-18.8206" lon="16.9299"/>
      <trkpt lat="-18.8204" lon="16.9301"/>
      <trkpt lat="-18.8203" lon="16.9302"/>
      <trkpt lat="-18.8195" lon="16.9308"/>
      <trkpt lat="-18.8156" lon="16.9336"/>
      <trkpt lat="-18.8131" lon="16.9353"/>
      <trkpt lat="-18.8129" lon="16.9356"/>
      <trkpt lat="-18.8128" lon="16.9357"/>
      <trkpt lat="-18.8127" lon="16.9359"/>
      <trkpt lat="-18.8126" lon="16.9362"/>
      <trkpt lat="-18.8124" lon="16.9368"/>
      <trkpt lat="-18.8123" lon="16.9372"/>
      <trkpt lat="-18.8122" lon="16.9382"/>
      <trkpt lat="-18.8121" lon="16.9384"/>
      <trkpt lat="-18.8121" lon="16.9386"/>
      <trkpt lat="-18.812" lon="16.9389"/>
      <trkpt lat="-18.812" lon="16.939"/>
      <trkpt lat="-18.8119" lon="16.9392"/>
      <trkpt lat="-18.8116" lon="16.9398"/>
      <trkpt lat="-18.8113" lon="16.9404"/>
      <trkpt lat="-18.8112" lon="16.9407"/>
      <trkpt lat="-18.8107" lon="16.9415"/>
      <trkpt lat="-18.8106" lon="16.9414"/>
      <trkpt lat="-18.8103" lon="16.9413"/>
      <trkpt lat="-18.8099" lon="16.941"/>
      <trkpt lat="-18.8099" lon="16.941"/>
      <trkpt lat="-18.8097" lon="16.9409"/>
      <trkpt lat="-18.8094" lon="16.9407"/>
      <trkpt lat="-18.8091" lon="16.9405"/>
      <trkpt lat="-18.8089" lon="16.9404"/>
      <trkpt lat="-18.8088" lon="16.9404"/>
      <trkpt lat="-18.8087" lon="16.9404"/>
      <trkpt lat="-18.8087" lon="16.9404"/>
      <trkpt lat="-18.8087" lon="16.9404"/>
      <trkpt lat="-18.8085" lon="16.9406"/>
      <trkpt lat="-18.8081" lon="16.941"/>
      <trkpt lat="-18.808" lon="16.9411"/>
      <trkpt lat="-18.8079" lon="16.9412"/>
      <trkpt lat="-18.8079" lon="16.9413"/>
      <trkpt lat="-18.8079" lon="16.9414"/>
      <trkpt lat="-18.8078" lon="16.9415"/>
      <trkpt lat="-18.8078" lon="16.9416"/>
      <trkpt lat="-18.8078" lon="16.9418"/>
      <trkpt lat="-18.8077" lon="16.9419"/>
      <trkpt lat="-18.8077" lon="16.942"/>
      <trkpt lat="-18.8077" lon="16.9421"/>
      <trkpt lat="-18.8076" lon="16.9422"/>
      <trkpt lat="-18.8076" lon="16.9422"/>
      <trkpt lat="-18.8075" lon="16.9423"/>
      <trkpt lat="-18.8074" lon="16.9423"/>
      <trkpt lat="-18.8073" lon="16.9423"/>
      <trkpt lat="-18.8072" lon="16.9423"/>
      <trkpt lat="-18.8071" lon="16.9422"/>
      <trkpt lat="-18.8068" lon="16.9421"/>
      <trkpt lat="-18.8067" lon="16.9421"/>
      <trkpt lat="-18.8066" lon="16.942"/>
      <trkpt lat="-18.8066" lon="16.942"/>
      <trkpt lat="-18.8065" lon="16.9419"/>
      <trkpt lat="-18.8065" lon="16.9419"/>
      <trkpt lat="-18.8064" lon="16.9418"/>
      <trkpt lat="-18.8063" lon="16.9416"/>
      <trkpt lat="-18.8062" lon="16.9415"/>
      <trkpt lat="-18.8062" lon="16.9415"/>
      <trkpt lat="-18.8062" lon="16.9414"/>
      <trkpt lat="-18.8061" lon="16.9414"/>
      <trkpt lat="-18.8061" lon="16.9414"/>
      <trkpt lat="-18.806" lon="16.9414"/>
      <trkpt lat="-18.8059" lon="16.9413"/>
      <trkpt lat="-18.8058" lon="16.9413"/>
      <trkpt lat="-18.8058" lon="16.9411"/>
      <trkpt lat="-18.8058" lon="16.9411"/>
      <trkpt lat="-18.8058" lon="16.9411"/>
      <trkpt lat="-18.8058" lon="16.941"/>
      <trkpt lat="-18.8057" lon="16.941"/>
      <trkpt lat="-18.8057" lon="16.941"/>
      <trkpt lat="-18.8055" lon="16.9409"/>
      <trkpt lat="-18.8054" lon="16.9409"/>
      <trkpt lat="-18.8053" lon="16.9408"/>
      <trkpt lat="-18.8052" lon="16.9408"/>
      <trkpt lat="-18.8052" lon="16.9407"/>
      <trkpt lat="-18.8051" lon="16.9406"/>
      <trkpt lat="-18.805" lon="16.9406"/>
      <trkpt lat="-18.8049" lon="16.9405"/>
      <trkpt lat="-18.8048" lon="16.9404"/>
      <trkpt lat="-18.8047" lon="16.9404"/>
      <trkpt lat="-18.8046" lon="16.9404"/>
      <trkpt lat="-18.8045" lon="16.9403"/>
      <trkpt lat="-18.8044" lon="16.9403"/>
      <trkpt lat="-18.8044" lon="16.9402"/>
      <trkpt lat="-18.8044" lon="16.9402"/>
      <trkpt lat="-18.8044" lon="16.9402"/>
      <trkpt lat="-18.8044" lon="16.9401"/>
      <trkpt lat="-18.8044" lon="16.94"/>
      <trkpt lat="-18.8044" lon="16.9399"/>
      <trkpt lat="-18.8043" lon="16.9397"/>
      <trkpt lat="-18.8042" lon="16.9397"/>
      <trkpt lat="-18.8042" lon="16.9396"/>
      <trkpt lat="-18.8042" lon="16.9396"/>
      <trkpt lat="-18.8042" lon="16.9396"/>
      <trkpt lat="-18.8043" lon="16.9396"/>
      <trkpt lat="-18.8043" lon="16.9395"/>
      <trkpt lat="-18.8043" lon="16.9395"/>
      <trkpt lat="-18.8044" lon="16.9395"/>
      <trkpt lat="-18.8044" lon="16.9395"/>
      <trkpt lat="-18.8044" lon="16.9395"/>
      <trkpt lat="-18.8043" lon="16.9395"/>
      <trkpt lat="-18.8043" lon="16.9395"/>
      <trkpt lat="-18.8043" lon="16.9396"/>
      <trkpt lat="-18.8042" lon="16.9396"/>
      <trkpt lat="-18.8042" lon="16.9396"/>
      <trkpt lat="-18.8042" lon="16.9396"/>
      <trkpt lat="-18.8042" lon="16.9397"/>
      <trkpt lat="-18.8043" lon="16.9397"/>
      <trkpt lat="-18.8044" lon="16.9399"/>
      <trkpt lat="-18.8044" lon="16.94"/>
      <trkpt lat="-18.8044" lon="16.9401"/>
      <trkpt lat="-18.8044" lon="16.9402"/>
      <trkpt lat="-18.8044" lon="16.9402"/>
      <trkpt lat="-18.8044" lon="16.9402"/>
      <trkpt lat="-18.8044" lon="16.9403"/>
      <trkpt lat="-18.8045" lon="16.9403"/>
      <trkpt lat="-18.8046" lon="16.9404"/>
      <trkpt lat="-18.8047" lon="16.9404"/>
      <trkpt lat="-18.8048" lon="16.9404"/>
      <trkpt lat="-18.8049" lon="16.9405"/>
      <trkpt lat="-18.805" lon="16.9406"/>
      <trkpt lat="-18.8051" lon="16.9406"/>
      <trkpt lat="-18.8052" lon="16.9407"/>
      <trkpt lat="-18.8052" lon="16.9408"/>
      <trkpt lat="-18.8053" lon="16.9408"/>
      <trkpt lat="-18.8054" lon="16.9409"/>
      <trkpt lat="-18.8055" lon="16.9409"/>
      <trkpt lat="-18.8057" lon="16.941"/>
      <trkpt lat="-18.8058" lon="16.941"/>
      <trkpt lat="-18.8058" lon="16.9411"/>
      <trkpt lat="-18.8058" lon="16.9411"/>
      <trkpt lat="-18.8058" lon="16.9411"/>
      <trkpt lat="-18.8058" lon="16.9413"/>
      <trkpt lat="-18.8059" lon="16.9413"/>
      <trkpt lat="-18.806" lon="16.9414"/>
      <trkpt lat="-18.8061" lon="16.9414"/>
      <trkpt lat="-18.8061" lon="16.9414"/>
      <trkpt lat="-18.8062" lon="16.9414"/>
      <trkpt lat="-18.8062" lon="16.9415"/>
      <trkpt lat="-18.8062" lon="16.9415"/>
      <trkpt lat="-18.8063" lon="16.9416"/>
      <trkpt lat="-18.8064" lon="16.9418"/>
      <trkpt lat="-18.8065" lon="16.9419"/>
      <trkpt lat="-18.8065" lon="16.9419"/>
      <trkpt lat="-18.8066" lon="16.942"/>
      <trkpt lat="-18.8066" lon="16.942"/>
      <trkpt lat="-18.8067" lon="16.9421"/>
      <trkpt lat="-18.8068" lon="16.9421"/>
      <trkpt lat="-18.8071" lon="16.9422"/>
      <trkpt lat="-18.8072" lon="16.9423"/>
      <trkpt lat="-18.8073" lon="16.9423"/>
      <trkpt lat="-18.8074" lon="16.9423"/>
      <trkpt lat="-18.8075" lon="16.9423"/>
      <trkpt lat="-18.8076" lon="16.9422"/>
      <trkpt lat="-18.8076" lon="16.9422"/>
      <trkpt lat="-18.8077" lon="16.9421"/>
      <trkpt lat="-18.8077" lon="16.942"/>
      <trkpt lat="-18.8077" lon="16.9419"/>
      <trkpt lat="-18.8078" lon="16.9418"/>
      <trkpt lat="-18.8078" lon="16.9416"/>
      <trkpt lat="-18.8078" lon="16.9415"/>
      <trkpt lat="-18.8079" lon="16.9414"/>
      <trkpt lat="-18.8079" lon="16.9413"/>
      <trkpt lat="-18.8079" lon="16.9412"/>
      <trkpt lat="-18.808" lon="16.9411"/>
      <trkpt lat="-18.8081" lon="16.941"/>
      <trkpt lat="-18.8085" lon="16.9406"/>
      <trkpt lat="-18.8087" lon="16.9404"/>
      <trkpt lat="-18.8087" lon="16.9404"/>
      <trkpt lat="-18.8087" lon="16.9404"/>
      <trkpt lat="-18.8088" lon="16.9404"/>
      <trkpt lat="-18.8089" lon="16.9404"/>
      <trkpt lat="-18.8091" lon="16.9405"/>
      <trkpt lat="-18.8094" lon="16.9407"/>
      <trkpt lat="-18.8097" lon="16.9409"/>
      <trkpt lat="-18.8099" lon="16.941"/>
      <trkpt lat="-18.8099" lon="16.941"/>
      <trkpt lat="-18.8103" lon="16.9413"/>
      <trkpt lat="-18.8106" lon="16.9414"/>
      <trkpt lat="-18.8107" lon="16.9415"/>
      <trkpt lat="-18.8141" lon="16.9434"/>
      <trkpt lat="-18.8176" lon="16.9455"/>
      <trkpt lat="-18.8182" lon="16.9458"/>
      <trkpt lat="-18.8184" lon="16.9459"/>
      <trkpt lat="-18.8185" lon="16.9461"/>
      <trkpt lat="-18.8187" lon="16.9463"/>
      <trkpt lat="-18.8188" lon="16.9465"/>
      <trkpt lat="-18.8188" lon="16.9467"/>
      <trkpt lat="-18.8189" lon="16.9469"/>
      <trkpt lat="-18.8189" lon="16.9471"/>
      <trkpt lat="-18.8188" lon="16.9474"/>
      <trkpt lat="-18.8185" lon="16.9491"/>
      <trkpt lat="-18.8185" lon="16.9494"/>
      <trkpt lat="-18.8181" lon="16.9519"/>
      <trkpt lat="-18.8177" lon="16.9545"/>
      <trkpt lat="-18.8155" lon="16.9681"/>
      <trkpt lat="-18.8128" lon="16.9849"/>
      <trkpt lat="-18.8097" lon="17.0043"/>
      <trkpt lat="-18.8072" lon="17.0195"/>
      <trkpt lat="-18.8037" lon="17.0412"/>
      <trkpt lat="-18.8036" lon="17.0418"/>
      <trkpt lat="-18.8035" lon="17.0426"/>
      <trkpt lat="-18.8035" lon="17.0427"/>
      <trkpt lat="-18.8035" lon="17.0428"/>
      <trkpt lat="-18.8034" lon="17.0429"/>
      <trkpt lat="-18.8034" lon="17.043"/>
      <trkpt lat="-18.8034" lon="17.0433"/>
      <trkpt lat="-18.8034" lon="17.0433"/>
      <trkpt lat="-18.8034" lon="17.0436"/>
      <trkpt lat="-18.8034" lon="17.0437"/>
      <trkpt lat="-18.8034" lon="17.0438"/>
      <trkpt lat="-18.8034" lon="17.0443"/>
      <trkpt lat="-18.8034" lon="17.0454"/>
      <trkpt lat="-18.803" lon="17.0454"/>
      <trkpt lat="-18.803" lon="17.0454"/>
      <trkpt lat="-18.8029" lon="17.0455"/>
      <trkpt lat="-18.8025" lon="17.0457"/>
      <trkpt lat="-18.8022" lon="17.0458"/>
      <trkpt lat="-18.8019" lon="17.0458"/>
      <trkpt lat="-18.8017" lon="17.0457"/>
      <trkpt lat="-18.8015" lon="17.0457"/>
      <trkpt lat="-18.8015" lon="17.0459"/>
      <trkpt lat="-18.8014" lon="17.046"/>
      <trkpt lat="-18.8012" lon="17.0461"/>
      <trkpt lat="-18.8008" lon="17.0462"/>
      <trkpt lat="-18.8007" lon="17.0462"/>
      <trkpt lat="-18.8004" lon="17.0458"/>
      <trkpt lat="-18.8003" lon="17.0456"/>
      <trkpt lat="-18.7993" lon="17.0451"/>
      <trkpt lat="-18.7992" lon="17.0451"/>
      <trkpt lat="-18.799" lon="17.0451"/>
      <trkpt lat="-18.7989" lon="17.0452"/>
      <trkpt lat="-18.7989" lon="17.047"/>
      <trkpt lat="-18.7984" lon="17.0479"/>
      <trkpt lat="-18.795" lon="17.0505"/>
      <trkpt lat="-18.785" lon="17.0577"/>
      <trkpt lat="-18.7826" lon="17.0595"/>
      <trkpt lat="-18.782" lon="17.0599"/>
      <trkpt lat="-18.7817" lon="17.0594"/>
      <trkpt lat="-18.7817" lon="17.0593"/>
    </trkseg>
  </trk>
  <trk>
    <name>D12 · Etosha este desde Onguma: Fischer's Pan</name>
    <desc>12 nov · 70 km · ~2.8 h</desc>
    <trkseg>
      <trkpt lat="-18.7817" lon="17.0593"/>
      <trkpt lat="-18.7817" lon="17.0594"/>
      <trkpt lat="-18.782" lon="17.0599"/>
      <trkpt lat="-18.7826" lon="17.0595"/>
      <trkpt lat="-18.785" lon="17.0577"/>
      <trkpt lat="-18.795" lon="17.0505"/>
      <trkpt lat="-18.7984" lon="17.0479"/>
      <trkpt lat="-18.7989" lon="17.047"/>
      <trkpt lat="-18.7989" lon="17.0452"/>
      <trkpt lat="-18.799" lon="17.0451"/>
      <trkpt lat="-18.7992" lon="17.0451"/>
      <trkpt lat="-18.7993" lon="17.0451"/>
      <trkpt lat="-18.8003" lon="17.0456"/>
      <trkpt lat="-18.8004" lon="17.0458"/>
      <trkpt lat="-18.8007" lon="17.0462"/>
      <trkpt lat="-18.8008" lon="17.0462"/>
      <trkpt lat="-18.8012" lon="17.0461"/>
      <trkpt lat="-18.8014" lon="17.046"/>
      <trkpt lat="-18.8015" lon="17.0459"/>
      <trkpt lat="-18.8015" lon="17.0457"/>
      <trkpt lat="-18.8017" lon="17.0457"/>
      <trkpt lat="-18.8019" lon="17.0458"/>
      <trkpt lat="-18.8022" lon="17.0458"/>
      <trkpt lat="-18.8025" lon="17.0457"/>
      <trkpt lat="-18.8029" lon="17.0455"/>
      <trkpt lat="-18.803" lon="17.0454"/>
      <trkpt lat="-18.803" lon="17.0454"/>
      <trkpt lat="-18.8034" lon="17.0454"/>
      <trkpt lat="-18.8034" lon="17.0443"/>
      <trkpt lat="-18.8034" lon="17.0438"/>
      <trkpt lat="-18.8034" lon="17.0437"/>
      <trkpt lat="-18.8034" lon="17.0437"/>
      <trkpt lat="-18.8034" lon="17.0433"/>
      <trkpt lat="-18.8035" lon="17.043"/>
      <trkpt lat="-18.8035" lon="17.0429"/>
      <trkpt lat="-18.8035" lon="17.0428"/>
      <trkpt lat="-18.8034" lon="17.0429"/>
      <trkpt lat="-18.8034" lon="17.043"/>
      <trkpt lat="-18.8034" lon="17.0433"/>
      <trkpt lat="-18.8034" lon="17.0433"/>
      <trkpt lat="-18.8034" lon="17.0436"/>
      <trkpt lat="-18.8034" lon="17.0437"/>
      <trkpt lat="-18.8034" lon="17.0438"/>
      <trkpt lat="-18.8034" lon="17.0437"/>
      <trkpt lat="-18.8034" lon="17.0437"/>
      <trkpt lat="-18.8034" lon="17.0433"/>
      <trkpt lat="-18.8035" lon="17.043"/>
      <trkpt lat="-18.8035" lon="17.0429"/>
      <trkpt lat="-18.8035" lon="17.0428"/>
      <trkpt lat="-18.8035" lon="17.0427"/>
      <trkpt lat="-18.8035" lon="17.0426"/>
      <trkpt lat="-18.8036" lon="17.0418"/>
      <trkpt lat="-18.8037" lon="17.0412"/>
      <trkpt lat="-18.8072" lon="17.0195"/>
      <trkpt lat="-18.8097" lon="17.0043"/>
      <trkpt lat="-18.8128" lon="16.9849"/>
      <trkpt lat="-18.8155" lon="16.9681"/>
      <trkpt lat="-18.8177" lon="16.9545"/>
      <trkpt lat="-18.8181" lon="16.9519"/>
      <trkpt lat="-18.8185" lon="16.9494"/>
      <trkpt lat="-18.8185" lon="16.9491"/>
      <trkpt lat="-18.8188" lon="16.9474"/>
      <trkpt lat="-18.8189" lon="16.9471"/>
      <trkpt lat="-18.8189" lon="16.9469"/>
      <trkpt lat="-18.8188" lon="16.9467"/>
      <trkpt lat="-18.8188" lon="16.9465"/>
      <trkpt lat="-18.8187" lon="16.9463"/>
      <trkpt lat="-18.8185" lon="16.9461"/>
      <trkpt lat="-18.8184" lon="16.9459"/>
      <trkpt lat="-18.8182" lon="16.9458"/>
      <trkpt lat="-18.8176" lon="16.9455"/>
      <trkpt lat="-18.8141" lon="16.9434"/>
      <trkpt lat="-18.8107" lon="16.9415"/>
      <trkpt lat="-18.8103" lon="16.9417"/>
      <trkpt lat="-18.8096" lon="16.9423"/>
      <trkpt lat="-18.8087" lon="16.943"/>
      <trkpt lat="-18.8086" lon="16.943"/>
      <trkpt lat="-18.8085" lon="16.9431"/>
      <trkpt lat="-18.8081" lon="16.9433"/>
      <trkpt lat="-18.8075" lon="16.9436"/>
      <trkpt lat="-18.8072" lon="16.9437"/>
      <trkpt lat="-18.807" lon="16.9439"/>
      <trkpt lat="-18.8068" lon="16.944"/>
      <trkpt lat="-18.8067" lon="16.9441"/>
      <trkpt lat="-18.8066" lon="16.9442"/>
      <trkpt lat="-18.8065" lon="16.9442"/>
      <trkpt lat="-18.8064" lon="16.9443"/>
      <trkpt lat="-18.8064" lon="16.9444"/>
      <trkpt lat="-18.8063" lon="16.9448"/>
      <trkpt lat="-18.8044" lon="16.9507"/>
      <trkpt lat="-18.8034" lon="16.9541"/>
      <trkpt lat="-18.802" lon="16.958"/>
      <trkpt lat="-18.8018" lon="16.9586"/>
      <trkpt lat="-18.8017" lon="16.9595"/>
      <trkpt lat="-18.8016" lon="16.9609"/>
      <trkpt lat="-18.8015" lon="16.962"/>
      <trkpt lat="-18.8015" lon="16.9623"/>
      <trkpt lat="-18.8014" lon="16.9627"/>
      <trkpt lat="-18.8011" lon="16.9636"/>
      <trkpt lat="-18.8007" lon="16.9652"/>
      <trkpt lat="-18.8005" lon="16.9659"/>
      <trkpt lat="-18.8004" lon="16.9665"/>
      <trkpt lat="-18.8004" lon="16.9672"/>
      <trkpt lat="-18.8003" lon="16.9687"/>
      <trkpt lat="-18.8004" lon="16.9692"/>
      <trkpt lat="-18.8005" lon="16.9697"/>
      <trkpt lat="-18.8013" lon="16.9719"/>
      <trkpt lat="-18.8017" lon="16.9732"/>
      <trkpt lat="-18.8019" lon="16.9734"/>
      <trkpt lat="-18.8023" lon="16.9743"/>
      <trkpt lat="-18.8028" lon="16.9753"/>
      <trkpt lat="-18.8029" lon="16.9756"/>
      <trkpt lat="-18.8029" lon="16.9758"/>
      <trkpt lat="-18.8028" lon="16.976"/>
      <trkpt lat="-18.8025" lon="16.9767"/>
      <trkpt lat="-18.8021" lon="16.9776"/>
      <trkpt lat="-18.802" lon="16.9777"/>
      <trkpt lat="-18.8018" lon="16.9792"/>
      <trkpt lat="-18.8017" lon="16.9799"/>
      <trkpt lat="-18.8006" lon="16.9827"/>
      <trkpt lat="-18.8003" lon="16.9846"/>
      <trkpt lat="-18.7998" lon="16.9872"/>
      <trkpt lat="-18.7995" lon="16.9885"/>
      <trkpt lat="-18.7989" lon="16.9898"/>
      <trkpt lat="-18.7972" lon="16.9915"/>
      <trkpt lat="-18.7964" lon="16.9921"/>
      <trkpt lat="-18.7957" lon="16.9928"/>
      <trkpt lat="-18.7949" lon="16.9939"/>
      <trkpt lat="-18.794" lon="16.9946"/>
      <trkpt lat="-18.7934" lon="16.9951"/>
      <trkpt lat="-18.7927" lon="16.9958"/>
      <trkpt lat="-18.7916" lon="16.9962"/>
      <trkpt lat="-18.7905" lon="16.9968"/>
      <trkpt lat="-18.7901" lon="16.9971"/>
      <trkpt lat="-18.79" lon="16.9975"/>
      <trkpt lat="-18.7899" lon="16.9993"/>
      <trkpt lat="-18.7897" lon="16.9998"/>
      <trkpt lat="-18.7893" lon="17.0002"/>
      <trkpt lat="-18.7886" lon="17.0006"/>
      <trkpt lat="-18.788" lon="17.0012"/>
      <trkpt lat="-18.7876" lon="17.0022"/>
      <trkpt lat="-18.7874" lon="17.0028"/>
      <trkpt lat="-18.7868" lon="17.0033"/>
      <trkpt lat="-18.7865" lon="17.0037"/>
      <trkpt lat="-18.786" lon="17.0048"/>
      <trkpt lat="-18.7853" lon="17.0055"/>
      <trkpt lat="-18.7848" lon="17.0064"/>
      <trkpt lat="-18.7838" lon="17.007"/>
      <trkpt lat="-18.7832" lon="17.0074"/>
      <trkpt lat="-18.7811" lon="17.0091"/>
      <trkpt lat="-18.7805" lon="17.0095"/>
      <trkpt lat="-18.7803" lon="17.0102"/>
      <trkpt lat="-18.78" lon="17.0106"/>
      <trkpt lat="-18.7794" lon="17.0112"/>
      <trkpt lat="-18.779" lon="17.0119"/>
      <trkpt lat="-18.7786" lon="17.0128"/>
      <trkpt lat="-18.7777" lon="17.0156"/>
      <trkpt lat="-18.7772" lon="17.0166"/>
      <trkpt lat="-18.7768" lon="17.0175"/>
      <trkpt lat="-18.7766" lon="17.0181"/>
      <trkpt lat="-18.7764" lon="17.0189"/>
      <trkpt lat="-18.7762" lon="17.0197"/>
      <trkpt lat="-18.7761" lon="17.0206"/>
      <trkpt lat="-18.7763" lon="17.0213"/>
      <trkpt lat="-18.7763" lon="17.022"/>
      <trkpt lat="-18.7763" lon="17.0224"/>
      <trkpt lat="-18.7755" lon="17.0235"/>
      <trkpt lat="-18.7752" lon="17.024"/>
      <trkpt lat="-18.7752" lon="17.0248"/>
      <trkpt lat="-18.7752" lon="17.0255"/>
      <trkpt lat="-18.7752" lon="17.026"/>
      <trkpt lat="-18.7751" lon="17.0264"/>
      <trkpt lat="-18.7739" lon="17.0279"/>
      <trkpt lat="-18.7734" lon="17.0284"/>
      <trkpt lat="-18.7726" lon="17.0287"/>
      <trkpt lat="-18.7679" lon="17.0298"/>
      <trkpt lat="-18.7676" lon="17.03"/>
      <trkpt lat="-18.767" lon="17.0311"/>
      <trkpt lat="-18.7667" lon="17.0313"/>
      <trkpt lat="-18.7664" lon="17.0315"/>
      <trkpt lat="-18.7659" lon="17.0315"/>
      <trkpt lat="-18.7655" lon="17.0314"/>
      <trkpt lat="-18.7644" lon="17.0309"/>
      <trkpt lat="-18.764" lon="17.0307"/>
      <trkpt lat="-18.7641" lon="17.0306"/>
      <trkpt lat="-18.7642" lon="17.0306"/>
      <trkpt lat="-18.7643" lon="17.0305"/>
      <trkpt lat="-18.7644" lon="17.03"/>
      <trkpt lat="-18.7644" lon="17.0298"/>
      <trkpt lat="-18.7644" lon="17.0296"/>
      <trkpt lat="-18.7645" lon="17.0295"/>
      <trkpt lat="-18.7646" lon="17.0295"/>
      <trkpt lat="-18.7647" lon="17.0295"/>
      <trkpt lat="-18.7647" lon="17.0296"/>
      <trkpt lat="-18.7647" lon="17.0296"/>
      <trkpt lat="-18.7647" lon="17.0297"/>
      <trkpt lat="-18.7646" lon="17.0299"/>
      <trkpt lat="-18.7645" lon="17.0299"/>
      <trkpt lat="-18.7644" lon="17.03"/>
      <trkpt lat="-18.7643" lon="17.0305"/>
      <trkpt lat="-18.7642" lon="17.0306"/>
      <trkpt lat="-18.7641" lon="17.0306"/>
      <trkpt lat="-18.764" lon="17.0307"/>
      <trkpt lat="-18.7644" lon="17.0309"/>
      <trkpt lat="-18.7655" lon="17.0314"/>
      <trkpt lat="-18.7659" lon="17.0315"/>
      <trkpt lat="-18.7664" lon="17.0315"/>
      <trkpt lat="-18.7667" lon="17.0313"/>
      <trkpt lat="-18.767" lon="17.0311"/>
      <trkpt lat="-18.7676" lon="17.03"/>
      <trkpt lat="-18.7679" lon="17.0298"/>
      <trkpt lat="-18.7726" lon="17.0287"/>
      <trkpt lat="-18.7734" lon="17.0284"/>
      <trkpt lat="-18.7739" lon="17.0279"/>
      <trkpt lat="-18.7751" lon="17.0264"/>
      <trkpt lat="-18.7752" lon="17.026"/>
      <trkpt lat="-18.7752" lon="17.0255"/>
      <trkpt lat="-18.7752" lon="17.0248"/>
      <trkpt lat="-18.7752" lon="17.024"/>
      <trkpt lat="-18.7755" lon="17.0235"/>
      <trkpt lat="-18.7763" lon="17.0224"/>
      <trkpt lat="-18.7763" lon="17.022"/>
      <trkpt lat="-18.7763" lon="17.0213"/>
      <trkpt lat="-18.7761" lon="17.0206"/>
      <trkpt lat="-18.7762" lon="17.0197"/>
      <trkpt lat="-18.7764" lon="17.0189"/>
      <trkpt lat="-18.7766" lon="17.0181"/>
      <trkpt lat="-18.7768" lon="17.0175"/>
      <trkpt lat="-18.7772" lon="17.0166"/>
      <trkpt lat="-18.7777" lon="17.0156"/>
      <trkpt lat="-18.7786" lon="17.0128"/>
      <trkpt lat="-18.779" lon="17.0119"/>
      <trkpt lat="-18.7794" lon="17.0112"/>
      <trkpt lat="-18.78" lon="17.0106"/>
      <trkpt lat="-18.7803" lon="17.0102"/>
      <trkpt lat="-18.7805" lon="17.0095"/>
      <trkpt lat="-18.7811" lon="17.0091"/>
      <trkpt lat="-18.7832" lon="17.0074"/>
      <trkpt lat="-18.7838" lon="17.007"/>
      <trkpt lat="-18.7848" lon="17.0064"/>
      <trkpt lat="-18.7853" lon="17.0055"/>
      <trkpt lat="-18.786" lon="17.0048"/>
      <trkpt lat="-18.7865" lon="17.0037"/>
      <trkpt lat="-18.7868" lon="17.0033"/>
      <trkpt lat="-18.7874" lon="17.0028"/>
      <trkpt lat="-18.7876" lon="17.0022"/>
      <trkpt lat="-18.788" lon="17.0012"/>
      <trkpt lat="-18.7886" lon="17.0006"/>
      <trkpt lat="-18.7893" lon="17.0002"/>
      <trkpt lat="-18.7897" lon="16.9998"/>
      <trkpt lat="-18.7899" lon="16.9993"/>
      <trkpt lat="-18.79" lon="16.9975"/>
      <trkpt lat="-18.7901" lon="16.9971"/>
      <trkpt lat="-18.7905" lon="16.9968"/>
      <trkpt lat="-18.7916" lon="16.9962"/>
      <trkpt lat="-18.7927" lon="16.9958"/>
      <trkpt lat="-18.7934" lon="16.9951"/>
      <trkpt lat="-18.794" lon="16.9946"/>
      <trkpt lat="-18.7949" lon="16.9939"/>
      <trkpt lat="-18.7957" lon="16.9928"/>
      <trkpt lat="-18.7964" lon="16.9921"/>
      <trkpt lat="-18.7972" lon="16.9915"/>
      <trkpt lat="-18.7989" lon="16.9898"/>
      <trkpt lat="-18.7995" lon="16.9885"/>
      <trkpt lat="-18.7998" lon="16.9872"/>
      <trkpt lat="-18.8003" lon="16.9846"/>
      <trkpt lat="-18.8006" lon="16.9827"/>
      <trkpt lat="-18.8017" lon="16.9799"/>
      <trkpt lat="-18.8018" lon="16.9792"/>
      <trkpt lat="-18.802" lon="16.9777"/>
      <trkpt lat="-18.8021" lon="16.9776"/>
      <trkpt lat="-18.8025" lon="16.9767"/>
      <trkpt lat="-18.8028" lon="16.976"/>
      <trkpt lat="-18.8029" lon="16.9758"/>
      <trkpt lat="-18.8029" lon="16.9756"/>
      <trkpt lat="-18.8028" lon="16.9753"/>
      <trkpt lat="-18.8023" lon="16.9743"/>
      <trkpt lat="-18.8019" lon="16.9734"/>
      <trkpt lat="-18.8017" lon="16.9732"/>
      <trkpt lat="-18.8013" lon="16.9719"/>
      <trkpt lat="-18.8005" lon="16.9697"/>
      <trkpt lat="-18.8004" lon="16.9692"/>
      <trkpt lat="-18.8003" lon="16.9687"/>
      <trkpt lat="-18.8004" lon="16.9672"/>
      <trkpt lat="-18.8004" lon="16.9665"/>
      <trkpt lat="-18.8005" lon="16.9659"/>
      <trkpt lat="-18.8007" lon="16.9652"/>
      <trkpt lat="-18.8011" lon="16.9636"/>
      <trkpt lat="-18.8014" lon="16.9627"/>
      <trkpt lat="-18.8015" lon="16.9623"/>
      <trkpt lat="-18.8015" lon="16.962"/>
      <trkpt lat="-18.8016" lon="16.9609"/>
      <trkpt lat="-18.8017" lon="16.9595"/>
      <trkpt lat="-18.8018" lon="16.9586"/>
      <trkpt lat="-18.802" lon="16.958"/>
      <trkpt lat="-18.8034" lon="16.9541"/>
      <trkpt lat="-18.8044" lon="16.9507"/>
      <trkpt lat="-18.8063" lon="16.9448"/>
      <trkpt lat="-18.8064" lon="16.9444"/>
      <trkpt lat="-18.8064" lon="16.9443"/>
      <trkpt lat="-18.8065" lon="16.9442"/>
      <trkpt lat="-18.8066" lon="16.9442"/>
      <trkpt lat="-18.8067" lon="16.9441"/>
      <trkpt lat="-18.8068" lon="16.944"/>
      <trkpt lat="-18.807" lon="16.9439"/>
      <trkpt lat="-18.8072" lon="16.9437"/>
      <trkpt lat="-18.8075" lon="16.9436"/>
      <trkpt lat="-18.8081" lon="16.9433"/>
      <trkpt lat="-18.8085" lon="16.9431"/>
      <trkpt lat="-18.8086" lon="16.943"/>
      <trkpt lat="-18.8087" lon="16.943"/>
      <trkpt lat="-18.8096" lon="16.9423"/>
      <trkpt lat="-18.8103" lon="16.9417"/>
      <trkpt lat="-18.8107" lon="16.9415"/>
      <trkpt lat="-18.8112" lon="16.9407"/>
      <trkpt lat="-18.8113" lon="16.9404"/>
      <trkpt lat="-18.8116" lon="16.9398"/>
      <trkpt lat="-18.8119" lon="16.9392"/>
      <trkpt lat="-18.812" lon="16.939"/>
      <trkpt lat="-18.812" lon="16.9389"/>
      <trkpt lat="-18.8121" lon="16.9386"/>
      <trkpt lat="-18.8121" lon="16.9384"/>
      <trkpt lat="-18.8122" lon="16.9382"/>
      <trkpt lat="-18.8123" lon="16.9372"/>
      <trkpt lat="-18.8124" lon="16.9368"/>
      <trkpt lat="-18.8126" lon="16.9362"/>
      <trkpt lat="-18.8127" lon="16.9359"/>
      <trkpt lat="-18.8128" lon="16.9357"/>
      <trkpt lat="-18.8129" lon="16.9356"/>
      <trkpt lat="-18.8131" lon="16.9353"/>
      <trkpt lat="-18.8156" lon="16.9336"/>
      <trkpt lat="-18.8195" lon="16.9308"/>
      <trkpt lat="-18.8203" lon="16.9302"/>
      <trkpt lat="-18.8204" lon="16.9301"/>
      <trkpt lat="-18.8206" lon="16.9299"/>
      <trkpt lat="-18.8218" lon="16.9286"/>
      <trkpt lat="-18.8221" lon="16.9283"/>
      <trkpt lat="-18.823" lon="16.9275"/>
      <trkpt lat="-18.8232" lon="16.9274"/>
      <trkpt lat="-18.8233" lon="16.9273"/>
      <trkpt lat="-18.8243" lon="16.927"/>
      <trkpt lat="-18.8246" lon="16.9268"/>
      <trkpt lat="-18.8249" lon="16.9267"/>
      <trkpt lat="-18.8254" lon="16.9262"/>
      <trkpt lat="-18.8261" lon="16.9251"/>
      <trkpt lat="-18.8274" lon="16.9234"/>
      <trkpt lat="-18.8295" lon="16.9206"/>
      <trkpt lat="-18.8305" lon="16.9191"/>
      <trkpt lat="-18.8333" lon="16.9154"/>
      <trkpt lat="-18.835" lon="16.913"/>
      <trkpt lat="-18.8364" lon="16.911"/>
      <trkpt lat="-18.8375" lon="16.9095"/>
      <trkpt lat="-18.8388" lon="16.9077"/>
      <trkpt lat="-18.8397" lon="16.9065"/>
      <trkpt lat="-18.8406" lon="16.9054"/>
      <trkpt lat="-18.8413" lon="16.9044"/>
      <trkpt lat="-18.8414" lon="16.9045"/>
      <trkpt lat="-18.8415" lon="16.9045"/>
      <trkpt lat="-18.8416" lon="16.9046"/>
      <trkpt lat="-18.8416" lon="16.9047"/>
      <trkpt lat="-18.8416" lon="16.9048"/>
      <trkpt lat="-18.8416" lon="16.9052"/>
      <trkpt lat="-18.8417" lon="16.9057"/>
      <trkpt lat="-18.8417" lon="16.9061"/>
      <trkpt lat="-18.8419" lon="16.9069"/>
      <trkpt lat="-18.8424" lon="16.9085"/>
      <trkpt lat="-18.8429" lon="16.9104"/>
      <trkpt lat="-18.843" lon="16.9109"/>
      <trkpt lat="-18.843" lon="16.9116"/>
      <trkpt lat="-18.8431" lon="16.912"/>
      <trkpt lat="-18.8432" lon="16.9136"/>
      <trkpt lat="-18.8432" lon="16.9144"/>
      <trkpt lat="-18.8433" lon="16.9149"/>
      <trkpt lat="-18.8434" lon="16.9153"/>
      <trkpt lat="-18.8438" lon="16.9173"/>
      <trkpt lat="-18.8441" lon="16.9185"/>
      <trkpt lat="-18.8443" lon="16.9192"/>
      <trkpt lat="-18.8444" lon="16.9195"/>
      <trkpt lat="-18.8445" lon="16.9198"/>
      <trkpt lat="-18.8446" lon="16.92"/>
      <trkpt lat="-18.8448" lon="16.9203"/>
      <trkpt lat="-18.8451" lon="16.9206"/>
      <trkpt lat="-18.8454" lon="16.9209"/>
      <trkpt lat="-18.8457" lon="16.9212"/>
      <trkpt lat="-18.8457" lon="16.9212"/>
      <trkpt lat="-18.8454" lon="16.9209"/>
      <trkpt lat="-18.8451" lon="16.9206"/>
      <trkpt lat="-18.8448" lon="16.9203"/>
      <trkpt lat="-18.8446" lon="16.92"/>
      <trkpt lat="-18.8445" lon="16.9198"/>
      <trkpt lat="-18.8444" lon="16.9195"/>
      <trkpt lat="-18.8443" lon="16.9192"/>
      <trkpt lat="-18.8441" lon="16.9185"/>
      <trkpt lat="-18.8438" lon="16.9173"/>
      <trkpt lat="-18.8434" lon="16.9153"/>
      <trkpt lat="-18.8433" lon="16.9149"/>
      <trkpt lat="-18.8432" lon="16.9144"/>
      <trkpt lat="-18.8432" lon="16.9136"/>
      <trkpt lat="-18.8431" lon="16.912"/>
      <trkpt lat="-18.843" lon="16.9116"/>
      <trkpt lat="-18.843" lon="16.9109"/>
      <trkpt lat="-18.8429" lon="16.9104"/>
      <trkpt lat="-18.8424" lon="16.9085"/>
      <trkpt lat="-18.8419" lon="16.9069"/>
      <trkpt lat="-18.8417" lon="16.9061"/>
      <trkpt lat="-18.8417" lon="16.9057"/>
      <trkpt lat="-18.8416" lon="16.9052"/>
      <trkpt lat="-18.8416" lon="16.9048"/>
      <trkpt lat="-18.8416" lon="16.9047"/>
      <trkpt lat="-18.8416" lon="16.9046"/>
      <trkpt lat="-18.8415" lon="16.9045"/>
      <trkpt lat="-18.8414" lon="16.9045"/>
      <trkpt lat="-18.8413" lon="16.9044"/>
      <trkpt lat="-18.8406" lon="16.9054"/>
      <trkpt lat="-18.8397" lon="16.9065"/>
      <trkpt lat="-18.8388" lon="16.9077"/>
      <trkpt lat="-18.8375" lon="16.9095"/>
      <trkpt lat="-18.8364" lon="16.911"/>
      <trkpt lat="-18.835" lon="16.913"/>
      <trkpt lat="-18.8333" lon="16.9154"/>
      <trkpt lat="-18.8305" lon="16.9191"/>
      <trkpt lat="-18.8295" lon="16.9206"/>
      <trkpt lat="-18.8274" lon="16.9234"/>
      <trkpt lat="-18.8261" lon="16.9251"/>
      <trkpt lat="-18.8254" lon="16.9262"/>
      <trkpt lat="-18.8249" lon="16.9267"/>
      <trkpt lat="-18.8246" lon="16.9268"/>
      <trkpt lat="-18.8243" lon="16.927"/>
      <trkpt lat="-18.8233" lon="16.9273"/>
      <trkpt lat="-18.8232" lon="16.9274"/>
      <trkpt lat="-18.823" lon="16.9275"/>
      <trkpt lat="-18.8221" lon="16.9283"/>
      <trkpt lat="-18.8218" lon="16.9286"/>
      <trkpt lat="-18.8206" lon="16.9299"/>
      <trkpt lat="-18.8204" lon="16.9301"/>
      <trkpt lat="-18.8203" lon="16.9302"/>
      <trkpt lat="-18.8195" lon="16.9308"/>
      <trkpt lat="-18.8156" lon="16.9336"/>
      <trkpt lat="-18.8131" lon="16.9353"/>
      <trkpt lat="-18.8129" lon="16.9356"/>
      <trkpt lat="-18.8128" lon="16.9357"/>
      <trkpt lat="-18.8127" lon="16.9359"/>
      <trkpt lat="-18.8126" lon="16.9362"/>
      <trkpt lat="-18.8124" lon="16.9368"/>
      <trkpt lat="-18.8123" lon="16.9372"/>
      <trkpt lat="-18.8122" lon="16.9382"/>
      <trkpt lat="-18.8121" lon="16.9384"/>
      <trkpt lat="-18.8121" lon="16.9386"/>
      <trkpt lat="-18.812" lon="16.9389"/>
      <trkpt lat="-18.812" lon="16.939"/>
      <trkpt lat="-18.8119" lon="16.9392"/>
      <trkpt lat="-18.8116" lon="16.9398"/>
      <trkpt lat="-18.8113" lon="16.9404"/>
      <trkpt lat="-18.8112" lon="16.9407"/>
      <trkpt lat="-18.8107" lon="16.9415"/>
      <trkpt lat="-18.8106" lon="16.9414"/>
      <trkpt lat="-18.8103" lon="16.9413"/>
      <trkpt lat="-18.8099" lon="16.941"/>
      <trkpt lat="-18.8099" lon="16.941"/>
      <trkpt lat="-18.8097" lon="16.9409"/>
      <trkpt lat="-18.8094" lon="16.9407"/>
      <trkpt lat="-18.8091" lon="16.9405"/>
      <trkpt lat="-18.8089" lon="16.9404"/>
      <trkpt lat="-18.8088" lon="16.9404"/>
      <trkpt lat="-18.8087" lon="16.9404"/>
      <trkpt lat="-18.8087" lon="16.9404"/>
      <trkpt lat="-18.8087" lon="16.9404"/>
      <trkpt lat="-18.8085" lon="16.9406"/>
      <trkpt lat="-18.8081" lon="16.941"/>
      <trkpt lat="-18.808" lon="16.9411"/>
      <trkpt lat="-18.8079" lon="16.9412"/>
      <trkpt lat="-18.8079" lon="16.9413"/>
      <trkpt lat="-18.8079" lon="16.9414"/>
      <trkpt lat="-18.8078" lon="16.9415"/>
      <trkpt lat="-18.8078" lon="16.9416"/>
      <trkpt lat="-18.8078" lon="16.9418"/>
      <trkpt lat="-18.8077" lon="16.9419"/>
      <trkpt lat="-18.8077" lon="16.942"/>
      <trkpt lat="-18.8077" lon="16.9421"/>
      <trkpt lat="-18.8076" lon="16.9422"/>
      <trkpt lat="-18.8076" lon="16.9422"/>
      <trkpt lat="-18.8075" lon="16.9423"/>
      <trkpt lat="-18.8074" lon="16.9423"/>
      <trkpt lat="-18.8073" lon="16.9423"/>
      <trkpt lat="-18.8072" lon="16.9423"/>
      <trkpt lat="-18.8071" lon="16.9422"/>
      <trkpt lat="-18.8068" lon="16.9421"/>
      <trkpt lat="-18.8067" lon="16.9421"/>
      <trkpt lat="-18.8066" lon="16.942"/>
      <trkpt lat="-18.8066" lon="16.942"/>
      <trkpt lat="-18.8065" lon="16.9419"/>
      <trkpt lat="-18.8065" lon="16.9419"/>
      <trkpt lat="-18.8064" lon="16.9418"/>
      <trkpt lat="-18.8063" lon="16.9416"/>
      <trkpt lat="-18.8062" lon="16.9415"/>
      <trkpt lat="-18.8062" lon="16.9415"/>
      <trkpt lat="-18.8062" lon="16.9414"/>
      <trkpt lat="-18.8061" lon="16.9414"/>
      <trkpt lat="-18.8061" lon="16.9414"/>
      <trkpt lat="-18.806" lon="16.9414"/>
      <trkpt lat="-18.8059" lon="16.9413"/>
      <trkpt lat="-18.8058" lon="16.9413"/>
      <trkpt lat="-18.8058" lon="16.9411"/>
      <trkpt lat="-18.8058" lon="16.9411"/>
      <trkpt lat="-18.8058" lon="16.9411"/>
      <trkpt lat="-18.8058" lon="16.941"/>
      <trkpt lat="-18.8057" lon="16.941"/>
      <trkpt lat="-18.8057" lon="16.941"/>
      <trkpt lat="-18.8055" lon="16.9409"/>
      <trkpt lat="-18.8054" lon="16.9409"/>
      <trkpt lat="-18.8053" lon="16.9408"/>
      <trkpt lat="-18.8052" lon="16.9408"/>
      <trkpt lat="-18.8052" lon="16.9407"/>
      <trkpt lat="-18.8051" lon="16.9406"/>
      <trkpt lat="-18.805" lon="16.9406"/>
      <trkpt lat="-18.8049" lon="16.9405"/>
      <trkpt lat="-18.8048" lon="16.9404"/>
      <trkpt lat="-18.8047" lon="16.9404"/>
      <trkpt lat="-18.8046" lon="16.9404"/>
      <trkpt lat="-18.8045" lon="16.9403"/>
      <trkpt lat="-18.8044" lon="16.9403"/>
      <trkpt lat="-18.8044" lon="16.9402"/>
      <trkpt lat="-18.8044" lon="16.9402"/>
      <trkpt lat="-18.8044" lon="16.9402"/>
      <trkpt lat="-18.8044" lon="16.9401"/>
      <trkpt lat="-18.8044" lon="16.94"/>
      <trkpt lat="-18.8044" lon="16.9399"/>
      <trkpt lat="-18.8043" lon="16.9397"/>
      <trkpt lat="-18.8042" lon="16.9397"/>
      <trkpt lat="-18.8042" lon="16.9396"/>
      <trkpt lat="-18.8042" lon="16.9396"/>
      <trkpt lat="-18.8042" lon="16.9396"/>
      <trkpt lat="-18.8043" lon="16.9396"/>
      <trkpt lat="-18.8043" lon="16.9395"/>
      <trkpt lat="-18.8043" lon="16.9395"/>
      <trkpt lat="-18.8044" lon="16.9395"/>
      <trkpt lat="-18.8044" lon="16.9395"/>
      <trkpt lat="-18.8044" lon="16.9395"/>
      <trkpt lat="-18.8043" lon="16.9395"/>
      <trkpt lat="-18.8043" lon="16.9395"/>
      <trkpt lat="-18.8043" lon="16.9396"/>
      <trkpt lat="-18.8042" lon="16.9396"/>
      <trkpt lat="-18.8042" lon="16.9396"/>
      <trkpt lat="-18.8042" lon="16.9396"/>
      <trkpt lat="-18.8042" lon="16.9397"/>
      <trkpt lat="-18.8043" lon="16.9397"/>
      <trkpt lat="-18.8044" lon="16.9399"/>
      <trkpt lat="-18.8044" lon="16.94"/>
      <trkpt lat="-18.8044" lon="16.9401"/>
      <trkpt lat="-18.8044" lon="16.9402"/>
      <trkpt lat="-18.8044" lon="16.9402"/>
      <trkpt lat="-18.8044" lon="16.9402"/>
      <trkpt lat="-18.8044" lon="16.9403"/>
      <trkpt lat="-18.8045" lon="16.9403"/>
      <trkpt lat="-18.8046" lon="16.9404"/>
      <trkpt lat="-18.8047" lon="16.9404"/>
      <trkpt lat="-18.8048" lon="16.9404"/>
      <trkpt lat="-18.8049" lon="16.9405"/>
      <trkpt lat="-18.805" lon="16.9406"/>
      <trkpt lat="-18.8051" lon="16.9406"/>
      <trkpt lat="-18.8052" lon="16.9407"/>
      <trkpt lat="-18.8052" lon="16.9408"/>
      <trkpt lat="-18.8053" lon="16.9408"/>
      <trkpt lat="-18.8054" lon="16.9409"/>
      <trkpt lat="-18.8055" lon="16.9409"/>
      <trkpt lat="-18.8057" lon="16.941"/>
      <trkpt lat="-18.8058" lon="16.941"/>
      <trkpt lat="-18.8058" lon="16.9411"/>
      <trkpt lat="-18.8058" lon="16.9411"/>
      <trkpt lat="-18.8058" lon="16.9411"/>
      <trkpt lat="-18.8058" lon="16.9413"/>
      <trkpt lat="-18.8059" lon="16.9413"/>
      <trkpt lat="-18.806" lon="16.9414"/>
      <trkpt lat="-18.8061" lon="16.9414"/>
      <trkpt lat="-18.8061" lon="16.9414"/>
      <trkpt lat="-18.8062" lon="16.9414"/>
      <trkpt lat="-18.8062" lon="16.9415"/>
      <trkpt lat="-18.8062" lon="16.9415"/>
      <trkpt lat="-18.8063" lon="16.9416"/>
      <trkpt lat="-18.8064" lon="16.9418"/>
      <trkpt lat="-18.8065" lon="16.9419"/>
      <trkpt lat="-18.8065" lon="16.9419"/>
      <trkpt lat="-18.8066" lon="16.942"/>
      <trkpt lat="-18.8066" lon="16.942"/>
      <trkpt lat="-18.8067" lon="16.9421"/>
      <trkpt lat="-18.8068" lon="16.9421"/>
      <trkpt lat="-18.8071" lon="16.9422"/>
      <trkpt lat="-18.8072" lon="16.9423"/>
      <trkpt lat="-18.8073" lon="16.9423"/>
      <trkpt lat="-18.8074" lon="16.9423"/>
      <trkpt lat="-18.8075" lon="16.9423"/>
      <trkpt lat="-18.8076" lon="16.9422"/>
      <trkpt lat="-18.8076" lon="16.9422"/>
      <trkpt lat="-18.8077" lon="16.9421"/>
      <trkpt lat="-18.8077" lon="16.942"/>
      <trkpt lat="-18.8077" lon="16.9419"/>
      <trkpt lat="-18.8078" lon="16.9418"/>
      <trkpt lat="-18.8078" lon="16.9416"/>
      <trkpt lat="-18.8078" lon="16.9415"/>
      <trkpt lat="-18.8079" lon="16.9414"/>
      <trkpt lat="-18.8079" lon="16.9413"/>
      <trkpt lat="-18.8079" lon="16.9412"/>
      <trkpt lat="-18.808" lon="16.9411"/>
      <trkpt lat="-18.8081" lon="16.941"/>
      <trkpt lat="-18.8085" lon="16.9406"/>
      <trkpt lat="-18.8087" lon="16.9404"/>
      <trkpt lat="-18.8087" lon="16.9404"/>
      <trkpt lat="-18.8087" lon="16.9404"/>
      <trkpt lat="-18.8088" lon="16.9404"/>
      <trkpt lat="-18.8089" lon="16.9404"/>
      <trkpt lat="-18.8091" lon="16.9405"/>
      <trkpt lat="-18.8094" lon="16.9407"/>
      <trkpt lat="-18.8097" lon="16.9409"/>
      <trkpt lat="-18.8099" lon="16.941"/>
      <trkpt lat="-18.8099" lon="16.941"/>
      <trkpt lat="-18.8103" lon="16.9413"/>
      <trkpt lat="-18.8106" lon="16.9414"/>
      <trkpt lat="-18.8107" lon="16.9415"/>
      <trkpt lat="-18.8141" lon="16.9434"/>
      <trkpt lat="-18.8176" lon="16.9455"/>
      <trkpt lat="-18.8182" lon="16.9458"/>
      <trkpt lat="-18.8184" lon="16.9459"/>
      <trkpt lat="-18.8185" lon="16.9461"/>
      <trkpt lat="-18.8187" lon="16.9463"/>
      <trkpt lat="-18.8188" lon="16.9465"/>
      <trkpt lat="-18.8188" lon="16.9467"/>
      <trkpt lat="-18.8189" lon="16.9469"/>
      <trkpt lat="-18.8189" lon="16.9471"/>
      <trkpt lat="-18.8188" lon="16.9474"/>
      <trkpt lat="-18.8185" lon="16.9491"/>
      <trkpt lat="-18.8185" lon="16.9494"/>
      <trkpt lat="-18.8181" lon="16.9519"/>
      <trkpt lat="-18.8177" lon="16.9545"/>
      <trkpt lat="-18.8155" lon="16.9681"/>
      <trkpt lat="-18.8128" lon="16.9849"/>
      <trkpt lat="-18.8097" lon="17.0043"/>
      <trkpt lat="-18.8072" lon="17.0195"/>
      <trkpt lat="-18.8037" lon="17.0412"/>
      <trkpt lat="-18.8036" lon="17.0418"/>
      <trkpt lat="-18.8035" lon="17.0426"/>
      <trkpt lat="-18.8035" lon="17.0427"/>
      <trkpt lat="-18.8035" lon="17.0428"/>
      <trkpt lat="-18.8034" lon="17.0429"/>
      <trkpt lat="-18.8034" lon="17.043"/>
      <trkpt lat="-18.8034" lon="17.0433"/>
      <trkpt lat="-18.8034" lon="17.0433"/>
      <trkpt lat="-18.8034" lon="17.0436"/>
      <trkpt lat="-18.8034" lon="17.0437"/>
      <trkpt lat="-18.8034" lon="17.0438"/>
      <trkpt lat="-18.8034" lon="17.0443"/>
      <trkpt lat="-18.8034" lon="17.0454"/>
      <trkpt lat="-18.803" lon="17.0454"/>
      <trkpt lat="-18.803" lon="17.0454"/>
      <trkpt lat="-18.8029" lon="17.0455"/>
      <trkpt lat="-18.8025" lon="17.0457"/>
      <trkpt lat="-18.8022" lon="17.0458"/>
      <trkpt lat="-18.8019" lon="17.0458"/>
      <trkpt lat="-18.8017" lon="17.0457"/>
      <trkpt lat="-18.8015" lon="17.0457"/>
      <trkpt lat="-18.8015" lon="17.0459"/>
      <trkpt lat="-18.8014" lon="17.046"/>
      <trkpt lat="-18.8012" lon="17.0461"/>
      <trkpt lat="-18.8008" lon="17.0462"/>
      <trkpt lat="-18.8007" lon="17.0462"/>
      <trkpt lat="-18.8004" lon="17.0458"/>
      <trkpt lat="-18.8003" lon="17.0456"/>
      <trkpt lat="-18.7993" lon="17.0451"/>
      <trkpt lat="-18.7992" lon="17.0451"/>
      <trkpt lat="-18.799" lon="17.0451"/>
      <trkpt lat="-18.7989" lon="17.0452"/>
      <trkpt lat="-18.7989" lon="17.047"/>
      <trkpt lat="-18.7984" lon="17.0479"/>
      <trkpt lat="-18.795" lon="17.0505"/>
      <trkpt lat="-18.785" lon="17.0577"/>
      <trkpt lat="-18.7826" lon="17.0595"/>
      <trkpt lat="-18.782" lon="17.0599"/>
      <trkpt lat="-18.7817" lon="17.0594"/>
      <trkpt lat="-18.7817" lon="17.0593"/>
    </trkseg>
  </trk>
  <trk>
    <name>D13 · Onguma → Windhoek</name>
    <desc>13 nov · 539 km · ~6.4 h</desc>
    <trkseg>
      <trkpt lat="-18.7817" lon="17.0593"/>
      <trkpt lat="-18.7817" lon="17.0594"/>
      <trkpt lat="-18.782" lon="17.0599"/>
      <trkpt lat="-18.7826" lon="17.0595"/>
      <trkpt lat="-18.785" lon="17.0577"/>
      <trkpt lat="-18.795" lon="17.0505"/>
      <trkpt lat="-18.7984" lon="17.0479"/>
      <trkpt lat="-18.7989" lon="17.047"/>
      <trkpt lat="-18.7989" lon="17.0452"/>
      <trkpt lat="-18.799" lon="17.0451"/>
      <trkpt lat="-18.7992" lon="17.0451"/>
      <trkpt lat="-18.7993" lon="17.0451"/>
      <trkpt lat="-18.8003" lon="17.0456"/>
      <trkpt lat="-18.8004" lon="17.0458"/>
      <trkpt lat="-18.8007" lon="17.0462"/>
      <trkpt lat="-18.8008" lon="17.0462"/>
      <trkpt lat="-18.8012" lon="17.0461"/>
      <trkpt lat="-18.8014" lon="17.046"/>
      <trkpt lat="-18.8015" lon="17.0459"/>
      <trkpt lat="-18.8015" lon="17.0457"/>
      <trkpt lat="-18.8017" lon="17.0457"/>
      <trkpt lat="-18.8019" lon="17.0458"/>
      <trkpt lat="-18.8022" lon="17.0458"/>
      <trkpt lat="-18.8025" lon="17.0457"/>
      <trkpt lat="-18.8029" lon="17.0455"/>
      <trkpt lat="-18.803" lon="17.0454"/>
      <trkpt lat="-18.803" lon="17.0454"/>
      <trkpt lat="-18.8034" lon="17.0454"/>
      <trkpt lat="-18.8034" lon="17.0443"/>
      <trkpt lat="-18.8034" lon="17.0438"/>
      <trkpt lat="-18.8034" lon="17.0437"/>
      <trkpt lat="-18.8034" lon="17.0437"/>
      <trkpt lat="-18.8034" lon="17.0433"/>
      <trkpt lat="-18.8035" lon="17.043"/>
      <trkpt lat="-18.8035" lon="17.0429"/>
      <trkpt lat="-18.8035" lon="17.0428"/>
      <trkpt lat="-18.8034" lon="17.0429"/>
      <trkpt lat="-18.8034" lon="17.043"/>
      <trkpt lat="-18.8034" lon="17.0433"/>
      <trkpt lat="-18.8034" lon="17.0433"/>
      <trkpt lat="-18.8034" lon="17.0436"/>
      <trkpt lat="-18.8034" lon="17.0437"/>
      <trkpt lat="-18.8034" lon="17.0438"/>
      <trkpt lat="-18.8034" lon="17.0443"/>
      <trkpt lat="-18.8034" lon="17.0454"/>
      <trkpt lat="-18.8034" lon="17.0461"/>
      <trkpt lat="-18.8036" lon="17.0518"/>
      <trkpt lat="-18.804" lon="17.0681"/>
      <trkpt lat="-18.8041" lon="17.0707"/>
      <trkpt lat="-18.8041" lon="17.0721"/>
      <trkpt lat="-18.8046" lon="17.0885"/>
      <trkpt lat="-18.8053" lon="17.1176"/>
      <trkpt lat="-18.8056" lon="17.1284"/>
      <trkpt lat="-18.8059" lon="17.1389"/>
      <trkpt lat="-18.8059" lon="17.1404"/>
      <trkpt lat="-18.8059" lon="17.1409"/>
      <trkpt lat="-18.8059" lon="17.1412"/>
      <trkpt lat="-18.8059" lon="17.1415"/>
      <trkpt lat="-18.8058" lon="17.1419"/>
      <trkpt lat="-18.8057" lon="17.1423"/>
      <trkpt lat="-18.8056" lon="17.1428"/>
      <trkpt lat="-18.7959" lon="17.1747"/>
      <trkpt lat="-18.7852" lon="17.2097"/>
      <trkpt lat="-18.7839" lon="17.214"/>
      <trkpt lat="-18.7827" lon="17.218"/>
      <trkpt lat="-18.7825" lon="17.2188"/>
      <trkpt lat="-18.7823" lon="17.2195"/>
      <trkpt lat="-18.7809" lon="17.2236"/>
      <trkpt lat="-18.7707" lon="17.2547"/>
      <trkpt lat="-18.7706" lon="17.2552"/>
      <trkpt lat="-18.7691" lon="17.2597"/>
      <trkpt lat="-18.7688" lon="17.2607"/>
      <trkpt lat="-18.7686" lon="17.2612"/>
      <trkpt lat="-18.7686" lon="17.2613"/>
      <trkpt lat="-18.7685" lon="17.2614"/>
      <trkpt lat="-18.7685" lon="17.2615"/>
      <trkpt lat="-18.7684" lon="17.2616"/>
      <trkpt lat="-18.7684" lon="17.2616"/>
      <trkpt lat="-18.7684" lon="17.2617"/>
      <trkpt lat="-18.7685" lon="17.2617"/>
      <trkpt lat="-18.7686" lon="17.2618"/>
      <trkpt lat="-18.7706" lon="17.2634"/>
      <trkpt lat="-18.7709" lon="17.2636"/>
      <trkpt lat="-18.7715" lon="17.2641"/>
      <trkpt lat="-18.7726" lon="17.265"/>
      <trkpt lat="-18.7734" lon="17.2656"/>
      <trkpt lat="-18.7794" lon="17.2703"/>
      <trkpt lat="-18.7805" lon="17.2711"/>
      <trkpt lat="-18.7842" lon="17.274"/>
      <trkpt lat="-18.7848" lon="17.2745"/>
      <trkpt lat="-18.7855" lon="17.275"/>
      <trkpt lat="-18.7857" lon="17.2752"/>
      <trkpt lat="-18.787" lon="17.2759"/>
      <trkpt lat="-18.7874" lon="17.2762"/>
      <trkpt lat="-18.7941" lon="17.2802"/>
      <trkpt lat="-18.7973" lon="17.2822"/>
      <trkpt lat="-18.8013" lon="17.2846"/>
      <trkpt lat="-18.8019" lon="17.285"/>
      <trkpt lat="-18.8026" lon="17.2854"/>
      <trkpt lat="-18.8065" lon="17.2877"/>
      <trkpt lat="-18.8151" lon="17.293"/>
      <trkpt lat="-18.8194" lon="17.2956"/>
      <trkpt lat="-18.8238" lon="17.2982"/>
      <trkpt lat="-18.8244" lon="17.2986"/>
      <trkpt lat="-18.825" lon="17.299"/>
      <trkpt lat="-18.8363" lon="17.3058"/>
      <trkpt lat="-18.8476" lon="17.3127"/>
      <trkpt lat="-18.8481" lon="17.313"/>
      <trkpt lat="-18.8489" lon="17.3135"/>
      <trkpt lat="-18.8503" lon="17.3143"/>
      <trkpt lat="-18.8506" lon="17.3145"/>
      <trkpt lat="-18.851" lon="17.3147"/>
      <trkpt lat="-18.8516" lon="17.3151"/>
      <trkpt lat="-18.8523" lon="17.3156"/>
      <trkpt lat="-18.8526" lon="17.3158"/>
      <trkpt lat="-18.8529" lon="17.3161"/>
      <trkpt lat="-18.8559" lon="17.3184"/>
      <trkpt lat="-18.8567" lon="17.319"/>
      <trkpt lat="-18.875" lon="17.3332"/>
      <trkpt lat="-18.8785" lon="17.336"/>
      <trkpt lat="-18.883" lon="17.3394"/>
      <trkpt lat="-18.8836" lon="17.3399"/>
      <trkpt lat="-18.8849" lon="17.3409"/>
      <trkpt lat="-18.8966" lon="17.35"/>
      <trkpt lat="-18.8984" lon="17.3514"/>
      <trkpt lat="-18.9003" lon="17.3529"/>
      <trkpt lat="-18.9022" lon="17.3543"/>
      <trkpt lat="-18.9032" lon="17.3551"/>
      <trkpt lat="-18.9041" lon="17.3558"/>
      <trkpt lat="-18.9068" lon="17.3579"/>
      <trkpt lat="-18.9082" lon="17.359"/>
      <trkpt lat="-18.909" lon="17.3596"/>
      <trkpt lat="-18.9097" lon="17.3601"/>
      <trkpt lat="-18.913" lon="17.3627"/>
      <trkpt lat="-18.9147" lon="17.364"/>
      <trkpt lat="-18.9164" lon="17.3654"/>
      <trkpt lat="-18.9167" lon="17.3656"/>
      <trkpt lat="-18.9171" lon="17.3659"/>
      <trkpt lat="-18.918" lon="17.3666"/>
      <trkpt lat="-18.9187" lon="17.3672"/>
      <trkpt lat="-18.9194" lon="17.3677"/>
      <trkpt lat="-18.9199" lon="17.3681"/>
      <trkpt lat="-18.9203" lon="17.3684"/>
      <trkpt lat="-18.9214" lon="17.3693"/>
      <trkpt lat="-18.9225" lon="17.3702"/>
      <trkpt lat="-18.9259" lon="17.373"/>
      <trkpt lat="-18.9276" lon="17.3744"/>
      <trkpt lat="-18.9294" lon="17.3759"/>
      <trkpt lat="-18.9299" lon="17.3764"/>
      <trkpt lat="-18.9318" lon="17.3779"/>
      <trkpt lat="-18.9327" lon="17.3786"/>
      <trkpt lat="-18.9336" lon="17.3794"/>
      <trkpt lat="-18.9378" lon="17.3828"/>
      <trkpt lat="-18.9381" lon="17.3831"/>
      <trkpt lat="-18.9399" lon="17.3846"/>
      <trkpt lat="-18.942" lon="17.3863"/>
      <trkpt lat="-18.9437" lon="17.3877"/>
      <trkpt lat="-18.9454" lon="17.3891"/>
      <trkpt lat="-18.9488" lon="17.3919"/>
      <trkpt lat="-18.9489" lon="17.392"/>
      <trkpt lat="-18.9492" lon="17.3922"/>
      <trkpt lat="-18.9524" lon="17.3949"/>
      <trkpt lat="-18.9533" lon="17.3956"/>
      <trkpt lat="-18.9542" lon="17.3964"/>
      <trkpt lat="-18.9609" lon="17.4019"/>
      <trkpt lat="-18.9615" lon="17.4023"/>
      <trkpt lat="-18.9616" lon="17.4025"/>
      <trkpt lat="-18.9619" lon="17.4027"/>
      <trkpt lat="-18.962" lon="17.4028"/>
      <trkpt lat="-18.9622" lon="17.4029"/>
      <trkpt lat="-18.9623" lon="17.403"/>
      <trkpt lat="-18.9626" lon="17.4033"/>
      <trkpt lat="-18.9627" lon="17.4034"/>
      <trkpt lat="-18.9628" lon="17.4035"/>
      <trkpt lat="-18.9631" lon="17.4037"/>
      <trkpt lat="-18.9634" lon="17.4039"/>
      <trkpt lat="-18.9637" lon="17.4042"/>
      <trkpt lat="-18.964" lon="17.4045"/>
      <trkpt lat="-18.9641" lon="17.4045"/>
      <trkpt lat="-18.9641" lon="17.4045"/>
      <trkpt lat="-18.9641" lon="17.4045"/>
      <trkpt lat="-18.9641" lon="17.4046"/>
      <trkpt lat="-18.9641" lon="17.4046"/>
      <trkpt lat="-18.9641" lon="17.4046"/>
      <trkpt lat="-18.9641" lon="17.4046"/>
      <trkpt lat="-18.9641" lon="17.4046"/>
      <trkpt lat="-18.9643" lon="17.4048"/>
      <trkpt lat="-18.9647" lon="17.4051"/>
      <trkpt lat="-18.9651" lon="17.4054"/>
      <trkpt lat="-18.9653" lon="17.4056"/>
      <trkpt lat="-18.9655" lon="17.4058"/>
      <trkpt lat="-18.9656" lon="17.4058"/>
      <trkpt lat="-18.9658" lon="17.406"/>
      <trkpt lat="-18.9661" lon="17.4063"/>
      <trkpt lat="-18.9666" lon="17.4066"/>
      <trkpt lat="-18.967" lon="17.407"/>
      <trkpt lat="-18.9672" lon="17.4071"/>
      <trkpt lat="-18.9675" lon="17.4074"/>
      <trkpt lat="-18.9677" lon="17.4075"/>
      <trkpt lat="-18.9679" lon="17.4077"/>
      <trkpt lat="-18.968" lon="17.4078"/>
      <trkpt lat="-18.9687" lon="17.4083"/>
      <trkpt lat="-18.969" lon="17.4086"/>
      <trkpt lat="-18.9691" lon="17.4087"/>
      <trkpt lat="-18.9695" lon="17.409"/>
      <trkpt lat="-18.9698" lon="17.4093"/>
      <trkpt lat="-18.9701" lon="17.4095"/>
      <trkpt lat="-18.9708" lon="17.4101"/>
      <trkpt lat="-18.9711" lon="17.4104"/>
      <trkpt lat="-18.9718" lon="17.4109"/>
      <trkpt lat="-18.9723" lon="17.4113"/>
      <trkpt lat="-18.9726" lon="17.4116"/>
      <trkpt lat="-18.9731" lon="17.412"/>
      <trkpt lat="-18.9735" lon="17.4123"/>
      <trkpt lat="-18.9737" lon="17.4125"/>
      <trkpt lat="-18.9739" lon="17.4126"/>
      <trkpt lat="-18.9741" lon="17.4129"/>
      <trkpt lat="-18.9747" lon="17.4133"/>
      <trkpt lat="-18.9753" lon="17.4139"/>
      <trkpt lat="-18.9756" lon="17.4141"/>
      <trkpt lat="-18.9765" lon="17.415"/>
      <trkpt lat="-18.9774" lon="17.4158"/>
      <trkpt lat="-18.9777" lon="17.4161"/>
      <trkpt lat="-18.978" lon="17.4164"/>
      <trkpt lat="-18.9785" lon="17.4169"/>
      <trkpt lat="-18.9792" lon="17.4176"/>
      <trkpt lat="-18.9798" lon="17.4181"/>
      <trkpt lat="-18.9819" lon="17.4201"/>
      <trkpt lat="-18.984" lon="17.4221"/>
      <trkpt lat="-18.9872" lon="17.4251"/>
      <trkpt lat="-18.9885" lon="17.4263"/>
      <trkpt lat="-18.9892" lon="17.427"/>
      <trkpt lat="-18.9894" lon="17.4273"/>
      <trkpt lat="-18.9911" lon="17.4289"/>
      <trkpt lat="-18.9959" lon="17.4334"/>
      <trkpt lat="-19.0045" lon="17.4415"/>
      <trkpt lat="-19.0068" lon="17.4437"/>
      <trkpt lat="-19.0069" lon="17.4439"/>
      <trkpt lat="-19.0075" lon="17.4444"/>
      <trkpt lat="-19.0134" lon="17.45"/>
      <trkpt lat="-19.0163" lon="17.4527"/>
      <trkpt lat="-19.0166" lon="17.453"/>
      <trkpt lat="-19.0177" lon="17.454"/>
      <trkpt lat="-19.0202" lon="17.4563"/>
      <trkpt lat="-19.0218" lon="17.4577"/>
      <trkpt lat="-19.0223" lon="17.4581"/>
      <trkpt lat="-19.0308" lon="17.4656"/>
      <trkpt lat="-19.0435" lon="17.4769"/>
      <trkpt lat="-19.0464" lon="17.4794"/>
      <trkpt lat="-19.047" lon="17.48"/>
      <trkpt lat="-19.0475" lon="17.4805"/>
      <trkpt lat="-19.0482" lon="17.4812"/>
      <trkpt lat="-19.0524" lon="17.4858"/>
      <trkpt lat="-19.0593" lon="17.4933"/>
      <trkpt lat="-19.062" lon="17.4962"/>
      <trkpt lat="-19.0698" lon="17.5046"/>
      <trkpt lat="-19.0709" lon="17.5058"/>
      <trkpt lat="-19.0714" lon="17.5062"/>
      <trkpt lat="-19.0716" lon="17.5064"/>
      <trkpt lat="-19.0718" lon="17.5066"/>
      <trkpt lat="-19.0727" lon="17.5072"/>
      <trkpt lat="-19.0764" lon="17.5098"/>
      <trkpt lat="-19.0803" lon="17.5124"/>
      <trkpt lat="-19.0822" lon="17.5137"/>
      <trkpt lat="-19.084" lon="17.515"/>
      <trkpt lat="-19.0842" lon="17.5151"/>
      <trkpt lat="-19.0847" lon="17.5153"/>
      <trkpt lat="-19.0849" lon="17.5155"/>
      <trkpt lat="-19.0856" lon="17.5157"/>
      <trkpt lat="-19.0871" lon="17.5161"/>
      <trkpt lat="-19.1092" lon="17.5222"/>
      <trkpt lat="-19.1312" lon="17.5282"/>
      <trkpt lat="-19.1323" lon="17.5284"/>
      <trkpt lat="-19.1329" lon="17.5286"/>
      <trkpt lat="-19.135" lon="17.5292"/>
      <trkpt lat="-19.1356" lon="17.5294"/>
      <trkpt lat="-19.137" lon="17.5299"/>
      <trkpt lat="-19.1455" lon="17.5332"/>
      <trkpt lat="-19.1469" lon="17.5337"/>
      <trkpt lat="-19.1479" lon="17.5341"/>
      <trkpt lat="-19.1485" lon="17.5344"/>
      <trkpt lat="-19.149" lon="17.5345"/>
      <trkpt lat="-19.1506" lon="17.5352"/>
      <trkpt lat="-19.1561" lon="17.5372"/>
      <trkpt lat="-19.158" lon="17.5379"/>
      <trkpt lat="-19.161" lon="17.5391"/>
      <trkpt lat="-19.1615" lon="17.5393"/>
      <trkpt lat="-19.1618" lon="17.5394"/>
      <trkpt lat="-19.1622" lon="17.5395"/>
      <trkpt lat="-19.1627" lon="17.5396"/>
      <trkpt lat="-19.1631" lon="17.5397"/>
      <trkpt lat="-19.1637" lon="17.5399"/>
      <trkpt lat="-19.1646" lon="17.5401"/>
      <trkpt lat="-19.1651" lon="17.5402"/>
      <trkpt lat="-19.1667" lon="17.5406"/>
      <trkpt lat="-19.1679" lon="17.5409"/>
      <trkpt lat="-19.168" lon="17.5409"/>
      <trkpt lat="-19.1683" lon="17.541"/>
      <trkpt lat="-19.1689" lon="17.5411"/>
      <trkpt lat="-19.1695" lon="17.5413"/>
      <trkpt lat="-19.17" lon="17.5414"/>
      <trkpt lat="-19.1715" lon="17.5418"/>
      <trkpt lat="-19.1719" lon="17.5419"/>
      <trkpt lat="-19.1722" lon="17.5419"/>
      <trkpt lat="-19.173" lon="17.5421"/>
      <trkpt lat="-19.1737" lon="17.5423"/>
      <trkpt lat="-19.1743" lon="17.5425"/>
      <trkpt lat="-19.1747" lon="17.5426"/>
      <trkpt lat="-19.1758" lon="17.5429"/>
      <trkpt lat="-19.1781" lon="17.5438"/>
      <trkpt lat="-19.1814" lon="17.5451"/>
      <trkpt lat="-19.1907" lon="17.5486"/>
      <trkpt lat="-19.1915" lon="17.5489"/>
      <trkpt lat="-19.1918" lon="17.549"/>
      <trkpt lat="-19.1925" lon="17.5493"/>
      <trkpt lat="-19.1931" lon="17.5498"/>
      <trkpt lat="-19.1935" lon="17.5502"/>
      <trkpt lat="-19.1937" lon="17.5504"/>
      <trkpt lat="-19.1938" lon="17.5506"/>
      <trkpt lat="-19.1942" lon="17.551"/>
      <trkpt lat="-19.1944" lon="17.5515"/>
      <trkpt lat="-19.1947" lon="17.552"/>
      <trkpt lat="-19.1949" lon="17.5526"/>
      <trkpt lat="-19.196" lon="17.5559"/>
      <trkpt lat="-19.1963" lon="17.5568"/>
      <trkpt lat="-19.1965" lon="17.5572"/>
      <trkpt lat="-19.1968" lon="17.5579"/>
      <trkpt lat="-19.2018" lon="17.5681"/>
      <trkpt lat="-19.2031" lon="17.5707"/>
      <trkpt lat="-19.2034" lon="17.5713"/>
      <trkpt lat="-19.2036" lon="17.5719"/>
      <trkpt lat="-19.2039" lon="17.5728"/>
      <trkpt lat="-19.2042" lon="17.5737"/>
      <trkpt lat="-19.2058" lon="17.5781"/>
      <trkpt lat="-19.2064" lon="17.5798"/>
      <trkpt lat="-19.2065" lon="17.5801"/>
      <trkpt lat="-19.2066" lon="17.5805"/>
      <trkpt lat="-19.2066" lon="17.5809"/>
      <trkpt lat="-19.2067" lon="17.5813"/>
      <trkpt lat="-19.2069" lon="17.5829"/>
      <trkpt lat="-19.207" lon="17.5839"/>
      <trkpt lat="-19.2079" lon="17.5944"/>
      <trkpt lat="-19.2092" lon="17.6101"/>
      <trkpt lat="-19.2097" lon="17.6155"/>
      <trkpt lat="-19.2098" lon="17.616"/>
      <trkpt lat="-19.2098" lon="17.6164"/>
      <trkpt lat="-19.21" lon="17.6172"/>
      <trkpt lat="-19.2101" lon="17.6176"/>
      <trkpt lat="-19.2104" lon="17.6186"/>
      <trkpt lat="-19.2113" lon="17.622"/>
      <trkpt lat="-19.2121" lon="17.6247"/>
      <trkpt lat="-19.2128" lon="17.6273"/>
      <trkpt lat="-19.2138" lon="17.6307"/>
      <trkpt lat="-19.2145" lon="17.6334"/>
      <trkpt lat="-19.2147" lon="17.634"/>
      <trkpt lat="-19.2152" lon="17.6353"/>
      <trkpt lat="-19.2154" lon="17.6358"/>
      <trkpt lat="-19.2159" lon="17.6373"/>
      <trkpt lat="-19.2165" lon="17.6389"/>
      <trkpt lat="-19.2168" lon="17.6398"/>
      <trkpt lat="-19.2176" lon="17.6419"/>
      <trkpt lat="-19.2189" lon="17.6453"/>
      <trkpt lat="-19.219" lon="17.6458"/>
      <trkpt lat="-19.2202" lon="17.6488"/>
      <trkpt lat="-19.2218" lon="17.6534"/>
      <trkpt lat="-19.2221" lon="17.6542"/>
      <trkpt lat="-19.2223" lon="17.6547"/>
      <trkpt lat="-19.2225" lon="17.6551"/>
      <trkpt lat="-19.2226" lon="17.6553"/>
      <trkpt lat="-19.2228" lon="17.6555"/>
      <trkpt lat="-19.2231" lon="17.6559"/>
      <trkpt lat="-19.2234" lon="17.6562"/>
      <trkpt lat="-19.2236" lon="17.6565"/>
      <trkpt lat="-19.2239" lon="17.6567"/>
      <trkpt lat="-19.2243" lon="17.6571"/>
      <trkpt lat="-19.2249" lon="17.6575"/>
      <trkpt lat="-19.2271" lon="17.6591"/>
      <trkpt lat="-19.2272" lon="17.6592"/>
      <trkpt lat="-19.2275" lon="17.6594"/>
      <trkpt lat="-19.2296" lon="17.661"/>
      <trkpt lat="-19.2318" lon="17.6626"/>
      <trkpt lat="-19.2321" lon="17.6628"/>
      <trkpt lat="-19.2324" lon="17.6631"/>
      <trkpt lat="-19.2326" lon="17.6634"/>
      <trkpt lat="-19.2329" lon="17.6637"/>
      <trkpt lat="-19.2334" lon="17.6642"/>
      <trkpt lat="-19.236" lon="17.6674"/>
      <trkpt lat="-19.2385" lon="17.6706"/>
      <trkpt lat="-19.2404" lon="17.6729"/>
      <trkpt lat="-19.2405" lon="17.673"/>
      <trkpt lat="-19.243" lon="17.6761"/>
      <trkpt lat="-19.2435" lon="17.6767"/>
      <trkpt lat="-19.2439" lon="17.6771"/>
      <trkpt lat="-19.2443" lon="17.6774"/>
      <trkpt lat="-19.2446" lon="17.6777"/>
      <trkpt lat="-19.2453" lon="17.6782"/>
      <trkpt lat="-19.2484" lon="17.6803"/>
      <trkpt lat="-19.2557" lon="17.6853"/>
      <trkpt lat="-19.2568" lon="17.686"/>
      <trkpt lat="-19.2571" lon="17.6862"/>
      <trkpt lat="-19.2576" lon="17.6866"/>
      <trkpt lat="-19.2581" lon="17.6869"/>
      <trkpt lat="-19.2585" lon="17.6873"/>
      <trkpt lat="-19.2592" lon="17.688"/>
      <trkpt lat="-19.2594" lon="17.6883"/>
      <trkpt lat="-19.2597" lon="17.6887"/>
      <trkpt lat="-19.2602" lon="17.6894"/>
      <trkpt lat="-19.2605" lon="17.6898"/>
      <trkpt lat="-19.261" lon="17.6906"/>
      <trkpt lat="-19.2614" lon="17.6916"/>
      <trkpt lat="-19.2618" lon="17.6926"/>
      <trkpt lat="-19.2635" lon="17.6965"/>
      <trkpt lat="-19.2651" lon="17.7002"/>
      <trkpt lat="-19.2653" lon="17.7008"/>
      <trkpt lat="-19.2657" lon="17.7016"/>
      <trkpt lat="-19.2658" lon="17.7019"/>
      <trkpt lat="-19.2658" lon="17.7019"/>
      <trkpt lat="-19.2658" lon="17.702"/>
      <trkpt lat="-19.2659" lon="17.702"/>
      <trkpt lat="-19.2661" lon="17.7026"/>
      <trkpt lat="-19.2665" lon="17.7037"/>
      <trkpt lat="-19.2643" lon="17.705"/>
      <trkpt lat="-19.262" lon="17.7063"/>
      <trkpt lat="-19.2619" lon="17.7064"/>
      <trkpt lat="-19.26" lon="17.7074"/>
      <trkpt lat="-19.2582" lon="17.7085"/>
      <trkpt lat="-19.2544" lon="17.7106"/>
      <trkpt lat="-19.2542" lon="17.7107"/>
      <trkpt lat="-19.2541" lon="17.7108"/>
      <trkpt lat="-19.2536" lon="17.7111"/>
      <trkpt lat="-19.2525" lon="17.7116"/>
      <trkpt lat="-19.2524" lon="17.7116"/>
      <trkpt lat="-19.2523" lon="17.7117"/>
      <trkpt lat="-19.2522" lon="17.7117"/>
      <trkpt lat="-19.2521" lon="17.7117"/>
      <trkpt lat="-19.2521" lon="17.7117"/>
      <trkpt lat="-19.2521" lon="17.7118"/>
      <trkpt lat="-19.252" lon="17.7118"/>
      <trkpt lat="-19.252" lon="17.7119"/>
      <trkpt lat="-19.2519" lon="17.712"/>
      <trkpt lat="-19.2519" lon="17.7121"/>
      <trkpt lat="-19.2518" lon="17.7122"/>
      <trkpt lat="-19.2516" lon="17.7123"/>
      <trkpt lat="-19.2512" lon="17.7127"/>
      <trkpt lat="-19.2506" lon="17.7131"/>
      <trkpt lat="-19.2505" lon="17.7131"/>
      <trkpt lat="-19.2495" lon="17.7137"/>
      <trkpt lat="-19.2485" lon="17.7143"/>
      <trkpt lat="-19.247" lon="17.7151"/>
      <trkpt lat="-19.2466" lon="17.7153"/>
      <trkpt lat="-19.2461" lon="17.7156"/>
      <trkpt lat="-19.2464" lon="17.7163"/>
      <trkpt lat="-19.2467" lon="17.7162"/>
      <trkpt lat="-19.2468" lon="17.7161"/>
      <trkpt lat="-19.2464" lon="17.7163"/>
      <trkpt lat="-19.2461" lon="17.7156"/>
      <trkpt lat="-19.2466" lon="17.7153"/>
      <trkpt lat="-19.247" lon="17.7151"/>
      <trkpt lat="-19.2485" lon="17.7143"/>
      <trkpt lat="-19.2495" lon="17.7137"/>
      <trkpt lat="-19.2505" lon="17.7131"/>
      <trkpt lat="-19.2506" lon="17.7131"/>
      <trkpt lat="-19.2512" lon="17.7127"/>
      <trkpt lat="-19.2519" lon="17.7123"/>
      <trkpt lat="-19.2527" lon="17.7118"/>
      <trkpt lat="-19.2582" lon="17.7087"/>
      <trkpt lat="-19.262" lon="17.7066"/>
      <trkpt lat="-19.2666" lon="17.7039"/>
      <trkpt lat="-19.2667" lon="17.7039"/>
      <trkpt lat="-19.2675" lon="17.7034"/>
      <trkpt lat="-19.2683" lon="17.703"/>
      <trkpt lat="-19.2684" lon="17.7029"/>
      <trkpt lat="-19.2694" lon="17.7024"/>
      <trkpt lat="-19.2699" lon="17.7021"/>
      <trkpt lat="-19.2704" lon="17.7019"/>
      <trkpt lat="-19.2708" lon="17.7018"/>
      <trkpt lat="-19.2712" lon="17.7016"/>
      <trkpt lat="-19.2722" lon="17.7014"/>
      <trkpt lat="-19.2727" lon="17.7013"/>
      <trkpt lat="-19.2728" lon="17.7013"/>
      <trkpt lat="-19.2729" lon="17.7012"/>
      <trkpt lat="-19.2733" lon="17.7012"/>
      <trkpt lat="-19.2744" lon="17.7011"/>
      <trkpt lat="-19.2765" lon="17.7009"/>
      <trkpt lat="-19.2808" lon="17.7005"/>
      <trkpt lat="-19.2813" lon="17.7005"/>
      <trkpt lat="-19.2817" lon="17.7004"/>
      <trkpt lat="-19.2822" lon="17.7003"/>
      <trkpt lat="-19.2827" lon="17.7001"/>
      <trkpt lat="-19.283" lon="17.6999"/>
      <trkpt lat="-19.2833" lon="17.6997"/>
      <trkpt lat="-19.2836" lon="17.6996"/>
      <trkpt lat="-19.284" lon="17.6993"/>
      <trkpt lat="-19.2843" lon="17.699"/>
      <trkpt lat="-19.2847" lon="17.6987"/>
      <trkpt lat="-19.285" lon="17.6983"/>
      <trkpt lat="-19.2852" lon="17.6979"/>
      <trkpt lat="-19.2855" lon="17.6975"/>
      <trkpt lat="-19.2857" lon="17.6971"/>
      <trkpt lat="-19.2858" lon="17.6966"/>
      <trkpt lat="-19.286" lon="17.6961"/>
      <trkpt lat="-19.2861" lon="17.6955"/>
      <trkpt lat="-19.2862" lon="17.695"/>
      <trkpt lat="-19.2862" lon="17.6944"/>
      <trkpt lat="-19.2861" lon="17.6938"/>
      <trkpt lat="-19.286" lon="17.6913"/>
      <trkpt lat="-19.2858" lon="17.6877"/>
      <trkpt lat="-19.2857" lon="17.6861"/>
      <trkpt lat="-19.2857" lon="17.6855"/>
      <trkpt lat="-19.2857" lon="17.6849"/>
      <trkpt lat="-19.2858" lon="17.6843"/>
      <trkpt lat="-19.2859" lon="17.684"/>
      <trkpt lat="-19.286" lon="17.6837"/>
      <trkpt lat="-19.2863" lon="17.6831"/>
      <trkpt lat="-19.2866" lon="17.6824"/>
      <trkpt lat="-19.2869" lon="17.6821"/>
      <trkpt lat="-19.2872" lon="17.6817"/>
      <trkpt lat="-19.2874" lon="17.6814"/>
      <trkpt lat="-19.2878" lon="17.6811"/>
      <trkpt lat="-19.2882" lon="17.6808"/>
      <trkpt lat="-19.2885" lon="17.6806"/>
      <trkpt lat="-19.2889" lon="17.6804"/>
      <trkpt lat="-19.2891" lon="17.6803"/>
      <trkpt lat="-19.2895" lon="17.6802"/>
      <trkpt lat="-19.2899" lon="17.68"/>
      <trkpt lat="-19.2911" lon="17.6798"/>
      <trkpt lat="-19.2919" lon="17.6796"/>
      <trkpt lat="-19.2923" lon="17.6795"/>
      <trkpt lat="-19.2927" lon="17.6793"/>
      <trkpt lat="-19.2931" lon="17.6791"/>
      <trkpt lat="-19.2935" lon="17.6789"/>
      <trkpt lat="-19.2942" lon="17.6784"/>
      <trkpt lat="-19.2955" lon="17.6773"/>
      <trkpt lat="-19.298" lon="17.6752"/>
      <trkpt lat="-19.2984" lon="17.6749"/>
      <trkpt lat="-19.2987" lon="17.6747"/>
      <trkpt lat="-19.2991" lon="17.6744"/>
      <trkpt lat="-19.2996" lon="17.6742"/>
      <trkpt lat="-19.3" lon="17.674"/>
      <trkpt lat="-19.3002" lon="17.674"/>
      <trkpt lat="-19.3007" lon="17.6738"/>
      <trkpt lat="-19.3011" lon="17.6738"/>
      <trkpt lat="-19.3014" lon="17.6738"/>
      <trkpt lat="-19.3031" lon="17.6737"/>
      <trkpt lat="-19.3111" lon="17.6735"/>
      <trkpt lat="-19.3144" lon="17.6735"/>
      <trkpt lat="-19.3215" lon="17.6733"/>
      <trkpt lat="-19.322" lon="17.6733"/>
      <trkpt lat="-19.3224" lon="17.6732"/>
      <trkpt lat="-19.3227" lon="17.6731"/>
      <trkpt lat="-19.3231" lon="17.673"/>
      <trkpt lat="-19.3236" lon="17.6728"/>
      <trkpt lat="-19.3241" lon="17.6725"/>
      <trkpt lat="-19.3244" lon="17.6723"/>
      <trkpt lat="-19.3248" lon="17.6719"/>
      <trkpt lat="-19.3252" lon="17.6715"/>
      <trkpt lat="-19.3262" lon="17.6701"/>
      <trkpt lat="-19.3272" lon="17.6688"/>
      <trkpt lat="-19.3279" lon="17.6676"/>
      <trkpt lat="-19.3285" lon="17.6669"/>
      <trkpt lat="-19.3289" lon="17.6664"/>
      <trkpt lat="-19.3292" lon="17.666"/>
      <trkpt lat="-19.3293" lon="17.6659"/>
      <trkpt lat="-19.3295" lon="17.6656"/>
      <trkpt lat="-19.3298" lon="17.6653"/>
      <trkpt lat="-19.3301" lon="17.6651"/>
      <trkpt lat="-19.3303" lon="17.6649"/>
      <trkpt lat="-19.3306" lon="17.6646"/>
      <trkpt lat="-19.3317" lon="17.6638"/>
      <trkpt lat="-19.3322" lon="17.6634"/>
      <trkpt lat="-19.3328" lon="17.663"/>
      <trkpt lat="-19.3331" lon="17.6626"/>
      <trkpt lat="-19.3334" lon="17.6624"/>
      <trkpt lat="-19.3336" lon="17.662"/>
      <trkpt lat="-19.3339" lon="17.6616"/>
      <trkpt lat="-19.3343" lon="17.661"/>
      <trkpt lat="-19.3359" lon="17.6583"/>
      <trkpt lat="-19.3366" lon="17.6571"/>
      <trkpt lat="-19.3382" lon="17.6543"/>
      <trkpt lat="-19.3388" lon="17.6533"/>
      <trkpt lat="-19.339" lon="17.6529"/>
      <trkpt lat="-19.3391" lon="17.6526"/>
      <trkpt lat="-19.3393" lon="17.6523"/>
      <trkpt lat="-19.3396" lon="17.6515"/>
      <trkpt lat="-19.34" lon="17.6503"/>
      <trkpt lat="-19.3402" lon="17.6497"/>
      <trkpt lat="-19.3403" lon="17.6494"/>
      <trkpt lat="-19.3405" lon="17.6491"/>
      <trkpt lat="-19.3406" lon="17.6489"/>
      <trkpt lat="-19.3408" lon="17.6487"/>
      <trkpt lat="-19.341" lon="17.6486"/>
      <trkpt lat="-19.3412" lon="17.6485"/>
      <trkpt lat="-19.3414" lon="17.6484"/>
      <trkpt lat="-19.3415" lon="17.6484"/>
      <trkpt lat="-19.3418" lon="17.6483"/>
      <trkpt lat="-19.342" lon="17.6483"/>
      <trkpt lat="-19.3422" lon="17.6482"/>
      <trkpt lat="-19.3424" lon="17.6481"/>
      <trkpt lat="-19.3425" lon="17.648"/>
      <trkpt lat="-19.3426" lon="17.6478"/>
      <trkpt lat="-19.3427" lon="17.6477"/>
      <trkpt lat="-19.3428" lon="17.6476"/>
      <trkpt lat="-19.3429" lon="17.6473"/>
      <trkpt lat="-19.3429" lon="17.647"/>
      <trkpt lat="-19.343" lon="17.6468"/>
      <trkpt lat="-19.3431" lon="17.6466"/>
      <trkpt lat="-19.3432" lon="17.6464"/>
      <trkpt lat="-19.3434" lon="17.6463"/>
      <trkpt lat="-19.3435" lon="17.6462"/>
      <trkpt lat="-19.3437" lon="17.6461"/>
      <trkpt lat="-19.3439" lon="17.646"/>
      <trkpt lat="-19.344" lon="17.6459"/>
      <trkpt lat="-19.3442" lon="17.6459"/>
      <trkpt lat="-19.3443" lon="17.6459"/>
      <trkpt lat="-19.3444" lon="17.6459"/>
      <trkpt lat="-19.3446" lon="17.6459"/>
      <trkpt lat="-19.3447" lon="17.646"/>
      <trkpt lat="-19.345" lon="17.6461"/>
      <trkpt lat="-19.3455" lon="17.6464"/>
      <trkpt lat="-19.3467" lon="17.647"/>
      <trkpt lat="-19.3484" lon="17.6479"/>
      <trkpt lat="-19.3494" lon="17.6483"/>
      <trkpt lat="-19.3498" lon="17.6486"/>
      <trkpt lat="-19.3503" lon="17.6487"/>
      <trkpt lat="-19.3506" lon="17.6488"/>
      <trkpt lat="-19.351" lon="17.6489"/>
      <trkpt lat="-19.3514" lon="17.649"/>
      <trkpt lat="-19.3518" lon="17.649"/>
      <trkpt lat="-19.3522" lon="17.649"/>
      <trkpt lat="-19.3527" lon="17.649"/>
      <trkpt lat="-19.353" lon="17.6489"/>
      <trkpt lat="-19.3533" lon="17.6489"/>
      <trkpt lat="-19.3537" lon="17.6487"/>
      <trkpt lat="-19.354" lon="17.6486"/>
      <trkpt lat="-19.3543" lon="17.6485"/>
      <trkpt lat="-19.3546" lon="17.6484"/>
      <trkpt lat="-19.355" lon="17.6481"/>
      <trkpt lat="-19.3556" lon="17.6477"/>
      <trkpt lat="-19.3568" lon="17.6467"/>
      <trkpt lat="-19.3667" lon="17.6391"/>
      <trkpt lat="-19.3673" lon="17.6386"/>
      <trkpt lat="-19.3677" lon="17.6383"/>
      <trkpt lat="-19.3682" lon="17.638"/>
      <trkpt lat="-19.3685" lon="17.6378"/>
      <trkpt lat="-19.3689" lon="17.6375"/>
      <trkpt lat="-19.3692" lon="17.6374"/>
      <trkpt lat="-19.3695" lon="17.6372"/>
      <trkpt lat="-19.3699" lon="17.6371"/>
      <trkpt lat="-19.3704" lon="17.6369"/>
      <trkpt lat="-19.3708" lon="17.6367"/>
      <trkpt lat="-19.3798" lon="17.6343"/>
      <trkpt lat="-19.3827" lon="17.6335"/>
      <trkpt lat="-19.388" lon="17.632"/>
      <trkpt lat="-19.3932" lon="17.6306"/>
      <trkpt lat="-19.3949" lon="17.6301"/>
      <trkpt lat="-19.3955" lon="17.6299"/>
      <trkpt lat="-19.3963" lon="17.6296"/>
      <trkpt lat="-19.397" lon="17.6292"/>
      <trkpt lat="-19.3977" lon="17.6288"/>
      <trkpt lat="-19.3984" lon="17.6284"/>
      <trkpt lat="-19.4115" lon="17.6189"/>
      <trkpt lat="-19.4129" lon="17.6179"/>
      <trkpt lat="-19.4262" lon="17.6083"/>
      <trkpt lat="-19.4405" lon="17.598"/>
      <trkpt lat="-19.4409" lon="17.5977"/>
      <trkpt lat="-19.4412" lon="17.5975"/>
      <trkpt lat="-19.4415" lon="17.5972"/>
      <trkpt lat="-19.4416" lon="17.597"/>
      <trkpt lat="-19.4416" lon="17.597"/>
      <trkpt lat="-19.4418" lon="17.5968"/>
      <trkpt lat="-19.4421" lon="17.5964"/>
      <trkpt lat="-19.4423" lon="17.5959"/>
      <trkpt lat="-19.4425" lon="17.5955"/>
      <trkpt lat="-19.4433" lon="17.5933"/>
      <trkpt lat="-19.4434" lon="17.5929"/>
      <trkpt lat="-19.4437" lon="17.5924"/>
      <trkpt lat="-19.4437" lon="17.5923"/>
      <trkpt lat="-19.4438" lon="17.5921"/>
      <trkpt lat="-19.444" lon="17.592"/>
      <trkpt lat="-19.4441" lon="17.5918"/>
      <trkpt lat="-19.4444" lon="17.5915"/>
      <trkpt lat="-19.4446" lon="17.5913"/>
      <trkpt lat="-19.4448" lon="17.5911"/>
      <trkpt lat="-19.4451" lon="17.591"/>
      <trkpt lat="-19.4453" lon="17.5908"/>
      <trkpt lat="-19.4458" lon="17.5906"/>
      <trkpt lat="-19.4461" lon="17.5905"/>
      <trkpt lat="-19.4464" lon="17.5904"/>
      <trkpt lat="-19.4468" lon="17.5904"/>
      <trkpt lat="-19.4472" lon="17.5904"/>
      <trkpt lat="-19.4487" lon="17.5903"/>
      <trkpt lat="-19.4494" lon="17.5903"/>
      <trkpt lat="-19.4498" lon="17.5902"/>
      <trkpt lat="-19.4501" lon="17.5902"/>
      <trkpt lat="-19.4504" lon="17.5901"/>
      <trkpt lat="-19.4507" lon="17.59"/>
      <trkpt lat="-19.4513" lon="17.5898"/>
      <trkpt lat="-19.4516" lon="17.5897"/>
      <trkpt lat="-19.4519" lon="17.5895"/>
      <trkpt lat="-19.4523" lon="17.5894"/>
      <trkpt lat="-19.4525" lon="17.5892"/>
      <trkpt lat="-19.4526" lon="17.5891"/>
      <trkpt lat="-19.4535" lon="17.5885"/>
      <trkpt lat="-19.4568" lon="17.5861"/>
      <trkpt lat="-19.4669" lon="17.579"/>
      <trkpt lat="-19.4707" lon="17.5762"/>
      <trkpt lat="-19.4788" lon="17.5704"/>
      <trkpt lat="-19.4797" lon="17.5698"/>
      <trkpt lat="-19.4839" lon="17.5668"/>
      <trkpt lat="-19.4855" lon="17.5656"/>
      <trkpt lat="-19.4862" lon="17.5651"/>
      <trkpt lat="-19.4866" lon="17.5648"/>
      <trkpt lat="-19.4868" lon="17.5645"/>
      <trkpt lat="-19.487" lon="17.5642"/>
      <trkpt lat="-19.4873" lon="17.5639"/>
      <trkpt lat="-19.4875" lon="17.5634"/>
      <trkpt lat="-19.4877" lon="17.563"/>
      <trkpt lat="-19.4878" lon="17.5626"/>
      <trkpt lat="-19.488" lon="17.5619"/>
      <trkpt lat="-19.4881" lon="17.5615"/>
      <trkpt lat="-19.4883" lon="17.561"/>
      <trkpt lat="-19.4885" lon="17.5607"/>
      <trkpt lat="-19.4888" lon="17.5602"/>
      <trkpt lat="-19.4889" lon="17.5599"/>
      <trkpt lat="-19.4892" lon="17.5596"/>
      <trkpt lat="-19.4894" lon="17.5594"/>
      <trkpt lat="-19.4896" lon="17.5592"/>
      <trkpt lat="-19.4899" lon="17.5589"/>
      <trkpt lat="-19.4902" lon="17.5587"/>
      <trkpt lat="-19.491" lon="17.5581"/>
      <trkpt lat="-19.4921" lon="17.5573"/>
      <trkpt lat="-19.4927" lon="17.5569"/>
      <trkpt lat="-19.4931" lon="17.5567"/>
      <trkpt lat="-19.4936" lon="17.5564"/>
      <trkpt lat="-19.4939" lon="17.5562"/>
      <trkpt lat="-19.4942" lon="17.556"/>
      <trkpt lat="-19.4947" lon="17.5558"/>
      <trkpt lat="-19.4951" lon="17.5557"/>
      <trkpt lat="-19.4955" lon="17.5555"/>
      <trkpt lat="-19.496" lon="17.5554"/>
      <trkpt lat="-19.4963" lon="17.5553"/>
      <trkpt lat="-19.4967" lon="17.5552"/>
      <trkpt lat="-19.4972" lon="17.5551"/>
      <trkpt lat="-19.4978" lon="17.555"/>
      <trkpt lat="-19.4982" lon="17.555"/>
      <trkpt lat="-19.4985" lon="17.5549"/>
      <trkpt lat="-19.4988" lon="17.5549"/>
      <trkpt lat="-19.5" lon="17.555"/>
      <trkpt lat="-19.5094" lon="17.5552"/>
      <trkpt lat="-19.5124" lon="17.5553"/>
      <trkpt lat="-19.5152" lon="17.5554"/>
      <trkpt lat="-19.5172" lon="17.5554"/>
      <trkpt lat="-19.5186" lon="17.5554"/>
      <trkpt lat="-19.5189" lon="17.5553"/>
      <trkpt lat="-19.5195" lon="17.5552"/>
      <trkpt lat="-19.5201" lon="17.5551"/>
      <trkpt lat="-19.5205" lon="17.555"/>
      <trkpt lat="-19.5212" lon="17.5548"/>
      <trkpt lat="-19.5216" lon="17.5546"/>
      <trkpt lat="-19.5223" lon="17.5543"/>
      <trkpt lat="-19.5231" lon="17.5539"/>
      <trkpt lat="-19.5257" lon="17.5526"/>
      <trkpt lat="-19.5277" lon="17.5516"/>
      <trkpt lat="-19.5295" lon="17.5507"/>
      <trkpt lat="-19.5306" lon="17.5502"/>
      <trkpt lat="-19.5374" lon="17.5468"/>
      <trkpt lat="-19.5379" lon="17.5465"/>
      <trkpt lat="-19.5391" lon="17.5459"/>
      <trkpt lat="-19.5403" lon="17.5453"/>
      <trkpt lat="-19.5406" lon="17.5452"/>
      <trkpt lat="-19.5412" lon="17.5448"/>
      <trkpt lat="-19.5414" lon="17.5446"/>
      <trkpt lat="-19.5417" lon="17.5443"/>
      <trkpt lat="-19.542" lon="17.544"/>
      <trkpt lat="-19.5423" lon="17.5437"/>
      <trkpt lat="-19.5425" lon="17.5434"/>
      <trkpt lat="-19.5428" lon="17.5429"/>
      <trkpt lat="-19.5436" lon="17.5416"/>
      <trkpt lat="-19.5445" lon="17.5401"/>
      <trkpt lat="-19.545" lon="17.5394"/>
      <trkpt lat="-19.5471" lon="17.5359"/>
      <trkpt lat="-19.5503" lon="17.5306"/>
      <trkpt lat="-19.5514" lon="17.5288"/>
      <trkpt lat="-19.5522" lon="17.5275"/>
      <trkpt lat="-19.5527" lon="17.5266"/>
      <trkpt lat="-19.553" lon="17.5261"/>
      <trkpt lat="-19.5533" lon="17.5257"/>
      <trkpt lat="-19.5535" lon="17.5252"/>
      <trkpt lat="-19.5537" lon="17.5247"/>
      <trkpt lat="-19.5543" lon="17.5226"/>
      <trkpt lat="-19.5559" lon="17.5172"/>
      <trkpt lat="-19.5561" lon="17.5165"/>
      <trkpt lat="-19.5562" lon="17.516"/>
      <trkpt lat="-19.5564" lon="17.5157"/>
      <trkpt lat="-19.5566" lon="17.5153"/>
      <trkpt lat="-19.5568" lon="17.5147"/>
      <trkpt lat="-19.5602" lon="17.508"/>
      <trkpt lat="-19.5612" lon="17.5059"/>
      <trkpt lat="-19.5621" lon="17.5042"/>
      <trkpt lat="-19.5632" lon="17.5019"/>
      <trkpt lat="-19.5635" lon="17.5013"/>
      <trkpt lat="-19.5638" lon="17.5008"/>
      <trkpt lat="-19.564" lon="17.5004"/>
      <trkpt lat="-19.5643" lon="17.5"/>
      <trkpt lat="-19.5674" lon="17.495"/>
      <trkpt lat="-19.5688" lon="17.4929"/>
      <trkpt lat="-19.5702" lon="17.4906"/>
      <trkpt lat="-19.5704" lon="17.4904"/>
      <trkpt lat="-19.5705" lon="17.4903"/>
      <trkpt lat="-19.5707" lon="17.4901"/>
      <trkpt lat="-19.571" lon="17.4899"/>
      <trkpt lat="-19.5713" lon="17.4896"/>
      <trkpt lat="-19.5718" lon="17.4893"/>
      <trkpt lat="-19.5758" lon="17.4868"/>
      <trkpt lat="-19.5783" lon="17.4852"/>
      <trkpt lat="-19.5791" lon="17.4847"/>
      <trkpt lat="-19.5795" lon="17.4844"/>
      <trkpt lat="-19.5799" lon="17.484"/>
      <trkpt lat="-19.5803" lon="17.4835"/>
      <trkpt lat="-19.581" lon="17.4824"/>
      <trkpt lat="-19.5861" lon="17.4751"/>
      <trkpt lat="-19.5887" lon="17.4713"/>
      <trkpt lat="-19.5891" lon="17.4708"/>
      <trkpt lat="-19.5893" lon="17.4704"/>
      <trkpt lat="-19.5895" lon="17.4701"/>
      <trkpt lat="-19.5896" lon="17.4697"/>
      <trkpt lat="-19.5897" lon="17.4694"/>
      <trkpt lat="-19.5952" lon="17.4518"/>
      <trkpt lat="-19.5978" lon="17.4432"/>
      <trkpt lat="-19.6004" lon="17.4349"/>
      <trkpt lat="-19.601" lon="17.4329"/>
      <trkpt lat="-19.6011" lon="17.4328"/>
      <trkpt lat="-19.6011" lon="17.4326"/>
      <trkpt lat="-19.6014" lon="17.4319"/>
      <trkpt lat="-19.6018" lon="17.4309"/>
      <trkpt lat="-19.6071" lon="17.4182"/>
      <trkpt lat="-19.6078" lon="17.4165"/>
      <trkpt lat="-19.6085" lon="17.4147"/>
      <trkpt lat="-19.611" lon="17.4089"/>
      <trkpt lat="-19.6116" lon="17.4072"/>
      <trkpt lat="-19.6136" lon="17.4025"/>
      <trkpt lat="-19.6143" lon="17.4007"/>
      <trkpt lat="-19.6147" lon="17.3998"/>
      <trkpt lat="-19.6151" lon="17.3989"/>
      <trkpt lat="-19.6165" lon="17.3954"/>
      <trkpt lat="-19.6168" lon="17.3947"/>
      <trkpt lat="-19.6171" lon="17.3939"/>
      <trkpt lat="-19.6177" lon="17.3926"/>
      <trkpt lat="-19.6192" lon="17.3891"/>
      <trkpt lat="-19.6242" lon="17.3767"/>
      <trkpt lat="-19.6246" lon="17.3759"/>
      <trkpt lat="-19.6255" lon="17.3736"/>
      <trkpt lat="-19.6285" lon="17.3665"/>
      <trkpt lat="-19.6291" lon="17.3651"/>
      <trkpt lat="-19.6298" lon="17.3632"/>
      <trkpt lat="-19.632" lon="17.358"/>
      <trkpt lat="-19.6325" lon="17.3567"/>
      <trkpt lat="-19.6329" lon="17.356"/>
      <trkpt lat="-19.6331" lon="17.3556"/>
      <trkpt lat="-19.6333" lon="17.3552"/>
      <trkpt lat="-19.6335" lon="17.355"/>
      <trkpt lat="-19.6337" lon="17.3548"/>
      <trkpt lat="-19.6339" lon="17.3546"/>
      <trkpt lat="-19.6341" lon="17.3545"/>
      <trkpt lat="-19.6343" lon="17.3543"/>
      <trkpt lat="-19.6347" lon="17.3541"/>
      <trkpt lat="-19.6373" lon="17.3524"/>
      <trkpt lat="-19.6378" lon="17.3521"/>
      <trkpt lat="-19.6392" lon="17.3514"/>
      <trkpt lat="-19.6398" lon="17.351"/>
      <trkpt lat="-19.6404" lon="17.3506"/>
      <trkpt lat="-19.6406" lon="17.3505"/>
      <trkpt lat="-19.6418" lon="17.3497"/>
      <trkpt lat="-19.6425" lon="17.3493"/>
      <trkpt lat="-19.6433" lon="17.3488"/>
      <trkpt lat="-19.6434" lon="17.3488"/>
      <trkpt lat="-19.6437" lon="17.3486"/>
      <trkpt lat="-19.6438" lon="17.3485"/>
      <trkpt lat="-19.644" lon="17.3484"/>
      <trkpt lat="-19.6442" lon="17.3483"/>
      <trkpt lat="-19.6448" lon="17.3479"/>
      <trkpt lat="-19.6457" lon="17.3474"/>
      <trkpt lat="-19.6462" lon="17.3471"/>
      <trkpt lat="-19.6465" lon="17.3468"/>
      <trkpt lat="-19.6473" lon="17.3464"/>
      <trkpt lat="-19.6506" lon="17.3444"/>
      <trkpt lat="-19.6515" lon="17.3438"/>
      <trkpt lat="-19.6518" lon="17.3436"/>
      <trkpt lat="-19.6533" lon="17.3427"/>
      <trkpt lat="-19.6535" lon="17.3426"/>
      <trkpt lat="-19.6538" lon="17.3424"/>
      <trkpt lat="-19.6547" lon="17.3418"/>
      <trkpt lat="-19.6554" lon="17.3412"/>
      <trkpt lat="-19.6556" lon="17.341"/>
      <trkpt lat="-19.656" lon="17.3406"/>
      <trkpt lat="-19.6567" lon="17.3398"/>
      <trkpt lat="-19.6571" lon="17.3392"/>
      <trkpt lat="-19.66" lon="17.3356"/>
      <trkpt lat="-19.6605" lon="17.3351"/>
      <trkpt lat="-19.666" lon="17.3284"/>
      <trkpt lat="-19.6696" lon="17.324"/>
      <trkpt lat="-19.67" lon="17.3235"/>
      <trkpt lat="-19.6733" lon="17.3195"/>
      <trkpt lat="-19.6745" lon="17.318"/>
      <trkpt lat="-19.6755" lon="17.3168"/>
      <trkpt lat="-19.6758" lon="17.3165"/>
      <trkpt lat="-19.6761" lon="17.3162"/>
      <trkpt lat="-19.6762" lon="17.316"/>
      <trkpt lat="-19.6769" lon="17.3154"/>
      <trkpt lat="-19.6785" lon="17.3141"/>
      <trkpt lat="-19.6859" lon="17.308"/>
      <trkpt lat="-19.6909" lon="17.3038"/>
      <trkpt lat="-19.6975" lon="17.2984"/>
      <trkpt lat="-19.6984" lon="17.2976"/>
      <trkpt lat="-19.7002" lon="17.2962"/>
      <trkpt lat="-19.7087" lon="17.2892"/>
      <trkpt lat="-19.7108" lon="17.2874"/>
      <trkpt lat="-19.7124" lon="17.2861"/>
      <trkpt lat="-19.7127" lon="17.2858"/>
      <trkpt lat="-19.7131" lon="17.2855"/>
      <trkpt lat="-19.7137" lon="17.2847"/>
      <trkpt lat="-19.7146" lon="17.2837"/>
      <trkpt lat="-19.7157" lon="17.2824"/>
      <trkpt lat="-19.7163" lon="17.2816"/>
      <trkpt lat="-19.7172" lon="17.2805"/>
      <trkpt lat="-19.7177" lon="17.2799"/>
      <trkpt lat="-19.7182" lon="17.2794"/>
      <trkpt lat="-19.7193" lon="17.2785"/>
      <trkpt lat="-19.7212" lon="17.2769"/>
      <trkpt lat="-19.7256" lon="17.2732"/>
      <trkpt lat="-19.7271" lon="17.2718"/>
      <trkpt lat="-19.729" lon="17.2702"/>
      <trkpt lat="-19.731" lon="17.2685"/>
      <trkpt lat="-19.7333" lon="17.2666"/>
      <trkpt lat="-19.7412" lon="17.2599"/>
      <trkpt lat="-19.742" lon="17.2592"/>
      <trkpt lat="-19.744" lon="17.2575"/>
      <trkpt lat="-19.7448" lon="17.2568"/>
      <trkpt lat="-19.7456" lon="17.2561"/>
      <trkpt lat="-19.7462" lon="17.2557"/>
      <trkpt lat="-19.7472" lon="17.2548"/>
      <trkpt lat="-19.748" lon="17.2542"/>
      <trkpt lat="-19.7506" lon="17.2519"/>
      <trkpt lat="-19.7508" lon="17.2517"/>
      <trkpt lat="-19.751" lon="17.2515"/>
      <trkpt lat="-19.7515" lon="17.2511"/>
      <trkpt lat="-19.7527" lon="17.2502"/>
      <trkpt lat="-19.7537" lon="17.2493"/>
      <trkpt lat="-19.7567" lon="17.2467"/>
      <trkpt lat="-19.7592" lon="17.2446"/>
      <trkpt lat="-19.7641" lon="17.2408"/>
      <trkpt lat="-19.7669" lon="17.2386"/>
      <trkpt lat="-19.7676" lon="17.2381"/>
      <trkpt lat="-19.7693" lon="17.2368"/>
      <trkpt lat="-19.771" lon="17.2354"/>
      <trkpt lat="-19.7716" lon="17.2349"/>
      <trkpt lat="-19.7727" lon="17.2341"/>
      <trkpt lat="-19.7734" lon="17.2336"/>
      <trkpt lat="-19.7746" lon="17.2326"/>
      <trkpt lat="-19.7754" lon="17.232"/>
      <trkpt lat="-19.7757" lon="17.2317"/>
      <trkpt lat="-19.776" lon="17.2314"/>
      <trkpt lat="-19.7762" lon="17.2311"/>
      <trkpt lat="-19.7764" lon="17.2308"/>
      <trkpt lat="-19.7766" lon="17.2305"/>
      <trkpt lat="-19.7766" lon="17.2304"/>
      <trkpt lat="-19.7767" lon="17.2304"/>
      <trkpt lat="-19.7769" lon="17.23"/>
      <trkpt lat="-19.777" lon="17.2296"/>
      <trkpt lat="-19.7773" lon="17.2287"/>
      <trkpt lat="-19.7774" lon="17.2283"/>
      <trkpt lat="-19.7777" lon="17.2275"/>
      <trkpt lat="-19.7778" lon="17.2272"/>
      <trkpt lat="-19.7779" lon="17.2269"/>
      <trkpt lat="-19.7781" lon="17.2265"/>
      <trkpt lat="-19.7784" lon="17.2261"/>
      <trkpt lat="-19.7786" lon="17.2258"/>
      <trkpt lat="-19.7789" lon="17.2255"/>
      <trkpt lat="-19.7792" lon="17.2252"/>
      <trkpt lat="-19.7795" lon="17.2249"/>
      <trkpt lat="-19.7799" lon="17.2246"/>
      <trkpt lat="-19.7802" lon="17.2244"/>
      <trkpt lat="-19.7806" lon="17.2242"/>
      <trkpt lat="-19.781" lon="17.224"/>
      <trkpt lat="-19.7815" lon="17.2239"/>
      <trkpt lat="-19.7819" lon="17.2238"/>
      <trkpt lat="-19.7827" lon="17.2236"/>
      <trkpt lat="-19.7843" lon="17.2234"/>
      <trkpt lat="-19.7847" lon="17.2233"/>
      <trkpt lat="-19.7853" lon="17.2231"/>
      <trkpt lat="-19.7858" lon="17.2229"/>
      <trkpt lat="-19.7862" lon="17.2227"/>
      <trkpt lat="-19.7867" lon="17.2225"/>
      <trkpt lat="-19.7873" lon="17.2222"/>
      <trkpt lat="-19.7936" lon="17.2186"/>
      <trkpt lat="-19.7958" lon="17.2173"/>
      <trkpt lat="-19.7982" lon="17.216"/>
      <trkpt lat="-19.7991" lon="17.2155"/>
      <trkpt lat="-19.7996" lon="17.2152"/>
      <trkpt lat="-19.8" lon="17.2149"/>
      <trkpt lat="-19.8002" lon="17.2148"/>
      <trkpt lat="-19.8004" lon="17.2146"/>
      <trkpt lat="-19.8006" lon="17.2145"/>
      <trkpt lat="-19.8009" lon="17.2142"/>
      <trkpt lat="-19.8022" lon="17.2132"/>
      <trkpt lat="-19.804" lon="17.2117"/>
      <trkpt lat="-19.8088" lon="17.2077"/>
      <trkpt lat="-19.8146" lon="17.2029"/>
      <trkpt lat="-19.8204" lon="17.1981"/>
      <trkpt lat="-19.8233" lon="17.1957"/>
      <trkpt lat="-19.8249" lon="17.1944"/>
      <trkpt lat="-19.839" lon="17.1828"/>
      <trkpt lat="-19.8397" lon="17.1822"/>
      <trkpt lat="-19.8408" lon="17.1814"/>
      <trkpt lat="-19.8416" lon="17.1807"/>
      <trkpt lat="-19.8419" lon="17.1804"/>
      <trkpt lat="-19.8424" lon="17.1799"/>
      <trkpt lat="-19.8427" lon="17.1795"/>
      <trkpt lat="-19.8431" lon="17.1789"/>
      <trkpt lat="-19.8433" lon="17.1785"/>
      <trkpt lat="-19.8441" lon="17.177"/>
      <trkpt lat="-19.8484" lon="17.1686"/>
      <trkpt lat="-19.8489" lon="17.1676"/>
      <trkpt lat="-19.8492" lon="17.1671"/>
      <trkpt lat="-19.8495" lon="17.1666"/>
      <trkpt lat="-19.8498" lon="17.1662"/>
      <trkpt lat="-19.8501" lon="17.1658"/>
      <trkpt lat="-19.8505" lon="17.1654"/>
      <trkpt lat="-19.8509" lon="17.1651"/>
      <trkpt lat="-19.8512" lon="17.1647"/>
      <trkpt lat="-19.8516" lon="17.1644"/>
      <trkpt lat="-19.852" lon="17.1642"/>
      <trkpt lat="-19.8523" lon="17.164"/>
      <trkpt lat="-19.8538" lon="17.1631"/>
      <trkpt lat="-19.8555" lon="17.162"/>
      <trkpt lat="-19.8563" lon="17.1614"/>
      <trkpt lat="-19.8574" lon="17.1607"/>
      <trkpt lat="-19.8577" lon="17.1605"/>
      <trkpt lat="-19.8582" lon="17.1602"/>
      <trkpt lat="-19.8586" lon="17.1599"/>
      <trkpt lat="-19.8588" lon="17.1596"/>
      <trkpt lat="-19.8663" lon="17.1533"/>
      <trkpt lat="-19.8664" lon="17.1533"/>
      <trkpt lat="-19.8664" lon="17.1532"/>
      <trkpt lat="-19.8665" lon="17.1532"/>
      <trkpt lat="-19.867" lon="17.1528"/>
      <trkpt lat="-19.8671" lon="17.1527"/>
      <trkpt lat="-19.8675" lon="17.1523"/>
      <trkpt lat="-19.8679" lon="17.152"/>
      <trkpt lat="-19.868" lon="17.1519"/>
      <trkpt lat="-19.868" lon="17.1519"/>
      <trkpt lat="-19.868" lon="17.1518"/>
      <trkpt lat="-19.8686" lon="17.1514"/>
      <trkpt lat="-19.8693" lon="17.1508"/>
      <trkpt lat="-19.8719" lon="17.1486"/>
      <trkpt lat="-19.8742" lon="17.1467"/>
      <trkpt lat="-19.8776" lon="17.1438"/>
      <trkpt lat="-19.8938" lon="17.1301"/>
      <trkpt lat="-19.8959" lon="17.1283"/>
      <trkpt lat="-19.9074" lon="17.1185"/>
      <trkpt lat="-19.9149" lon="17.1122"/>
      <trkpt lat="-19.9154" lon="17.1118"/>
      <trkpt lat="-19.9166" lon="17.1107"/>
      <trkpt lat="-19.9177" lon="17.1098"/>
      <trkpt lat="-19.918" lon="17.1096"/>
      <trkpt lat="-19.9182" lon="17.1094"/>
      <trkpt lat="-19.9185" lon="17.1092"/>
      <trkpt lat="-19.9188" lon="17.109"/>
      <trkpt lat="-19.9303" lon="17.1021"/>
      <trkpt lat="-19.9415" lon="17.0954"/>
      <trkpt lat="-19.9424" lon="17.0948"/>
      <trkpt lat="-19.9433" lon="17.0943"/>
      <trkpt lat="-19.9443" lon="17.0937"/>
      <trkpt lat="-19.9464" lon="17.0922"/>
      <trkpt lat="-19.9467" lon="17.092"/>
      <trkpt lat="-19.9545" lon="17.0865"/>
      <trkpt lat="-19.9565" lon="17.0852"/>
      <trkpt lat="-19.9568" lon="17.0849"/>
      <trkpt lat="-19.9578" lon="17.0842"/>
      <trkpt lat="-19.9677" lon="17.0773"/>
      <trkpt lat="-19.9689" lon="17.0765"/>
      <trkpt lat="-19.9707" lon="17.0752"/>
      <trkpt lat="-19.9793" lon="17.0692"/>
      <trkpt lat="-19.9794" lon="17.0692"/>
      <trkpt lat="-19.9795" lon="17.0692"/>
      <trkpt lat="-19.9795" lon="17.0691"/>
      <trkpt lat="-19.9805" lon="17.0685"/>
      <trkpt lat="-19.9808" lon="17.0683"/>
      <trkpt lat="-19.9815" lon="17.0677"/>
      <trkpt lat="-19.9825" lon="17.0671"/>
      <trkpt lat="-19.9825" lon="17.0671"/>
      <trkpt lat="-19.9825" lon="17.067"/>
      <trkpt lat="-19.9826" lon="17.067"/>
      <trkpt lat="-20.0045" lon="17.0517"/>
      <trkpt lat="-20.0078" lon="17.0494"/>
      <trkpt lat="-20.0123" lon="17.0463"/>
      <trkpt lat="-20.0242" lon="17.038"/>
      <trkpt lat="-20.0321" lon="17.0325"/>
      <trkpt lat="-20.0342" lon="17.031"/>
      <trkpt lat="-20.0357" lon="17.0299"/>
      <trkpt lat="-20.0514" lon="17.019"/>
      <trkpt lat="-20.0536" lon="17.0175"/>
      <trkpt lat="-20.0548" lon="17.0167"/>
      <trkpt lat="-20.0549" lon="17.0165"/>
      <trkpt lat="-20.0552" lon="17.0164"/>
      <trkpt lat="-20.0554" lon="17.0162"/>
      <trkpt lat="-20.0556" lon="17.0159"/>
      <trkpt lat="-20.0559" lon="17.0157"/>
      <trkpt lat="-20.0563" lon="17.0151"/>
      <trkpt lat="-20.0568" lon="17.0145"/>
      <trkpt lat="-20.0581" lon="17.0128"/>
      <trkpt lat="-20.0589" lon="17.0117"/>
      <trkpt lat="-20.0602" lon="17.0099"/>
      <trkpt lat="-20.0634" lon="17.0056"/>
      <trkpt lat="-20.0638" lon="17.005"/>
      <trkpt lat="-20.0645" lon="17.0041"/>
      <trkpt lat="-20.0659" lon="17.0022"/>
      <trkpt lat="-20.0674" lon="17.0001"/>
      <trkpt lat="-20.0953" lon="16.9624"/>
      <trkpt lat="-20.0972" lon="16.9598"/>
      <trkpt lat="-20.0975" lon="16.9594"/>
      <trkpt lat="-20.1001" lon="16.9558"/>
      <trkpt lat="-20.1027" lon="16.9523"/>
      <trkpt lat="-20.1035" lon="16.9513"/>
      <trkpt lat="-20.106" lon="16.9479"/>
      <trkpt lat="-20.1071" lon="16.9465"/>
      <trkpt lat="-20.1128" lon="16.9387"/>
      <trkpt lat="-20.1155" lon="16.935"/>
      <trkpt lat="-20.117" lon="16.933"/>
      <trkpt lat="-20.1194" lon="16.9297"/>
      <trkpt lat="-20.1216" lon="16.9268"/>
      <trkpt lat="-20.1233" lon="16.9244"/>
      <trkpt lat="-20.1245" lon="16.9228"/>
      <trkpt lat="-20.1256" lon="16.9214"/>
      <trkpt lat="-20.1268" lon="16.9197"/>
      <trkpt lat="-20.133" lon="16.9114"/>
      <trkpt lat="-20.1387" lon="16.9037"/>
      <trkpt lat="-20.14" lon="16.9018"/>
      <trkpt lat="-20.1475" lon="16.8917"/>
      <trkpt lat="-20.1485" lon="16.8904"/>
      <trkpt lat="-20.1507" lon="16.8875"/>
      <trkpt lat="-20.1511" lon="16.8869"/>
      <trkpt lat="-20.1533" lon="16.8839"/>
      <trkpt lat="-20.1539" lon="16.8832"/>
      <trkpt lat="-20.1544" lon="16.8824"/>
      <trkpt lat="-20.1548" lon="16.882"/>
      <trkpt lat="-20.1552" lon="16.8815"/>
      <trkpt lat="-20.1556" lon="16.8811"/>
      <trkpt lat="-20.1559" lon="16.8808"/>
      <trkpt lat="-20.1563" lon="16.8805"/>
      <trkpt lat="-20.1568" lon="16.8802"/>
      <trkpt lat="-20.1575" lon="16.8798"/>
      <trkpt lat="-20.1606" lon="16.878"/>
      <trkpt lat="-20.161" lon="16.8777"/>
      <trkpt lat="-20.1616" lon="16.8774"/>
      <trkpt lat="-20.1712" lon="16.8717"/>
      <trkpt lat="-20.1778" lon="16.8678"/>
      <trkpt lat="-20.1879" lon="16.8618"/>
      <trkpt lat="-20.1913" lon="16.8598"/>
      <trkpt lat="-20.1931" lon="16.8587"/>
      <trkpt lat="-20.2166" lon="16.8449"/>
      <trkpt lat="-20.2492" lon="16.8255"/>
      <trkpt lat="-20.2544" lon="16.8225"/>
      <trkpt lat="-20.2553" lon="16.8219"/>
      <trkpt lat="-20.2561" lon="16.8215"/>
      <trkpt lat="-20.2721" lon="16.812"/>
      <trkpt lat="-20.2759" lon="16.8097"/>
      <trkpt lat="-20.2773" lon="16.8089"/>
      <trkpt lat="-20.2799" lon="16.8074"/>
      <trkpt lat="-20.2886" lon="16.8022"/>
      <trkpt lat="-20.2896" lon="16.8016"/>
      <trkpt lat="-20.2912" lon="16.8006"/>
      <trkpt lat="-20.2954" lon="16.7981"/>
      <trkpt lat="-20.2962" lon="16.7977"/>
      <trkpt lat="-20.2983" lon="16.7963"/>
      <trkpt lat="-20.301" lon="16.7946"/>
      <trkpt lat="-20.3029" lon="16.7933"/>
      <trkpt lat="-20.3112" lon="16.7878"/>
      <trkpt lat="-20.3184" lon="16.7832"/>
      <trkpt lat="-20.3188" lon="16.7829"/>
      <trkpt lat="-20.3195" lon="16.7825"/>
      <trkpt lat="-20.3201" lon="16.782"/>
      <trkpt lat="-20.3265" lon="16.7779"/>
      <trkpt lat="-20.3275" lon="16.7772"/>
      <trkpt lat="-20.3302" lon="16.7753"/>
      <trkpt lat="-20.3344" lon="16.7722"/>
      <trkpt lat="-20.3354" lon="16.7715"/>
      <trkpt lat="-20.3473" lon="16.7629"/>
      <trkpt lat="-20.3507" lon="16.7605"/>
      <trkpt lat="-20.3527" lon="16.759"/>
      <trkpt lat="-20.3546" lon="16.7576"/>
      <trkpt lat="-20.3607" lon="16.7532"/>
      <trkpt lat="-20.3611" lon="16.753"/>
      <trkpt lat="-20.3614" lon="16.7526"/>
      <trkpt lat="-20.3617" lon="16.7523"/>
      <trkpt lat="-20.3629" lon="16.7509"/>
      <trkpt lat="-20.3642" lon="16.7494"/>
      <trkpt lat="-20.366" lon="16.7472"/>
      <trkpt lat="-20.3668" lon="16.7462"/>
      <trkpt lat="-20.3686" lon="16.7441"/>
      <trkpt lat="-20.3694" lon="16.7431"/>
      <trkpt lat="-20.3724" lon="16.7396"/>
      <trkpt lat="-20.373" lon="16.7389"/>
      <trkpt lat="-20.3739" lon="16.7378"/>
      <trkpt lat="-20.3745" lon="16.7371"/>
      <trkpt lat="-20.3753" lon="16.7362"/>
      <trkpt lat="-20.3793" lon="16.7313"/>
      <trkpt lat="-20.3816" lon="16.7286"/>
      <trkpt lat="-20.3831" lon="16.7268"/>
      <trkpt lat="-20.3882" lon="16.7206"/>
      <trkpt lat="-20.3952" lon="16.7123"/>
      <trkpt lat="-20.4095" lon="16.6952"/>
      <trkpt lat="-20.4105" lon="16.6939"/>
      <trkpt lat="-20.4156" lon="16.6878"/>
      <trkpt lat="-20.4204" lon="16.6821"/>
      <trkpt lat="-20.4225" lon="16.6796"/>
      <trkpt lat="-20.4231" lon="16.6789"/>
      <trkpt lat="-20.4282" lon="16.6728"/>
      <trkpt lat="-20.4286" lon="16.6722"/>
      <trkpt lat="-20.4293" lon="16.6714"/>
      <trkpt lat="-20.4335" lon="16.6665"/>
      <trkpt lat="-20.4339" lon="16.6659"/>
      <trkpt lat="-20.4348" lon="16.6648"/>
      <trkpt lat="-20.4348" lon="16.6648"/>
      <trkpt lat="-20.4351" lon="16.6645"/>
      <trkpt lat="-20.437" lon="16.6622"/>
      <trkpt lat="-20.4375" lon="16.6616"/>
      <trkpt lat="-20.4375" lon="16.6616"/>
      <trkpt lat="-20.4376" lon="16.6615"/>
      <trkpt lat="-20.4387" lon="16.6601"/>
      <trkpt lat="-20.4395" lon="16.6592"/>
      <trkpt lat="-20.4399" lon="16.6587"/>
      <trkpt lat="-20.4405" lon="16.6582"/>
      <trkpt lat="-20.4411" lon="16.6577"/>
      <trkpt lat="-20.4417" lon="16.6573"/>
      <trkpt lat="-20.4423" lon="16.6569"/>
      <trkpt lat="-20.443" lon="16.6567"/>
      <trkpt lat="-20.4434" lon="16.6565"/>
      <trkpt lat="-20.4443" lon="16.6563"/>
      <trkpt lat="-20.4475" lon="16.6553"/>
      <trkpt lat="-20.4478" lon="16.6552"/>
      <trkpt lat="-20.4501" lon="16.6545"/>
      <trkpt lat="-20.4507" lon="16.6543"/>
      <trkpt lat="-20.451" lon="16.6542"/>
      <trkpt lat="-20.4522" lon="16.6539"/>
      <trkpt lat="-20.4529" lon="16.6537"/>
      <trkpt lat="-20.4531" lon="16.6536"/>
      <trkpt lat="-20.4538" lon="16.6534"/>
      <trkpt lat="-20.4539" lon="16.6534"/>
      <trkpt lat="-20.454" lon="16.6534"/>
      <trkpt lat="-20.4541" lon="16.6534"/>
      <trkpt lat="-20.4542" lon="16.6534"/>
      <trkpt lat="-20.4542" lon="16.6534"/>
      <trkpt lat="-20.4542" lon="16.6534"/>
      <trkpt lat="-20.4542" lon="16.6534"/>
      <trkpt lat="-20.4543" lon="16.6534"/>
      <trkpt lat="-20.4543" lon="16.6533"/>
      <trkpt lat="-20.4543" lon="16.6533"/>
      <trkpt lat="-20.4544" lon="16.6533"/>
      <trkpt lat="-20.4545" lon="16.6532"/>
      <trkpt lat="-20.4549" lon="16.6531"/>
      <trkpt lat="-20.4557" lon="16.6528"/>
      <trkpt lat="-20.4565" lon="16.6526"/>
      <trkpt lat="-20.4573" lon="16.6523"/>
      <trkpt lat="-20.4591" lon="16.6518"/>
      <trkpt lat="-20.4601" lon="16.6515"/>
      <trkpt lat="-20.4603" lon="16.6514"/>
      <trkpt lat="-20.4604" lon="16.6514"/>
      <trkpt lat="-20.4606" lon="16.6514"/>
      <trkpt lat="-20.4609" lon="16.6513"/>
      <trkpt lat="-20.461" lon="16.6512"/>
      <trkpt lat="-20.461" lon="16.6512"/>
      <trkpt lat="-20.4609" lon="16.6511"/>
      <trkpt lat="-20.4609" lon="16.6512"/>
      <trkpt lat="-20.4609" lon="16.6513"/>
      <trkpt lat="-20.461" lon="16.6512"/>
      <trkpt lat="-20.4614" lon="16.6511"/>
      <trkpt lat="-20.4619" lon="16.651"/>
      <trkpt lat="-20.4621" lon="16.6509"/>
      <trkpt lat="-20.4625" lon="16.6508"/>
      <trkpt lat="-20.4627" lon="16.6507"/>
      <trkpt lat="-20.4628" lon="16.6507"/>
      <trkpt lat="-20.4637" lon="16.6504"/>
      <trkpt lat="-20.4645" lon="16.6502"/>
      <trkpt lat="-20.4648" lon="16.6501"/>
      <trkpt lat="-20.4649" lon="16.6501"/>
      <trkpt lat="-20.4651" lon="16.65"/>
      <trkpt lat="-20.4654" lon="16.65"/>
      <trkpt lat="-20.4659" lon="16.65"/>
      <trkpt lat="-20.4668" lon="16.65"/>
      <trkpt lat="-20.4673" lon="16.65"/>
      <trkpt lat="-20.4683" lon="16.65"/>
      <trkpt lat="-20.4689" lon="16.65"/>
      <trkpt lat="-20.4692" lon="16.65"/>
      <trkpt lat="-20.4694" lon="16.65"/>
      <trkpt lat="-20.4696" lon="16.65"/>
      <trkpt lat="-20.4698" lon="16.6501"/>
      <trkpt lat="-20.47" lon="16.6502"/>
      <trkpt lat="-20.4701" lon="16.6503"/>
      <trkpt lat="-20.4704" lon="16.6505"/>
      <trkpt lat="-20.4709" lon="16.6508"/>
      <trkpt lat="-20.4711" lon="16.6509"/>
      <trkpt lat="-20.4717" lon="16.6512"/>
      <trkpt lat="-20.4723" lon="16.6516"/>
      <trkpt lat="-20.4739" lon="16.6525"/>
      <trkpt lat="-20.4745" lon="16.6529"/>
      <trkpt lat="-20.4752" lon="16.6533"/>
      <trkpt lat="-20.4752" lon="16.6533"/>
      <trkpt lat="-20.4752" lon="16.6534"/>
      <trkpt lat="-20.4753" lon="16.6534"/>
      <trkpt lat="-20.4753" lon="16.6534"/>
      <trkpt lat="-20.4753" lon="16.6535"/>
      <trkpt lat="-20.4754" lon="16.6535"/>
      <trkpt lat="-20.4754" lon="16.6534"/>
      <trkpt lat="-20.4756" lon="16.6535"/>
      <trkpt lat="-20.4756" lon="16.6535"/>
      <trkpt lat="-20.4758" lon="16.6536"/>
      <trkpt lat="-20.4761" lon="16.6538"/>
      <trkpt lat="-20.4761" lon="16.6538"/>
      <trkpt lat="-20.4762" lon="16.6538"/>
      <trkpt lat="-20.4762" lon="16.6538"/>
      <trkpt lat="-20.4769" lon="16.6542"/>
      <trkpt lat="-20.4776" lon="16.6546"/>
      <trkpt lat="-20.4781" lon="16.6549"/>
      <trkpt lat="-20.4788" lon="16.6554"/>
      <trkpt lat="-20.4804" lon="16.6568"/>
      <trkpt lat="-20.4807" lon="16.657"/>
      <trkpt lat="-20.481" lon="16.6573"/>
      <trkpt lat="-20.4836" lon="16.6597"/>
      <trkpt lat="-20.4885" lon="16.6642"/>
      <trkpt lat="-20.4912" lon="16.6666"/>
      <trkpt lat="-20.4952" lon="16.6703"/>
      <trkpt lat="-20.4962" lon="16.6711"/>
      <trkpt lat="-20.498" lon="16.6727"/>
      <trkpt lat="-20.4993" lon="16.6739"/>
      <trkpt lat="-20.5019" lon="16.6763"/>
      <trkpt lat="-20.5064" lon="16.6803"/>
      <trkpt lat="-20.5066" lon="16.6805"/>
      <trkpt lat="-20.5109" lon="16.6841"/>
      <trkpt lat="-20.511" lon="16.6841"/>
      <trkpt lat="-20.5125" lon="16.6854"/>
      <trkpt lat="-20.5138" lon="16.6865"/>
      <trkpt lat="-20.5173" lon="16.6894"/>
      <trkpt lat="-20.5214" lon="16.6927"/>
      <trkpt lat="-20.5223" lon="16.6935"/>
      <trkpt lat="-20.529" lon="16.6991"/>
      <trkpt lat="-20.5318" lon="16.7014"/>
      <trkpt lat="-20.5394" lon="16.7077"/>
      <trkpt lat="-20.5417" lon="16.7096"/>
      <trkpt lat="-20.5522" lon="16.7183"/>
      <trkpt lat="-20.5634" lon="16.7276"/>
      <trkpt lat="-20.5786" lon="16.7403"/>
      <trkpt lat="-20.5817" lon="16.7428"/>
      <trkpt lat="-20.583" lon="16.7439"/>
      <trkpt lat="-20.5857" lon="16.7462"/>
      <trkpt lat="-20.5865" lon="16.7468"/>
      <trkpt lat="-20.587" lon="16.7471"/>
      <trkpt lat="-20.5876" lon="16.7475"/>
      <trkpt lat="-20.5881" lon="16.7478"/>
      <trkpt lat="-20.5893" lon="16.7484"/>
      <trkpt lat="-20.5899" lon="16.7486"/>
      <trkpt lat="-20.5906" lon="16.7488"/>
      <trkpt lat="-20.5919" lon="16.7491"/>
      <trkpt lat="-20.5949" lon="16.7499"/>
      <trkpt lat="-20.5958" lon="16.7501"/>
      <trkpt lat="-20.6016" lon="16.7516"/>
      <trkpt lat="-20.6019" lon="16.7516"/>
      <trkpt lat="-20.6055" lon="16.7525"/>
      <trkpt lat="-20.6057" lon="16.7526"/>
      <trkpt lat="-20.612" lon="16.7542"/>
      <trkpt lat="-20.629" lon="16.7584"/>
      <trkpt lat="-20.6323" lon="16.7592"/>
      <trkpt lat="-20.6333" lon="16.7595"/>
      <trkpt lat="-20.6476" lon="16.7631"/>
      <trkpt lat="-20.6484" lon="16.7633"/>
      <trkpt lat="-20.6491" lon="16.7635"/>
      <trkpt lat="-20.6501" lon="16.7639"/>
      <trkpt lat="-20.6511" lon="16.7643"/>
      <trkpt lat="-20.6691" lon="16.7731"/>
      <trkpt lat="-20.6753" lon="16.7761"/>
      <trkpt lat="-20.6754" lon="16.7761"/>
      <trkpt lat="-20.6819" lon="16.7793"/>
      <trkpt lat="-20.6832" lon="16.7798"/>
      <trkpt lat="-20.6859" lon="16.7812"/>
      <trkpt lat="-20.6879" lon="16.7821"/>
      <trkpt lat="-20.689" lon="16.7827"/>
      <trkpt lat="-20.6894" lon="16.7828"/>
      <trkpt lat="-20.6899" lon="16.783"/>
      <trkpt lat="-20.6921" lon="16.7839"/>
      <trkpt lat="-20.6969" lon="16.7858"/>
      <trkpt lat="-20.6988" lon="16.7865"/>
      <trkpt lat="-20.7039" lon="16.7886"/>
      <trkpt lat="-20.7125" lon="16.792"/>
      <trkpt lat="-20.7134" lon="16.7923"/>
      <trkpt lat="-20.7135" lon="16.7924"/>
      <trkpt lat="-20.7146" lon="16.7928"/>
      <trkpt lat="-20.7179" lon="16.7941"/>
      <trkpt lat="-20.7188" lon="16.7945"/>
      <trkpt lat="-20.7194" lon="16.7947"/>
      <trkpt lat="-20.7209" lon="16.7952"/>
      <trkpt lat="-20.7252" lon="16.7964"/>
      <trkpt lat="-20.7369" lon="16.7997"/>
      <trkpt lat="-20.7376" lon="16.7999"/>
      <trkpt lat="-20.7382" lon="16.8001"/>
      <trkpt lat="-20.7395" lon="16.8006"/>
      <trkpt lat="-20.7425" lon="16.8017"/>
      <trkpt lat="-20.747" lon="16.8034"/>
      <trkpt lat="-20.7561" lon="16.8069"/>
      <trkpt lat="-20.7586" lon="16.8079"/>
      <trkpt lat="-20.7596" lon="16.8082"/>
      <trkpt lat="-20.76" lon="16.8084"/>
      <trkpt lat="-20.7604" lon="16.8085"/>
      <trkpt lat="-20.7607" lon="16.8086"/>
      <trkpt lat="-20.7615" lon="16.8088"/>
      <trkpt lat="-20.7624" lon="16.8089"/>
      <trkpt lat="-20.7629" lon="16.809"/>
      <trkpt lat="-20.7633" lon="16.809"/>
      <trkpt lat="-20.7641" lon="16.8091"/>
      <trkpt lat="-20.765" lon="16.809"/>
      <trkpt lat="-20.7658" lon="16.809"/>
      <trkpt lat="-20.767" lon="16.8088"/>
      <trkpt lat="-20.7681" lon="16.8087"/>
      <trkpt lat="-20.7704" lon="16.8085"/>
      <trkpt lat="-20.7729" lon="16.8083"/>
      <trkpt lat="-20.7737" lon="16.8082"/>
      <trkpt lat="-20.7749" lon="16.8081"/>
      <trkpt lat="-20.7751" lon="16.8081"/>
      <trkpt lat="-20.7845" lon="16.8072"/>
      <trkpt lat="-20.7912" lon="16.8065"/>
      <trkpt lat="-20.7919" lon="16.8065"/>
      <trkpt lat="-20.8063" lon="16.8051"/>
      <trkpt lat="-20.8095" lon="16.8048"/>
      <trkpt lat="-20.8106" lon="16.8047"/>
      <trkpt lat="-20.8234" lon="16.8035"/>
      <trkpt lat="-20.8397" lon="16.8019"/>
      <trkpt lat="-20.8464" lon="16.8013"/>
      <trkpt lat="-20.8616" lon="16.7999"/>
      <trkpt lat="-20.8669" lon="16.7993"/>
      <trkpt lat="-20.8678" lon="16.7993"/>
      <trkpt lat="-20.8749" lon="16.7986"/>
      <trkpt lat="-20.8915" lon="16.797"/>
      <trkpt lat="-20.8924" lon="16.7969"/>
      <trkpt lat="-20.8931" lon="16.7969"/>
      <trkpt lat="-20.894" lon="16.7968"/>
      <trkpt lat="-20.8948" lon="16.7968"/>
      <trkpt lat="-20.8953" lon="16.7967"/>
      <trkpt lat="-20.8959" lon="16.7968"/>
      <trkpt lat="-20.898" lon="16.7968"/>
      <trkpt lat="-20.8999" lon="16.7969"/>
      <trkpt lat="-20.9127" lon="16.7972"/>
      <trkpt lat="-20.9148" lon="16.7973"/>
      <trkpt lat="-20.9162" lon="16.7973"/>
      <trkpt lat="-20.9183" lon="16.7974"/>
      <trkpt lat="-20.9299" lon="16.7977"/>
      <trkpt lat="-20.9318" lon="16.7978"/>
      <trkpt lat="-20.9466" lon="16.7982"/>
      <trkpt lat="-20.9477" lon="16.7982"/>
      <trkpt lat="-20.9482" lon="16.7982"/>
      <trkpt lat="-20.9487" lon="16.7983"/>
      <trkpt lat="-20.9497" lon="16.7984"/>
      <trkpt lat="-20.9506" lon="16.7986"/>
      <trkpt lat="-20.9575" lon="16.8002"/>
      <trkpt lat="-20.9623" lon="16.8013"/>
      <trkpt lat="-20.9632" lon="16.8014"/>
      <trkpt lat="-20.9646" lon="16.8018"/>
      <trkpt lat="-20.9674" lon="16.8024"/>
      <trkpt lat="-20.9685" lon="16.8026"/>
      <trkpt lat="-20.9699" lon="16.8029"/>
      <trkpt lat="-20.9786" lon="16.8049"/>
      <trkpt lat="-20.9841" lon="16.8061"/>
      <trkpt lat="-20.9999" lon="16.8097"/>
      <trkpt lat="-21.0043" lon="16.8107"/>
      <trkpt lat="-21.0054" lon="16.8109"/>
      <trkpt lat="-21.0109" lon="16.8122"/>
      <trkpt lat="-21.0218" lon="16.8146"/>
      <trkpt lat="-21.0289" lon="16.8162"/>
      <trkpt lat="-21.0293" lon="16.8163"/>
      <trkpt lat="-21.0296" lon="16.8164"/>
      <trkpt lat="-21.0298" lon="16.8165"/>
      <trkpt lat="-21.0306" lon="16.8168"/>
      <trkpt lat="-21.0312" lon="16.8171"/>
      <trkpt lat="-21.0317" lon="16.8174"/>
      <trkpt lat="-21.0321" lon="16.8177"/>
      <trkpt lat="-21.0327" lon="16.8182"/>
      <trkpt lat="-21.0332" lon="16.8187"/>
      <trkpt lat="-21.0353" lon="16.821"/>
      <trkpt lat="-21.0486" lon="16.8356"/>
      <trkpt lat="-21.0491" lon="16.8362"/>
      <trkpt lat="-21.0495" lon="16.8365"/>
      <trkpt lat="-21.0499" lon="16.8367"/>
      <trkpt lat="-21.0508" lon="16.8373"/>
      <trkpt lat="-21.0514" lon="16.8376"/>
      <trkpt lat="-21.0521" lon="16.8378"/>
      <trkpt lat="-21.0526" lon="16.8379"/>
      <trkpt lat="-21.053" lon="16.838"/>
      <trkpt lat="-21.0536" lon="16.8381"/>
      <trkpt lat="-21.0541" lon="16.8381"/>
      <trkpt lat="-21.0549" lon="16.838"/>
      <trkpt lat="-21.0555" lon="16.8379"/>
      <trkpt lat="-21.0566" lon="16.8378"/>
      <trkpt lat="-21.06" lon="16.8372"/>
      <trkpt lat="-21.0604" lon="16.8372"/>
      <trkpt lat="-21.0625" lon="16.8368"/>
      <trkpt lat="-21.0636" lon="16.8367"/>
      <trkpt lat="-21.0649" lon="16.8365"/>
      <trkpt lat="-21.0652" lon="16.8364"/>
      <trkpt lat="-21.0692" lon="16.8358"/>
      <trkpt lat="-21.0962" lon="16.8315"/>
      <trkpt lat="-21.1043" lon="16.8302"/>
      <trkpt lat="-21.1115" lon="16.8291"/>
      <trkpt lat="-21.1134" lon="16.8288"/>
      <trkpt lat="-21.1138" lon="16.8287"/>
      <trkpt lat="-21.115" lon="16.8285"/>
      <trkpt lat="-21.1152" lon="16.8285"/>
      <trkpt lat="-21.1169" lon="16.8282"/>
      <trkpt lat="-21.1173" lon="16.8281"/>
      <trkpt lat="-21.1194" lon="16.8278"/>
      <trkpt lat="-21.1198" lon="16.8278"/>
      <trkpt lat="-21.1451" lon="16.8237"/>
      <trkpt lat="-21.1459" lon="16.8236"/>
      <trkpt lat="-21.1464" lon="16.8235"/>
      <trkpt lat="-21.1547" lon="16.8222"/>
      <trkpt lat="-21.1549" lon="16.8222"/>
      <trkpt lat="-21.1563" lon="16.822"/>
      <trkpt lat="-21.1567" lon="16.8219"/>
      <trkpt lat="-21.1576" lon="16.8218"/>
      <trkpt lat="-21.1579" lon="16.8217"/>
      <trkpt lat="-21.1602" lon="16.8214"/>
      <trkpt lat="-21.1606" lon="16.8213"/>
      <trkpt lat="-21.1627" lon="16.821"/>
      <trkpt lat="-21.1634" lon="16.8209"/>
      <trkpt lat="-21.186" lon="16.8173"/>
      <trkpt lat="-21.2089" lon="16.8137"/>
      <trkpt lat="-21.2212" lon="16.8117"/>
      <trkpt lat="-21.2216" lon="16.8117"/>
      <trkpt lat="-21.2221" lon="16.8116"/>
      <trkpt lat="-21.2229" lon="16.8116"/>
      <trkpt lat="-21.2235" lon="16.8116"/>
      <trkpt lat="-21.2241" lon="16.8117"/>
      <trkpt lat="-21.2242" lon="16.8117"/>
      <trkpt lat="-21.2252" lon="16.8118"/>
      <trkpt lat="-21.2257" lon="16.812"/>
      <trkpt lat="-21.2262" lon="16.8121"/>
      <trkpt lat="-21.2269" lon="16.8123"/>
      <trkpt lat="-21.2277" lon="16.8126"/>
      <trkpt lat="-21.228" lon="16.8126"/>
      <trkpt lat="-21.2436" lon="16.8177"/>
      <trkpt lat="-21.2444" lon="16.818"/>
      <trkpt lat="-21.2537" lon="16.821"/>
      <trkpt lat="-21.256" lon="16.8218"/>
      <trkpt lat="-21.2614" lon="16.8235"/>
      <trkpt lat="-21.2698" lon="16.8262"/>
      <trkpt lat="-21.2741" lon="16.8276"/>
      <trkpt lat="-21.2813" lon="16.8299"/>
      <trkpt lat="-21.283" lon="16.8305"/>
      <trkpt lat="-21.2836" lon="16.8306"/>
      <trkpt lat="-21.2842" lon="16.8308"/>
      <trkpt lat="-21.2849" lon="16.8309"/>
      <trkpt lat="-21.2853" lon="16.8309"/>
      <trkpt lat="-21.2857" lon="16.831"/>
      <trkpt lat="-21.2865" lon="16.8311"/>
      <trkpt lat="-21.2866" lon="16.8311"/>
      <trkpt lat="-21.2975" lon="16.8323"/>
      <trkpt lat="-21.3024" lon="16.8329"/>
      <trkpt lat="-21.3052" lon="16.8332"/>
      <trkpt lat="-21.3156" lon="16.8343"/>
      <trkpt lat="-21.3163" lon="16.8344"/>
      <trkpt lat="-21.3164" lon="16.8344"/>
      <trkpt lat="-21.3168" lon="16.8345"/>
      <trkpt lat="-21.3381" lon="16.8368"/>
      <trkpt lat="-21.3391" lon="16.8369"/>
      <trkpt lat="-21.3395" lon="16.837"/>
      <trkpt lat="-21.3653" lon="16.8399"/>
      <trkpt lat="-21.3908" lon="16.8428"/>
      <trkpt lat="-21.426" lon="16.8467"/>
      <trkpt lat="-21.4304" lon="16.8472"/>
      <trkpt lat="-21.4346" lon="16.8477"/>
      <trkpt lat="-21.4355" lon="16.8478"/>
      <trkpt lat="-21.4367" lon="16.8479"/>
      <trkpt lat="-21.4378" lon="16.848"/>
      <trkpt lat="-21.44" lon="16.8483"/>
      <trkpt lat="-21.4404" lon="16.8483"/>
      <trkpt lat="-21.4408" lon="16.8484"/>
      <trkpt lat="-21.4412" lon="16.8484"/>
      <trkpt lat="-21.4415" lon="16.8485"/>
      <trkpt lat="-21.4423" lon="16.8485"/>
      <trkpt lat="-21.4438" lon="16.8487"/>
      <trkpt lat="-21.4468" lon="16.8491"/>
      <trkpt lat="-21.4481" lon="16.8492"/>
      <trkpt lat="-21.4494" lon="16.8493"/>
      <trkpt lat="-21.451" lon="16.8495"/>
      <trkpt lat="-21.4518" lon="16.8496"/>
      <trkpt lat="-21.4526" lon="16.8497"/>
      <trkpt lat="-21.453" lon="16.8498"/>
      <trkpt lat="-21.4534" lon="16.8498"/>
      <trkpt lat="-21.4536" lon="16.8498"/>
      <trkpt lat="-21.4546" lon="16.8499"/>
      <trkpt lat="-21.4557" lon="16.8501"/>
      <trkpt lat="-21.4569" lon="16.8502"/>
      <trkpt lat="-21.4575" lon="16.8503"/>
      <trkpt lat="-21.4581" lon="16.8503"/>
      <trkpt lat="-21.4588" lon="16.8504"/>
      <trkpt lat="-21.4596" lon="16.8504"/>
      <trkpt lat="-21.4602" lon="16.8505"/>
      <trkpt lat="-21.4605" lon="16.8505"/>
      <trkpt lat="-21.4607" lon="16.8506"/>
      <trkpt lat="-21.4611" lon="16.8506"/>
      <trkpt lat="-21.4619" lon="16.8506"/>
      <trkpt lat="-21.4627" lon="16.8507"/>
      <trkpt lat="-21.4644" lon="16.8509"/>
      <trkpt lat="-21.4678" lon="16.8512"/>
      <trkpt lat="-21.4745" lon="16.8518"/>
      <trkpt lat="-21.4754" lon="16.8518"/>
      <trkpt lat="-21.4775" lon="16.852"/>
      <trkpt lat="-21.494" lon="16.8535"/>
      <trkpt lat="-21.4969" lon="16.8537"/>
      <trkpt lat="-21.4982" lon="16.8538"/>
      <trkpt lat="-21.4988" lon="16.8539"/>
      <trkpt lat="-21.4989" lon="16.8539"/>
      <trkpt lat="-21.4991" lon="16.8539"/>
      <trkpt lat="-21.4993" lon="16.8539"/>
      <trkpt lat="-21.4997" lon="16.854"/>
      <trkpt lat="-21.4999" lon="16.854"/>
      <trkpt lat="-21.5002" lon="16.854"/>
      <trkpt lat="-21.5007" lon="16.8541"/>
      <trkpt lat="-21.5012" lon="16.8541"/>
      <trkpt lat="-21.5018" lon="16.8542"/>
      <trkpt lat="-21.5025" lon="16.8542"/>
      <trkpt lat="-21.5053" lon="16.8545"/>
      <trkpt lat="-21.506" lon="16.8545"/>
      <trkpt lat="-21.5078" lon="16.8547"/>
      <trkpt lat="-21.5097" lon="16.8548"/>
      <trkpt lat="-21.5105" lon="16.8549"/>
      <trkpt lat="-21.5109" lon="16.855"/>
      <trkpt lat="-21.5113" lon="16.855"/>
      <trkpt lat="-21.5115" lon="16.8551"/>
      <trkpt lat="-21.5118" lon="16.8551"/>
      <trkpt lat="-21.5121" lon="16.8551"/>
      <trkpt lat="-21.5124" lon="16.8552"/>
      <trkpt lat="-21.5127" lon="16.8553"/>
      <trkpt lat="-21.5269" lon="16.8577"/>
      <trkpt lat="-21.5304" lon="16.8583"/>
      <trkpt lat="-21.5339" lon="16.8588"/>
      <trkpt lat="-21.5345" lon="16.859"/>
      <trkpt lat="-21.5404" lon="16.86"/>
      <trkpt lat="-21.541" lon="16.8601"/>
      <trkpt lat="-21.5411" lon="16.8601"/>
      <trkpt lat="-21.5452" lon="16.8608"/>
      <trkpt lat="-21.5453" lon="16.8608"/>
      <trkpt lat="-21.5627" lon="16.8638"/>
      <trkpt lat="-21.5823" lon="16.8671"/>
      <trkpt lat="-21.5883" lon="16.8681"/>
      <trkpt lat="-21.5884" lon="16.8681"/>
      <trkpt lat="-21.5894" lon="16.8683"/>
      <trkpt lat="-21.5899" lon="16.8684"/>
      <trkpt lat="-21.5904" lon="16.8684"/>
      <trkpt lat="-21.5908" lon="16.8685"/>
      <trkpt lat="-21.5909" lon="16.8685"/>
      <trkpt lat="-21.5911" lon="16.8686"/>
      <trkpt lat="-21.5913" lon="16.8686"/>
      <trkpt lat="-21.5915" lon="16.8686"/>
      <trkpt lat="-21.5917" lon="16.8686"/>
      <trkpt lat="-21.5919" lon="16.8687"/>
      <trkpt lat="-21.5921" lon="16.8687"/>
      <trkpt lat="-21.5923" lon="16.8687"/>
      <trkpt lat="-21.5924" lon="16.8687"/>
      <trkpt lat="-21.5926" lon="16.8687"/>
      <trkpt lat="-21.5929" lon="16.8687"/>
      <trkpt lat="-21.5931" lon="16.8687"/>
      <trkpt lat="-21.5934" lon="16.8687"/>
      <trkpt lat="-21.5943" lon="16.8687"/>
      <trkpt lat="-21.5946" lon="16.8687"/>
      <trkpt lat="-21.5953" lon="16.8686"/>
      <trkpt lat="-21.6154" lon="16.8678"/>
      <trkpt lat="-21.6158" lon="16.8678"/>
      <trkpt lat="-21.6404" lon="16.8668"/>
      <trkpt lat="-21.6406" lon="16.8668"/>
      <trkpt lat="-21.6409" lon="16.8668"/>
      <trkpt lat="-21.641" lon="16.8668"/>
      <trkpt lat="-21.6412" lon="16.8668"/>
      <trkpt lat="-21.6415" lon="16.8668"/>
      <trkpt lat="-21.6417" lon="16.8669"/>
      <trkpt lat="-21.6419" lon="16.8669"/>
      <trkpt lat="-21.642" lon="16.8669"/>
      <trkpt lat="-21.6423" lon="16.867"/>
      <trkpt lat="-21.6425" lon="16.867"/>
      <trkpt lat="-21.6427" lon="16.8671"/>
      <trkpt lat="-21.643" lon="16.8672"/>
      <trkpt lat="-21.6432" lon="16.8672"/>
      <trkpt lat="-21.6434" lon="16.8673"/>
      <trkpt lat="-21.6435" lon="16.8673"/>
      <trkpt lat="-21.6437" lon="16.8674"/>
      <trkpt lat="-21.6442" lon="16.8676"/>
      <trkpt lat="-21.6452" lon="16.868"/>
      <trkpt lat="-21.6472" lon="16.8688"/>
      <trkpt lat="-21.6512" lon="16.8703"/>
      <trkpt lat="-21.6592" lon="16.8734"/>
      <trkpt lat="-21.6603" lon="16.8739"/>
      <trkpt lat="-21.6626" lon="16.8747"/>
      <trkpt lat="-21.6853" lon="16.8835"/>
      <trkpt lat="-21.6914" lon="16.8859"/>
      <trkpt lat="-21.6915" lon="16.8859"/>
      <trkpt lat="-21.6925" lon="16.8863"/>
      <trkpt lat="-21.6938" lon="16.8868"/>
      <trkpt lat="-21.6948" lon="16.8872"/>
      <trkpt lat="-21.6953" lon="16.8874"/>
      <trkpt lat="-21.6959" lon="16.8875"/>
      <trkpt lat="-21.6965" lon="16.8876"/>
      <trkpt lat="-21.6972" lon="16.8876"/>
      <trkpt lat="-21.6979" lon="16.8876"/>
      <trkpt lat="-21.6982" lon="16.8876"/>
      <trkpt lat="-21.6987" lon="16.8875"/>
      <trkpt lat="-21.6995" lon="16.8873"/>
      <trkpt lat="-21.7009" lon="16.8869"/>
      <trkpt lat="-21.7088" lon="16.8844"/>
      <trkpt lat="-21.7098" lon="16.8841"/>
      <trkpt lat="-21.744" lon="16.8734"/>
      <trkpt lat="-21.745" lon="16.8731"/>
      <trkpt lat="-21.746" lon="16.8728"/>
      <trkpt lat="-21.7465" lon="16.8727"/>
      <trkpt lat="-21.747" lon="16.8726"/>
      <trkpt lat="-21.748" lon="16.8724"/>
      <trkpt lat="-21.749" lon="16.8723"/>
      <trkpt lat="-21.7501" lon="16.8722"/>
      <trkpt lat="-21.7511" lon="16.8722"/>
      <trkpt lat="-21.7521" lon="16.8723"/>
      <trkpt lat="-21.7531" lon="16.8724"/>
      <trkpt lat="-21.7541" lon="16.8726"/>
      <trkpt lat="-21.7658" lon="16.8742"/>
      <trkpt lat="-21.7672" lon="16.8744"/>
      <trkpt lat="-21.7673" lon="16.8744"/>
      <trkpt lat="-21.7681" lon="16.8745"/>
      <trkpt lat="-21.773" lon="16.8752"/>
      <trkpt lat="-21.7772" lon="16.8759"/>
      <trkpt lat="-21.7802" lon="16.8763"/>
      <trkpt lat="-21.7834" lon="16.8768"/>
      <trkpt lat="-21.7863" lon="16.8772"/>
      <trkpt lat="-21.7879" lon="16.8774"/>
      <trkpt lat="-21.7918" lon="16.8781"/>
      <trkpt lat="-21.8128" lon="16.8819"/>
      <trkpt lat="-21.8338" lon="16.8856"/>
      <trkpt lat="-21.8341" lon="16.8856"/>
      <trkpt lat="-21.8422" lon="16.8871"/>
      <trkpt lat="-21.8591" lon="16.8901"/>
      <trkpt lat="-21.8685" lon="16.8918"/>
      <trkpt lat="-21.8727" lon="16.8925"/>
      <trkpt lat="-21.8794" lon="16.8937"/>
      <trkpt lat="-21.882" lon="16.8942"/>
      <trkpt lat="-21.8837" lon="16.8944"/>
      <trkpt lat="-21.8848" lon="16.8946"/>
      <trkpt lat="-21.8859" lon="16.8948"/>
      <trkpt lat="-21.8864" lon="16.8948"/>
      <trkpt lat="-21.8965" lon="16.8957"/>
      <trkpt lat="-21.8974" lon="16.8958"/>
      <trkpt lat="-21.8999" lon="16.896"/>
      <trkpt lat="-21.9008" lon="16.8961"/>
      <trkpt lat="-21.9084" lon="16.8968"/>
      <trkpt lat="-21.9089" lon="16.8968"/>
      <trkpt lat="-21.9194" lon="16.8978"/>
      <trkpt lat="-21.92" lon="16.8978"/>
      <trkpt lat="-21.9205" lon="16.8979"/>
      <trkpt lat="-21.9247" lon="16.8982"/>
      <trkpt lat="-21.925" lon="16.8982"/>
      <trkpt lat="-21.9253" lon="16.8982"/>
      <trkpt lat="-21.9257" lon="16.8983"/>
      <trkpt lat="-21.9259" lon="16.8983"/>
      <trkpt lat="-21.926" lon="16.8983"/>
      <trkpt lat="-21.9262" lon="16.8984"/>
      <trkpt lat="-21.9268" lon="16.8984"/>
      <trkpt lat="-21.9287" lon="16.8986"/>
      <trkpt lat="-21.9329" lon="16.8989"/>
      <trkpt lat="-21.9349" lon="16.8991"/>
      <trkpt lat="-21.937" lon="16.8993"/>
      <trkpt lat="-21.9371" lon="16.8993"/>
      <trkpt lat="-21.9396" lon="16.8995"/>
      <trkpt lat="-21.9401" lon="16.8996"/>
      <trkpt lat="-21.9408" lon="16.8996"/>
      <trkpt lat="-21.9416" lon="16.8995"/>
      <trkpt lat="-21.9424" lon="16.8994"/>
      <trkpt lat="-21.9432" lon="16.8993"/>
      <trkpt lat="-21.9439" lon="16.8991"/>
      <trkpt lat="-21.9453" lon="16.8987"/>
      <trkpt lat="-21.946" lon="16.8985"/>
      <trkpt lat="-21.9467" lon="16.8983"/>
      <trkpt lat="-21.9479" lon="16.898"/>
      <trkpt lat="-21.948" lon="16.898"/>
      <trkpt lat="-21.9485" lon="16.8979"/>
      <trkpt lat="-21.9493" lon="16.8977"/>
      <trkpt lat="-21.9513" lon="16.8974"/>
      <trkpt lat="-21.9532" lon="16.897"/>
      <trkpt lat="-21.9533" lon="16.897"/>
      <trkpt lat="-21.9553" lon="16.8967"/>
      <trkpt lat="-21.9554" lon="16.8966"/>
      <trkpt lat="-21.9568" lon="16.8964"/>
      <trkpt lat="-21.9574" lon="16.8963"/>
      <trkpt lat="-21.9578" lon="16.8962"/>
      <trkpt lat="-21.9588" lon="16.8959"/>
      <trkpt lat="-21.9588" lon="16.8959"/>
      <trkpt lat="-21.9593" lon="16.8957"/>
      <trkpt lat="-21.9598" lon="16.8955"/>
      <trkpt lat="-21.9601" lon="16.8954"/>
      <trkpt lat="-21.9603" lon="16.8953"/>
      <trkpt lat="-21.9606" lon="16.8952"/>
      <trkpt lat="-21.9608" lon="16.8951"/>
      <trkpt lat="-21.9612" lon="16.8948"/>
      <trkpt lat="-21.9617" lon="16.8946"/>
      <trkpt lat="-21.964" lon="16.8933"/>
      <trkpt lat="-21.9658" lon="16.8924"/>
      <trkpt lat="-21.9672" lon="16.8917"/>
      <trkpt lat="-21.9685" lon="16.8911"/>
      <trkpt lat="-21.9689" lon="16.891"/>
      <trkpt lat="-21.9693" lon="16.8909"/>
      <trkpt lat="-21.9697" lon="16.8908"/>
      <trkpt lat="-21.9703" lon="16.8907"/>
      <trkpt lat="-21.9704" lon="16.8907"/>
      <trkpt lat="-21.9708" lon="16.8936"/>
      <trkpt lat="-21.971" lon="16.8943"/>
      <trkpt lat="-21.9711" lon="16.8946"/>
      <trkpt lat="-21.972" lon="16.9005"/>
      <trkpt lat="-21.9723" lon="16.9024"/>
      <trkpt lat="-21.9724" lon="16.9028"/>
      <trkpt lat="-21.9724" lon="16.9032"/>
      <trkpt lat="-21.9725" lon="16.9034"/>
      <trkpt lat="-21.9727" lon="16.9041"/>
      <trkpt lat="-21.9728" lon="16.9044"/>
      <trkpt lat="-21.973" lon="16.9048"/>
      <trkpt lat="-21.9733" lon="16.9052"/>
      <trkpt lat="-21.9734" lon="16.9055"/>
      <trkpt lat="-21.9736" lon="16.9057"/>
      <trkpt lat="-21.9739" lon="16.9061"/>
      <trkpt lat="-21.9741" lon="16.9063"/>
      <trkpt lat="-21.9742" lon="16.9065"/>
      <trkpt lat="-21.9742" lon="16.9067"/>
      <trkpt lat="-21.9743" lon="16.9068"/>
      <trkpt lat="-21.9743" lon="16.907"/>
      <trkpt lat="-21.9743" lon="16.9071"/>
      <trkpt lat="-21.9744" lon="16.9075"/>
      <trkpt lat="-21.9744" lon="16.9076"/>
      <trkpt lat="-21.9744" lon="16.9079"/>
      <trkpt lat="-21.9744" lon="16.908"/>
      <trkpt lat="-21.9744" lon="16.9081"/>
      <trkpt lat="-21.9744" lon="16.9082"/>
      <trkpt lat="-21.9744" lon="16.9083"/>
      <trkpt lat="-21.9745" lon="16.9094"/>
      <trkpt lat="-21.9746" lon="16.9098"/>
      <trkpt lat="-21.9746" lon="16.9111"/>
      <trkpt lat="-21.9747" lon="16.9113"/>
      <trkpt lat="-21.9749" lon="16.9115"/>
      <trkpt lat="-21.9756" lon="16.9119"/>
      <trkpt lat="-21.9761" lon="16.9122"/>
      <trkpt lat="-21.9771" lon="16.9125"/>
      <trkpt lat="-21.9777" lon="16.9128"/>
      <trkpt lat="-21.9778" lon="16.9128"/>
      <trkpt lat="-21.9778" lon="16.9128"/>
      <trkpt lat="-21.978" lon="16.9128"/>
      <trkpt lat="-21.9782" lon="16.9129"/>
      <trkpt lat="-21.9786" lon="16.9129"/>
      <trkpt lat="-21.979" lon="16.913"/>
      <trkpt lat="-21.9792" lon="16.913"/>
      <trkpt lat="-21.9797" lon="16.9131"/>
      <trkpt lat="-21.9798" lon="16.9132"/>
      <trkpt lat="-21.9799" lon="16.9131"/>
      <trkpt lat="-21.9801" lon="16.9131"/>
      <trkpt lat="-21.9802" lon="16.913"/>
      <trkpt lat="-21.9802" lon="16.9129"/>
      <trkpt lat="-21.9805" lon="16.9122"/>
      <trkpt lat="-21.981" lon="16.9124"/>
      <trkpt lat="-21.9807" lon="16.9132"/>
      <trkpt lat="-21.9806" lon="16.9135"/>
      <trkpt lat="-21.9806" lon="16.9136"/>
      <trkpt lat="-21.9806" lon="16.9138"/>
      <trkpt lat="-21.9806" lon="16.9139"/>
      <trkpt lat="-21.9807" lon="16.9139"/>
      <trkpt lat="-21.9808" lon="16.9141"/>
      <trkpt lat="-21.9818" lon="16.9145"/>
      <trkpt lat="-21.983" lon="16.915"/>
      <trkpt lat="-21.9833" lon="16.9151"/>
      <trkpt lat="-21.9839" lon="16.9154"/>
      <trkpt lat="-21.9847" lon="16.9157"/>
      <trkpt lat="-21.9854" lon="16.9136"/>
      <trkpt lat="-21.9854" lon="16.9136"/>
      <trkpt lat="-21.9855" lon="16.9134"/>
      <trkpt lat="-21.9856" lon="16.9123"/>
      <trkpt lat="-21.9856" lon="16.912"/>
      <trkpt lat="-21.9856" lon="16.9118"/>
      <trkpt lat="-21.9857" lon="16.9117"/>
      <trkpt lat="-21.9857" lon="16.9116"/>
      <trkpt lat="-21.9858" lon="16.9114"/>
      <trkpt lat="-21.9858" lon="16.9113"/>
      <trkpt lat="-21.9859" lon="16.9112"/>
      <trkpt lat="-21.9862" lon="16.9102"/>
      <trkpt lat="-21.9865" lon="16.9095"/>
      <trkpt lat="-21.9867" lon="16.909"/>
      <trkpt lat="-21.9871" lon="16.9083"/>
      <trkpt lat="-21.9874" lon="16.9077"/>
      <trkpt lat="-21.9879" lon="16.9069"/>
      <trkpt lat="-21.9884" lon="16.9063"/>
      <trkpt lat="-21.9888" lon="16.9059"/>
      <trkpt lat="-21.9893" lon="16.9053"/>
      <trkpt lat="-21.9899" lon="16.9047"/>
      <trkpt lat="-21.9902" lon="16.9045"/>
      <trkpt lat="-21.9905" lon="16.9042"/>
      <trkpt lat="-21.991" lon="16.9038"/>
      <trkpt lat="-21.9911" lon="16.9038"/>
      <trkpt lat="-21.9917" lon="16.9034"/>
      <trkpt lat="-21.992" lon="16.9032"/>
      <trkpt lat="-21.9924" lon="16.903"/>
      <trkpt lat="-21.993" lon="16.9027"/>
      <trkpt lat="-21.9935" lon="16.9025"/>
      <trkpt lat="-21.9938" lon="16.9024"/>
      <trkpt lat="-21.9943" lon="16.9022"/>
      <trkpt lat="-21.995" lon="16.902"/>
      <trkpt lat="-21.9954" lon="16.9019"/>
      <trkpt lat="-21.9957" lon="16.9018"/>
      <trkpt lat="-21.9963" lon="16.9018"/>
      <trkpt lat="-21.9967" lon="16.9017"/>
      <trkpt lat="-21.9971" lon="16.9017"/>
      <trkpt lat="-21.9977" lon="16.9017"/>
      <trkpt lat="-21.9984" lon="16.9017"/>
      <trkpt lat="-21.9989" lon="16.9017"/>
      <trkpt lat="-21.9993" lon="16.9017"/>
      <trkpt lat="-21.9998" lon="16.9017"/>
      <trkpt lat="-22.0038" lon="16.9019"/>
      <trkpt lat="-22.0044" lon="16.9019"/>
      <trkpt lat="-22.0067" lon="16.902"/>
      <trkpt lat="-22.0085" lon="16.9021"/>
      <trkpt lat="-22.0089" lon="16.9021"/>
      <trkpt lat="-22.0096" lon="16.9021"/>
      <trkpt lat="-22.0154" lon="16.9023"/>
      <trkpt lat="-22.0162" lon="16.9023"/>
      <trkpt lat="-22.0172" lon="16.9023"/>
      <trkpt lat="-22.0184" lon="16.9023"/>
      <trkpt lat="-22.0203" lon="16.9022"/>
      <trkpt lat="-22.0229" lon="16.902"/>
      <trkpt lat="-22.0262" lon="16.9018"/>
      <trkpt lat="-22.0312" lon="16.9016"/>
      <trkpt lat="-22.0313" lon="16.9016"/>
      <trkpt lat="-22.0342" lon="16.9014"/>
      <trkpt lat="-22.0351" lon="16.9014"/>
      <trkpt lat="-22.0371" lon="16.9013"/>
      <trkpt lat="-22.0378" lon="16.9012"/>
      <trkpt lat="-22.038" lon="16.9019"/>
      <trkpt lat="-22.0381" lon="16.9021"/>
      <trkpt lat="-22.0382" lon="16.9022"/>
      <trkpt lat="-22.0383" lon="16.9024"/>
      <trkpt lat="-22.0385" lon="16.9025"/>
      <trkpt lat="-22.039" lon="16.903"/>
      <trkpt lat="-22.0395" lon="16.9034"/>
      <trkpt lat="-22.0401" lon="16.9039"/>
      <trkpt lat="-22.043" lon="16.906"/>
      <trkpt lat="-22.0435" lon="16.9065"/>
      <trkpt lat="-22.0453" lon="16.908"/>
      <trkpt lat="-22.0479" lon="16.9103"/>
      <trkpt lat="-22.0488" lon="16.9111"/>
      <trkpt lat="-22.0501" lon="16.9122"/>
      <trkpt lat="-22.0507" lon="16.9128"/>
      <trkpt lat="-22.0519" lon="16.9138"/>
      <trkpt lat="-22.0526" lon="16.9144"/>
      <trkpt lat="-22.0538" lon="16.9155"/>
      <trkpt lat="-22.055" lon="16.9165"/>
      <trkpt lat="-22.0559" lon="16.9172"/>
      <trkpt lat="-22.0568" lon="16.9179"/>
      <trkpt lat="-22.0578" lon="16.9186"/>
      <trkpt lat="-22.0595" lon="16.9196"/>
      <trkpt lat="-22.0613" lon="16.9206"/>
      <trkpt lat="-22.0618" lon="16.9209"/>
      <trkpt lat="-22.0631" lon="16.9217"/>
      <trkpt lat="-22.0635" lon="16.9219"/>
      <trkpt lat="-22.0646" lon="16.9227"/>
      <trkpt lat="-22.0664" lon="16.9238"/>
      <trkpt lat="-22.0693" lon="16.9255"/>
      <trkpt lat="-22.071" lon="16.9265"/>
      <trkpt lat="-22.0722" lon="16.9271"/>
      <trkpt lat="-22.0729" lon="16.9274"/>
      <trkpt lat="-22.0734" lon="16.9277"/>
      <trkpt lat="-22.0745" lon="16.928"/>
      <trkpt lat="-22.0753" lon="16.9283"/>
      <trkpt lat="-22.0763" lon="16.9286"/>
      <trkpt lat="-22.0771" lon="16.9288"/>
      <trkpt lat="-22.0805" lon="16.9296"/>
      <trkpt lat="-22.0815" lon="16.9298"/>
      <trkpt lat="-22.0826" lon="16.9301"/>
      <trkpt lat="-22.084" lon="16.9304"/>
      <trkpt lat="-22.085" lon="16.9307"/>
      <trkpt lat="-22.0861" lon="16.9311"/>
      <trkpt lat="-22.0872" lon="16.9317"/>
      <trkpt lat="-22.0881" lon="16.9323"/>
      <trkpt lat="-22.0891" lon="16.933"/>
      <trkpt lat="-22.0902" lon="16.9341"/>
      <trkpt lat="-22.0913" lon="16.9352"/>
      <trkpt lat="-22.0933" lon="16.9378"/>
      <trkpt lat="-22.0958" lon="16.941"/>
      <trkpt lat="-22.0996" lon="16.9459"/>
      <trkpt lat="-22.1051" lon="16.9528"/>
      <trkpt lat="-22.108" lon="16.9567"/>
      <trkpt lat="-22.1102" lon="16.9595"/>
      <trkpt lat="-22.1126" lon="16.9626"/>
      <trkpt lat="-22.1129" lon="16.963"/>
      <trkpt lat="-22.1133" lon="16.9634"/>
      <trkpt lat="-22.1137" lon="16.964"/>
      <trkpt lat="-22.1141" lon="16.9644"/>
      <trkpt lat="-22.115" lon="16.9654"/>
      <trkpt lat="-22.1155" lon="16.9659"/>
      <trkpt lat="-22.1164" lon="16.9667"/>
      <trkpt lat="-22.1165" lon="16.9668"/>
      <trkpt lat="-22.1172" lon="16.9673"/>
      <trkpt lat="-22.121" lon="16.9703"/>
      <trkpt lat="-22.1325" lon="16.9797"/>
      <trkpt lat="-22.1356" lon="16.9821"/>
      <trkpt lat="-22.1376" lon="16.9837"/>
      <trkpt lat="-22.1388" lon="16.9847"/>
      <trkpt lat="-22.1406" lon="16.9861"/>
      <trkpt lat="-22.1431" lon="16.9881"/>
      <trkpt lat="-22.1454" lon="16.99"/>
      <trkpt lat="-22.1478" lon="16.9919"/>
      <trkpt lat="-22.1494" lon="16.9931"/>
      <trkpt lat="-22.1509" lon="16.9944"/>
      <trkpt lat="-22.1523" lon="16.9955"/>
      <trkpt lat="-22.1546" lon="16.9973"/>
      <trkpt lat="-22.1554" lon="16.9979"/>
      <trkpt lat="-22.1557" lon="16.9981"/>
      <trkpt lat="-22.156" lon="16.9982"/>
      <trkpt lat="-22.1566" lon="16.9986"/>
      <trkpt lat="-22.1574" lon="16.9989"/>
      <trkpt lat="-22.158" lon="16.9991"/>
      <trkpt lat="-22.1586" lon="16.9992"/>
      <trkpt lat="-22.1593" lon="16.9994"/>
      <trkpt lat="-22.1597" lon="16.9994"/>
      <trkpt lat="-22.1604" lon="16.9995"/>
      <trkpt lat="-22.1613" lon="16.9994"/>
      <trkpt lat="-22.1626" lon="16.9993"/>
      <trkpt lat="-22.1641" lon="16.9992"/>
      <trkpt lat="-22.165" lon="16.9991"/>
      <trkpt lat="-22.1674" lon="16.9989"/>
      <trkpt lat="-22.1697" lon="16.9986"/>
      <trkpt lat="-22.1708" lon="16.9985"/>
      <trkpt lat="-22.1726" lon="16.9983"/>
      <trkpt lat="-22.1729" lon="16.9983"/>
      <trkpt lat="-22.1745" lon="16.9981"/>
      <trkpt lat="-22.1759" lon="16.9981"/>
      <trkpt lat="-22.1768" lon="16.9982"/>
      <trkpt lat="-22.1772" lon="16.9982"/>
      <trkpt lat="-22.1775" lon="16.9983"/>
      <trkpt lat="-22.1787" lon="16.9986"/>
      <trkpt lat="-22.1797" lon="16.9989"/>
      <trkpt lat="-22.1852" lon="17.0007"/>
      <trkpt lat="-22.1884" lon="17.0017"/>
      <trkpt lat="-22.1898" lon="17.0021"/>
      <trkpt lat="-22.1908" lon="17.0025"/>
      <trkpt lat="-22.1913" lon="17.0028"/>
      <trkpt lat="-22.1933" lon="17.0039"/>
      <trkpt lat="-22.1964" lon="17.0057"/>
      <trkpt lat="-22.1986" lon="17.0071"/>
      <trkpt lat="-22.2031" lon="17.0097"/>
      <trkpt lat="-22.2049" lon="17.0109"/>
      <trkpt lat="-22.2055" lon="17.0112"/>
      <trkpt lat="-22.2063" lon="17.0116"/>
      <trkpt lat="-22.2089" lon="17.0131"/>
      <trkpt lat="-22.2132" lon="17.0157"/>
      <trkpt lat="-22.2141" lon="17.0162"/>
      <trkpt lat="-22.2183" lon="17.0187"/>
      <trkpt lat="-22.22" lon="17.0196"/>
      <trkpt lat="-22.2209" lon="17.0199"/>
      <trkpt lat="-22.2219" lon="17.0203"/>
      <trkpt lat="-22.2225" lon="17.0205"/>
      <trkpt lat="-22.2234" lon="17.0207"/>
      <trkpt lat="-22.2243" lon="17.0209"/>
      <trkpt lat="-22.2269" lon="17.0212"/>
      <trkpt lat="-22.2282" lon="17.0214"/>
      <trkpt lat="-22.2335" lon="17.0221"/>
      <trkpt lat="-22.2389" lon="17.0228"/>
      <trkpt lat="-22.2396" lon="17.0229"/>
      <trkpt lat="-22.2421" lon="17.0233"/>
      <trkpt lat="-22.2448" lon="17.0237"/>
      <trkpt lat="-22.247" lon="17.0239"/>
      <trkpt lat="-22.2474" lon="17.024"/>
      <trkpt lat="-22.248" lon="17.0241"/>
      <trkpt lat="-22.2488" lon="17.0244"/>
      <trkpt lat="-22.2497" lon="17.0246"/>
      <trkpt lat="-22.2503" lon="17.0248"/>
      <trkpt lat="-22.251" lon="17.025"/>
      <trkpt lat="-22.2541" lon="17.0263"/>
      <trkpt lat="-22.2569" lon="17.0276"/>
      <trkpt lat="-22.2592" lon="17.0286"/>
      <trkpt lat="-22.2601" lon="17.0289"/>
      <trkpt lat="-22.2641" lon="17.0307"/>
      <trkpt lat="-22.2667" lon="17.0318"/>
      <trkpt lat="-22.2686" lon="17.0327"/>
      <trkpt lat="-22.2731" lon="17.0346"/>
      <trkpt lat="-22.2758" lon="17.0358"/>
      <trkpt lat="-22.2772" lon="17.0364"/>
      <trkpt lat="-22.2795" lon="17.0371"/>
      <trkpt lat="-22.2835" lon="17.0382"/>
      <trkpt lat="-22.2877" lon="17.0395"/>
      <trkpt lat="-22.2904" lon="17.0403"/>
      <trkpt lat="-22.2946" lon="17.0415"/>
      <trkpt lat="-22.2964" lon="17.042"/>
      <trkpt lat="-22.2996" lon="17.0429"/>
      <trkpt lat="-22.3025" lon="17.0437"/>
      <trkpt lat="-22.3055" lon="17.0446"/>
      <trkpt lat="-22.308" lon="17.0453"/>
      <trkpt lat="-22.3102" lon="17.046"/>
      <trkpt lat="-22.3129" lon="17.0467"/>
      <trkpt lat="-22.3158" lon="17.0476"/>
      <trkpt lat="-22.3176" lon="17.0481"/>
      <trkpt lat="-22.3214" lon="17.0491"/>
      <trkpt lat="-22.3244" lon="17.05"/>
      <trkpt lat="-22.3285" lon="17.0513"/>
      <trkpt lat="-22.3292" lon="17.0515"/>
      <trkpt lat="-22.3319" lon="17.0525"/>
      <trkpt lat="-22.334" lon="17.0532"/>
      <trkpt lat="-22.3354" lon="17.0537"/>
      <trkpt lat="-22.3367" lon="17.0542"/>
      <trkpt lat="-22.3373" lon="17.0544"/>
      <trkpt lat="-22.3379" lon="17.0545"/>
      <trkpt lat="-22.3386" lon="17.0546"/>
      <trkpt lat="-22.3394" lon="17.0547"/>
      <trkpt lat="-22.3404" lon="17.0548"/>
      <trkpt lat="-22.3413" lon="17.0547"/>
      <trkpt lat="-22.3422" lon="17.0546"/>
      <trkpt lat="-22.3428" lon="17.0544"/>
      <trkpt lat="-22.3433" lon="17.0543"/>
      <trkpt lat="-22.3442" lon="17.0539"/>
      <trkpt lat="-22.3455" lon="17.0535"/>
      <trkpt lat="-22.3476" lon="17.0527"/>
      <trkpt lat="-22.3481" lon="17.0525"/>
      <trkpt lat="-22.3485" lon="17.0523"/>
      <trkpt lat="-22.349" lon="17.0522"/>
      <trkpt lat="-22.3494" lon="17.0521"/>
      <trkpt lat="-22.3504" lon="17.0518"/>
      <trkpt lat="-22.351" lon="17.0517"/>
      <trkpt lat="-22.3513" lon="17.0517"/>
      <trkpt lat="-22.3516" lon="17.0517"/>
      <trkpt lat="-22.3528" lon="17.0517"/>
      <trkpt lat="-22.3538" lon="17.0518"/>
      <trkpt lat="-22.3545" lon="17.052"/>
      <trkpt lat="-22.355" lon="17.0522"/>
      <trkpt lat="-22.3564" lon="17.0527"/>
      <trkpt lat="-22.3581" lon="17.0534"/>
      <trkpt lat="-22.3601" lon="17.0541"/>
      <trkpt lat="-22.3632" lon="17.0554"/>
      <trkpt lat="-22.3638" lon="17.0556"/>
      <trkpt lat="-22.3672" lon="17.0569"/>
      <trkpt lat="-22.3721" lon="17.0589"/>
      <trkpt lat="-22.3738" lon="17.0595"/>
      <trkpt lat="-22.3762" lon="17.0605"/>
      <trkpt lat="-22.3767" lon="17.0607"/>
      <trkpt lat="-22.3772" lon="17.0608"/>
      <trkpt lat="-22.3786" lon="17.0614"/>
      <trkpt lat="-22.3802" lon="17.0619"/>
      <trkpt lat="-22.3818" lon="17.0624"/>
      <trkpt lat="-22.3834" lon="17.0628"/>
      <trkpt lat="-22.3887" lon="17.0641"/>
      <trkpt lat="-22.3915" lon="17.0649"/>
      <trkpt lat="-22.3921" lon="17.0651"/>
      <trkpt lat="-22.3925" lon="17.0653"/>
      <trkpt lat="-22.3935" lon="17.0657"/>
      <trkpt lat="-22.3945" lon="17.0662"/>
      <trkpt lat="-22.3988" lon="17.0687"/>
      <trkpt lat="-22.3995" lon="17.0691"/>
      <trkpt lat="-22.3999" lon="17.0693"/>
      <trkpt lat="-22.4003" lon="17.0694"/>
      <trkpt lat="-22.401" lon="17.0697"/>
      <trkpt lat="-22.4024" lon="17.0702"/>
      <trkpt lat="-22.4034" lon="17.0704"/>
      <trkpt lat="-22.4047" lon="17.0707"/>
      <trkpt lat="-22.406" lon="17.0708"/>
      <trkpt lat="-22.4069" lon="17.0708"/>
      <trkpt lat="-22.4077" lon="17.0707"/>
      <trkpt lat="-22.4084" lon="17.0707"/>
      <trkpt lat="-22.4085" lon="17.0706"/>
      <trkpt lat="-22.4103" lon="17.0704"/>
      <trkpt lat="-22.412" lon="17.0704"/>
      <trkpt lat="-22.4125" lon="17.0704"/>
      <trkpt lat="-22.4132" lon="17.0705"/>
      <trkpt lat="-22.4138" lon="17.0705"/>
      <trkpt lat="-22.4141" lon="17.0705"/>
      <trkpt lat="-22.415" lon="17.0703"/>
      <trkpt lat="-22.4159" lon="17.0701"/>
      <trkpt lat="-22.4163" lon="17.07"/>
      <trkpt lat="-22.4166" lon="17.07"/>
      <trkpt lat="-22.4172" lon="17.07"/>
      <trkpt lat="-22.4176" lon="17.07"/>
      <trkpt lat="-22.4181" lon="17.0701"/>
      <trkpt lat="-22.4188" lon="17.0702"/>
      <trkpt lat="-22.4196" lon="17.0703"/>
      <trkpt lat="-22.42" lon="17.0704"/>
      <trkpt lat="-22.4214" lon="17.0708"/>
      <trkpt lat="-22.4223" lon="17.071"/>
      <trkpt lat="-22.4241" lon="17.0713"/>
      <trkpt lat="-22.4254" lon="17.0715"/>
      <trkpt lat="-22.4287" lon="17.0718"/>
      <trkpt lat="-22.4299" lon="17.0719"/>
      <trkpt lat="-22.4345" lon="17.0722"/>
      <trkpt lat="-22.4356" lon="17.0723"/>
      <trkpt lat="-22.4367" lon="17.0724"/>
      <trkpt lat="-22.4379" lon="17.0725"/>
      <trkpt lat="-22.4413" lon="17.0727"/>
      <trkpt lat="-22.4424" lon="17.0728"/>
      <trkpt lat="-22.4431" lon="17.0729"/>
      <trkpt lat="-22.4439" lon="17.0731"/>
      <trkpt lat="-22.4448" lon="17.0735"/>
      <trkpt lat="-22.446" lon="17.0741"/>
      <trkpt lat="-22.4481" lon="17.075"/>
      <trkpt lat="-22.4489" lon="17.0753"/>
      <trkpt lat="-22.4498" lon="17.0755"/>
      <trkpt lat="-22.4507" lon="17.0758"/>
      <trkpt lat="-22.4519" lon="17.076"/>
      <trkpt lat="-22.4534" lon="17.0763"/>
      <trkpt lat="-22.4574" lon="17.077"/>
      <trkpt lat="-22.4618" lon="17.0779"/>
      <trkpt lat="-22.4626" lon="17.078"/>
      <trkpt lat="-22.4633" lon="17.0781"/>
      <trkpt lat="-22.4641" lon="17.0782"/>
      <trkpt lat="-22.4663" lon="17.0782"/>
      <trkpt lat="-22.4677" lon="17.0783"/>
      <trkpt lat="-22.469" lon="17.0783"/>
      <trkpt lat="-22.4703" lon="17.0784"/>
      <trkpt lat="-22.4729" lon="17.0785"/>
      <trkpt lat="-22.4767" lon="17.0786"/>
      <trkpt lat="-22.4785" lon="17.0787"/>
      <trkpt lat="-22.4836" lon="17.079"/>
      <trkpt lat="-22.4867" lon="17.0792"/>
      <trkpt lat="-22.4901" lon="17.0793"/>
      <trkpt lat="-22.4921" lon="17.0793"/>
      <trkpt lat="-22.4959" lon="17.0792"/>
      <trkpt lat="-22.4964" lon="17.0792"/>
      <trkpt lat="-22.4984" lon="17.0791"/>
      <trkpt lat="-22.5006" lon="17.0789"/>
      <trkpt lat="-22.5022" lon="17.0787"/>
      <trkpt lat="-22.5028" lon="17.0786"/>
      <trkpt lat="-22.5034" lon="17.0785"/>
      <trkpt lat="-22.5042" lon="17.0783"/>
      <trkpt lat="-22.5048" lon="17.0781"/>
      <trkpt lat="-22.5057" lon="17.0779"/>
      <trkpt lat="-22.5064" lon="17.0776"/>
      <trkpt lat="-22.5071" lon="17.0774"/>
      <trkpt lat="-22.5081" lon="17.077"/>
      <trkpt lat="-22.5102" lon="17.076"/>
      <trkpt lat="-22.5115" lon="17.0754"/>
      <trkpt lat="-22.5124" lon="17.075"/>
      <trkpt lat="-22.5134" lon="17.0747"/>
      <trkpt lat="-22.5143" lon="17.0744"/>
      <trkpt lat="-22.5152" lon="17.0742"/>
      <trkpt lat="-22.5158" lon="17.0741"/>
      <trkpt lat="-22.5177" lon="17.0738"/>
      <trkpt lat="-22.5199" lon="17.0734"/>
      <trkpt lat="-22.5223" lon="17.073"/>
      <trkpt lat="-22.5242" lon="17.0727"/>
      <trkpt lat="-22.5266" lon="17.0724"/>
      <trkpt lat="-22.5285" lon="17.072"/>
      <trkpt lat="-22.5292" lon="17.0717"/>
      <trkpt lat="-22.53" lon="17.0714"/>
      <trkpt lat="-22.5303" lon="17.0713"/>
      <trkpt lat="-22.5308" lon="17.071"/>
      <trkpt lat="-22.5316" lon="17.0705"/>
      <trkpt lat="-22.5331" lon="17.0697"/>
      <trkpt lat="-22.5338" lon="17.0693"/>
      <trkpt lat="-22.5344" lon="17.069"/>
      <trkpt lat="-22.5347" lon="17.0688"/>
      <trkpt lat="-22.5354" lon="17.0686"/>
      <trkpt lat="-22.5357" lon="17.0685"/>
      <trkpt lat="-22.5363" lon="17.0684"/>
      <trkpt lat="-22.537" lon="17.0682"/>
      <trkpt lat="-22.5372" lon="17.0682"/>
      <trkpt lat="-22.5375" lon="17.0682"/>
      <trkpt lat="-22.5379" lon="17.0682"/>
      <trkpt lat="-22.5383" lon="17.0681"/>
      <trkpt lat="-22.5387" lon="17.0681"/>
      <trkpt lat="-22.5391" lon="17.0682"/>
      <trkpt lat="-22.5397" lon="17.0682"/>
      <trkpt lat="-22.5401" lon="17.0682"/>
      <trkpt lat="-22.5411" lon="17.0682"/>
      <trkpt lat="-22.5436" lon="17.0683"/>
      <trkpt lat="-22.5439" lon="17.0683"/>
      <trkpt lat="-22.5441" lon="17.0683"/>
      <trkpt lat="-22.5442" lon="17.0683"/>
      <trkpt lat="-22.5444" lon="17.0682"/>
      <trkpt lat="-22.5447" lon="17.0682"/>
      <trkpt lat="-22.545" lon="17.0682"/>
      <trkpt lat="-22.5453" lon="17.0681"/>
      <trkpt lat="-22.5458" lon="17.0679"/>
      <trkpt lat="-22.5461" lon="17.0678"/>
      <trkpt lat="-22.5464" lon="17.0677"/>
      <trkpt lat="-22.5467" lon="17.0676"/>
      <trkpt lat="-22.547" lon="17.0675"/>
      <trkpt lat="-22.5472" lon="17.0674"/>
      <trkpt lat="-22.5475" lon="17.0672"/>
      <trkpt lat="-22.5478" lon="17.067"/>
      <trkpt lat="-22.5482" lon="17.0668"/>
      <trkpt lat="-22.5484" lon="17.0666"/>
      <trkpt lat="-22.5487" lon="17.0664"/>
      <trkpt lat="-22.5491" lon="17.0661"/>
      <trkpt lat="-22.5494" lon="17.0659"/>
      <trkpt lat="-22.5496" lon="17.0657"/>
      <trkpt lat="-22.5498" lon="17.0655"/>
      <trkpt lat="-22.55" lon="17.0652"/>
      <trkpt lat="-22.5504" lon="17.0649"/>
      <trkpt lat="-22.5506" lon="17.0646"/>
      <trkpt lat="-22.5509" lon="17.0643"/>
      <trkpt lat="-22.5512" lon="17.064"/>
      <trkpt lat="-22.5521" lon="17.0632"/>
      <trkpt lat="-22.5523" lon="17.0631"/>
      <trkpt lat="-22.5524" lon="17.063"/>
      <trkpt lat="-22.5526" lon="17.0632"/>
      <trkpt lat="-22.5528" lon="17.0635"/>
      <trkpt lat="-22.5529" lon="17.0637"/>
      <trkpt lat="-22.5532" lon="17.0641"/>
      <trkpt lat="-22.5533" lon="17.0642"/>
      <trkpt lat="-22.5535" lon="17.0646"/>
      <trkpt lat="-22.5538" lon="17.0652"/>
      <trkpt lat="-22.5542" lon="17.0661"/>
      <trkpt lat="-22.5544" lon="17.0664"/>
      <trkpt lat="-22.5546" lon="17.0668"/>
      <trkpt lat="-22.5553" lon="17.068"/>
      <trkpt lat="-22.5554" lon="17.0682"/>
      <trkpt lat="-22.5554" lon="17.0683"/>
      <trkpt lat="-22.5555" lon="17.0684"/>
      <trkpt lat="-22.5556" lon="17.0685"/>
      <trkpt lat="-22.5558" lon="17.0687"/>
      <trkpt lat="-22.556" lon="17.0688"/>
      <trkpt lat="-22.5563" lon="17.069"/>
      <trkpt lat="-22.5568" lon="17.0695"/>
      <trkpt lat="-22.5569" lon="17.0695"/>
      <trkpt lat="-22.557" lon="17.0696"/>
      <trkpt lat="-22.5582" lon="17.0705"/>
      <trkpt lat="-22.5587" lon="17.071"/>
      <trkpt lat="-22.5589" lon="17.0711"/>
      <trkpt lat="-22.5592" lon="17.0713"/>
      <trkpt lat="-22.5593" lon="17.0714"/>
      <trkpt lat="-22.5593" lon="17.0715"/>
      <trkpt lat="-22.5594" lon="17.0716"/>
      <trkpt lat="-22.5595" lon="17.0717"/>
      <trkpt lat="-22.5596" lon="17.0718"/>
      <trkpt lat="-22.5597" lon="17.072"/>
      <trkpt lat="-22.5597" lon="17.0721"/>
      <trkpt lat="-22.5598" lon="17.0723"/>
      <trkpt lat="-22.5604" lon="17.072"/>
      <trkpt lat="-22.5606" lon="17.072"/>
      <trkpt lat="-22.5607" lon="17.072"/>
      <trkpt lat="-22.5608" lon="17.072"/>
      <trkpt lat="-22.5615" lon="17.0721"/>
      <trkpt lat="-22.5625" lon="17.0724"/>
      <trkpt lat="-22.5632" lon="17.0726"/>
      <trkpt lat="-22.564" lon="17.0728"/>
      <trkpt lat="-22.5647" lon="17.0727"/>
      <trkpt lat="-22.5648" lon="17.0727"/>
      <trkpt lat="-22.5655" lon="17.0726"/>
      <trkpt lat="-22.5656" lon="17.0726"/>
      <trkpt lat="-22.5658" lon="17.0726"/>
      <trkpt lat="-22.566" lon="17.0726"/>
      <trkpt lat="-22.5662" lon="17.0727"/>
      <trkpt lat="-22.5663" lon="17.0727"/>
      <trkpt lat="-22.5664" lon="17.0728"/>
      <trkpt lat="-22.5669" lon="17.073"/>
      <trkpt lat="-22.5674" lon="17.0734"/>
      <trkpt lat="-22.5676" lon="17.0735"/>
      <trkpt lat="-22.568" lon="17.0739"/>
      <trkpt lat="-22.5681" lon="17.0738"/>
      <trkpt lat="-22.5688" lon="17.0728"/>
      <trkpt lat="-22.5691" lon="17.0729"/>
      <trkpt lat="-22.5695" lon="17.0731"/>
      <trkpt lat="-22.5698" lon="17.0732"/>
      <trkpt lat="-22.5701" lon="17.0732"/>
      <trkpt lat="-22.571" lon="17.0735"/>
      <trkpt lat="-22.5715" lon="17.0736"/>
      <trkpt lat="-22.5716" lon="17.0737"/>
      <trkpt lat="-22.5717" lon="17.0737"/>
      <trkpt lat="-22.5717" lon="17.0737"/>
      <trkpt lat="-22.5725" lon="17.0733"/>
      <trkpt lat="-22.573" lon="17.0746"/>
      <trkpt lat="-22.5731" lon="17.0747"/>
      <trkpt lat="-22.5731" lon="17.0747"/>
      <trkpt lat="-22.5732" lon="17.075"/>
      <trkpt lat="-22.5733" lon="17.0751"/>
      <trkpt lat="-22.574" lon="17.075"/>
      <trkpt lat="-22.5749" lon="17.0748"/>
      <trkpt lat="-22.5752" lon="17.0747"/>
      <trkpt lat="-22.5755" lon="17.0746"/>
      <trkpt lat="-22.577" lon="17.0743"/>
      <trkpt lat="-22.5772" lon="17.0744"/>
      <trkpt lat="-22.5773" lon="17.0744"/>
      <trkpt lat="-22.5774" lon="17.0744"/>
      <trkpt lat="-22.5775" lon="17.0745"/>
      <trkpt lat="-22.5776" lon="17.0745"/>
      <trkpt lat="-22.5777" lon="17.0746"/>
      <trkpt lat="-22.5778" lon="17.0746"/>
      <trkpt lat="-22.5778" lon="17.0747"/>
      <trkpt lat="-22.5779" lon="17.0748"/>
      <trkpt lat="-22.578" lon="17.075"/>
      <trkpt lat="-22.5781" lon="17.0752"/>
      <trkpt lat="-22.5781" lon="17.0754"/>
      <trkpt lat="-22.5782" lon="17.0756"/>
      <trkpt lat="-22.5781" lon="17.0763"/>
      <trkpt lat="-22.5781" lon="17.0773"/>
    </trkseg>
  </trk>
  <trk>
    <name>D14 · Vuelo de vuelta</name>
    <desc>14 nov · 46 km · ~0.6 h</desc>
    <trkseg>
      <trkpt lat="-22.5781" lon="17.0773"/>
      <trkpt lat="-22.5781" lon="17.0776"/>
      <trkpt lat="-22.578" lon="17.079"/>
      <trkpt lat="-22.5779" lon="17.0804"/>
      <trkpt lat="-22.5779" lon="17.0806"/>
      <trkpt lat="-22.5779" lon="17.0816"/>
      <trkpt lat="-22.5778" lon="17.0817"/>
      <trkpt lat="-22.5778" lon="17.0818"/>
      <trkpt lat="-22.5778" lon="17.082"/>
      <trkpt lat="-22.5778" lon="17.0823"/>
      <trkpt lat="-22.5777" lon="17.0827"/>
      <trkpt lat="-22.5777" lon="17.0828"/>
      <trkpt lat="-22.5777" lon="17.0829"/>
      <trkpt lat="-22.5777" lon="17.083"/>
      <trkpt lat="-22.5778" lon="17.0831"/>
      <trkpt lat="-22.5779" lon="17.0834"/>
      <trkpt lat="-22.5779" lon="17.0835"/>
      <trkpt lat="-22.5779" lon="17.0836"/>
      <trkpt lat="-22.5779" lon="17.0837"/>
      <trkpt lat="-22.578" lon="17.0839"/>
      <trkpt lat="-22.578" lon="17.0841"/>
      <trkpt lat="-22.578" lon="17.0841"/>
      <trkpt lat="-22.578" lon="17.0842"/>
      <trkpt lat="-22.578" lon="17.0842"/>
      <trkpt lat="-22.5778" lon="17.0845"/>
      <trkpt lat="-22.5777" lon="17.0847"/>
      <trkpt lat="-22.5776" lon="17.0847"/>
      <trkpt lat="-22.5779" lon="17.086"/>
      <trkpt lat="-22.5779" lon="17.0861"/>
      <trkpt lat="-22.5774" lon="17.0871"/>
      <trkpt lat="-22.5778" lon="17.0873"/>
      <trkpt lat="-22.5781" lon="17.0875"/>
      <trkpt lat="-22.5781" lon="17.0875"/>
      <trkpt lat="-22.5784" lon="17.0877"/>
      <trkpt lat="-22.5784" lon="17.0878"/>
      <trkpt lat="-22.5784" lon="17.0879"/>
      <trkpt lat="-22.5784" lon="17.088"/>
      <trkpt lat="-22.5784" lon="17.088"/>
      <trkpt lat="-22.5784" lon="17.088"/>
      <trkpt lat="-22.5779" lon="17.0886"/>
      <trkpt lat="-22.5784" lon="17.0892"/>
      <trkpt lat="-22.5785" lon="17.0894"/>
      <trkpt lat="-22.5786" lon="17.0895"/>
      <trkpt lat="-22.5786" lon="17.0895"/>
      <trkpt lat="-22.5789" lon="17.0897"/>
      <trkpt lat="-22.5791" lon="17.0898"/>
      <trkpt lat="-22.5792" lon="17.0899"/>
      <trkpt lat="-22.5793" lon="17.09"/>
      <trkpt lat="-22.5794" lon="17.0901"/>
      <trkpt lat="-22.5797" lon="17.0904"/>
      <trkpt lat="-22.5798" lon="17.0906"/>
      <trkpt lat="-22.5801" lon="17.091"/>
      <trkpt lat="-22.5802" lon="17.0911"/>
      <trkpt lat="-22.5805" lon="17.0915"/>
      <trkpt lat="-22.5808" lon="17.0919"/>
      <trkpt lat="-22.5814" lon="17.0929"/>
      <trkpt lat="-22.5807" lon="17.0937"/>
      <trkpt lat="-22.5807" lon="17.0938"/>
      <trkpt lat="-22.5808" lon="17.0939"/>
      <trkpt lat="-22.581" lon="17.0941"/>
      <trkpt lat="-22.5812" lon="17.0943"/>
      <trkpt lat="-22.5813" lon="17.0945"/>
      <trkpt lat="-22.5814" lon="17.0946"/>
      <trkpt lat="-22.5815" lon="17.0947"/>
      <trkpt lat="-22.5816" lon="17.0949"/>
      <trkpt lat="-22.5817" lon="17.095"/>
      <trkpt lat="-22.5818" lon="17.0951"/>
      <trkpt lat="-22.5818" lon="17.0952"/>
      <trkpt lat="-22.5818" lon="17.0954"/>
      <trkpt lat="-22.5819" lon="17.0955"/>
      <trkpt lat="-22.5819" lon="17.0956"/>
      <trkpt lat="-22.5819" lon="17.0957"/>
      <trkpt lat="-22.5818" lon="17.0959"/>
      <trkpt lat="-22.5818" lon="17.096"/>
      <trkpt lat="-22.5814" lon="17.0966"/>
      <trkpt lat="-22.5814" lon="17.0967"/>
      <trkpt lat="-22.5813" lon="17.0968"/>
      <trkpt lat="-22.5813" lon="17.0969"/>
      <trkpt lat="-22.5809" lon="17.0974"/>
      <trkpt lat="-22.5808" lon="17.0976"/>
      <trkpt lat="-22.5807" lon="17.0977"/>
      <trkpt lat="-22.5806" lon="17.0978"/>
      <trkpt lat="-22.5805" lon="17.0979"/>
      <trkpt lat="-22.5804" lon="17.098"/>
      <trkpt lat="-22.5803" lon="17.0981"/>
      <trkpt lat="-22.5802" lon="17.0982"/>
      <trkpt lat="-22.5801" lon="17.0983"/>
      <trkpt lat="-22.58" lon="17.0984"/>
      <trkpt lat="-22.5797" lon="17.0987"/>
      <trkpt lat="-22.5795" lon="17.0989"/>
      <trkpt lat="-22.5793" lon="17.099"/>
      <trkpt lat="-22.5792" lon="17.0992"/>
      <trkpt lat="-22.5791" lon="17.0993"/>
      <trkpt lat="-22.5786" lon="17.0997"/>
      <trkpt lat="-22.5783" lon="17.1"/>
      <trkpt lat="-22.5782" lon="17.1001"/>
      <trkpt lat="-22.5782" lon="17.1002"/>
      <trkpt lat="-22.578" lon="17.1004"/>
      <trkpt lat="-22.5778" lon="17.1006"/>
      <trkpt lat="-22.5776" lon="17.1009"/>
      <trkpt lat="-22.5772" lon="17.1014"/>
      <trkpt lat="-22.5769" lon="17.1018"/>
      <trkpt lat="-22.5766" lon="17.1023"/>
      <trkpt lat="-22.5765" lon="17.1024"/>
      <trkpt lat="-22.5765" lon="17.1025"/>
      <trkpt lat="-22.5764" lon="17.1027"/>
      <trkpt lat="-22.5763" lon="17.1029"/>
      <trkpt lat="-22.5762" lon="17.1034"/>
      <trkpt lat="-22.5761" lon="17.1037"/>
      <trkpt lat="-22.576" lon="17.104"/>
      <trkpt lat="-22.5759" lon="17.1042"/>
      <trkpt lat="-22.5758" lon="17.1044"/>
      <trkpt lat="-22.5754" lon="17.1051"/>
      <trkpt lat="-22.5752" lon="17.1053"/>
      <trkpt lat="-22.5751" lon="17.1056"/>
      <trkpt lat="-22.575" lon="17.1057"/>
      <trkpt lat="-22.575" lon="17.1057"/>
      <trkpt lat="-22.575" lon="17.1058"/>
      <trkpt lat="-22.575" lon="17.1058"/>
      <trkpt lat="-22.5751" lon="17.1059"/>
      <trkpt lat="-22.5751" lon="17.106"/>
      <trkpt lat="-22.5752" lon="17.1063"/>
      <trkpt lat="-22.5752" lon="17.1064"/>
      <trkpt lat="-22.5752" lon="17.1065"/>
      <trkpt lat="-22.5752" lon="17.1066"/>
      <trkpt lat="-22.5752" lon="17.1066"/>
      <trkpt lat="-22.5752" lon="17.1067"/>
      <trkpt lat="-22.5752" lon="17.1067"/>
      <trkpt lat="-22.5752" lon="17.1068"/>
      <trkpt lat="-22.575" lon="17.1069"/>
      <trkpt lat="-22.5748" lon="17.1071"/>
      <trkpt lat="-22.5746" lon="17.1072"/>
      <trkpt lat="-22.5746" lon="17.1073"/>
      <trkpt lat="-22.5745" lon="17.1073"/>
      <trkpt lat="-22.5745" lon="17.1074"/>
      <trkpt lat="-22.5746" lon="17.1074"/>
      <trkpt lat="-22.5747" lon="17.1076"/>
      <trkpt lat="-22.5747" lon="17.1076"/>
      <trkpt lat="-22.5747" lon="17.1077"/>
      <trkpt lat="-22.5746" lon="17.1078"/>
      <trkpt lat="-22.5739" lon="17.1083"/>
      <trkpt lat="-22.5738" lon="17.1084"/>
      <trkpt lat="-22.5737" lon="17.1085"/>
      <trkpt lat="-22.5734" lon="17.1087"/>
      <trkpt lat="-22.5734" lon="17.1088"/>
      <trkpt lat="-22.5733" lon="17.1088"/>
      <trkpt lat="-22.5737" lon="17.1098"/>
      <trkpt lat="-22.5739" lon="17.1102"/>
      <trkpt lat="-22.574" lon="17.1103"/>
      <trkpt lat="-22.5742" lon="17.1108"/>
      <trkpt lat="-22.5743" lon="17.1109"/>
      <trkpt lat="-22.5744" lon="17.1113"/>
      <trkpt lat="-22.5746" lon="17.1116"/>
      <trkpt lat="-22.5748" lon="17.112"/>
      <trkpt lat="-22.5749" lon="17.1122"/>
      <trkpt lat="-22.5749" lon="17.1124"/>
      <trkpt lat="-22.575" lon="17.1126"/>
      <trkpt lat="-22.5751" lon="17.1127"/>
      <trkpt lat="-22.5753" lon="17.1129"/>
      <trkpt lat="-22.5753" lon="17.1131"/>
      <trkpt lat="-22.5754" lon="17.1132"/>
      <trkpt lat="-22.5756" lon="17.1133"/>
      <trkpt lat="-22.5757" lon="17.1135"/>
      <trkpt lat="-22.5759" lon="17.1138"/>
      <trkpt lat="-22.5761" lon="17.114"/>
      <trkpt lat="-22.5762" lon="17.1141"/>
      <trkpt lat="-22.5764" lon="17.1143"/>
      <trkpt lat="-22.5766" lon="17.1145"/>
      <trkpt lat="-22.5769" lon="17.1146"/>
      <trkpt lat="-22.5772" lon="17.1148"/>
      <trkpt lat="-22.5774" lon="17.115"/>
      <trkpt lat="-22.5779" lon="17.1153"/>
      <trkpt lat="-22.5781" lon="17.1154"/>
      <trkpt lat="-22.5783" lon="17.1156"/>
      <trkpt lat="-22.5786" lon="17.1158"/>
      <trkpt lat="-22.5789" lon="17.116"/>
      <trkpt lat="-22.5792" lon="17.1163"/>
      <trkpt lat="-22.5793" lon="17.1164"/>
      <trkpt lat="-22.5793" lon="17.1164"/>
      <trkpt lat="-22.5793" lon="17.1164"/>
      <trkpt lat="-22.5794" lon="17.1165"/>
      <trkpt lat="-22.5794" lon="17.1166"/>
      <trkpt lat="-22.5796" lon="17.1168"/>
      <trkpt lat="-22.5796" lon="17.1169"/>
      <trkpt lat="-22.5797" lon="17.117"/>
      <trkpt lat="-22.5797" lon="17.1172"/>
      <trkpt lat="-22.5797" lon="17.1174"/>
      <trkpt lat="-22.5797" lon="17.1175"/>
      <trkpt lat="-22.5797" lon="17.1177"/>
      <trkpt lat="-22.5797" lon="17.118"/>
      <trkpt lat="-22.5795" lon="17.1183"/>
      <trkpt lat="-22.5795" lon="17.1186"/>
      <trkpt lat="-22.5794" lon="17.1188"/>
      <trkpt lat="-22.5793" lon="17.1195"/>
      <trkpt lat="-22.5793" lon="17.1199"/>
      <trkpt lat="-22.5792" lon="17.1205"/>
      <trkpt lat="-22.5791" lon="17.1211"/>
      <trkpt lat="-22.5789" lon="17.1221"/>
      <trkpt lat="-22.5789" lon="17.1224"/>
      <trkpt lat="-22.5789" lon="17.1228"/>
      <trkpt lat="-22.579" lon="17.1233"/>
      <trkpt lat="-22.5791" lon="17.1236"/>
      <trkpt lat="-22.5791" lon="17.1239"/>
      <trkpt lat="-22.5791" lon="17.1239"/>
      <trkpt lat="-22.5793" lon="17.1243"/>
      <trkpt lat="-22.5794" lon="17.1246"/>
      <trkpt lat="-22.5796" lon="17.1248"/>
      <trkpt lat="-22.5796" lon="17.1249"/>
      <trkpt lat="-22.5798" lon="17.1253"/>
      <trkpt lat="-22.5799" lon="17.1255"/>
      <trkpt lat="-22.58" lon="17.1255"/>
      <trkpt lat="-22.58" lon="17.1256"/>
      <trkpt lat="-22.5802" lon="17.1259"/>
      <trkpt lat="-22.5802" lon="17.1261"/>
      <trkpt lat="-22.5807" lon="17.1271"/>
      <trkpt lat="-22.5808" lon="17.1272"/>
      <trkpt lat="-22.5809" lon="17.1274"/>
      <trkpt lat="-22.5816" lon="17.1288"/>
      <trkpt lat="-22.582" lon="17.1295"/>
      <trkpt lat="-22.5822" lon="17.13"/>
      <trkpt lat="-22.5824" lon="17.1306"/>
      <trkpt lat="-22.5825" lon="17.1311"/>
      <trkpt lat="-22.5826" lon="17.1314"/>
      <trkpt lat="-22.5827" lon="17.1319"/>
      <trkpt lat="-22.5828" lon="17.1328"/>
      <trkpt lat="-22.5827" lon="17.133"/>
      <trkpt lat="-22.5827" lon="17.1337"/>
      <trkpt lat="-22.5827" lon="17.1339"/>
      <trkpt lat="-22.5827" lon="17.1344"/>
      <trkpt lat="-22.5826" lon="17.1351"/>
      <trkpt lat="-22.5826" lon="17.1354"/>
      <trkpt lat="-22.5825" lon="17.1359"/>
      <trkpt lat="-22.5825" lon="17.1365"/>
      <trkpt lat="-22.5825" lon="17.1368"/>
      <trkpt lat="-22.5826" lon="17.1371"/>
      <trkpt lat="-22.5827" lon="17.1375"/>
      <trkpt lat="-22.5828" lon="17.1378"/>
      <trkpt lat="-22.583" lon="17.1382"/>
      <trkpt lat="-22.5832" lon="17.1386"/>
      <trkpt lat="-22.5835" lon="17.1389"/>
      <trkpt lat="-22.5837" lon="17.1391"/>
      <trkpt lat="-22.584" lon="17.1393"/>
      <trkpt lat="-22.5843" lon="17.1396"/>
      <trkpt lat="-22.5849" lon="17.1401"/>
      <trkpt lat="-22.5852" lon="17.1403"/>
      <trkpt lat="-22.5855" lon="17.1406"/>
      <trkpt lat="-22.5857" lon="17.1408"/>
      <trkpt lat="-22.5859" lon="17.141"/>
      <trkpt lat="-22.5861" lon="17.1413"/>
      <trkpt lat="-22.5863" lon="17.1417"/>
      <trkpt lat="-22.5864" lon="17.142"/>
      <trkpt lat="-22.5866" lon="17.1424"/>
      <trkpt lat="-22.5866" lon="17.1428"/>
      <trkpt lat="-22.5867" lon="17.1433"/>
      <trkpt lat="-22.5866" lon="17.1436"/>
      <trkpt lat="-22.5865" lon="17.1441"/>
      <trkpt lat="-22.5864" lon="17.1445"/>
      <trkpt lat="-22.5863" lon="17.1449"/>
      <trkpt lat="-22.586" lon="17.1453"/>
      <trkpt lat="-22.5858" lon="17.1455"/>
      <trkpt lat="-22.5858" lon="17.1456"/>
      <trkpt lat="-22.5857" lon="17.1457"/>
      <trkpt lat="-22.5855" lon="17.1459"/>
      <trkpt lat="-22.5853" lon="17.1461"/>
      <trkpt lat="-22.585" lon="17.1463"/>
      <trkpt lat="-22.5846" lon="17.1467"/>
      <trkpt lat="-22.5841" lon="17.1471"/>
      <trkpt lat="-22.5839" lon="17.1472"/>
      <trkpt lat="-22.5832" lon="17.1478"/>
      <trkpt lat="-22.583" lon="17.148"/>
      <trkpt lat="-22.5828" lon="17.1481"/>
      <trkpt lat="-22.5827" lon="17.1482"/>
      <trkpt lat="-22.5824" lon="17.1484"/>
      <trkpt lat="-22.5821" lon="17.1485"/>
      <trkpt lat="-22.5815" lon="17.1487"/>
      <trkpt lat="-22.5812" lon="17.1488"/>
      <trkpt lat="-22.5807" lon="17.1491"/>
      <trkpt lat="-22.5804" lon="17.1493"/>
      <trkpt lat="-22.58" lon="17.1497"/>
      <trkpt lat="-22.5798" lon="17.15"/>
      <trkpt lat="-22.5795" lon="17.1504"/>
      <trkpt lat="-22.5793" lon="17.1508"/>
      <trkpt lat="-22.5785" lon="17.1525"/>
      <trkpt lat="-22.5782" lon="17.1531"/>
      <trkpt lat="-22.5781" lon="17.1536"/>
      <trkpt lat="-22.5781" lon="17.1541"/>
      <trkpt lat="-22.578" lon="17.1545"/>
      <trkpt lat="-22.578" lon="17.1554"/>
      <trkpt lat="-22.578" lon="17.1558"/>
      <trkpt lat="-22.5779" lon="17.1562"/>
      <trkpt lat="-22.5778" lon="17.1568"/>
      <trkpt lat="-22.5776" lon="17.1571"/>
      <trkpt lat="-22.5773" lon="17.1584"/>
      <trkpt lat="-22.5771" lon="17.1589"/>
      <trkpt lat="-22.5771" lon="17.1592"/>
      <trkpt lat="-22.5766" lon="17.1609"/>
      <trkpt lat="-22.5765" lon="17.1613"/>
      <trkpt lat="-22.5764" lon="17.1618"/>
      <trkpt lat="-22.5763" lon="17.1626"/>
      <trkpt lat="-22.5762" lon="17.1635"/>
      <trkpt lat="-22.5762" lon="17.1638"/>
      <trkpt lat="-22.5761" lon="17.1643"/>
      <trkpt lat="-22.576" lon="17.1647"/>
      <trkpt lat="-22.5758" lon="17.1651"/>
      <trkpt lat="-22.5756" lon="17.1654"/>
      <trkpt lat="-22.5746" lon="17.1672"/>
      <trkpt lat="-22.5744" lon="17.1675"/>
      <trkpt lat="-22.5743" lon="17.1679"/>
      <trkpt lat="-22.5742" lon="17.1682"/>
      <trkpt lat="-22.574" lon="17.1688"/>
      <trkpt lat="-22.5739" lon="17.1693"/>
      <trkpt lat="-22.5738" lon="17.1696"/>
      <trkpt lat="-22.5738" lon="17.1698"/>
      <trkpt lat="-22.5737" lon="17.17"/>
      <trkpt lat="-22.5731" lon="17.171"/>
      <trkpt lat="-22.5722" lon="17.1724"/>
      <trkpt lat="-22.5717" lon="17.173"/>
      <trkpt lat="-22.5715" lon="17.1734"/>
      <trkpt lat="-22.5714" lon="17.1738"/>
      <trkpt lat="-22.5713" lon="17.1741"/>
      <trkpt lat="-22.5713" lon="17.1743"/>
      <trkpt lat="-22.5713" lon="17.1746"/>
      <trkpt lat="-22.5713" lon="17.1752"/>
      <trkpt lat="-22.5713" lon="17.1761"/>
      <trkpt lat="-22.5712" lon="17.1766"/>
      <trkpt lat="-22.5712" lon="17.177"/>
      <trkpt lat="-22.5711" lon="17.1773"/>
      <trkpt lat="-22.571" lon="17.1774"/>
      <trkpt lat="-22.5709" lon="17.1777"/>
      <trkpt lat="-22.5707" lon="17.178"/>
      <trkpt lat="-22.5705" lon="17.1783"/>
      <trkpt lat="-22.5701" lon="17.1787"/>
      <trkpt lat="-22.5694" lon="17.1794"/>
      <trkpt lat="-22.5692" lon="17.1797"/>
      <trkpt lat="-22.569" lon="17.1799"/>
      <trkpt lat="-22.5689" lon="17.1802"/>
      <trkpt lat="-22.5684" lon="17.181"/>
      <trkpt lat="-22.5677" lon="17.182"/>
      <trkpt lat="-22.5674" lon="17.1824"/>
      <trkpt lat="-22.5673" lon="17.1828"/>
      <trkpt lat="-22.5671" lon="17.1832"/>
      <trkpt lat="-22.5671" lon="17.1836"/>
      <trkpt lat="-22.5671" lon="17.184"/>
      <trkpt lat="-22.567" lon="17.1854"/>
      <trkpt lat="-22.567" lon="17.186"/>
      <trkpt lat="-22.5669" lon="17.1867"/>
      <trkpt lat="-22.5668" lon="17.1872"/>
      <trkpt lat="-22.5667" lon="17.1876"/>
      <trkpt lat="-22.5665" lon="17.188"/>
      <trkpt lat="-22.5662" lon="17.1883"/>
      <trkpt lat="-22.566" lon="17.1886"/>
      <trkpt lat="-22.5657" lon="17.1888"/>
      <trkpt lat="-22.5654" lon="17.1891"/>
      <trkpt lat="-22.5631" lon="17.1905"/>
      <trkpt lat="-22.5631" lon="17.1905"/>
      <trkpt lat="-22.5627" lon="17.1908"/>
      <trkpt lat="-22.5623" lon="17.1912"/>
      <trkpt lat="-22.5621" lon="17.1914"/>
      <trkpt lat="-22.5618" lon="17.1918"/>
      <trkpt lat="-22.5616" lon="17.1921"/>
      <trkpt lat="-22.5615" lon="17.1925"/>
      <trkpt lat="-22.5614" lon="17.1929"/>
      <trkpt lat="-22.5611" lon="17.1944"/>
      <trkpt lat="-22.5608" lon="17.1957"/>
      <trkpt lat="-22.5607" lon="17.1964"/>
      <trkpt lat="-22.5605" lon="17.1971"/>
      <trkpt lat="-22.5603" lon="17.1977"/>
      <trkpt lat="-22.5601" lon="17.1984"/>
      <trkpt lat="-22.5596" lon="17.1991"/>
      <trkpt lat="-22.5592" lon="17.1999"/>
      <trkpt lat="-22.5569" lon="17.2027"/>
      <trkpt lat="-22.5566" lon="17.2031"/>
      <trkpt lat="-22.5564" lon="17.2036"/>
      <trkpt lat="-22.5558" lon="17.205"/>
      <trkpt lat="-22.5556" lon="17.2056"/>
      <trkpt lat="-22.5555" lon="17.2061"/>
      <trkpt lat="-22.5554" lon="17.2066"/>
      <trkpt lat="-22.5554" lon="17.2079"/>
      <trkpt lat="-22.5554" lon="17.2091"/>
      <trkpt lat="-22.5554" lon="17.2099"/>
      <trkpt lat="-22.5554" lon="17.2108"/>
      <trkpt lat="-22.5553" lon="17.2128"/>
      <trkpt lat="-22.5553" lon="17.2148"/>
      <trkpt lat="-22.5552" lon="17.2184"/>
      <trkpt lat="-22.5552" lon="17.2185"/>
      <trkpt lat="-22.5552" lon="17.2193"/>
      <trkpt lat="-22.5552" lon="17.2194"/>
      <trkpt lat="-22.5552" lon="17.22"/>
      <trkpt lat="-22.5552" lon="17.2206"/>
      <trkpt lat="-22.5551" lon="17.2229"/>
      <trkpt lat="-22.5551" lon="17.223"/>
      <trkpt lat="-22.5551" lon="17.225"/>
      <trkpt lat="-22.5551" lon="17.2254"/>
      <trkpt lat="-22.5551" lon="17.226"/>
      <trkpt lat="-22.555" lon="17.2264"/>
      <trkpt lat="-22.5549" lon="17.227"/>
      <trkpt lat="-22.5548" lon="17.2274"/>
      <trkpt lat="-22.5547" lon="17.2277"/>
      <trkpt lat="-22.5541" lon="17.2294"/>
      <trkpt lat="-22.554" lon="17.2298"/>
      <trkpt lat="-22.5535" lon="17.2311"/>
      <trkpt lat="-22.5534" lon="17.2314"/>
      <trkpt lat="-22.5532" lon="17.232"/>
      <trkpt lat="-22.5532" lon="17.2323"/>
      <trkpt lat="-22.5531" lon="17.2325"/>
      <trkpt lat="-22.553" lon="17.2334"/>
      <trkpt lat="-22.553" lon="17.2337"/>
      <trkpt lat="-22.553" lon="17.234"/>
      <trkpt lat="-22.5529" lon="17.2346"/>
      <trkpt lat="-22.5529" lon="17.2349"/>
      <trkpt lat="-22.5526" lon="17.2368"/>
      <trkpt lat="-22.552" lon="17.2391"/>
      <trkpt lat="-22.5516" lon="17.2411"/>
      <trkpt lat="-22.5515" lon="17.2414"/>
      <trkpt lat="-22.5513" lon="17.2424"/>
      <trkpt lat="-22.5512" lon="17.2427"/>
      <trkpt lat="-22.5507" lon="17.244"/>
      <trkpt lat="-22.55" lon="17.2458"/>
      <trkpt lat="-22.5498" lon="17.2464"/>
      <trkpt lat="-22.5495" lon="17.2468"/>
      <trkpt lat="-22.549" lon="17.2477"/>
      <trkpt lat="-22.5488" lon="17.2482"/>
      <trkpt lat="-22.5486" lon="17.2486"/>
      <trkpt lat="-22.5486" lon="17.2486"/>
      <trkpt lat="-22.5485" lon="17.2489"/>
      <trkpt lat="-22.5484" lon="17.2491"/>
      <trkpt lat="-22.5484" lon="17.2495"/>
      <trkpt lat="-22.5483" lon="17.2499"/>
      <trkpt lat="-22.5483" lon="17.2503"/>
      <trkpt lat="-22.5482" lon="17.2511"/>
      <trkpt lat="-22.5482" lon="17.2514"/>
      <trkpt lat="-22.548" lon="17.2538"/>
      <trkpt lat="-22.5477" lon="17.2581"/>
      <trkpt lat="-22.5477" lon="17.2581"/>
      <trkpt lat="-22.5476" lon="17.2582"/>
      <trkpt lat="-22.5476" lon="17.2588"/>
      <trkpt lat="-22.5476" lon="17.2591"/>
      <trkpt lat="-22.5475" lon="17.2593"/>
      <trkpt lat="-22.5475" lon="17.2594"/>
      <trkpt lat="-22.5474" lon="17.2599"/>
      <trkpt lat="-22.5474" lon="17.26"/>
      <trkpt lat="-22.5474" lon="17.2601"/>
      <trkpt lat="-22.5474" lon="17.2602"/>
      <trkpt lat="-22.5473" lon="17.2604"/>
      <trkpt lat="-22.5467" lon="17.2623"/>
      <trkpt lat="-22.5466" lon="17.2628"/>
      <trkpt lat="-22.5465" lon="17.2633"/>
      <trkpt lat="-22.5465" lon="17.2635"/>
      <trkpt lat="-22.5464" lon="17.2637"/>
      <trkpt lat="-22.5464" lon="17.2641"/>
      <trkpt lat="-22.5465" lon="17.2647"/>
      <trkpt lat="-22.5465" lon="17.2651"/>
      <trkpt lat="-22.5466" lon="17.2655"/>
      <trkpt lat="-22.5467" lon="17.2658"/>
      <trkpt lat="-22.5469" lon="17.2664"/>
      <trkpt lat="-22.5471" lon="17.2667"/>
      <trkpt lat="-22.5473" lon="17.2671"/>
      <trkpt lat="-22.5475" lon="17.2674"/>
      <trkpt lat="-22.5479" lon="17.2678"/>
      <trkpt lat="-22.5482" lon="17.2682"/>
      <trkpt lat="-22.5484" lon="17.2683"/>
      <trkpt lat="-22.55" lon="17.2697"/>
      <trkpt lat="-22.5504" lon="17.27"/>
      <trkpt lat="-22.5507" lon="17.2704"/>
      <trkpt lat="-22.5511" lon="17.2708"/>
      <trkpt lat="-22.5514" lon="17.2713"/>
      <trkpt lat="-22.5517" lon="17.2717"/>
      <trkpt lat="-22.5518" lon="17.2721"/>
      <trkpt lat="-22.552" lon="17.2727"/>
      <trkpt lat="-22.5521" lon="17.2733"/>
      <trkpt lat="-22.5522" lon="17.2739"/>
      <trkpt lat="-22.5522" lon="17.2745"/>
      <trkpt lat="-22.5521" lon="17.2751"/>
      <trkpt lat="-22.5521" lon="17.2756"/>
      <trkpt lat="-22.5519" lon="17.2759"/>
      <trkpt lat="-22.5517" lon="17.2767"/>
      <trkpt lat="-22.5514" lon="17.2777"/>
      <trkpt lat="-22.5509" lon="17.2792"/>
      <trkpt lat="-22.5508" lon="17.2797"/>
      <trkpt lat="-22.5506" lon="17.2804"/>
      <trkpt lat="-22.549" lon="17.2858"/>
      <trkpt lat="-22.5481" lon="17.2888"/>
      <trkpt lat="-22.5476" lon="17.2905"/>
      <trkpt lat="-22.5472" lon="17.2917"/>
      <trkpt lat="-22.5471" lon="17.2921"/>
      <trkpt lat="-22.5468" lon="17.293"/>
      <trkpt lat="-22.5465" lon="17.294"/>
      <trkpt lat="-22.5465" lon="17.2943"/>
      <trkpt lat="-22.5464" lon="17.2951"/>
      <trkpt lat="-22.5463" lon="17.2958"/>
      <trkpt lat="-22.5462" lon="17.2967"/>
      <trkpt lat="-22.546" lon="17.2998"/>
      <trkpt lat="-22.5459" lon="17.3006"/>
      <trkpt lat="-22.5459" lon="17.3013"/>
      <trkpt lat="-22.5458" lon="17.3018"/>
      <trkpt lat="-22.5456" lon="17.3023"/>
      <trkpt lat="-22.5455" lon="17.3027"/>
      <trkpt lat="-22.5453" lon="17.3032"/>
      <trkpt lat="-22.5441" lon="17.3063"/>
      <trkpt lat="-22.5418" lon="17.312"/>
      <trkpt lat="-22.5416" lon="17.3123"/>
      <trkpt lat="-22.5409" lon="17.3141"/>
      <trkpt lat="-22.5408" lon="17.3144"/>
      <trkpt lat="-22.5397" lon="17.3172"/>
      <trkpt lat="-22.5368" lon="17.3243"/>
      <trkpt lat="-22.5362" lon="17.3257"/>
      <trkpt lat="-22.5342" lon="17.3305"/>
      <trkpt lat="-22.5341" lon="17.3309"/>
      <trkpt lat="-22.5338" lon="17.3317"/>
      <trkpt lat="-22.5335" lon="17.3323"/>
      <trkpt lat="-22.533" lon="17.3335"/>
      <trkpt lat="-22.5325" lon="17.3347"/>
      <trkpt lat="-22.5311" lon="17.3383"/>
      <trkpt lat="-22.5295" lon="17.3422"/>
      <trkpt lat="-22.5281" lon="17.3455"/>
      <trkpt lat="-22.5264" lon="17.3498"/>
      <trkpt lat="-22.5263" lon="17.3502"/>
      <trkpt lat="-22.5256" lon="17.3518"/>
      <trkpt lat="-22.5252" lon="17.3527"/>
      <trkpt lat="-22.525" lon="17.3531"/>
      <trkpt lat="-22.5248" lon="17.3535"/>
      <trkpt lat="-22.5244" lon="17.3543"/>
      <trkpt lat="-22.5239" lon="17.355"/>
      <trkpt lat="-22.5214" lon="17.3586"/>
      <trkpt lat="-22.5202" lon="17.3604"/>
      <trkpt lat="-22.519" lon="17.3622"/>
      <trkpt lat="-22.5164" lon="17.366"/>
      <trkpt lat="-22.5131" lon="17.3708"/>
      <trkpt lat="-22.5121" lon="17.3722"/>
      <trkpt lat="-22.5118" lon="17.3728"/>
      <trkpt lat="-22.5115" lon="17.3734"/>
      <trkpt lat="-22.5113" lon="17.3739"/>
      <trkpt lat="-22.5111" lon="17.3744"/>
      <trkpt lat="-22.5109" lon="17.375"/>
      <trkpt lat="-22.5107" lon="17.3756"/>
      <trkpt lat="-22.5103" lon="17.378"/>
      <trkpt lat="-22.5094" lon="17.3827"/>
      <trkpt lat="-22.5086" lon="17.3867"/>
      <trkpt lat="-22.5083" lon="17.3882"/>
      <trkpt lat="-22.5082" lon="17.3888"/>
      <trkpt lat="-22.5077" lon="17.3912"/>
      <trkpt lat="-22.5056" lon="17.4021"/>
      <trkpt lat="-22.5052" lon="17.404"/>
      <trkpt lat="-22.5039" lon="17.4104"/>
      <trkpt lat="-22.5026" lon="17.417"/>
      <trkpt lat="-22.5" lon="17.4302"/>
      <trkpt lat="-22.4985" lon="17.4378"/>
      <trkpt lat="-22.498" lon="17.4406"/>
      <trkpt lat="-22.4971" lon="17.4451"/>
      <trkpt lat="-22.4966" lon="17.4478"/>
      <trkpt lat="-22.4962" lon="17.4499"/>
      <trkpt lat="-22.496" lon="17.4506"/>
      <trkpt lat="-22.4959" lon="17.4515"/>
      <trkpt lat="-22.4959" lon="17.4522"/>
      <trkpt lat="-22.4959" lon="17.453"/>
      <trkpt lat="-22.496" lon="17.454"/>
      <trkpt lat="-22.4961" lon="17.455"/>
      <trkpt lat="-22.4965" lon="17.4572"/>
      <trkpt lat="-22.4967" lon="17.4585"/>
      <trkpt lat="-22.4968" lon="17.459"/>
      <trkpt lat="-22.4973" lon="17.4616"/>
      <trkpt lat="-22.4974" lon="17.4624"/>
      <trkpt lat="-22.4975" lon="17.4633"/>
      <trkpt lat="-22.4975" lon="17.4637"/>
      <trkpt lat="-22.4975" lon="17.4638"/>
      <trkpt lat="-22.4975" lon="17.4638"/>
      <trkpt lat="-22.4974" lon="17.4639"/>
      <trkpt lat="-22.4973" lon="17.4639"/>
      <trkpt lat="-22.4972" lon="17.464"/>
      <trkpt lat="-22.497" lon="17.464"/>
      <trkpt lat="-22.4965" lon="17.464"/>
      <trkpt lat="-22.496" lon="17.464"/>
      <trkpt lat="-22.4956" lon="17.4641"/>
      <trkpt lat="-22.4955" lon="17.4642"/>
      <trkpt lat="-22.4952" lon="17.4643"/>
      <trkpt lat="-22.4951" lon="17.4643"/>
      <trkpt lat="-22.4948" lon="17.4644"/>
      <trkpt lat="-22.4931" lon="17.4649"/>
      <trkpt lat="-22.4918" lon="17.4653"/>
      <trkpt lat="-22.4912" lon="17.4654"/>
      <trkpt lat="-22.491" lon="17.4655"/>
      <trkpt lat="-22.4906" lon="17.4654"/>
      <trkpt lat="-22.4902" lon="17.4654"/>
      <trkpt lat="-22.4899" lon="17.4654"/>
      <trkpt lat="-22.4897" lon="17.4653"/>
      <trkpt lat="-22.4896" lon="17.4653"/>
      <trkpt lat="-22.4894" lon="17.4652"/>
      <trkpt lat="-22.4893" lon="17.4652"/>
      <trkpt lat="-22.4893" lon="17.4651"/>
      <trkpt lat="-22.4893" lon="17.4651"/>
      <trkpt lat="-22.4892" lon="17.4651"/>
      <trkpt lat="-22.4892" lon="17.465"/>
      <trkpt lat="-22.4892" lon="17.4649"/>
      <trkpt lat="-22.4892" lon="17.4648"/>
      <trkpt lat="-22.4891" lon="17.4648"/>
      <trkpt lat="-22.4891" lon="17.4648"/>
      <trkpt lat="-22.4891" lon="17.4647"/>
      <trkpt lat="-22.489" lon="17.4647"/>
      <trkpt lat="-22.489" lon="17.4647"/>
      <trkpt lat="-22.4889" lon="17.4647"/>
      <trkpt lat="-22.4889" lon="17.4647"/>
      <trkpt lat="-22.4888" lon="17.4647"/>
      <trkpt lat="-22.4888" lon="17.4647"/>
      <trkpt lat="-22.4887" lon="17.4648"/>
      <trkpt lat="-22.4887" lon="17.4648"/>
      <trkpt lat="-22.4887" lon="17.4648"/>
      <trkpt lat="-22.4886" lon="17.4649"/>
      <trkpt lat="-22.4886" lon="17.4649"/>
      <trkpt lat="-22.4886" lon="17.465"/>
      <trkpt lat="-22.4886" lon="17.4651"/>
      <trkpt lat="-22.4887" lon="17.4652"/>
      <trkpt lat="-22.4887" lon="17.4652"/>
      <trkpt lat="-22.4887" lon="17.4653"/>
      <trkpt lat="-22.4887" lon="17.4653"/>
      <trkpt lat="-22.4886" lon="17.4654"/>
      <trkpt lat="-22.4886" lon="17.4654"/>
      <trkpt lat="-22.4884" lon="17.4658"/>
      <trkpt lat="-22.4887" lon="17.4659"/>
      <trkpt lat="-22.4887" lon="17.466"/>
      <trkpt lat="-22.4886" lon="17.4661"/>
      <trkpt lat="-22.4883" lon="17.4669"/>
      <trkpt lat="-22.4881" lon="17.4672"/>
      <trkpt lat="-22.4878" lon="17.468"/>
      <trkpt lat="-22.4874" lon="17.4687"/>
      <trkpt lat="-22.4873" lon="17.469"/>
      <trkpt lat="-22.4873" lon="17.4691"/>
      <trkpt lat="-22.4872" lon="17.4691"/>
      <trkpt lat="-22.4872" lon="17.4691"/>
      <trkpt lat="-22.4872" lon="17.4691"/>
      <trkpt lat="-22.4871" lon="17.4691"/>
      <trkpt lat="-22.4871" lon="17.4691"/>
      <trkpt lat="-22.4871" lon="17.4691"/>
      <trkpt lat="-22.4871" lon="17.4692"/>
      <trkpt lat="-22.4871" lon="17.4692"/>
    </trkseg>
  </trk>
</gpx>
